NA2O(WT%),MGO(WT%),AL2O3(WT%),SIO2(WT%),P2O5(WT%),K2O(WT%),CAO(WT%),TIO2(WT%),MNO(WT%),FEOT(WT%),RB(PPM),V(PPM),CR(PPM),CO(PPM),NI(PPM),BA(PPM),SR(PPM),Y(PPM),ZR(PPM),NB(PPM),LA(PPM),CE(PPM),PR(PPM),ND(PPM),SM(PPM),EU(PPM),GD(PPM),TB(PPM),DY(PPM),HO(PPM),ER(PPM),YB(PPM),LU(PPM),HF(PPM),TA(PPM),TH(PPM),TECTONIC SETTING,longitude,latitude,AGE,PUBLICATION_YEAR
3.98,6.02,16.21,51.68,0.21,0.31,10.26,1.61,0.18,8.65,3.76,307.0,200.0,,76.0,45.0,172.0,34.0,125.0,8.0,,,,13.35,4.18,,,,,,,,,,,,BACK-ARC_BASIN,144.778,17.953,,1985; 1985; 1987
3.1129,8.0967,15.5186,49.5134,0.2124,0.3653,10.6462,1.6589,0.1366,8.69,5.34313711790078,245.171735794947,410.40435884133,,,73.438321597059,175.267159940653,36.3720126011115,136.906593354711,9.25446696178861,7.09197368517669,19.0548988240403,2.83872762701539,15.3297199596947,5.12910587108642,1.87180590686343,7.07849321786666,1.21658284088366,7.61664006964135,1.56255810958546,4.59157330904137,3.85568786166373,0.605762279852099,3.52988921448188,0.681030834997509,0.550501859933529,BACK-ARC_BASIN,139.717,20.87,NEOGENE,2010
3.06,10.51,16.66,51.43,0.23,0.59,7.2,1.53,0.14,,5.0,278.0,266.0,,126.0,121.0,277.0,20.0,99.0,8.6,8.5,18.4,2.4,10.3,2.9,1.1,3.5,0.6,3.6,0.7,2.0,1.7,0.2,,,1.0,BACK-ARC_BASIN,138.231,40.19,,1992
3.0,6.41,15.85,49.252,0.21,0.68,10.93,2.04,0.16,10.13,15.4,286.0,430.0,,159.0,199.0,216.0,32.0,162.0,24.0,19.0,28.0,,18.65,4.76,,,,,,,,,,,2.0,BACK-ARC_BASIN,173.477,-13.543,,1993
2.35,7.86,14.65,49.5,0.1,0.1,12.59,1.44,0.18,,2.0,285.0,197.0,44.0,79.0,25.0,104.0,,,,,,,,,,,,,,,,,,,,BACK-ARC_BASIN,173.38,-19.936,,1991
2.91,6.36,13.84,51.37,0.22,0.26,10.98,2.03,0.24,10.31,4.0,510.0,134.0,,89.0,69.0,167.0,51.0,124.0,1.0,,9.0,,,,,,,,,,,,,,,BACK-ARC_BASIN,175.902,-13.565,,1993
2.2,7.64,16.21,49.63,0.07,0.07,12.95,0.97,0.18,8.89,4.09,,282.0,,152.4,11.89,115.5,20.5,47.3,0.6,0.59,1.59,0.27,1.41,0.45,0.19,,0.12,0.97,0.23,0.7,0.8,,,0.1,,BACK-ARC_BASIN,-176.067,-20.163,,2008
1.45,7.58,16.03,50.74,0.07,0.16,13.02,0.73,0.18,9.25,,169.0,180.0,28.0,51.0,,158.0,,38.0,,,,,,,,,,,,,,,,,,BACK-ARC_BASIN,-176.635,-22.29,,1990
3.09,8.12,17.97,49.14,0.08,0.07,11.57,0.88,0.28,,0.0,200.0,317.0,,101.0,17.0,179.0,21.0,54.0,,,9.0,,8.3,2.07,,,,,,,,,,,,BACK-ARC_BASIN,134.536,38.616,CENOZOIC,1992
2.08,8.93,17.81,48.34,0.14,0.02,13.52,0.73,0.16,8.53,0.2,219.0,,,114.0,18.0,150.0,20.0,48.0,1.0,,,,,,,,,,,,,,,,,BACK-ARC_BASIN,-176.5,-20.1416,,1994
2.59,7.09,14.12,50.7,0.1,0.02,11.37,1.47,0.21,,0.0,354.0,148.0,42.0,67.0,38.0,79.0,40.0,81.0,0.0,,,,,,,,,,,,,,,,,BACK-ARC_BASIN,-176.0,-18.35,,1990
2.0,8.41,15.84,50.36,0.08,0.08,13.04,0.78,,8.74,1.38,286.0,426.0,43.6,104.0,15.2,88.0,20.6,38.9,1.33,1.6,4.69,0.83,4.84,1.72,0.68,2.5,0.47,3.21,0.7,2.05,2.08,0.33,1.16,0.094,0.113,BACK-ARC_BASIN,-176.173,-19.277,,2003; 2001
2.67,5.47,17.82,52.66,0.2,0.55,10.75,1.1,0.17,,13.6,268.0,138.0,30.0,57.0,109.0,261.0,27.2,96.0,4.2,9.36,22.26,3.07,13.88,3.62,1.24,4.02,0.68,4.27,0.91,2.68,2.56,0.39,2.3,0.27,1.35,BACK-ARC_BASIN,126.635,27.0215,,1999
2.89,6.64,16.0,52.0,0.11,0.64,11.08,1.2,0.14,8.31,3.0,,222.0,,134.0,94.0,185.0,23.0,81.0,1.0,15.0,9.0,,6.0,,,,,,,,,,,,0.0,BACK-ARC_BASIN,144.532,18.013,PLEISTOCENE,1980
2.2504294656627,8.05274745713455,15.9274701973055,48.5234292950496,0.0357106109324759,0.0494570259208731,12.1135049337713,1.03239531187228,0.186994187363177,10.401713182812,0.881618906358668,275.932776340979,335.21570397396,49.5211088112394,124.645556073346,9.41436145837526,108.726309418688,26.3036529515202,50.5150365604051,0.98273225974067,1.60476611083072,5.30090093507493,1.05608621237051,6.33813980968983,2.36969215744944,0.990247489873802,3.52929807893438,0.639651882012818,4.42349819036319,0.983459218721892,2.88458402733777,2.9066053367084,0.411212311702244,1.5079473720032,0.0548578092791131,0.0794597492097204,BACK-ARC_BASIN,-176.34,-18.39,,2012; 2018
2.08,7.84,16.27,49.7,0.23,0.26,13.07,0.85,0.18,,4.59,259.0,407.0,,,19.3,344.0,36.8,63.8,1.0,11.1,13.8,2.95,15.2,3.74,1.44,5.17,0.88,5.34,1.15,3.39,2.96,0.45,1.62,0.13,0.42,BACK-ARC_BASIN,137.931,28.97,12.2,2009
2.7,7.24,16.68,51.41,0.11,0.19,11.91,1.19,0.16,,0.94,255.0,200.0,37.0,61.0,28.8,154.0,23.2,81.8,0.91,2.85,8.55,1.71,8.3,3.1,1.23,4.0,0.86,4.84,1.14,3.24,2.67,0.55,2.01,0.07,0.28,BACK-ARC_BASIN,-177.856,-18.5675,,1994
2.20042857142857,7.05654285714286,15.4663142857143,50.0456142857143,0.137385714285714,0.316185714285714,12.4031714285714,1.37362857142857,0.1952,9.8224,8.42172944780248,322.32017855984,97.4372048371964,37.0511788338326,67.7498890900051,59.7653615017003,161.894366448175,29.7833808667968,77.4281825704876,5.62142102478774,4.7743309202991,12.5996624918149,2.07879726435746,10.0433189988842,3.04593015228067,1.10466461080137,4.16815270519382,0.781045289483381,4.74272971086477,0.994576669876148,3.06001889211164,2.83221824006028,0.423528207527314,2.33746921880987,0.318708822924371,0.489697216605637,BACK-ARC_BASIN,-177.16,-15.68,,2012
3.37,6.35,17.56,46.52,0.23,0.53,10.61,1.77,0.15,,92.0,288.0,290.0,72.0,151.0,82.0,207.0,,142.0,,,,,,,,,,,,,,,,,,BACK-ARC_BASIN,117.0,15.3923,,2015
2.69,8.54,16.3,49.6,0.11,0.28,11.52,1.25,0.13,7.47,4.0,,311.0,,140.0,29.0,151.0,27.0,87.0,2.0,2.0,10.0,,,,,,,,,,,,,,0.0,BACK-ARC_BASIN,137.44,29.328,,1980
2.2,8.21,16.24,49.63,0.16,0.4,11.78,0.97,0.16,9.01,7.9,268.7,231.6,,70.0,74.4,250.6,21.6,60.6,2.5,,,,,,,,,,,,,,,,,BACK-ARC_BASIN,127.1,27.57,,1990
2.8,10.15,18.6,48.0,0.06,0.13,12.59,0.77,0.1,6.17,0.0,,226.0,,109.0,117.0,212.0,16.0,66.0,0.0,11.0,7.0,,6.0,,,,,,,,,,,,0.0,BACK-ARC_BASIN,145.18,17.912,,1980
2.5,6.4,15.1,52.4,0.09,0.13,11.2,0.9,0.16,,,,113.0,,,14.4,120.0,19.4,14.7,0.63,1.6,4.7,,4.6,1.3,1.3,2.0,,2.5,,1.4,1.5,,1.2,,0.07,BACK-ARC_BASIN,150.285,-3.16,,2012
2.14,7.29,15.57,50.74,0.08,0.105,12.25,0.94,0.18,9.19,1.44,289.0,174.0,40.1,68.0,16.2,119.0,23.2,46.9,0.53,1.52,5.2,0.95,5.42,1.94,0.74,0.53,2.94,3.65,0.82,2.35,2.4,0.38,1.29,0.047,0.078,BACK-ARC_BASIN,-176.125,-20.033,,2009
3.26,8.28,15.56,49.08,0.13,0.15,10.85,1.62,0.18,,3.0,245.0,324.0,,129.0,21.0,194.0,31.0,90.0,2.8,4.4,11.4,1.7,9.2,3.2,1.2,4.2,0.7,5.0,1.0,2.9,2.5,0.3,,,0.3,BACK-ARC_BASIN,138.231,40.19,16.35,1992
2.33,8.14,14.84,49.63,0.07,0.05,12.36,0.98,0.17,,0.5,276.0,198.0,,102.0,10.0,75.0,23.0,54.0,0.7,1.4,4.2,,,2.15,0.82,3.0,,,0.8,,2.6,0.4,1.1,,2.0,BACK-ARC_BASIN,149.015,-3.42,,2003
2.45,7.56,15.28,50.75,0.09,0.12,11.92,1.04,0.16,,1.0,299.0,180.0,,81.0,12.0,118.0,21.0,59.0,0.8,,,,,,,,,,,,,,,,,BACK-ARC_BASIN,150.43,-3.858,,2003
1.99,7.17,15.7,51.03,0.078,0.113,12.14,0.85,0.18,8.98,1.48,278.0,178.0,37.6,65.0,19.3,116.0,21.2,43.6,0.56,1.4,4.74,0.87,4.97,1.79,0.7,0.49,2.72,3.36,0.75,2.16,2.19,0.35,1.22,0.047,0.075,BACK-ARC_BASIN,-176.121,-20.019,,2009
3.06,6.89,16.2,51.0,0.15,0.25,11.05,1.36,0.16,8.08,1.0,220.0,,,85.0,21.0,192.0,30.0,102.0,2.0,,,,,,,,,,,,,,,,,BACK-ARC_BASIN,144.7,18.25,,1990
2.69,7.24,16.3,49.7,0.13,0.06,12.16,1.33,0.15,9.03,0.0,,273.0,,99.0,30.0,161.0,31.0,97.0,2.0,4.0,12.0,,,,,,,,,,,,,,0.0,BACK-ARC_BASIN,137.44,29.328,,1980
2.75,7.93,15.67,50.09,0.1,0.25,10.75,1.44,0.16,10.84,5.76,211.0,305.0,46.0,145.0,36.3,145.0,18.4,63.5,4.96,3.37,10.4,1.42,7.05,2.27,0.864,0.56,0.579,3.38,0.69,1.89,1.66,0.248,1.71,0.337,0.284,BACK-ARC_BASIN,-176.232,-15.063,,2012
3.08,7.09,16.21,51.29,0.17,0.17,11.14,1.48,0.17,8.92,1.64,270.0,,,103.0,31.0,143.0,41.0,125.0,1.0,,,,11.61,3.75,,,,,,,,,,,,BACK-ARC_BASIN,144.915,17.785,,1990
2.82,7.56,15.6,51.2,0.12,0.21,10.6,1.22,0.15,,1.93,217.0,304.0,42.8,136.0,41.6,155.0,28.4,99.1,6.03,5.29,13.3,2.02,10.4,3.32,1.16,4.02,0.7,4.91,1.09,2.93,2.8,0.414,2.53,0.38,0.59,BACK-ARC_BASIN,115.047,12.9196,,2018
2.48,7.33,14.08,47.96,0.18,0.38,11.65,0.98,0.17,10.85,2.52,245.0,485.0,,74.0,25.8,188.0,,62.0,,,,,,,,,,,,,,,,,,BACK-ARC_BASIN,144.842,17.168,MIOCENE,1972; 1977
1.99,7.35,17.9,48.8,0.12,0.24,12.3,0.9,0.18,,,327.0,157.0,,69.0,29.0,238.0,18.0,48.0,,3.02,7.7,,5.7,1.8,0.72,,,2.5,,1.5,1.5,,,,,BACK-ARC_BASIN,139.655,30.797,,1990
1.55,7.2,16.5,45.31,0.28,0.6,14.17,0.89,0.62,,10.8,440.0,93.0,80.0,84.0,65.1,432.0,19.0,43.0,,,17.3,,13.1,3.42,1.03,3.37,,3.2,,1.92,1.64,0.25,,,,BACK-ARC_BASIN,138.986,31.5308,,1989
2.34814305205169,5.81079396821243,14.6611346995367,52.5497678203184,0.179207099661504,0.883957769002365,11.1024307472479,0.85482395948334,0.233252557869797,11.3764883266159,22.733865297715,383.900957003616,7.47455340593557,41.2299754186618,16.6832218344794,576.315108271416,240.23710145934,20.9214679437643,51.4395569784473,0.88492129209388,7.93193714091626,16.6802007039899,2.39845442158515,11.3468914811622,3.18351850495828,0.996637572112097,3.56686252117106,0.57288426110139,3.73480327095399,0.767733071515558,2.24850461276913,2.2462842348102,0.327989890161829,1.43515871348126,0.0538521678159791,1.31186057041579,BACK-ARC_BASIN,179.286,-34.675,,2021
1.71,8.21,16.06,51.1,0.06,0.12,12.71,0.67,0.15,7.55,3.0,288.0,343.0,37.0,85.0,,123.0,,,,4.9,12.7,1.9,10.6,3.1,1.19,3.61,,4.02,0.89,2.35,2.19,0.34,,,,BACK-ARC_BASIN,-176.133,-20.057,CENOZOIC,1985; 1994
2.1,6.45,15.79,51.89,0.1,0.17,11.8,0.93,0.18,9.01,2.98,,191.0,,102.0,17.34,110.08,11.48,42.6,0.48,1.51,4.91,0.8,4.33,1.35,0.53,,0.34,2.37,0.53,1.55,1.53,,,0.04,0.24,BACK-ARC_BASIN,-176.067,-20.163,,2008
2.17700945296199,7.76829061319384,15.0146828372682,50.466563380254,0.0683344051446945,0.0725330832196453,12.0108337421522,1.14145611430368,0.21076953272439,10.9013814737208,1.26356994237791,337.979826496295,341.478491881967,50.6864434089134,110.209897573592,11.3430064607854,83.7803280591765,26.0406344922286,56.8931799844103,1.48112504537939,2.02171781141645,6.12847256833216,1.18021464269923,6.60566302841156,2.49346100274603,0.991628369742359,3.62951696849592,0.687756556269604,4.8534650339941,1.08704318652001,3.23464690466217,3.2747050227099,0.459309364723902,1.6679794016216,0.0899512740590782,0.118158283823588,BACK-ARC_BASIN,-176.36,-17.94,,2012; 2018
2.4,7.23,16.26,48.0,0.1,0.16,12.02,0.93,0.56,,3.5,180.0,315.0,52.0,106.0,77.0,178.0,,,,,,,,,,,,,,,,,,,,BACK-ARC_BASIN,173.764,-17.585,,1991
2.64,6.7,14.6,51.7,0.17,0.59,10.2,1.43,0.16,,12.35,251.0,242.0,38.7,113.0,69.9,218.0,29.9,106.0,8.47,6.62,16.3,2.38,12.1,3.78,1.33,4.47,0.77,5.26,1.14,3.06,2.88,0.418,2.69,0.52,0.73,BACK-ARC_BASIN,114.923,13.2072,,2018
3.91,5.85,17.0,51.5,0.16,0.37,10.61,1.39,0.16,8.5,2.9,249.0,37.0,,33.0,66.0,352.0,25.0,112.0,4.0,6.53,16.74,2.54,12.55,3.51,1.23,3.85,0.71,4.2,0.89,2.49,2.34,0.36,2.67,0.27,0.51,BACK-ARC_BASIN,-59.6483,-62.7867,,2002
2.63,6.05,16.12,51.45,0.47,1.45,11.4,0.72,0.19,,21.0,305.0,207.0,,78.0,119.0,395.0,18.0,52.0,4.0,,,,,,,,,,,,,,,,,BACK-ARC_BASIN,120.68,8.6782,,1991
3.07,6.59,18.46,46.07,0.21,0.12,11.13,1.07,0.13,,144.0,144.0,350.0,45.0,184.0,18.0,222.0,,58.0,,,,,,,,,,,,,,,,,,BACK-ARC_BASIN,117.0,15.3923,,2015
2.35,7.86,14.65,49.5,0.1,0.1,12.59,1.44,0.18,,2.0,285.0,197.0,44.0,79.0,25.0,104.0,,,,,,,,,,,,,,,,,,,,BACK-ARC_BASIN,173.385,-19.8783,,1991
1.57,8.05,15.13,52.51,0.18,0.28,11.62,0.62,0.15,,7.0,,,,114.0,,150.0,20.0,38.0,1.0,,,,,,,,,,,,,,,,,BACK-ARC_BASIN,-176.775,-20.709,,1994
2.6593,7.6284,18.2196,48.717,0.0844,0.1939,12.0899,0.9959,0.1172,7.81,3.22965883254718,187.435546242342,341.023430963786,,,6.05648634825394,126.85233502404,24.0039256980944,58.7267810061269,1.49934935205308,2.12029986902151,6.7506925333184,1.08336339680724,6.53407083232607,2.71985411406742,1.11496976009101,4.08452725736544,0.711412608001703,4.83337638207883,1.00092891203801,2.97570411016306,2.55281121984395,0.445734770178156,1.56616291579379,0.174202444967847,0.200010482668963,BACK-ARC_BASIN,139.748,21.566,NEOGENE,2010
2.53828,7.98048,16.46788,48.28388,0.17556,0.46706,12.0685,1.51298,0.18438,9.99538,12.2030619403388,244.757008020341,280.364870076956,48.1048436622005,161.709594275707,90.8711882964102,240.146744771128,17.2581780380453,89.7599366977148,10.9999757275817,7.88847500099026,17.118841928029,2.48276408768985,11.0191662334931,3.06510965534018,1.0413304308755,3.31100926571346,0.523232571741525,3.25678188670823,0.608723927163703,1.97987204684494,1.82054497210393,0.230853949854777,2.24198325603112,0.723633905663591,0.804418812358197,BACK-ARC_BASIN,-176.0,-14.73,,2012
2.52,7.78,14.88,49.5,0.1,0.07,12.19,1.55,0.18,,2.0,285.0,297.0,43.0,94.0,30.0,94.0,,,,,,,,,,,,,,,,,,,,BACK-ARC_BASIN,173.518,-18.5437,,1991
2.02,7.41,16.96,48.03,0.17,0.17,12.52,1.04,0.19,,1.84,323.2,154.5,45.7,55.2,13.72,352.0,19.3,35.8,0.73,2.59,7.63,1.41,7.48,2.31,0.88,2.88,0.49,3.11,0.7,1.91,1.7,0.25,0.98,0.27,0.133,BACK-ARC_BASIN,139.467,32.0667,,2000; 2001; 2010
3.06,6.89,16.2,51.0,0.15,0.25,11.05,1.36,0.16,8.08,1.0,220.0,,,85.0,21.0,192.0,30.0,102.0,2.0,,,,,,,,,,,,,,,,,BACK-ARC_BASIN,144.83,18.2,,1990
2.46,6.18,13.5,51.3,0.1,0.06,10.27,1.42,0.22,13.47,0.79,455.0,46.1,50.5,,8.44,67.5,33.5,67.0,1.16,2.22,7.76,1.45,8.67,3.27,1.18,4.79,0.864,6.43,1.39,4.04,4.25,0.643,2.22,0.086,0.114,BACK-ARC_BASIN,150.359,-3.1135,,2015
2.67,7.77,14.56,49.25,0.2,0.16,11.61,1.78,0.18,,3.5,280.0,268.0,42.0,104.0,20.0,120.0,,,,,,,,,,,,,,,,,,,,BACK-ARC_BASIN,173.461,-19.2573,,1991
3.78,5.68,18.77,50.71,0.3,0.68,9.33,1.37,0.13,,7.1,245.0,51.0,,15.0,162.0,387.0,21.2,103.0,8.0,,27.0,,,,,,,,,,,,,,,BACK-ARC_BASIN,138.23,40.19,,1992
2.95,6.52,16.75,51.43,0.19,0.36,11.3,1.12,0.12,7.56,5.0,244.0,,,88.0,48.0,199.0,29.0,88.0,3.0,,,,,,,,,,,,,,,,,BACK-ARC_BASIN,144.77,17.96,,1990
2.9,7.37,14.96,51.29,0.149,0.181,11.65,1.63,0.199,9.94,2.13,310.0,356.0,46.9,53.9,30.1,162.0,24.0,79.3,4.57,4.61,13.7,2.02,9.94,3.17,1.25,3.92,0.667,4.24,0.907,2.57,2.54,0.371,1.95,0.267,0.277,BACK-ARC_BASIN,155.419,-9.499,,2023; 2003
1.59,6.97,15.94,52.43,0.08,0.28,12.33,0.55,0.17,7.95,1.98,,183.0,,64.3,20.61,134.2,9.28,84.0,0.74,3.49,7.68,1.65,7.86,2.76,1.34,,0.8,5.44,1.37,3.97,3.83,,,,0.27,BACK-ARC_BASIN,-176.138,-19.1783,,2008
2.71,6.41,15.48,50.08,0.13,0.3,12.22,1.28,0.18,10.38,6.0,244.0,222.0,32.0,52.0,61.0,222.0,26.0,81.0,,,,,,,,,,,,,,,1.27,0.078,,BACK-ARC_BASIN,-175.24,-15.33,,1977
2.36,6.82,17.12,50.36,0.14,0.75,11.53,0.84,0.15,,15.2,301.0,75.0,41.0,49.0,149.0,329.0,17.8,54.0,1.5,8.49,18.81,2.59,11.63,3.1,1.06,3.13,0.5,3.03,0.62,1.76,1.65,0.25,1.37,0.11,1.95,BACK-ARC_BASIN,124.57,25.2,,1999
2.81,8.11,16.0,50.0,0.14,0.09,11.53,1.3,0.15,,2.0,,300.0,,96.0,26.0,148.0,30.0,90.0,3.0,4.0,14.0,,,,,,,,,,,,,,2.0,BACK-ARC_BASIN,137.441,29.3275,,1980
,7.24,15.3,52.7,0.14,0.56,12.3,0.59,0.15,,,,,,,,,,,,4.3,10.0,2.1,6.7,1.7,0.67,1.8,,2.3,,1.3,1.3,0.2,,,,BACK-ARC_BASIN,-176.59,-22.29,,2009
2.86,5.26,16.49,48.32,0.24,0.2,11.48,2.26,0.18,,13.0,290.0,298.0,73.0,95.0,1.0,141.0,35.0,112.0,8.0,5.3,14.0,,11.0,3.82,1.35,,0.9,,,,3.59,0.52,,,0.2,BACK-ARC_BASIN,123.669,5.1448,,1991
2.14,9.25,16.3,47.92,0.14,0.01,12.97,0.71,0.13,,1.0,173.0,,,116.0,18.0,146.0,20.0,49.0,1.0,,,,,,,,,,,,,,,,,BACK-ARC_BASIN,-176.5,-20.142,,1994
2.51,6.25,13.2,45.9,0.47,0.8,9.49,4.45,0.26,13.51,8.0,,32.0,,35.0,193.0,431.0,42.0,312.0,33.0,30.0,68.0,,,,,,,,,,,,,,4.0,BACK-ARC_BASIN,132.775,24.701,,1980
2.52,7.85,14.53,50.0,0.1,0.07,12.06,1.53,0.2,,2.0,278.0,287.0,43.0,89.0,10.0,112.0,,,,,,,,,,,,,,,,,,,,BACK-ARC_BASIN,173.371,-19.959,,1991
2.41,7.46,14.32,50.64,0.08,0.09,11.94,1.03,0.18,,1.0,315.0,59.0,,66.0,10.0,80.0,22.0,53.0,0.9,,,,,,,,,,,,,,,,,BACK-ARC_BASIN,149.678,-3.547,,2003
3.04,5.95,14.74,49.69,0.18,0.36,11.08,1.96,0.21,11.33,3.71,,237.0,,76.0,54.6,179.0,24.7,118.0,9.2,5.94,16.5,2.39,13.1,3.79,1.21,,0.71,4.73,0.97,2.6,2.41,0.43,2.6,,0.29,BACK-ARC_BASIN,-176.263,-15.4267,,2012; 2011
1.87,11.56,14.56,50.19,,,12.42,0.73,0.16,,0.06,260.0,290.0,53.4,101.0,2.1,77.5,17.7,30.4,0.34,0.71,2.98,0.58,3.53,1.47,0.61,2.17,0.43,3.04,0.68,1.93,2.03,0.32,0.99,0.03,0.024,BACK-ARC_BASIN,134.318,27.3836,,2018
2.09,8.92,15.88,48.8,0.06,0.01,12.67,0.95,0.18,,,254.0,311.0,50.0,120.0,,79.0,28.0,50.0,,,,,,,,,,,,,,,,,,BACK-ARC_BASIN,-176.5,-18.62,,1990
2.76,6.63,16.5,50.0,0.15,0.29,12.49,1.23,0.13,,5.0,,247.0,,57.0,24.0,186.0,29.0,89.0,1.0,2.0,16.0,,,,1.16,,0.7,,,,,,2.2,,0.17,BACK-ARC_BASIN,136.057,28.9833,,1980; 1980
1.82618595953135,7.03799757437363,15.5636185427475,51.8205914696227,0.133373131875885,0.615568300965624,12.4549986228711,0.646346716013905,0.235967848703489,9.66535183329475,14.0608943572766,326.660578677702,141.944730475909,43.0139219627549,53.5926722829835,445.372054488127,279.88339304365,16.6791562715538,40.4444794561041,0.650283074391566,5.8058694639866,12.5107812050448,1.78749974381712,8.58298837323874,2.41390235491181,0.809629490103952,2.72549080293455,0.441774430978422,2.82396275495123,0.590244575820278,1.64439270420731,1.65478561434624,0.259166252832791,1.10374160076855,0.047396114237856,0.915109372746083,BACK-ARC_BASIN,179.286,-34.675,,2021
3.604,6.863,16.74,49.02,0.3197,0.7228,10.68,1.63,0.1631,9.04299,12.9,236.9,182.3,,66.6,162.4,235.3,33.4,145.3,16.7,,,,,,,,,,,,,,,,,BACK-ARC_BASIN,169.518,-18.128,,2017
3.49,5.28,18.37,48.08,0.72,2.18,8.51,1.97,0.16,,20.9,255.0,159.0,,,346.0,551.0,46.2,161.0,39.1,32.7,49.5,6.36,28.0,5.68,1.99,6.27,1.02,6.07,1.32,3.94,3.77,0.57,3.56,2.89,2.9,BACK-ARC_BASIN,136.378,30.347,,2009
2.82,5.53,16.0,50.2,0.26,0.29,12.31,1.63,0.16,,3.0,,59.0,,48.0,31.0,189.0,39.0,123.0,1.0,5.0,16.0,,,,,,,,,,,,,,,BACK-ARC_BASIN,136.057,28.9833,,1980
2.09,9.11,16.61,49.12,0.09,0.09,13.09,1.14,0.16,8.55,2.22,225.0,323.0,39.7,113.0,15.5,110.0,20.7,70.3,1.42,2.27,7.31,1.33,6.99,2.26,0.852,3.12,0.573,3.63,0.788,2.21,2.11,0.323,1.83,0.109,0.125,BACK-ARC_BASIN,-176.17,-15.04,,2012
2.73,6.37,16.65,51.84,,0.38,11.57,1.07,,,6.2,218.0,399.0,39.4,209.0,87.0,206.0,21.3,75.6,3.74,5.8,13.32,2.02,9.49,2.65,0.95,3.15,0.56,3.51,0.74,2.11,2.07,0.32,1.89,0.226,0.56,BACK-ARC_BASIN,143.05,21.83,,2005; 1990
2.43,6.35,15.67,50.4,0.1,0.14,12.03,1.58,0.18,,2.5,282.0,134.0,39.0,56.0,35.0,108.0,,,,,,,,,,,,,,,,,,,,BACK-ARC_BASIN,173.419,-18.2268,,1991
3.09,7.19,16.24,50.7,0.13,0.18,11.04,1.33,0.13,,1.0,,41.0,,40.0,49.0,187.0,27.0,102.0,1.0,,13.0,,,,,,,,,,,,,,,BACK-ARC_BASIN,-177.862,-18.568,,1994
2.65,8.5,17.04,50.27,0.1,0.12,11.66,1.1,0.15,8.3,1.0,,148.0,,90.0,50.0,183.0,23.0,84.0,1.0,,6.0,,,,,,,,,,,,,,,BACK-ARC_BASIN,-177.856,-18.5675,,1994
2.88,6.26,15.6,50.0,0.14,0.27,10.9,1.26,0.17,,3.85,229.0,283.0,37.3,73.3,48.6,173.0,30.6,108.0,6.59,5.6,14.7,2.2,11.3,3.55,1.26,4.29,0.76,5.31,1.18,3.19,3.1,0.455,2.62,0.42,0.55,BACK-ARC_BASIN,115.047,12.9196,,2018
3.3,5.07,18.08,49.32,0.61,1.63,10.26,1.62,0.17,,17.6,227.0,218.0,,,218.0,494.0,25.8,150.0,27.2,18.6,37.5,4.44,19.1,4.22,1.43,4.37,0.73,4.38,0.88,2.56,2.35,0.36,3.28,2.06,2.41,BACK-ARC_BASIN,136.991,29.654,10.23,2009
2.5,7.69,15.92,50.0,0.1,0.29,12.04,1.54,0.17,,5.0,239.0,292.0,41.0,104.0,64.0,175.0,,,,,,,,,,,,,,,,,,,,BACK-ARC_BASIN,173.518,-16.3128,,1991
2.263,7.308,14.914,51.01,0.09,0.075,12.056,1.05,0.188,9.818,1.1055,304.384,137.047,41.251,60.249,15.1539,88.375,27.198,59.866,0.967,1.802,6.131,1.13,6.433,2.31,0.879,3.525,0.633,4.327,0.958,2.776,2.787,0.433,1.644,0.071,0.093,BACK-ARC_BASIN,-176.153,-20.4277,,2013
3.15,7.67,16.58,50.7,0.19,0.34,11.12,1.29,0.16,,5.0,,270.0,,63.0,49.0,193.0,29.0,107.0,3.0,8.0,17.0,,11.1,3.29,1.25,,,4.69,,3.03,2.87,,2.6,0.78,4.0,BACK-ARC_BASIN,-30.658,-56.393,,1977; 1979; 1980
2.61,6.26,15.8,49.4,0.15,0.42,11.31,1.26,0.13,,8.0,,42.0,,39.0,34.0,204.0,30.0,93.0,,3.0,18.0,,,,1.15,,0.68,,,,,,2.23,,0.38,BACK-ARC_BASIN,136.057,28.9833,,1980; 1980
2.95,7.74,14.9,49.0,0.11,0.39,11.43,1.02,0.15,9.84,4.0,,116.0,,220.0,29.0,155.0,26.0,62.0,3.0,5.0,7.0,,7.0,,,,,,,,,,,,1.0,BACK-ARC_BASIN,136.536,18.031,,1980
3.24,7.43,16.0,50.2,0.14,0.37,10.73,1.21,0.13,8.01,5.0,,228.0,,66.0,19.0,154.0,20.0,94.0,4.0,3.1,13.0,,,,1.17,,0.63,,,,,,2.27,,0.0,BACK-ARC_BASIN,136.057,28.984,,1980; 1981
2.57,8.54,15.56,50.44,0.11,0.31,10.5,1.1,0.15,,8.0,267.0,350.0,38.0,170.0,118.0,313.0,27.8,124.0,4.8,7.34,17.0,2.11,10.3,3.13,1.18,3.48,0.62,4.01,0.86,2.56,2.37,0.353,2.2,0.18,0.74,BACK-ARC_BASIN,143.283,21.3544,,2016
3.85,6.59,19.0,47.74,0.19,0.05,12.39,1.15,0.13,7.42,1.0,199.0,,,96.0,25.0,184.0,27.0,95.0,2.0,,,,,,,,,,,,,,,,,BACK-ARC_BASIN,-177.856,-18.5675,,1994
1.46,9.26,14.64,51.67,0.17,0.31,11.32,0.62,0.16,,6.0,,,,132.0,,144.0,19.0,38.0,1.0,,,,,,,,,,,,,,,,,BACK-ARC_BASIN,-176.775,-20.709,,1994
2.4,7.71,15.61,49.82,0.15,0.26,12.81,1.44,0.2,9.51,6.33,286.0,274.0,44.2,104.6,53.3,180.0,21.9,103.0,5.24,5.68,15.0,2.26,10.8,3.05,1.16,3.71,0.63,4.04,0.878,2.43,2.41,0.375,2.13,0.307,0.532,BACK-ARC_BASIN,-176.05,14.79,,2012
2.57,5.52,13.15,51.12,0.14,0.09,9.92,1.88,0.26,15.11,1.28,,9.0,,26.9,11.38,85.82,49.38,117.0,1.86,3.23,10.48,1.94,12.22,4.13,1.29,,1.28,7.85,1.74,5.08,5.59,,,0.11,0.13,BACK-ARC_BASIN,-176.563,-18.86,,2008
4.04,6.82,16.17,47.46,0.47,2.38,6.14,2.55,0.18,,40.0,202.0,156.0,,110.0,478.0,532.0,33.0,219.0,42.0,,,,,,,,,,,,,,,,,BACK-ARC_BASIN,147.61,17.95,,1983
2.7,7.54,17.15,51.04,0.12,0.17,11.84,1.06,,7.59,2.48,216.0,,,146.0,31.0,176.0,23.0,91.0,,,10.5,,8.64,2.66,1.03,3.38,,4.24,,2.51,2.4,0.35,,,,BACK-ARC_BASIN,144.7,18.01,,1987
2.05,8.46,15.52,50.64,0.06,0.05,13.25,0.93,0.2,9.63,0.3,,324.0,,116.3,3.87,31.27,11.75,39.0,0.77,0.65,2.64,0.49,2.43,0.97,0.35,,0.25,1.6,0.38,,1.11,,,,0.09,BACK-ARC_BASIN,-176.255,-18.2283,,2012; 2008
2.53,6.42,13.38,50.68,0.1,0.06,10.91,1.37,0.21,,0.5,392.0,84.0,,51.0,6.0,71.0,31.0,74.0,1.1,2.1,6.5,,,3.0,1.1,4.2,,,1.1,,3.75,0.59,1.6,,2.0,BACK-ARC_BASIN,150.082,-3.382,,1998; 2003; 2004
3.17206,5.99342,14.17592,49.62986,0.18386,0.26856,10.95484,2.12816,0.23154,12.73398,6.17247283174791,400.435008366335,57.7344250191741,45.4105627225974,43.4880209022906,47.8253557029846,183.446737586599,35.8108623391968,121.561333520345,4.10908699774288,5.40037647760436,14.8635712154658,2.55462760742976,13.4940921102375,4.16106453929919,1.50981553475583,5.39021519677126,0.978713000863001,6.1630938794865,1.31578471836178,3.72346405360216,3.65139477766651,0.559800527711678,3.13927078424272,0.293488276545545,0.266895908026073,BACK-ARC_BASIN,-176.27,-14.96,,2012
2.99,6.34,16.5,51.7,0.2,0.42,11.7,1.11,,7.72,7.09,219.0,195.0,33.4,76.0,94.4,306.0,24.3,92.1,4.93,9.02,20.3,2.82,12.7,3.33,1.19,4.03,0.64,4.02,0.83,2.45,2.58,0.35,2.09,0.307,1.164,BACK-ARC_BASIN,143.93,20.31,,1998; 2000; 2005
2.34,7.99,16.89,49.0,0.1,0.11,11.7,0.96,0.1,7.62,3.1,97.0,236.0,27.0,63.0,28.0,191.0,25.0,68.0,,,,,,,,,,,,,,,,,,BACK-ARC_BASIN,144.532,18.013,,1982
2.22,6.87,15.59,50.94,0.072,0.107,11.96,0.98,0.2,9.43,1.42,286.0,121.0,38.9,58.0,15.6,116.0,23.0,48.2,0.62,1.52,5.24,0.94,5.39,1.91,0.75,0.54,2.95,3.67,0.82,2.37,2.4,0.38,1.33,0.05,0.069,BACK-ARC_BASIN,-176.133,-20.06,,2009
2.97,6.67,13.92,51.5,0.12,0.2,10.98,1.44,0.21,,5.0,273.0,101.0,46.0,40.0,33.0,113.0,39.0,104.0,3.9,3.2,,,10.5,,1.35,,,5.9,,4.0,3.55,,,,,BACK-ARC_BASIN,173.874,-17.1528,,1991; 1994
2.56,9.98,16.05,50.83,0.19,0.67,10.81,0.89,0.15,7.52,15.0,238.0,580.0,48.0,270.0,137.0,332.0,20.2,74.0,4.1,10.3,20.8,2.49,11.0,3.07,1.14,3.17,0.55,3.59,0.76,2.18,1.98,0.297,1.9,0.22,1.1,BACK-ARC_BASIN,143.214,21.609,,2016
3.16,4.8,14.7,45.8,0.37,2.04,11.14,3.67,0.36,9.79,36.0,,18.0,,29.0,313.0,689.0,27.0,206.0,27.0,22.0,45.0,,,,2.71,,0.9,,,,,,5.1,,1.0,BACK-ARC_BASIN,132.775,24.701,,1980; 1981
3.2,6.63,15.46,50.92,0.34,0.39,10.48,1.69,0.19,8.73,7.51,,179.0,33.7,80.8,100.0,179.0,33.5,115.0,5.06,5.86,16.0,2.59,13.2,4.26,1.44,5.4,0.948,6.26,1.33,3.98,3.6,0.532,3.32,0.325,0.54,BACK-ARC_BASIN,-30.715,-56.85,,2002
3.03,6.46,16.0,50.2,0.14,0.33,11.98,1.19,0.11,8.02,8.0,,222.0,,42.0,28.0,187.0,29.0,85.0,3.0,3.0,12.0,,,,,,,,,,,,,,0.0,BACK-ARC_BASIN,136.057,28.984,,1980
2.3,8.1,15.92,50.11,0.11,0.18,12.46,0.95,0.16,,4.6,257.6,363.3,,105.0,32.0,127.1,25.2,63.8,1.9,3.13,9.41,1.55,8.23,2.7,1.04,4.09,,4.47,,2.48,2.29,,1.41,,,BACK-ARC_BASIN,-174.817,-15.6092,,1992
1.73,8.85,15.85,51.8,0.06,0.1,12.58,0.71,0.15,,2.0,295.0,390.0,38.0,106.0,20.3,119.0,15.8,31.6,0.38,1.19,3.85,0.73,4.14,1.51,0.62,2.01,0.41,2.63,0.56,1.69,1.76,0.28,0.86,0.02,,BACK-ARC_BASIN,-176.133,-20.567,,1995
2.88,7.51,15.3,49.2,0.17,0.21,11.8,1.6,0.19,,3.28,313.0,135.0,41.2,64.5,38.2,151.0,33.9,97.0,5.3,5.4,13.7,2.2,11.2,3.6,1.3,5.1,0.9,6.0,1.2,3.8,3.5,0.55,2.7,0.34,0.44,BACK-ARC_BASIN,173.499,-18.828,,2019
2.59,4.66,16.3,49.1,0.32,0.5,12.12,1.6,0.19,10.33,8.0,,194.0,,67.0,36.0,181.0,40.0,120.0,3.0,4.0,17.0,,,,,,,,,,,,,,0.0,BACK-ARC_BASIN,136.057,28.984,,1980
2.73,5.17,13.32,51.71,0.36,0.62,9.04,2.77,0.23,,13.0,329.0,51.0,,31.0,158.0,251.0,40.0,183.0,21.0,14.1,34.4,4.53,23.4,6.83,2.65,7.91,,7.98,,4.35,3.55,,,,6.0,BACK-ARC_BASIN,173.94,-13.285,,1990
2.66,6.73,14.5,50.6,0.17,0.56,11.1,1.49,0.14,,9.1,263.0,252.0,71.2,124.0,72.2,166.0,31.4,111.0,9.07,7.03,17.2,2.64,12.9,3.9,1.38,4.92,0.85,5.34,1.12,3.05,2.84,0.44,2.91,0.56,0.78,BACK-ARC_BASIN,114.923,13.2072,,2025
2.064,9.135,15.785,50.03,0.06,0.022,12.925,0.888,0.175,9.075,0.5266,258.691,396.858,45.317,116.576,4.4998,83.423,24.068,47.826,0.652,1.348,4.794,0.894,5.18,1.913,0.765,3.011,0.549,3.826,0.85,2.457,2.491,0.388,1.326,0.05,0.063,BACK-ARC_BASIN,-176.172,-20.4304,,2013
2.51,7.85,14.58,50.2,0.1,0.1,12.26,1.53,0.18,,2.0,280.0,298.0,44.0,93.0,30.0,112.0,,,,,,,,,,,,,,,,,,,,BACK-ARC_BASIN,173.368,-19.9533,,1991
1.74,7.35,18.0,48.09,0.09,0.17,13.31,0.72,,9.18,4.8,316.0,159.0,,72.0,26.0,221.0,13.0,33.0,1.6,,5.3,,4.5,1.4,0.6,1.9,,2.0,,1.2,1.2,,,,,BACK-ARC_BASIN,139.87,31.018,,1990
3.01,7.57,16.58,51.41,0.18,0.37,10.98,1.26,,7.58,4.0,223.0,291.0,34.4,108.0,36.0,200.0,28.1,92.8,3.57,5.91,14.41,2.31,11.17,3.25,1.17,3.91,0.66,4.38,0.92,2.62,2.57,0.4,2.31,0.235,0.443,BACK-ARC_BASIN,144.73,18.15,,1998; 2000; 2005
3.11,6.94,16.32,51.22,0.16,0.19,11.2,1.39,,9.17,,240.0,,,156.0,,189.0,24.0,97.0,,,,,,,,,,,,,,,,,,BACK-ARC_BASIN,144.88,18.0,,1987
3.38,6.69,15.99,51.34,0.2,0.35,11.36,1.54,0.16,8.91,,,,,,54.0,,,,,6.13,13.61,2.36,12.87,4.0,1.42,4.8,0.82,5.68,1.15,3.33,3.23,0.46,,,0.371,BACK-ARC_BASIN,-29.95,-60.07,,2008; 2003; 1980
3.67,6.44,15.42,51.57,0.18,0.26,10.9,1.72,,9.67,2.31,,,,,28.8,197.0,,,,5.85,16.9,,13.4,4.24,1.59,5.75,,6.14,,3.83,3.62,,,,,BACK-ARC_BASIN,144.497,15.085,,1996
2.57,8.99,17.2,50.0,0.1,0.12,11.54,1.05,0.13,,1.0,,191.0,,91.0,49.0,170.0,21.0,78.0,1.0,,7.0,,,,,,,,,,,,,,,BACK-ARC_BASIN,-177.862,-18.568,,1994
3.1,5.77,16.49,50.57,0.18,0.36,11.36,1.49,0.18,9.74,5.0,,6.0,,27.0,64.0,210.0,31.0,113.0,2.0,,14.0,,,,,,,,,,,,,,,BACK-ARC_BASIN,-177.862,-18.5676,,1994
2.48833930621303,7.67779097501441,17.4215683037306,48.517388456755,0.110768761362599,0.25230010272881,11.6713139789934,0.893226545259266,0.130348583618894,6.7,5.59630557189721,220.205464916802,308.841496235711,35.7327808325056,117.078513778949,50.998116389594,227.499928691709,20.1638106676837,66.052524181856,2.20213001105339,4.82876977101242,11.8827458570284,1.82546901729938,8.92281104914465,2.69008415416365,1.01570482984841,3.34606491024211,0.5751766949074,3.66954735391035,0.794591260353604,2.23268367590864,2.09310451830872,0.306886427989658,1.69940290952339,0.130461438140401,0.431931720467215,BACK-ARC_BASIN,144.7,18.267,,1993; 2019
2.62,6.82,16.0,50.1,0.12,0.25,12.62,1.29,0.13,8.09,5.0,,310.0,,120.0,29.0,165.0,30.0,94.0,1.0,4.0,11.0,,,,,,,,,,,,,,0.0,BACK-ARC_BASIN,137.44,29.328,,1980
2.61,5.38,13.1,51.0,0.4,0.77,9.02,3.42,0.15,,12.0,,50.0,,51.0,179.0,393.0,37.0,255.0,27.0,27.0,60.0,,,,,,,,,,,,,,1.0,BACK-ARC_BASIN,132.775,24.7007,,1980
2.28,8.25,16.99,48.59,0.48,0.15,12.11,0.96,0.15,9.6,1.4,,,,46.0,10.0,255.0,28.0,52.0,1.0,5.1,,,,,,,,,,,,,,,,BACK-ARC_BASIN,139.87,30.916,,1992
1.88,7.25,13.99,50.01,0.1,0.15,12.01,1.35,0.2,,1.54,,248.0,443.0,78.0,18.3,88.9,355.0,76.0,3.2,2.19,6.2,,7.84,3.0,1.19,,0.751,,,,3.3,,2.11,0.146,0.142,BACK-ARC_BASIN,-176.39,-18.5725,,1990
2.62,7.41,16.85,49.7,0.18,0.48,11.27,1.13,0.17,,,309.0,228.0,,92.0,39.0,249.0,24.0,77.0,,,12.5,,10.0,3.0,1.1,3.6,,3.9,,2.3,2.2,,,,,BACK-ARC_BASIN,139.775,30.94,,1990
2.86,7.37,14.86,50.1,0.2,0.22,11.8,1.78,0.17,,4.0,270.0,208.0,40.0,71.0,30.0,185.0,,,,,,,,,,,,,,,,,,,,BACK-ARC_BASIN,173.818,-16.6742,,1991
2.45,11.3,14.4,47.1,0.06,0.23,9.18,0.95,0.14,,3.99,181.0,494.0,101.0,402.0,20.0,111.0,24.2,52.3,1.48,2.1,6.44,1.13,6.08,2.07,0.85,3.04,0.56,3.87,0.86,2.46,2.45,0.39,1.51,0.13,0.13,BACK-ARC_BASIN,117.0,15.3923,,2025
2.83,7.07,16.43,52.24,0.15,0.25,10.83,1.28,0.15,7.73,5.24,214.0,281.0,32.6,109.0,67.5,185.0,25.2,91.7,5.62,5.27,13.86,2.06,9.77,2.96,1.06,3.51,0.62,4.12,0.87,2.44,2.41,0.37,2.22,0.35,0.52,BACK-ARC_BASIN,-29.5,-56.22,,2000
2.97,7.44,16.65,51.24,0.1,0.37,10.92,1.21,,7.49,4.0,228.0,286.0,35.3,109.0,38.0,205.0,29.6,93.3,3.26,6.42,15.33,2.44,11.65,3.32,1.19,3.96,0.67,4.41,0.93,2.63,2.58,0.4,2.27,0.215,0.487,BACK-ARC_BASIN,144.73,18.15,,1998; 2005
3.37,4.57,16.56,52.49,0.19,0.69,9.41,1.66,0.18,,8.2,352.0,7.0,36.0,21.0,48.2,175.0,31.3,110.0,1.21,3.94,12.05,2.1,10.93,3.8,1.31,4.86,0.86,5.7,1.26,3.57,3.21,0.51,2.83,0.12,0.27,BACK-ARC_BASIN,-177.856,-18.5675,,1994
3.12,9.15,15.65,49.5,0.39,0.9,9.6,2.22,0.15,,21.0,265.0,325.0,37.0,217.0,215.0,263.0,33.0,172.0,25.0,18.4,32.25,3.86,25.0,4.08,1.75,4.41,0.71,5.7,0.91,3.1,2.85,0.28,4.49,2.8,,BACK-ARC_BASIN,173.545,-16.305,,1994; 1994
2.08,7.42,14.99,51.53,0.06,0.06,12.4,0.93,0.19,9.73,0.47,,167.0,,80.3,,53.12,13.28,43.7,0.88,0.7,2.23,0.38,2.38,0.75,0.32,,0.2,1.32,0.3,0.82,0.89,,,,,BACK-ARC_BASIN,-176.967,-19.5567,,2008
3.6,7.17,17.4,49.3,0.14,0.22,10.74,1.36,,9.54,1.4,171.0,222.0,44.3,120.0,17.0,269.0,25.0,98.2,4.38,4.71,11.84,1.78,8.4,2.57,1.06,3.3,0.59,3.97,0.84,2.43,2.39,0.37,2.26,0.292,0.236,BACK-ARC_BASIN,144.787,16.9655,,2003; 2005
3.0,5.85,17.35,50.02,0.24,0.28,10.76,1.24,0.15,9.3,3.7,,,,56.0,11.0,265.0,26.0,88.0,0.2,6.7,,,,,,,,,,,,,,,,BACK-ARC_BASIN,139.87,30.916,,1992
3.08,5.22,17.03,47.59,0.24,0.61,10.78,1.44,0.22,,14.77,438.1,7.9,47.3,8.2,52.22,370.0,29.9,68.3,2.05,7.12,17.77,2.96,14.85,4.32,1.45,4.69,0.78,4.8,1.02,2.85,2.55,0.38,1.73,0.17,0.763,BACK-ARC_BASIN,139.33,31.75,,2000; 2001; 2010
2.79,7.91,16.0,50.76,0.18,0.21,11.02,1.35,0.16,8.34,2.65,251.0,341.0,39.0,168.0,24.0,156.0,30.0,98.0,1.0,4.39,,,10.05,3.21,,,,,,,,,,0.16,0.23,BACK-ARC_BASIN,144.7,18.5,,1990
2.78,6.71,15.6,49.6,0.14,0.31,12.84,1.18,0.12,7.73,5.0,,226.0,,74.0,32.0,179.0,27.0,90.0,3.0,3.0,9.0,,,,,,,,,,,,,,1.0,BACK-ARC_BASIN,136.057,28.984,,1980
2.68,6.73,15.2,49.9,0.17,0.39,12.2,1.69,0.14,,10.0,,237.0,,92.0,48.0,166.0,40.0,124.0,8.0,6.0,16.0,,,,,,,,,,,,,,,BACK-ARC_BASIN,137.441,29.3275,,1980
2.47,7.53,15.1,50.0,0.08,0.12,12.27,1.4,0.18,,2.8,280.0,236.0,41.0,69.0,50.0,115.0,,,,,,,,,,,,,,,,,,,,BACK-ARC_BASIN,174.177,-21.175,,1991
,6.87,14.95,51.22,0.18,0.32,11.56,0.77,0.2,,5.5,,109.0,46.8,50.4,91.5,162.0,17.9,28.5,0.43,2.38,6.09,0.96,5.0,1.79,0.63,2.33,0.42,2.79,0.6,1.79,1.74,0.26,0.92,0.063,0.21,BACK-ARC_BASIN,-176.53,-22.16,,2009
2.74,8.4,16.62,51.32,0.19,0.46,11.56,1.02,0.14,7.53,7.3,238.0,295.0,36.0,107.0,97.0,287.0,21.0,75.0,5.4,6.82,15.6,2.22,10.3,2.83,1.01,3.28,0.56,3.38,0.72,2.05,1.86,0.27,1.8,0.33,0.7,BACK-ARC_BASIN,178.87,-34.48,,2011
3.17,5.99,14.18,49.63,0.18,0.27,10.95,2.13,0.23,12.73,5.81,384.0,29.3,43.8,36.4,47.8,174.0,33.7,122.0,4.11,4.92,14.9,2.55,12.9,4.07,1.48,5.39,0.914,6.16,1.32,3.72,3.65,0.549,3.05,0.287,0.267,BACK-ARC_BASIN,-176.27,-14.96,,2012
2.29,6.16,16.0,49.8,0.18,0.3,12.4,1.16,0.19,,,373.0,107.0,,35.0,31.0,261.0,25.0,62.0,,,,,,,,,,,,,,,,,,BACK-ARC_BASIN,139.767,30.897,,1990
2.65,7.32,16.41,50.63,0.18,0.46,12.2,1.32,0.16,,10.0,250.0,211.0,,84.0,115.0,270.0,21.0,79.0,12.0,7.7,17.6,2.38,11.3,3.14,1.14,3.42,,3.76,,2.19,1.85,,,,1.0,BACK-ARC_BASIN,173.588,-16.358,,1990
2.67,7.14,16.21,50.53,0.13,0.37,11.86,1.15,0.148,,6.13,247.0,272.0,40.0,84.0,13.5,174.0,25.0,93.0,3.91,2.99,9.6,,,,1.16,,0.6,,,,,,2.08,0.19,0.29,BACK-ARC_BASIN,145.18,17.912,,1982
2.56,8.56,15.8,49.3,0.12,0.07,11.35,1.27,0.17,8.56,2.0,,305.0,,96.0,33.0,147.0,29.0,90.0,3.0,2.6,6.0,,,,1.3,,0.63,,,,,,2.1,,0.0,BACK-ARC_BASIN,137.44,29.328,,1980; 1981
2.04,10.07,16.02,49.05,0.08,0.28,12.23,0.8,,,4.5,,,,,120.0,238.0,,,,5.51,12.1,,8.41,2.31,0.89,2.83,,3.12,,1.86,1.78,,,,,BACK-ARC_BASIN,143.1,21.78,,1990
2.33,7.43,14.43,51.4,0.1,0.1,11.28,1.39,0.18,,3.5,300.0,283.0,41.0,78.0,10.0,93.0,33.0,70.0,1.3,2.4,,,10.0,,1.0,,,5.3,,3.5,3.1,,,,,BACK-ARC_BASIN,173.491,-18.1488,,1991; 1994
2.83,6.09,13.6,50.5,0.41,0.86,9.43,3.61,0.14,,9.0,,174.0,,93.0,151.0,409.0,36.0,273.0,27.0,23.0,58.0,,,,,,,,,,,,,,,BACK-ARC_BASIN,132.775,24.7007,,1980
3.45,4.83,16.01,51.95,0.28,0.24,8.91,1.65,,11.33,1.2,,,,6.0,17.0,273.0,29.0,85.0,1.2,6.1,,,,,,,,,,,,,,,,BACK-ARC_BASIN,139.87,30.916,,1992
2.65,6.98,17.14,51.15,0.15,0.31,11.93,1.02,0.18,7.31,4.69,229.0,,,86.0,40.0,205.6,24.0,75.0,1.0,29.0,,,8.99,2.7,,,,,,,,,,,,BACK-ARC_BASIN,144.7,18.3,,1990
2.32,7.21,13.94,50.71,0.1,0.05,11.29,1.29,0.21,,0.0,330.0,85.0,40.0,77.0,12.0,60.0,20.0,60.0,,2.6,8.0,,9.7,2.7,0.98,5.18,,7.8,1.0,3.8,3.3,,,,,BACK-ARC_BASIN,150.054,-3.349,,1997
2.2,8.28,17.17,49.0,0.09,0.29,11.55,0.9,0.11,7.53,1.8,135.0,331.0,34.0,140.0,55.0,220.0,24.0,60.0,,,,,,,,,,,,,,,,,,BACK-ARC_BASIN,144.532,18.013,,1982
2.69,6.96,14.29,50.52,0.11,0.08,11.36,1.48,0.2,11.56,0.74,351.0,143.0,44.7,66.0,8.2,85.0,39.4,82.4,1.28,2.39,8.18,1.5,8.63,3.42,1.25,5.01,0.93,6.24,1.37,3.95,3.89,0.59,2.41,0.105,0.113,BACK-ARC_BASIN,-176.445,-18.604,,1992; 2001
1.52,9.31,15.02,51.93,0.08,0.24,12.03,0.61,0.16,8.61,6.6,292.0,636.0,44.0,126.0,47.0,147.0,16.8,28.0,,,,,,,,,,,,,,,,,,BACK-ARC_BASIN,-176.775,-20.6922,,1994
2.94,8.14,16.07,48.79,0.15,0.21,10.68,1.54,0.16,10.15,1.8,,,,118.0,51.0,201.0,26.0,91.0,1.5,,,,,,,,,,,,,,,,,BACK-ARC_BASIN,138.232,40.189,MIOCENE,1994
1.74,7.11,18.01,49.28,0.1,0.28,13.7,0.55,0.17,,3.0,240.0,61.0,,52.0,167.0,298.0,11.0,27.0,1.0,3.0,6.8,,5.2,2.0,0.71,2.0,,2.2,,1.4,1.3,0.19,,,,BACK-ARC_BASIN,167.772,-12.172,,1994
1.84,8.11,16.18,50.5,0.06,0.06,12.82,0.82,0.15,,1.35,305.0,399.0,43.0,85.0,13.1,88.0,18.6,38.6,1.28,1.65,5.07,0.8,4.77,1.67,0.67,2.37,0.51,3.25,0.75,2.21,2.1,0.35,1.03,0.09,0.08,BACK-ARC_BASIN,-176.173,-19.277,,1995
1.52,7.83,15.4,51.01,0.08,0.23,12.7,0.68,0.16,,4.44,260.0,181.0,39.0,94.0,55.7,123.0,17.4,28.6,0.47,2.07,5.46,0.87,4.55,1.58,0.63,2.31,0.41,2.74,0.6,1.76,1.74,0.28,0.89,0.046,0.196,BACK-ARC_BASIN,-176.442,-21.822,,1998; 2009; 2001
3.84,4.83,17.4,48.1,0.26,0.29,10.4,1.55,0.19,,0.0,,190.0,37.0,,,230.0,,,,7.3,16.0,,,3.2,1.44,,1.5,5.2,,,4.4,0.4,2.7,0.85,0.0,BACK-ARC_BASIN,12.993,39.728,MIOCENE,1977
2.8,7.04,16.34,50.12,0.15,0.27,10.66,1.15,,,6.6,342.0,217.0,,74.0,44.0,230.0,22.0,57.0,1.4,,10.7,,9.1,2.8,1.1,3.4,,3.8,,2.3,2.2,,,,,BACK-ARC_BASIN,139.92,31.1,,1990
2.16,8.45,15.51,50.3,0.06,0.22,13.37,0.89,0.16,,4.0,315.0,378.0,40.0,88.0,21.5,216.0,19.7,44.1,2.39,3.35,8.82,1.35,6.84,2.02,0.75,2.49,0.47,3.14,0.69,1.95,1.93,0.29,1.07,0.14,0.24,BACK-ARC_BASIN,-176.282,-18.853,,1995
4.02,7.95,16.5,50.29,0.17,0.32,7.22,1.43,0.12,,2.96,,125.0,33.8,53.0,66.0,175.0,,125.0,,7.3,16.5,,12.0,3.15,1.22,4.0,0.7,,,,2.75,0.54,2.88,0.54,0.71,BACK-ARC_BASIN,12.993,39.728,MIOCENE,1978; 1979
2.43,7.4,17.13,50.59,0.11,0.24,12.48,0.94,,7.62,3.2,234.0,367.0,35.4,99.0,41.0,165.0,21.6,54.8,2.35,3.16,8.01,1.31,6.56,2.16,0.84,2.79,0.52,3.34,0.73,2.13,2.08,0.32,1.45,0.178,0.31,BACK-ARC_BASIN,144.75,15.7632,,2003; 2005
2.0,7.61,15.4,52.2,0.09,0.59,11.84,0.54,0.17,8.68,8.8,319.0,200.0,,45.0,122.0,267.0,14.0,15.0,,2.5,5.6,,4.6,1.45,0.58,2.0,0.34,,0.5,,1.48,0.24,0.1,0.1,0.2,BACK-ARC_BASIN,157.726,-9.86,,1987
3.08,7.61,17.03,49.04,0.11,0.18,11.61,1.37,0.16,8.77,1.6,212.0,219.0,,61.0,20.0,204.0,30.0,106.0,2.4,4.02,12.17,2.22,10.81,3.44,1.3,3.92,0.74,4.67,1.02,2.9,2.71,0.4,2.6,0.19,0.22,BACK-ARC_BASIN,-58.4,-62.4,QUATERNARY,2002
2.12,7.88,14.34,51.23,0.056,0.037,11.99,1.04,0.18,10.42,0.68,318.0,197.0,45.6,74.0,5.8,65.0,28.0,52.9,0.79,1.47,5.16,0.97,5.67,2.16,0.81,0.63,3.46,4.41,0.99,2.87,2.9,0.46,1.53,0.064,0.068,BACK-ARC_BASIN,-176.137,-20.071,,2009
2.73,4.66,16.1,49.2,0.33,0.39,12.45,1.66,0.16,10.3,6.0,,197.0,,48.0,40.0,186.0,41.0,114.0,4.0,6.0,18.0,,,,,,,,,,,,,,2.0,BACK-ARC_BASIN,136.057,28.984,,1980
2.08,7.725,15.329,51.039,0.09,0.078,12.448,0.985,0.178,9.293,1.2566,281.915,325.861,44.976,124.701,15.0454,87.403,24.364,50.88,0.652,1.622,5.468,0.993,5.635,2.051,0.77,3.094,0.562,3.879,0.878,2.463,2.473,0.384,1.41,0.053,0.088,BACK-ARC_BASIN,-176.137,-20.3167,,2013
2.088,8.856,15.456,50.29,0.053,0.019,13.071,0.878,0.177,9.382,0.4848,269.28,378.937,45.374,105.714,5.4708,73.463,24.317,45.791,0.625,1.317,4.648,0.869,5.05,1.932,0.765,3.094,0.559,3.88,0.863,2.497,2.51,0.394,1.334,0.052,0.063,BACK-ARC_BASIN,-176.148,-20.3403,,2013
3.12,6.64,14.79,51.43,0.16,0.16,11.41,1.42,0.22,10.44,2.65,,111.0,,46.7,30.52,141.34,30.09,93.9,2.58,3.68,10.46,1.88,9.98,3.4,1.17,,0.84,5.93,1.27,3.71,3.68,,,0.14,0.36,BACK-ARC_BASIN,-175.887,-17.933,,2008
2.78,7.58,15.8,50.2,0.14,0.17,10.51,1.35,0.16,9.04,2.0,,211.0,,59.0,40.0,161.0,30.0,93.0,4.0,3.0,10.0,,,,,,,,,,,,,,0.0,BACK-ARC_BASIN,136.057,28.984,,1980
2.92,6.72,13.7,51.3,0.12,0.15,10.85,1.47,0.21,,4.0,255.0,108.0,47.0,40.0,33.0,112.0,,,,,,,,,,,,,,,,,,,,BACK-ARC_BASIN,173.873,-17.155,,1991
2.65,7.73,14.76,49.7,0.2,0.16,11.45,1.82,0.18,,1.68,301.0,265.0,39.0,101.0,16.0,113.0,31.0,101.0,3.32,2.82,8.45,1.43,7.71,2.61,1.01,3.59,0.66,4.29,0.95,2.71,2.55,0.39,2.12,0.31,,BACK-ARC_BASIN,173.461,-19.2573,,1991; 1994
2.65,7.26,16.92,49.96,0.13,0.27,11.52,1.06,,7.83,,255.0,,,136.0,,177.0,25.0,98.0,,,,,,,,,,,,,,,,,,BACK-ARC_BASIN,144.88,18.0,,1987
2.94,6.55,15.42,49.0,0.42,0.71,11.46,1.83,0.18,,16.1,305.0,311.0,40.5,96.0,189.0,291.0,24.0,125.4,25.12,15.69,33.09,4.3,17.56,4.34,1.4,4.42,0.69,4.15,0.84,2.28,2.1,0.32,3.07,1.5,1.78,BACK-ARC_BASIN,-30.3252,-56.1005,,2003
2.23,7.79,15.84,50.3,0.06,0.1,12.47,0.83,0.19,8.73,1.36,298.0,278.0,39.0,87.0,18.0,188.0,21.3,39.6,0.63,1.97,5.48,0.91,5.1,1.87,0.77,2.84,0.53,3.65,0.8,2.32,2.36,0.37,0.94,0.04,0.12,BACK-ARC_BASIN,-176.53,-18.973,,1994
2.44140794586555,6.68067278910489,17.1409311010979,52.3625821360117,0.153226440117085,0.500539704382476,11.9414472331248,0.96021902473373,0.153226440117085,7.66574718544481,7.76146832449298,290.417156396256,178.832505460218,31.6678001560062,61.8854591263651,157.175565405616,274.831070202808,18.9515081903276,71.6655083463339,6.61471543681747,6.67342465678627,15.3687409087363,2.05208658346334,9.47282254290172,2.56217667706708,0.927881769595573,2.95455117133865,0.495823205928237,3.20907254290172,0.67054372074883,1.86593301482059,1.85254559282371,0.286901248049922,1.61348708225429,0.424340235569423,0.764642639625585,BACK-ARC_BASIN,179.289,-34.491,,2021
3.43,8.16,16.27,50.3,0.3,0.13,11.38,1.39,0.18,8.12,0.859,,250.0,36.7,119.0,11.7,179.0,24.2,107.0,2.6,3.9,11.8,1.97,10.0,3.21,1.17,4.03,0.717,4.65,0.984,2.79,2.6,0.38,2.58,0.189,0.148,BACK-ARC_BASIN,-30.11,-57.6,,2002
2.61,7.55,14.75,50.76,0.06,0.09,12.81,1.2,0.2,10.61,,262.0,316.0,38.0,779.0,,116.0,,,,,,,,,,,,,,,,,,,,BACK-ARC_BASIN,-176.125,-18.625,,1990
1.87,8.0,15.83,50.6,0.08,0.11,12.38,0.83,0.16,8.31,2.0,344.0,274.0,37.0,84.0,,154.0,,,,3.62,7.82,1.36,6.52,2.15,0.84,2.91,,3.14,0.64,1.99,1.71,0.26,,,,BACK-ARC_BASIN,-176.133,-20.057,CENOZOIC,1985; 1994
2.69,7.05,16.84,51.37,0.19,0.57,10.56,1.07,0.15,,11.6,233.0,195.0,31.3,82.6,51.5,266.0,24.4,81.1,2.99,7.5,17.2,2.55,12.8,3.61,1.25,3.86125803,0.71,4.58,0.96,2.79,2.79,0.41,2.41,0.27,0.54,BACK-ARC_BASIN,144.738,18.034,,2019
3.31,4.72,15.59,50.66,0.41,1.78,8.64,0.84,0.13,,18.6,340.0,6.0,,26.0,210.0,754.0,16.0,62.0,1.0,8.0,20.0,,,,,,,,,,,,,,,BACK-ARC_BASIN,157.726,-9.86,,1987
2.3,8.1,15.92,50.11,0.11,0.18,12.46,0.95,0.16,8.52,4.86,257.6,363.3,,105.0,31.1,120.3,24.86,60.91,2.14,3.258,9.1,1.483,7.478,2.501,0.938,3.375,0.643,3.987,0.879,2.623,2.42,0.365,1.592,0.0,0.261,BACK-ARC_BASIN,-174.817,-15.609,,1992; 1993; 2002; 2007; 2009
2.93,7.66,16.86,50.19,0.07,0.24,12.61,0.91,0.13,,4.0,209.0,280.0,,86.0,58.0,190.0,19.0,60.0,1.0,4.0,10.0,,,,,,,,,,,,,,2.0,BACK-ARC_BASIN,177.25,-36.25,,1994
2.53,6.51,13.41,50.91,0.11,0.06,10.98,1.38,0.21,,0.5,397.0,86.0,,54.0,10.0,72.0,31.0,74.0,1.6,2.0,6.9,,,3.05,1.1,4.1,,,1.25,,3.75,0.6,1.5,,2.0,BACK-ARC_BASIN,150.082,-3.382,,2003
2.69902857142857,7.4094,15.9383714285714,48.6888142857143,0.137457142857143,0.197685714285714,11.8580428571429,1.75412857142857,0.194571428571429,11.0284428571429,3.15846970747113,306.560940978712,244.749500207518,48.1376509198822,108.06264756941,27.0404405739619,202.848326947744,25.2186657228948,118.117990149218,3.34435083808107,4.15987497288428,13.1336409661377,2.17806515977621,10.8101838776668,3.48902148874829,1.27520449647834,4.18318199991027,0.734561950615599,5.04323291998237,1.0652175383676,2.78148760499607,2.77972852717711,0.420667043721291,2.57277961199459,0.238106491482152,0.242830039344155,BACK-ARC_BASIN,-176.41,-15.11,,2012
2.9,7.95,16.59,49.61,0.23,0.52,10.17,1.01,0.12,9.71,2.8,,,,48.0,7.0,292.0,26.0,49.0,2.2,4.1,,,,,,,,,,,,,,,,BACK-ARC_BASIN,139.87,30.916,,1992
3.52,5.83,15.72,51.9,0.2,0.39,10.48,1.8,0.18,,4.5,299.0,96.0,37.0,43.0,26.6,165.0,37.1,147.0,1.89,4.68,14.8,2.66,13.32,4.56,1.57,5.93,1.25,6.9,1.58,4.43,4.33,0.7,3.64,0.12,0.21,BACK-ARC_BASIN,-177.856,-18.5675,,1994
1.45,5.75,18.71,49.2,0.06,0.12,13.23,0.67,0.19,,1.8,,,,17.3,45.0,169.4,12.0,18.4,0.4,,,,,,,,,,,,,,,,,BACK-ARC_BASIN,140.3,30.5,,2007
2.68,6.34,13.6,47.5,0.48,0.81,9.79,4.18,0.25,12.55,9.0,,124.0,,77.0,206.0,396.0,42.0,296.0,34.0,31.0,68.0,,,,,,,,,,,,,,3.0,BACK-ARC_BASIN,132.775,24.701,,1980
2.885,7.592,16.0,48.53,0.1238,0.3416,11.94,1.266,0.1724,9.861808,3.92800936110461,251.827429866818,218.906397730854,43.1721047915239,90.104948024948,36.1418912881608,189.573284260662,28.27251995439,73.4555555555556,2.34705371838994,3.54720879853358,10.0396422745936,1.66716612930596,8.80108365925785,3.07282246771433,1.13209400804573,,0.717808536392821,4.83715508605774,0.999365698950964,2.89750450706898,2.71776133651551,0.40940873152286,2.01985502678853,0.147953231270856,0.26427022345401,BACK-ARC_BASIN,169.475,-18.094,,2017
2.87,5.95,13.86,50.75,0.22,0.29,11.05,2.02,0.22,10.99,3.0,512.0,143.0,,83.0,55.0,161.0,52.0,124.0,2.0,,8.0,,,,,,,,,,,,,,,BACK-ARC_BASIN,175.902,-13.565,,1993
3.42,7.58,13.7,48.94,0.12,0.39,10.71,1.29,0.26,,11.6,362.0,241.0,55.0,92.2,27.1,130.0,27.9,91.9,3.84,5.23,13.3,1.82,9.46,2.88,1.02,3.28,0.77,4.85,1.01,2.89,3.02,0.47,2.53,0.38,0.27,BACK-ARC_BASIN,137.969,8.841,,2025
2.83,5.82,18.37,52.63,0.05,0.38,11.49,0.65,0.13,6.78,8.2,209.0,56.0,,33.0,67.0,237.0,17.0,58.0,1.0,3.32,8.45,1.38,6.45,1.91,0.73,2.33,0.42,2.71,0.59,1.76,1.75,0.24,1.66,0.08,0.79,BACK-ARC_BASIN,-57.0,-62.1,QUATERNARY,2002
2.19,9.38,16.39,49.07,0.13,0.01,13.43,0.72,0.13,8.13,1.0,181.0,284.0,,104.0,25.0,153.0,18.0,48.0,2.0,,7.0,,,,,,,,,,,,,,,BACK-ARC_BASIN,-176.5,-20.1416,,1994
3.16,8.66,15.68,49.16,0.14,0.35,12.32,1.07,0.15,9.3,4.1,261.0,353.0,32.0,121.0,165.0,244.0,21.0,76.0,2.89,2.93,7.3,1.15,5.89,1.91,0.85,2.2,0.45,2.88,0.62,1.83,1.76,0.27,1.95,0.19,0.7,BACK-ARC_BASIN,177.96,-36.0,,2010
2.86,6.71,15.96,51.27,0.15,0.2,11.21,1.37,,8.43,,261.0,,,99.0,,167.0,28.0,99.0,,,,,,,,,,,,,,,,,,BACK-ARC_BASIN,144.7,18.01,,1987
2.19,6.7,16.17,49.8,0.12,0.21,12.33,1.23,0.19,,5.0,,127.0,,60.0,64.0,135.0,25.0,49.0,1.0,,,,,,,,,,,,,,,,,BACK-ARC_BASIN,-177.303,-18.501,,1994
2.83,7.1,14.06,50.08,0.11,0.07,11.3,1.56,0.21,,0.0,520.0,210.0,37.0,110.0,12.0,80.0,39.0,90.0,1.7,2.8,7.0,,12.0,2.3,1.1,7.1,1.071,9.0,1.7,4.3,3.9,0.64,5.0,,,BACK-ARC_BASIN,-176.421,-18.6118,,1997; 1992
3.26,4.53,15.87,51.54,0.25,0.43,9.82,1.68,,,9.4,458.0,17.0,,5.0,64.0,278.0,29.0,75.0,2.1,,15.2,,12.2,3.5,1.4,5.2,,4.8,,2.9,2.7,,,,,BACK-ARC_BASIN,139.92,31.1,,1990
2.31,7.28,13.83,50.23,0.1,0.06,11.25,1.33,0.22,,0.0,350.0,230.0,40.0,88.0,12.0,70.0,27.0,70.0,,2.6,9.0,,7.8,2.4,0.82,4.4,,4.8,1.3,3.3,2.4,,,,,BACK-ARC_BASIN,150.035,-3.37,,1997
3.34,7.98,16.42,49.03,0.52,1.23,9.72,2.42,0.16,,20.0,364.0,286.0,,145.0,333.0,406.0,29.0,196.0,46.0,26.6,53.5,6.52,27.5,5.3,1.51,5.61,,5.66,,2.96,2.34,,,,2.0,BACK-ARC_BASIN,173.588,-16.358,,1990
2.64,8.73,14.5,50.2,0.09,0.44,10.42,1.12,0.16,8.93,3.0,,390.0,,269.0,105.0,170.0,23.0,77.0,2.0,15.0,13.0,,9.0,,,,,,,,,,,,2.0,BACK-ARC_BASIN,144.532,18.013,PLEISTOCENE,1980
3.61,5.77,17.89,49.38,0.17,0.23,12.06,1.46,,8.68,1.37,202.0,,,181.0,66.0,212.0,25.0,116.0,,,15.0,,10.9,3.19,1.25,,,4.63,,2.9,2.92,0.42,,,,BACK-ARC_BASIN,144.88,18.0,,1987
2.8,6.3,16.6,52.8,0.2,0.3,11.0,0.9,0.1,,3.69,,,,,62.0,289.0,19.0,59.0,0.52,4.5,11.6,1.79,9.15,2.79,0.99,3.19,0.55,3.6,,2.09,2.0,0.3,1.92,0.03,0.55,BACK-ARC_BASIN,-173.48,-22.01,,2019
2.6,6.57,13.61,52.2,0.12,0.13,10.91,1.51,0.22,12.32,1.37,436.0,82.0,49.0,52.0,16.3,87.0,43.2,98.8,1.52,3.0,10.03,1.71,10.61,3.94,1.34,5.39,1.04,7.17,1.61,4.55,4.58,0.74,2.55,0.08,0.12,BACK-ARC_BASIN,-176.561,-18.883,,1994
2.02504735147896,8.54273878746087,14.5582586299137,52.6263383630792,0.162003788118317,0.561793805513147,13.3168318322388,1.01668920065083,0.141427098797217,7.04887114274903,7.9265,253.053,183.2824,30.8406,78.8673,102.567,272.8969,17.2181,62.6717,4.7524,7.8669,16.2075,2.1533,10.8596,2.9664,1.068,3.3167,0.4998,3.2907,0.6801,1.7744,1.6968,0.2337,1.7649,0.3234,0.963,BACK-ARC_BASIN,143.265,21.353,,2021
2.8,7.65,15.21,51.15,0.28,0.17,11.35,1.61,0.19,9.48,2.59,,255.0,37.8,96.0,22.4,100.0,28.7,82.4,3.11,3.45,10.3,1.8,9.66,3.48,1.23,4.72,0.863,5.9,1.22,3.46,3.39,0.494,2.88,0.193,0.202,BACK-ARC_BASIN,-29.962,-58.61,,2002
1.74,8.34,15.85,51.4,0.07,0.1,12.57,0.72,0.15,7.76,0.0,305.0,387.0,37.0,99.0,,121.0,,,,7.04,15.72,2.38,10.85,3.05,1.19,3.87,,3.82,0.78,2.28,2.04,0.32,,,,BACK-ARC_BASIN,-176.133,-20.057,CENOZOIC,1985; 1994
3.34,7.43,13.69,48.63,0.12,0.32,10.95,1.32,0.19,,7.73,354.0,190.0,49.2,80.8,16.3,218.0,23.0,65.2,3.16,3.52,10.0,1.58,8.69,2.74,1.05,3.75,0.65,4.49,0.94,2.82,2.7,0.41,2.04,0.24,0.4,BACK-ARC_BASIN,137.969,8.841,,2025
2.94,8.39,14.72,49.16,0.23,0.19,10.38,2.01,0.18,10.78,3.21,363.0,278.0,,153.0,36.7,152.0,51.1,138.6,4.76,5.72,15.7,2.49,14.09,4.68,1.88,6.61,1.21,7.92,1.66,4.62,4.09,0.62,3.53,0.34,0.41,BACK-ARC_BASIN,-178.495,-15.658,,1993; 2014
3.62,6.39,15.7,49.5,0.41,0.23,10.71,2.12,0.2,9.71,2.12,,212.0,41.0,95.5,26.5,207.0,34.7,147.0,3.8,6.08,17.9,3.08,15.6,4.9,1.74,5.86,1.03,6.64,1.38,4.14,3.75,0.55,4.24,0.26,0.3,BACK-ARC_BASIN,-178.867,-29.268,,2002
1.96,8.87,15.33,50.22,,,13.4,0.65,,9.57,2.0,299.0,350.0,,133.0,14.0,48.0,22.0,21.0,0.0,3.43,,5.52,5.83,8.17,8.61,10.58,,11.57,,11.74,11.39,,,,,BACK-ARC_BASIN,-176.778,-17.353,,1987
2.58,7.51,14.13,50.5,0.1,0.09,11.7,1.67,0.19,,2.0,294.0,213.0,44.0,74.0,17.0,106.0,,,,,,,,,,,,,,,,,,,,BACK-ARC_BASIN,173.371,-19.959,,1991
2.51,5.56,15.66,52.92,0.1,0.34,10.71,1.21,0.2,,4.6,412.0,25.0,42.0,24.0,41.4,136.0,23.9,56.6,1.06,1.74,4.77,0.88,4.72,1.55,0.57,2.15,0.41,2.71,0.6,1.76,1.7,0.28,1.3,0.07,0.01,BACK-ARC_BASIN,-176.5,-20.1418,,1994
1.75,7.18,16.34,50.99,0.09,0.23,12.17,0.76,0.18,9.43,7.0,231.0,91.0,39.0,47.0,,171.0,,44.0,,,,,,,,,,,,,,,,,,BACK-ARC_BASIN,-176.635,-22.29,,1990
2.58,9.96,16.02,50.79,0.19,0.66,10.81,0.88,0.15,7.52,14.0,218.0,510.0,42.0,250.0,123.0,299.0,19.4,68.0,4.1,10.3,20.9,2.5,11.2,3.14,1.13,3.2,0.57,3.61,0.75,2.18,1.98,0.3,1.9,0.27,1.11,BACK-ARC_BASIN,143.214,21.609,,2016
2.28,8.41,15.84,49.47,0.08,0.06,13.65,0.88,0.16,9.18,2.23,,,,,14.1,168.0,19.6,37.6,0.46,1.65,4.93,0.79,4.86,1.9,0.74,2.63,0.38,3.18,0.7,1.97,1.85,0.32,1.07,0.04,0.05,BACK-ARC_BASIN,-176.5,-20.1418,,1994
2.65,6.32,16.96,51.92,0.24,0.44,10.18,1.16,0.18,,8.3,254.0,137.0,34.0,50.0,95.0,242.0,27.1,93.0,4.1,8.55,20.59,2.88,13.25,3.56,1.25,3.98,0.68,4.28,0.92,2.69,2.56,0.4,2.15,0.25,0.77,BACK-ARC_BASIN,126.943,27.5222,,1999
2.87,6.18,16.6,50.7,0.12,0.27,11.0,1.21,0.17,,5.07,200.0,284.0,42.6,100.0,26.8,183.0,25.3,82.9,5.35,4.16,11.1,1.68,8.9,3.01,1.13,3.63,0.65,4.46,0.97,2.58,2.44,0.35,2.15,0.34,0.4,BACK-ARC_BASIN,115.047,12.9196,,2018
2.8,6.5,14.0,49.6,0.19,0.14,10.85,1.7,0.19,,3.7,360.0,75.0,43.0,37.0,27.0,108.0,40.0,115.0,4.45,5.0,9.2,1.26,13.0,2.35,1.4,2.98,0.57,6.2,0.75,4.0,3.9,0.33,2.39,0.48,,BACK-ARC_BASIN,173.358,-15.632,,1994; 1994
2.71,7.64,16.7,49.68,0.14,0.45,11.35,0.96,0.15,,4.0,214.0,280.0,,128.0,38.0,203.0,28.0,72.0,,,,,,,,,,,,,,,,,,BACK-ARC_BASIN,144.72,17.977,,1985
1.83,8.57,14.81,51.33,0.43,2.04,11.13,0.77,0.16,,50.0,278.0,422.0,,111.0,358.0,575.0,22.0,119.0,4.1,31.0,56.0,,,,,,,,,,,,,,,BACK-ARC_BASIN,143.58,21.67,,1997
2.41,7.76,14.83,49.8,0.129,0.077,12.19,1.47,0.196,10.79,0.953,338.0,323.0,44.8,80.2,8.77,86.9,32.9,75.2,1.76,2.6,8.75,1.65,9.28,3.3,1.18,4.86,0.865,5.7,1.26,3.58,3.67,0.537,2.19,0.101,0.129,BACK-ARC_BASIN,173.518,-18.5437,,1991; 2023
2.19,6.7,16.17,49.8,0.12,0.21,12.33,1.23,0.19,,5.0,,127.0,,60.0,64.0,135.0,25.0,49.0,1.0,,6.0,,,,,,,,,,,,,,,BACK-ARC_BASIN,-177.303,-18.501,,1994
2.79,6.59,16.36,51.41,0.12,0.32,11.68,1.27,0.16,7.5,4.0,,311.0,31.0,117.0,33.0,201.0,,100.0,,5.37,,,10.33,3.12,,,,,,,,,,0.23,0.37,BACK-ARC_BASIN,144.83,18.2,,1990
3.76,5.91,16.26,51.35,0.26,0.46,9.43,1.76,0.16,,3.0,300.0,230.0,1.0,68.0,120.0,270.0,28.0,150.0,,11.0,29.0,,15.0,5.7,1.7,5.0,,5.6,0.97,3.8,3.1,,,,,BACK-ARC_BASIN,151.831,-9.9083,,1997
2.69,7.24,16.3,49.7,0.13,0.06,12.16,1.33,0.15,,,,273.0,,99.0,30.0,161.0,31.0,97.0,2.0,4.0,12.0,,,,,,,,,,,,,,,BACK-ARC_BASIN,137.441,29.3275,,1980
2.38,7.56,17.0,49.4,0.08,0.11,12.21,0.93,0.34,,3.0,187.0,322.0,45.0,102.0,51.0,153.0,,,,,,,,,,,,,,,,,,,,BACK-ARC_BASIN,173.758,-17.5693,,1991
2.37,7.08,14.44,51.5,0.09,0.06,11.13,1.2,0.19,10.67,0.0,416.0,79.0,42.0,48.0,,73.0,,,,6.8,15.0,2.8,16.1,4.82,1.85,5.39,,5.53,1.07,3.19,2.68,0.41,,,,BACK-ARC_BASIN,-175.993,-19.688,CENOZOIC,1985; 1994
3.39,7.42,16.35,50.35,0.2,0.41,10.87,1.44,0.16,,6.0,,270.0,,70.0,73.0,214.0,28.0,129.0,8.0,8.0,22.0,,,,,,,,,,,,,,,BACK-ARC_BASIN,-29.95,-60.07,,1979
2.5,6.6,13.6,51.0,0.09,0.07,10.9,1.4,0.24,,0.9,423.0,107.0,48.01,54.06,7.6,61.0,32.4,23.7,1.05,1.7,5.9,1.356,6.6,2.5,2.1,3.3,0.896,4.2,1.318,4.1,2.6,0.573,1.8,0.09,0.08,BACK-ARC_BASIN,150.128,-3.29,,2012; 2003
1.27,10.49,16.93,48.67,0.15,0.07,11.14,0.94,0.53,9.55,0.49,294.1,225.0,44.2,119.5,11.64,173.0,18.1,46.0,1.86,3.86,9.12,1.53,7.3,2.19,0.75,2.59,0.46,2.92,0.62,1.73,1.59,0.23,1.15,0.13,0.298,BACK-ARC_BASIN,139.23,31.25,,2010
2.53208,7.66894,15.41956,49.2174,0.1551,0.13656,11.63836,1.57892,0.19162,10.06098,3.46287447182141,369.265271992538,279.007958297987,49.2389379488811,119.136321165983,32.3894592592813,98.0935694350091,31.5848660542757,79.1811965343465,3.36762448749436,3.52015995520578,9.95343986595113,1.78648054561915,9.85782126251435,3.36641614489258,1.29715265558601,4.68976697537841,0.792952204981425,5.4579452296948,1.18969649046845,3.52938103588927,3.58036262748165,0.490099229527315,2.28189488698136,0.188457647290625,0.286395816024006,BACK-ARC_BASIN,-177.2,-15.73,,2012; 2015
2.67,5.47,17.82,52.66,0.2,0.55,10.75,1.1,0.17,,13.6,268.0,138.0,30.0,57.0,109.0,261.0,27.2,96.0,4.2,9.36,22.26,3.07,13.88,3.62,1.24,4.02,0.68,4.27,0.91,2.68,2.56,0.39,2.3,0.27,1.35,BACK-ARC_BASIN,127.0,28.25,,2017
2.31,6.92,17.73,50.0,0.05,0.07,13.43,1.09,0.14,,1.5,230.0,295.0,37.0,81.0,17.0,110.0,,,,,,,,,,,,,,,,,,,,BACK-ARC_BASIN,173.419,-18.2268,,1991
2.81,8.11,16.0,50.0,0.14,0.09,11.53,1.3,0.15,8.49,2.0,,300.0,,96.0,26.0,148.0,30.0,90.0,3.0,4.0,14.0,,,,,,,,,,,,,,2.0,BACK-ARC_BASIN,137.44,29.328,,1980
2.67,6.02,16.59,52.01,0.1,0.43,11.03,0.56,0.15,,4.91,363.0,22.5,33.8,22.5,121.0,448.0,13.4,31.4,0.472,2.87,6.91,1.03,5.28,1.56,0.593,1.83,0.333,2.02,0.452,1.36,1.36,0.206,0.899,0.034,0.22,BACK-ARC_BASIN,152.173,-3.528,,2003; 2010
2.69,6.34,17.55,50.81,0.11,0.11,12.59,1.13,0.13,,0.0,,234.0,,105.0,35.0,186.0,24.0,89.0,2.0,,15.0,,,,,,,,,,,,,,,BACK-ARC_BASIN,-177.862,-18.568,,1994
1.92,9.05,14.71,48.2,0.06,0.13,13.77,0.83,0.2,,4.0,310.0,365.0,43.0,123.0,23.5,304.0,19.3,34.8,0.69,2.45,5.77,1.04,5.2,1.65,0.64,2.31,0.44,2.93,0.67,1.93,1.97,0.3,0.82,0.05,0.08,BACK-ARC_BASIN,-176.46,-19.31,,1995
2.48,8.7,16.47,48.95,0.1,0.12,12.26,1.19,0.18,9.4,1.92,,355.0,,459.0,27.0,165.0,19.5,61.3,1.6,1.99,6.67,1.12,6.28,2.0,0.78,,0.51,3.04,0.68,2.0,1.75,0.26,1.66,,0.09,BACK-ARC_BASIN,-176.583,-15.2333,,2012; 2011
2.35,7.14,17.01,52.32,0.13,0.29,11.97,0.94,0.14,7.33,6.87,208.0,188.0,32.0,74.0,111.2,216.0,18.1,62.6,4.26,5.06,12.78,1.78,8.069,2.35,0.85,2.59,0.46,2.97,0.62,1.74,1.72,0.26,1.56,0.26,0.76,BACK-ARC_BASIN,-29.5,-56.19,,2000
3.77,6.07,16.46,51.17,0.25,0.52,9.22,1.68,0.16,,4.0,240.0,140.0,23.0,79.0,190.0,250.0,23.0,130.0,4.0,12.0,29.0,,15.0,4.7,1.7,3.9,,3.9,0.8,2.8,2.8,,5.5,,,BACK-ARC_BASIN,151.826,-9.9045,,1997
2.9,5.72,18.53,50.05,0.16,0.41,11.63,0.97,,8.67,,,,,85.6,50.0,247.0,20.0,56.0,4.4,5.0,,,,,,,,,,,,,,,,BACK-ARC_BASIN,139.87,30.916,PLEISTOCENE,1992
1.41,10.29,14.39,49.02,0.12,0.23,13.56,0.66,0.18,,3.92,310.0,439.1,47.1,115.1,18.77,277.0,16.2,27.2,0.44,3.93,8.75,1.52,6.98,1.9,0.66,2.23,0.4,2.48,0.55,1.6,1.42,0.21,0.78,0.03,0.308,BACK-ARC_BASIN,140.033,31.0833,,2000; 2001; 2010
3.18,5.7,15.3,51.85,0.12,0.46,9.94,1.19,0.17,,6.3,260.0,5.0,33.0,25.0,100.0,358.0,,,,,,,,,,,,,,,,,,,,BACK-ARC_BASIN,174.196,-21.387,,1991
2.66,8.53,16.3,49.45,0.13,0.29,11.9,1.0,0.14,8.54,,286.0,0.0,,106.0,19.0,232.0,21.0,77.0,,,,,,,,,,,,,,,,,,BACK-ARC_BASIN,140.133,30.045,,1990
2.72,8.09,15.98,50.98,0.11,0.21,10.93,1.17,0.18,,2.6,272.0,295.0,,137.0,30.0,129.0,29.0,77.0,6.0,,,,8.47,2.88,,,,,,,,,,,,BACK-ARC_BASIN,144.75,17.42,,1987
2.54,8.33,17.02,49.93,0.11,0.12,11.76,1.15,0.14,,1.0,,202.0,,81.0,49.0,170.0,23.0,84.0,1.0,,10.0,,,,,,,,,,,,,,,BACK-ARC_BASIN,-177.862,-18.568,,1994
2.86,7.77,17.49,50.5,0.13,0.21,11.62,1.14,0.15,7.28,2.6,207.0,,,121.0,35.0,198.0,25.0,73.0,2.0,,,,9.31,2.83,,,,,,,,,,,,BACK-ARC_BASIN,144.7,18.25,,1990; 1990
2.21,7.0,17.16,48.08,0.11,0.172,11.85,0.96,,,3.0,364.0,209.0,,55.0,27.0,226.0,23.0,48.0,1.3,,8.2,,7.5,2.3,0.9,2.9,,3.5,,2.1,2.1,,,,,BACK-ARC_BASIN,139.92,30.93,0.966,1990
2.6,8.27,17.12,49.95,0.11,0.03,11.84,1.28,0.12,,0.0,,254.0,,96.0,9.0,150.0,27.0,94.0,1.0,,7.0,,,,,,,,,,,,,,,BACK-ARC_BASIN,-177.862,-18.568,,1994
2.46,10.0,16.88,48.0,0.03,0.05,11.82,1.12,0.15,8.85,0.88,249.0,424.0,49.0,206.0,2.0,106.0,24.3,64.0,0.25,1.33,5.4,1.04,6.26,2.31,1.04,3.17,0.59,4.02,0.93,2.66,2.61,0.38,1.23,0.02,0.03,BACK-ARC_BASIN,-176.217,-19.072,,1994
2.66,7.64,14.8,49.1,0.13,0.52,12.5,1.08,0.13,,9.0,,282.0,,118.0,35.0,164.0,25.0,79.0,6.0,2.0,10.0,,,,,,,,,,,,,,,BACK-ARC_BASIN,136.057,28.9833,,1980
2.48,7.74,16.79,49.36,0.14,0.26,13.17,0.9,,7.64,2.75,,,,,43.5,232.0,,,,3.7,9.38,,7.4,2.27,0.909,2.91,,3.22,,1.92,1.89,,,,,BACK-ARC_BASIN,144.834,16.985,,1996
2.47,8.18,16.93,49.25,0.18,0.32,11.03,0.99,0.18,,,261.0,0.0,,102.0,33.0,242.0,22.0,67.0,,,,,,,,,,,,,,,,,,BACK-ARC_BASIN,139.79,31.315,,1990
2.54,7.44,14.06,50.0,0.1,0.09,11.68,1.66,0.19,,2.0,300.0,225.0,44.0,72.0,20.0,105.0,,,,,,,,,,,,,,,,,,,,BACK-ARC_BASIN,173.368,-19.9533,,1991
2.69,5.16,12.8,50.8,0.52,0.92,8.28,4.23,0.2,12.13,13.0,,40.0,,38.0,232.0,405.0,43.0,305.0,35.0,32.0,74.0,,,,3.29,,1.48,,,,,,6.95,,1.0,BACK-ARC_BASIN,132.775,24.701,,1980; 1981
3.09,4.55,14.7,46.4,0.38,2.39,11.39,3.58,0.33,,37.0,,39.0,,28.0,330.0,693.0,28.0,210.0,29.0,24.0,51.0,,,,2.74,,1.0,,,,,,5.2,,1.0,BACK-ARC_BASIN,132.775,24.7007,,1980; 1980
2.56,7.66,15.9,49.9,0.11,0.25,12.32,1.25,0.15,,4.0,,321.0,,127.0,28.0,163.0,28.0,90.0,2.0,3.0,13.0,,,,,,,,,,,,,,1.0,BACK-ARC_BASIN,137.441,29.3275,,1980
2.32,7.21,13.94,50.71,0.1,0.05,11.29,1.29,0.21,,0.5,330.0,85.0,40.0,77.0,12.0,60.0,20.0,60.0,1.1,2.6,8.0,,9.7,2.7,0.98,5.18,,7.8,1.0,3.8,3.3,,,,,BACK-ARC_BASIN,150.053,-3.3485,,1997; 1997
2.39,6.15,13.4,47.1,0.39,0.18,10.16,3.72,0.18,,1.0,,28.0,,36.0,105.0,439.0,35.0,274.0,26.0,25.0,60.0,,,,,,,,,,,,,,1.0,BACK-ARC_BASIN,132.775,24.7007,,1980
2.98,6.07,16.7,49.6,0.13,0.24,11.5,1.28,0.16,,3.5,220.0,286.0,41.4,94.0,26.0,178.0,26.5,87.1,5.37,3.95,11.4,1.72,9.3,3.1,1.15,3.67,0.66,4.64,1.04,2.72,2.55,0.365,2.29,0.35,0.36,BACK-ARC_BASIN,115.047,12.9196,,2018
2.34,6.99,14.79,50.74,0.09,0.11,11.44,1.08,0.19,,0.8,310.0,90.0,36.0,90.0,12.0,10.0,7.0,60.0,0.9,2.8,10.0,,7.0,2.9,1.22,4.4,,6.1,1.1,3.2,2.9,,,,,BACK-ARC_BASIN,150.281,-3.1628,,1997; 1997
1.79,7.78,15.77,52.4,0.08,0.2,12.5,0.7,0.16,8.07,0.0,258.0,216.0,38.0,69.0,44.0,116.0,21.0,36.0,0.0,,,,,,,,,,,,,,,,,BACK-ARC_BASIN,-176.3,-21.49,,1977
1.68,8.81,15.33,52.78,0.08,0.27,11.54,0.68,0.16,,10.0,304.0,790.0,42.0,125.0,51.6,137.0,13.4,30.7,0.39,1.97,5.18,0.87,4.74,1.74,0.69,2.34,0.48,2.7,0.63,1.77,1.7,0.32,0.82,0.05,0.19,BACK-ARC_BASIN,-176.775,-20.709,,1994
2.65,5.84,15.28,52.75,0.09,0.24,10.34,0.87,0.16,,4.09433333333333,331.0,76.2,38.8,52.6,38.0366666666667,107.13,24.58,56.9733333333333,0.753333333333333,2.428,6.983,1.134,6.40666666666667,2.38166666666667,0.877333333333333,3.21666666666667,0.596666666666667,4.31833333333333,0.879,2.868,2.95233333333333,0.435333333333333,1.62433333333333,0.0560333333333333,0.147,BACK-ARC_BASIN,151.158,-3.752,,1998; 2003; 2004; 2010; 2012; 2020
4.27,5.81,17.21,50.54,0.25,0.29,11.48,1.39,0.16,,6.0,255.0,,,70.0,34.0,170.0,37.0,119.0,2.0,,,,,,,,,,,,,,,,,BACK-ARC_BASIN,-177.862,-18.568,,1994
2.04185677220357,8.13915954664342,14.7201985984329,49.8926993521822,0.0376398713826367,0.0355763983628922,12.6171417659734,0.844879146215787,0.178703706499585,10.6590524840985,0.716684194654804,288.755214873314,253.564755373741,51.9021874080412,103.13980833535,6.2296878071238,71.9955999775538,21.077098968333,37.8387921436572,0.795419808424018,1.27748167614208,4.14946879682269,0.827412538101723,4.73492128142095,1.857303192832,0.795194761026646,2.88624285586189,0.525862801039925,3.60388030550885,0.821660663883907,2.52936966335785,2.54009356886235,0.368976589961466,1.153834792494,0.0463430236678012,0.059675391239542,BACK-ARC_BASIN,-176.36,-18.12,,2012; 2018
2.46,6.73,13.61,50.29,0.12,0.06,11.45,1.38,0.2,,1.0,381.0,125.0,,64.0,12.0,79.0,31.0,73.0,1.6,2.2,7.0,,,3.1,1.09,3.9,,,1.2,,3.6,0.59,1.5,,2.0,BACK-ARC_BASIN,149.857,-3.545,,2003
1.91,8.76,15.82,50.76,0.13,0.5,11.39,0.75,0.16,,7.55,296.6,330.65,,96.2,96.0,352.0,16.6,41.1,1.3,5.31,11.71,1.59,7.78,2.15,0.77,2.45,0.41,2.52,0.54,1.63,1.56,0.24,1.09,0.081,0.576,BACK-ARC_BASIN,144.826,14.5894,,2011
2.42,8.12,16.34,50.5,0.08,0.23,12.96,0.86,,9.11,3.87,273.0,342.0,,95.0,28.97,197.0,18.6,44.6,0.75,2.45,6.87,1.24,6.73,2.22,0.82,2.7,0.45,2.94,0.66,1.91,1.72,0.26,1.28,,0.228,BACK-ARC_BASIN,139.914,31.115,,1990; 2010
2.85,9.18,15.07,49.13,0.03,0.02,13.13,0.71,0.18,9.7,2.0,299.0,217.0,38.0,54.0,42.3,48.0,22.0,21.0,0.0,1.08,11.1,0.64,3.48,1.57,0.62,2.74,0.6,3.76,,2.5,2.39,0.37,,,,BACK-ARC_BASIN,144.842,17.168,,1972; 1989; 2007
2.55,7.54,16.02,49.8,0.1,0.36,12.22,1.59,0.15,,6.0,246.0,308.0,46.0,128.0,70.0,190.0,,,,,,,,,,,,,,,,,,,,BACK-ARC_BASIN,173.518,-16.3128,,1991
2.49,7.0,16.9,51.44,0.16,0.69,10.99,0.97,0.13,,9.22,228.0,169.0,,80.0,63.21,230.0,26.0,90.0,6.0,,14.71,,10.4,2.82,1.01,3.56,,3.84,,2.36,2.33,,,,,BACK-ARC_BASIN,144.788,17.953,,1985
2.76,9.69,17.26,45.99,0.2,0.02,9.1,1.18,0.16,,146.0,177.0,431.0,57.0,242.0,17.0,110.0,,68.0,,,,,,,,,,,,,,,,,,BACK-ARC_BASIN,117.0,15.3923,,2015
2.52,7.87,14.89,50.0,0.1,0.07,12.23,1.55,0.18,,2.0,293.0,297.0,44.0,94.0,25.0,96.0,,,,,,,,,,,,,,,,,,,,BACK-ARC_BASIN,173.52,-18.554,,1991
3.12,7.39,15.1,49.3,0.16,0.21,11.3,1.81,0.2,11.37,3.73,350.0,255.0,49.0,56.4,42.0,216.0,30.9,112.2,4.21,5.49,15.1,2.5,13.3,4.09,1.51,5.18,0.801,5.37,1.104,3.28,3.29,0.426,2.92,0.244,0.38,BACK-ARC_BASIN,-176.284,-15.09,,2012
2.403,7.70656,15.61312,49.81566,0.14722,0.25518,12.81198,1.4448,0.19536,9.50942,7.29964614394682,333.82746234437,327.622905173285,44.1878722059534,108.483229015651,53.2911704028657,189.340235147765,27.2228277485519,85.0296027966579,5.36527392856356,5.67637830866735,16.1674080597556,2.33375543593521,10.7672598268537,3.0544321806105,1.15684308681791,3.71283316860311,0.750019846225512,4.63236919401464,0.878253973369887,2.43069131850628,2.41394929886459,0.375006801774931,2.52807257682947,0.306849312729203,0.532493024455984,BACK-ARC_BASIN,-176.05,-14.79,,2012
2.2,9.29,15.78,50.76,0.14,0.45,11.05,0.86,0.16,,6.6,277.7,404.55,,148.0,84.2,305.0,19.0,56.2,2.58,4.83,11.38,1.52,7.73,2.17,0.88,2.56,0.45,2.89,0.65,1.85,1.8,0.27,1.34,0.141,0.467,BACK-ARC_BASIN,144.824,14.5925,,2011
2.92,5.37,18.94,48.65,0.39,1.25,9.87,1.62,0.1,,10.4,225.0,221.0,,,220.0,515.0,45.7,153.0,26.2,24.9,35.8,4.75,21.1,4.85,1.59,5.49,0.88,5.49,1.23,3.56,3.48,0.54,3.17,2.06,2.21,BACK-ARC_BASIN,136.991,29.654,,2009
2.78,6.89,15.6,49.7,0.15,0.25,12.94,1.19,0.12,,2.0,,237.0,,64.0,29.0,130.0,28.0,88.0,3.0,3.0,10.0,,,,,,,,,,,,,,,BACK-ARC_BASIN,136.057,28.9833,,1980
3.3,5.09,15.81,50.0,0.19,0.68,10.98,1.32,0.17,9.51,12.9,314.1,21.4,34.0,35.3,100.0,190.0,30.0,80.0,5.7,8.3,19.0,,14.0,5.5,1.9,5.7,,6.0,1.4,3.5,2.7,,3.5,,,BACK-ARC_BASIN,-174.852,-15.659,,1992; 1997
2.6,7.65,17.6,48.85,0.16,0.36,11.9,0.94,0.14,,,273.0,362.0,,114.0,16.0,230.0,23.0,75.0,,,,,,,,,,,,,,,,,,BACK-ARC_BASIN,140.133,30.045,,1990
2.78,7.79,15.48,50.35,0.12,0.12,11.61,1.5,0.17,,0.7,240.0,262.0,,116.0,15.0,121.0,31.0,101.0,1.5,4.0,10.0,,,,,,,,,,,,,,,BACK-ARC_BASIN,155.419,-9.499,,1987
2.4,6.93,17.24,51.37,0.13,0.28,11.82,0.89,,7.01,5.1,229.0,236.0,35.1,109.0,71.0,203.0,21.0,57.0,2.51,4.0,9.5,1.46,7.24,2.22,0.86,2.83,0.5,3.32,0.71,2.01,2.03,0.32,1.43,0.164,0.45,BACK-ARC_BASIN,144.85,16.5285,,2003; 2005
2.38,7.6,14.47,51.8,0.08,0.1,11.31,1.42,0.18,,4.0,295.0,292.0,41.0,86.0,15.0,13.0,,,,,,,,,,,,,,,,,,,,BACK-ARC_BASIN,173.491,-18.1488,,1991
2.97,7.85,15.0,50.2,0.17,0.3,10.03,1.47,0.14,9.97,3.0,,251.0,,118.0,31.0,177.0,31.0,106.0,2.0,3.0,20.0,,,,,,,,,,,,,,1.0,BACK-ARC_BASIN,136.057,28.984,,1980
2.63,6.09,14.72,51.51,0.11,0.23,10.79,1.07,0.18,,2.5,341.0,63.0,,55.0,30.0,161.0,24.0,57.0,1.0,2.6,7.2,,,2.6,0.96,3.4,,,0.85,,3.05,0.47,1.3,,3.0,BACK-ARC_BASIN,150.128,-3.24833,,2003
2.61,7.35,16.6,49.7,0.19,0.23,11.73,1.33,0.17,8.64,2.0,,277.0,,95.0,63.0,159.0,33.0,117.0,6.0,6.0,15.0,,,,,,,,,,,,,,0.0,BACK-ARC_BASIN,137.684,28.638,,1980
2.3,8.23,14.98,50.18,0.08,0.08,12.58,0.95,0.17,,1.0,272.0,260.0,,107.0,8.0,78.0,21.0,54.0,1.1,1.5,4.8,,,2.2,0.81,3.0,,,0.9,,2.65,0.41,1.1,,2.0,BACK-ARC_BASIN,149.797,-3.608,,2003
1.96,7.98,17.08,47.5,0.15,0.2,12.38,1.0,0.2,,2.82,360.0,169.0,38.0,72.0,31.8,214.0,19.0,47.0,,,7.09,,6.23,2.11,0.82,2.74,,2.94,,1.63,1.56,0.24,,,,BACK-ARC_BASIN,140.0,31.25,,1989
3.64,6.66,14.71,51.29,0.34,0.33,11.26,1.71,0.21,9.61,4.96,,151.0,37.6,57.0,53.4,177.0,29.7,123.0,5.38,5.67,14.9,2.43,12.1,3.85,1.39,4.73,0.858,5.51,1.17,3.29,3.13,0.456,3.12,0.329,0.381,BACK-ARC_BASIN,-29.87,-60.2,,2002
1.981225,10.36325,17.32965,48.77425,0.052525,0.013325,12.847575,0.7759,0.1418,8.35835,0.218966216285529,191.000917335039,397.50085195113,54.4229574954307,358.703152794934,2.80980953219954,69.2319318764046,17.2422468515519,27.6760808163911,0.394746358431656,0.687268405997473,2.6000752726421,0.554223383112232,3.41102966577775,1.48362161287265,0.648408004195111,0.449136409732866,0.426062328402737,2.96883862672456,0.649957707789789,1.75735818801796,1.67607283757223,0.271226195758491,0.856785847864714,0.0312052071529658,0.0285136521447714,BACK-ARC_BASIN,-176.45,-18.26,,2012
2.57,7.08,15.65,49.3,0.2,0.28,11.36,1.8,0.18,,5.0,272.0,253.0,42.0,100.0,42.0,158.0,,,,,,,,,,,,,,,,,,,,BACK-ARC_BASIN,173.818,-16.669,,1991
3.45,5.9,16.0,50.75,0.24,0.6,10.97,1.95,0.16,9.07,12.2,259.0,247.0,,72.0,104.0,179.0,31.0,131.0,11.7,8.89,18.43,,14.13,4.16,1.35,5.81,,6.28,,3.64,3.33,0.51,3.2,,,BACK-ARC_BASIN,177.48,-16.3358,,1990
2.5,8.22,16.34,49.78,0.128,0.107,12.01,1.32,0.175,9.46,1.1,280.0,336.0,46.0,138.0,11.31,134.0,23.4,66.9,2.04,2.83,9.23,1.5,8.09,2.69,1.08,3.79,0.659,4.37,0.892,2.48,2.5,0.363,1.85,0.128,0.154,BACK-ARC_BASIN,174.273,-16.612,,2023; 1993
2.8,5.0,13.0,50.6,0.41,0.61,9.37,3.92,0.16,,9.0,,81.0,,46.0,196.0,388.0,36.0,258.0,30.0,27.0,57.0,,,,,,,,,,,,,,3.0,BACK-ARC_BASIN,132.775,24.7007,,1980
2.52,8.57,15.8,49.1,0.12,0.09,11.07,1.24,0.16,,1.0,,299.0,,103.0,31.0,137.0,28.0,92.0,1.0,3.0,10.0,,,,,,,,,,,,,,,BACK-ARC_BASIN,137.441,29.3275,,1980
2.054,7.678,15.48,50.918,0.092,0.098,12.294,0.99,0.174,9.085,1.641,296.056,286.403,39.698,78.9321,17.1261,103.466,23.903,50.466,0.588,1.612,5.488,0.997,5.703,2.052,0.779,3.12,0.564,3.814,0.845,2.449,2.47,0.388,1.405,0.051,0.083,BACK-ARC_BASIN,-176.151,-20.3559,,2013
3.06,7.42,15.63,51.55,0.26,0.19,10.68,1.46,0.16,7.94,3.56,,222.0,34.8,92.5,30.1,145.0,27.2,92.7,3.1,4.34,12.3,2.05,10.6,3.56,1.27,4.59,0.828,5.58,1.14,3.25,3.17,0.47,2.92,0.197,0.269,BACK-ARC_BASIN,-30.358,-57.197,,2002
2.77676332016383,5.73884540973859,17.0870545483081,44.949158067252,0.459775665693793,0.62778996803704,14.7496435984036,0.768640281378683,0.263490693315546,12.5788384477088,9.8856,292.0964,2.611,54.2077,50.9838,219.8285,728.8553,27.8345,60.0587,2.7293,12.8246,24.8785,3.2172,15.129,3.8901,1.3857,4.3694,0.7232,4.5852,1.015,2.9699,3.0588,0.4504,1.1035,0.2043,1.7423,BACK-ARC_BASIN,142.303,23.162,,2021
2.79,5.2,16.1,49.5,0.35,0.46,12.27,1.58,0.14,9.71,7.0,,195.0,,51.0,31.0,182.0,39.0,115.0,4.0,8.0,18.0,,,,,,,,,,,,,,1.0,BACK-ARC_BASIN,136.057,28.984,,1980
2.75,5.6,16.1,49.9,0.25,0.36,12.01,1.74,0.19,,6.0,,201.0,,66.0,28.0,171.0,43.0,124.0,5.0,6.0,19.0,,,,,,,,,,,,,,,BACK-ARC_BASIN,136.057,28.9833,,1980
3.31,5.64,15.58,52.48,0.21,0.59,9.6,1.6,0.17,,6.29,306.0,51.6,32.8,34.4,55.1,197.0,31.7,111.0,5.78,7.02,17.4,2.62,13.7,4.25,1.5,4.6677465,0.91,6.0,1.26,3.68,3.65,0.53,3.25,0.67,0.58,BACK-ARC_BASIN,144.725,18.204,,2019
2.5,7.62,14.75,49.3,0.14,0.1,11.6,1.35,0.2,,2.1,320.0,125.0,44.0,69.0,16.0,97.0,33.0,78.0,2.75,3.3,8.02,1.48,10.0,2.58,0.85,3.49,0.76,5.1,0.96,3.5,3.28,0.49,2.22,0.23,,BACK-ARC_BASIN,173.358,-15.632,,1994; 1994
3.25,6.1,15.55,52.12,0.19,0.56,9.84,1.58,0.15,,7.97,305.0,44.2,31.9,30.8,64.2,204.0,31.6,113.0,6.14,7.39,17.8,2.67,13.9,4.18,1.5,4.66565256,0.91,5.88,1.24,3.65,3.63,0.52,3.26,0.46,0.67,BACK-ARC_BASIN,144.725,18.204,,2019
2.35,7.86,14.86,50.55,0.1,0.08,12.72,1.38,0.18,,2.0,282.0,201.0,43.0,80.0,23.0,105.0,,,,,,,,,,,,,,,,,,,,BACK-ARC_BASIN,173.38,-19.936,,1991
3.34,6.2,14.72,50.87,0.23,0.52,10.04,1.78,0.16,9.83,2.6,,,,32.0,161.0,275.0,32.0,163.0,4.8,,,,,,,,,,,,,,,,,BACK-ARC_BASIN,134.536,38.616,MIOCENE,1994
3.0,8.58,15.83,49.88,0.27,0.66,10.44,1.75,0.18,,13.0,366.0,315.0,,153.0,128.0,242.0,28.0,121.0,17.0,10.3,23.9,3.15,15.0,3.47,1.23,4.36,,5.01,,3.07,2.67,,,,2.0,BACK-ARC_BASIN,173.588,-16.358,,1990
2.76,7.65,15.18,50.39,0.13,0.19,11.64,1.56,0.16,,1.8,253.0,286.0,,104.0,4.4,127.0,41.0,120.0,1.9,3.54,12.0,2.05,11.8,3.96,1.31,4.78,0.83,5.52,1.23,3.61,3.23,,2.71,,0.08,BACK-ARC_BASIN,155.419,-9.499,,1987
2.54,10.24,15.22,48.98,0.15,0.44,11.61,0.85,0.16,9.79,4.0,170.0,290.0,39.0,265.0,95.0,195.0,10.9,36.0,2.41,4.49,10.3,1.52,6.89,1.98,0.63,1.97,0.33,1.99,0.41,1.13,1.07,0.16,1.04,0.23,0.44,BACK-ARC_BASIN,177.94,-35.96,,2010
2.44,7.85,14.61,49.8,0.1,0.1,11.21,1.48,0.19,,2.4,300.0,315.0,45.0,102.0,10.0,95.0,,,,,,,,,,,,,,,,,,,,BACK-ARC_BASIN,173.52,-18.554,,1991
2.59,9.43,15.7,47.6,0.06,0.09,9.63,1.04,0.16,,1.09,198.0,378.0,63.4,198.0,5.8,98.1,26.6,56.1,1.52,2.18,6.75,1.18,6.46,2.28,0.93,3.33,0.63,4.28,0.94,2.72,2.72,0.43,1.64,0.11,0.13,BACK-ARC_BASIN,117.0,15.3923,,2025
3.58,5.85,16.16,52.02,0.19,0.29,10.47,1.48,0.17,9.16,3.61,297.0,200.0,,72.0,47.0,164.0,33.0,109.0,7.0,,,,12.21,3.89,,,,,,,,,,,,BACK-ARC_BASIN,144.835,18.67,,1985; 1987
2.53,8.38,16.49,49.61,0.19,0.09,12.09,1.26,0.16,9.79,0.58,289.0,383.0,,220.0,8.3,109.0,32.8,71.5,1.53,2.65,7.62,1.26,7.03,2.54,1.13,4.06,0.75,5.02,1.08,3.03,2.79,0.44,1.98,0.12,0.12,BACK-ARC_BASIN,174.273,-16.612,,1990; 1993; 2014
2.62,6.97,16.82,50.51,0.15,0.24,12.6,1.41,0.16,8.66,6.0,,170.0,,71.0,38.0,169.0,26.0,83.0,1.0,,4.0,,,,,,,,,,,,,,,BACK-ARC_BASIN,-177.856,-18.5675,,1994
4.37,6.61,16.46,47.61,0.25,0.07,9.59,2.3,0.15,,0.4,203.0,168.0,,94.0,5.0,245.0,0.2,224.0,1.0,6.3,24.4,4.02,21.2,5.8,1.99,7.4,1.2,7.61,1.55,5.03,0.71,0.71,3.7,0.1,0.2,BACK-ARC_BASIN,156.454,-8.7565,,1987; 1987
2.69,6.51,15.17,52.19,0.09,0.18,11.36,0.93,0.16,,1.5,304.0,133.0,,79.0,18.0,157.0,20.0,49.0,1.1,2.1,6.1,,,2.1,0.74,2.6,,,0.75,,2.5,0.4,1.0,,,BACK-ARC_BASIN,150.208,-3.2,,2003
2.94,9.11,15.82,50.52,0.17,0.34,10.65,1.18,0.15,,5.0,203.0,320.0,33.0,160.0,53.0,223.0,25.5,106.0,5.8,6.35,15.4,2.01,10.3,3.26,1.25,3.74,0.7,4.54,0.98,2.91,2.63,0.387,2.3,0.3,0.45,BACK-ARC_BASIN,144.479,19.4244,,2016
2.52,6.54,16.08,50.21,0.13,0.39,12.17,1.0,0.18,8.83,10.2,,139.0,,60.0,60.6,196.0,23.6,65.8,4.1,5.27,13.2,1.84,9.55,2.95,,,0.53,3.79,0.83,2.28,2.0,0.19,1.76,,0.45,BACK-ARC_BASIN,-174.437,-15.3033,,2012; 2011
2.45,5.52,16.3,49.7,0.4,0.39,12.65,1.23,0.16,,7.0,,49.0,,32.0,33.0,219.0,31.0,88.0,3.0,7.0,15.0,,,,,,,,,,,,,,,BACK-ARC_BASIN,136.057,28.9833,,1980
2.79,6.91,16.47,51.27,,0.46,11.61,1.03,0.13,7.39,7.76,263.0,285.0,33.4,70.8,106.0,307.0,17.2,65.2,5.6,6.81,17.7,2.36,10.9,2.92,1.08,3.06,0.517,3.12,0.61,1.85,1.86,0.24,1.59,0.309,0.65,BACK-ARC_BASIN,178.871,-34.478,,2012
1.2,9.36,14.98,52.31,0.08,0.27,11.64,0.6,0.16,8.94,11.0,286.0,666.0,,145.0,70.0,141.0,15.0,29.0,1.0,,6.0,,,,,,,,,,,,,,,BACK-ARC_BASIN,-176.775,-20.709,,1994; 1992
2.12,7.47,16.93,50.74,0.15,0.49,13.18,0.68,,7.0,9.29,214.0,218.0,33.6,82.0,150.0,365.0,15.7,51.1,3.05,9.86,19.5,2.48,10.7,2.35,0.865,2.78,0.43,2.54,0.51,1.5,1.5,0.21,1.26,0.178,1.499,BACK-ARC_BASIN,143.36,21.31,,1998; 2000; 2005
3.05,8.47,16.0,49.8,0.13,0.27,10.8,1.11,0.14,7.54,3.8,230.0,341.0,134.0,143.0,56.4,200.0,23.1,84.2,2.26,5.22,13.4,2.06,10.0,3.0,1.12,3.82,0.65,4.12,0.91,2.57,2.4,0.36,2.05,0.31,0.46,BACK-ARC_BASIN,143.05,21.83,,2019
2.41,7.4,16.69,49.75,0.1,0.13,12.08,0.94,0.39,,3.5,178.0,313.0,50.0,101.0,43.0,160.0,,,,,,,,,,,,,,,,,,,,BACK-ARC_BASIN,173.764,-17.585,,1991
1.87,7.9,15.65,51.8,0.06,0.11,12.24,0.77,0.16,,1.4,336.0,320.0,35.0,81.0,13.5,156.0,18.0,37.9,0.54,1.27,4.08,0.76,4.46,1.64,0.66,2.18,0.46,2.86,0.65,1.88,1.95,0.31,1.05,0.04,0.04,BACK-ARC_BASIN,-176.133,-20.567,,1995
3.24,5.11,13.45,49.6,0.42,0.56,8.99,2.78,0.16,,8.26,321.0,69.0,42.7,22.0,148.5,316.0,35.4,193.0,24.07,18.46,41.94,5.42,25.38,6.16,2.04,7.0,1.08,6.35,1.26,3.41,3.02,0.46,4.61,1.54,2.05,BACK-ARC_BASIN,127.831,12.8072,,2005
2.15791666666667,8.38768333333333,15.5195,49.6257166666667,0.09085,0.0814666666666667,12.8699666666667,1.12216666666667,0.188316666666667,10.1289833333333,2.47671234955739,307.948013079655,291.731300351214,47.6259962883014,96.4888108411331,22.7310696781741,60.9212562189778,27.3259374158444,46.6189345390833,2.12599117176122,1.93415563619969,5.79247135334498,1.03261134865602,5.54674761529205,2.17023686233893,0.866511516717975,3.4991323001465,0.613184307042698,4.41734117709348,0.981923026157091,2.51530888332731,2.73644661736388,0.42351749789639,1.40464720986838,0.138511156311178,0.185508947754164,BACK-ARC_BASIN,-177.1,-15.59,,2012
2.94,8.07,16.81,50.3,0.12,0.11,10.74,1.39,0.15,8.62,0.95,250.0,472.0,35.0,185.0,8.0,135.0,33.0,101.0,1.0,,,,11.2,3.85,,,,,,,,,,,,BACK-ARC_BASIN,144.92,17.71,,1990
2.36,7.16,16.98,48.3,0.12,0.12,11.94,0.89,0.58,,3.0,174.0,284.0,48.0,117.0,77.0,172.0,,,,,,,,,,,,,,,,,,,,BACK-ARC_BASIN,173.764,-17.585,,1991
2.61,8.24,16.3,49.64,0.09,0.17,11.87,1.08,0.15,,3.0,249.6,356.3,,123.0,24.0,137.1,26.1,74.5,0.6,4.07,9.821,1.57,8.842,2.83,1.07,4.17,,4.56,,2.672,2.22,,1.97,,,BACK-ARC_BASIN,-176.431,-18.6213,,1992
2.78,7.6,16.63,48.49,0.16,0.18,10.71,1.48,0.16,9.34,1.9,,,,136.0,46.0,192.0,26.0,96.0,1.3,,,,,,,,,,,,,,,,,BACK-ARC_BASIN,138.232,40.189,MIOCENE,1994
2.14,8.8,16.07,51.4,0.06,0.31,11.62,0.72,0.16,7.42,4.4,232.01,312.0,38.64,126.0,53.0,151.0,16.0,50.9,3.86,3.02,7.38,1.12,5.55,1.67,0.64,2.02,0.38,2.44,0.52,1.5,1.49,0.23,1.29,0.23,0.4,BACK-ARC_BASIN,-29.47,-55.53,,2004; 2006
2.61,8.33,16.51,48.46,0.13,0.16,12.27,1.41,0.2,10.37,2.59,264.0,256.0,48.6,136.0,24.4,174.0,22.9,80.5,2.53,3.2,11.0,1.67,8.57,2.71,1.03,3.66,0.628,4.23,0.905,2.52,2.3,0.375,2.08,0.159,0.211,BACK-ARC_BASIN,-176.408,-15.108,,2012
2.89,6.45,17.14,52.64,,0.23,11.94,0.93,0.14,7.38,5.07,293.0,144.0,37.4,66.4,73.7,180.0,16.4,49.8,1.16,2.61,9.4,1.36,6.99,2.31,0.893,2.7,0.43,3.22,0.607,1.67,1.72,0.277,1.29,0.154,0.304,BACK-ARC_BASIN,179.551,-33.521,,2012
2.92,6.99,18.91,50.43,0.17,0.15,11.89,1.05,0.15,,1.0,225.0,,,59.0,30.0,153.0,27.0,80.0,2.0,,,,,,,,,,,,,,,,,BACK-ARC_BASIN,-177.862,-18.568,,1994
2.09,6.36,18.85,49.6,0.1,0.44,11.86,0.76,0.18,10.13,6.6,320.0,76.0,,34.0,130.0,279.0,12.0,38.0,,3.0,7.87,,6.14,1.97,0.75,2.64,,3.03,,1.84,1.74,,,,,BACK-ARC_BASIN,145.57,15.5833,,1989
2.23,7.41,14.24,51.58,0.091,0.053,11.38,1.18,0.22,11.29,0.83,340.0,89.0,46.2,57.0,7.5,69.0,30.7,61.7,0.85,1.67,5.93,1.11,6.49,2.4,0.9,0.7,3.83,4.84,1.08,3.17,3.21,0.51,1.75,0.068,0.073,BACK-ARC_BASIN,-176.132,-20.053,,2009
2.42059,8.2138,16.7585,48.56452,0.13922,0.25664,12.58739,1.45668,0.16817,9.09992,6.17295266108276,233.104981785202,242.783241787824,41.0807226387395,109.457906209309,56.944556560995,217.061284837421,25.6206400392658,105.846018957407,6.59073025271186,5.66240383964834,15.5090655486494,2.28370893431019,11.5517775869537,3.29088281336614,1.15381761241599,4.14944284780887,0.674403416838521,4.24370888591271,0.962058276081686,2.70788862908359,2.41704221143813,0.379626009466694,2.6188765474111,0.452021703044912,0.533516105253823,BACK-ARC_BASIN,-176.29,-15.09,,2012
2.59,7.3,14.25,50.3,0.2,0.22,11.21,1.8,0.19,,5.0,306.0,137.0,40.0,69.0,49.0,141.0,36.0,87.0,5.2,4.5,,,12.0,,1.35,,,5.3,,3.6,3.25,,,,,BACK-ARC_BASIN,173.492,-18.812,,1991; 1994
2.44,7.19,14.03,50.8,0.07,0.12,12.18,1.3,0.21,11.4,,291.0,217.0,41.0,651.0,,106.0,,,,,,,,,,,,,,,,,,,,BACK-ARC_BASIN,-176.125,-18.625,,1990
3.23,7.41,16.79,49.33,0.2,0.11,12.36,1.13,0.16,8.55,2.0,212.0,,,74.0,30.0,155.0,22.0,70.0,3.0,2.45,7.65,1.29,7.91,2.57,1.08,3.58,0.52,3.83,0.83,2.51,2.16,0.45,1.71,0.09,0.13,BACK-ARC_BASIN,-177.856,-18.5675,,1994; 1994
2.39,5.65,16.81,50.87,0.16,0.29,10.89,1.06,0.19,10.96,5.0,365.0,,,27.0,30.0,147.0,26.0,60.0,4.0,,,,,,,,,,,,,,,,,BACK-ARC_BASIN,-176.5,-20.1418,,1994
3.45,9.02,16.6,46.5,0.09,1.9,7.35,1.5,0.14,,16.0,240.0,210.0,42.0,170.0,,230.0,,,,,,,,,,,,,,,,,,,1.4,BACK-ARC_BASIN,137.684,28.6375,,1980
2.85,7.36,16.29,48.61,0.16,0.27,12.01,1.75,0.19,10.4,6.7,276.0,227.0,43.8,182.0,49.7,211.0,27.7,111.0,4.87,4.65,13.3,2.25,11.1,3.36,1.22,4.36,0.769,4.75,1.02,2.77,2.63,0.399,2.65,0.342,0.331,BACK-ARC_BASIN,-176.65,-14.827,,2012
2.5,5.82,13.1,47.8,0.43,0.2,10.16,4.16,0.21,,2.0,,23.0,,33.0,143.0,447.0,37.0,302.0,28.0,32.0,60.0,,,,,,,,,,,,,,1.0,BACK-ARC_BASIN,132.775,24.7007,,1980
2.23,8.21,14.83,50.99,0.073,0.038,12.47,0.92,0.19,9.8,0.64,281.0,404.0,44.0,91.0,5.5,65.0,26.1,49.6,0.85,1.38,4.87,0.91,5.39,2.07,0.79,0.6,3.27,4.11,0.93,2.67,2.71,0.43,1.44,0.066,0.062,BACK-ARC_BASIN,-175.958,-19.452,,2009; 2015
2.53,7.15,14.11,51.5,0.092,0.055,11.11,1.21,0.21,11.34,1.14,334.0,101.0,45.3,54.0,9.2,71.0,32.3,64.9,1.29,1.9,6.45,1.2,6.92,2.58,0.94,0.74,4.08,5.09,1.14,3.34,3.35,0.52,1.85,0.093,0.106,BACK-ARC_BASIN,-176.016,-19.733,,2009
2.86,7.77,17.49,50.5,0.13,0.21,11.62,1.14,0.15,7.28,2.62,207.0,,,121.0,35.0,198.2,25.0,73.0,2.0,,,,9.31,2.83,,,,,,,,,,,,BACK-ARC_BASIN,144.83,18.2,,1990
2.86,7.55,17.16,51.13,0.18,0.25,11.92,1.04,0.15,7.55,3.59,225.0,278.0,32.0,118.0,29.0,189.0,,73.0,,4.14,10.5,,8.54,2.67,1.017,,0.58,,,,2.2,0.326,,0.145,0.24,BACK-ARC_BASIN,144.75,18.1,,1980; 1990; 1994; 2000
2.51,6.51,15.83,52.04,0.1,0.18,11.26,1.11,0.19,10.27,3.36,,,,,37.2,141.0,24.4,41.1,0.54,1.94,5.39,0.89,5.5,2.09,0.87,3.3,0.46,3.78,0.74,2.4,2.26,0.41,1.28,0.26,0.13,BACK-ARC_BASIN,-177.303,-18.501,,1994
2.32,6.88,13.93,51.85,0.113,0.047,10.86,1.29,0.21,11.87,0.91,362.0,44.0,46.9,43.0,7.8,66.0,33.8,66.0,0.98,1.83,6.35,1.19,6.94,2.6,0.96,0.77,4.18,5.3,1.2,3.5,3.58,0.56,1.9,0.077,0.087,BACK-ARC_BASIN,-176.034,-19.795,,2009
2.15,6.2,16.55,51.1,0.1,0.29,11.0,0.73,0.2,9.81,,303.0,58.0,,29.0,41.0,197.0,20.0,54.0,,,,,,,,,,,,,,,,,,BACK-ARC_BASIN,139.973,31.11,,1990
2.47516,8.53508,16.24806,48.83378,0.16348,0.2935,11.85704,1.60806,0.18274,9.76974,5.83762717358809,277.144220433124,437.005200007806,59.8127435866526,427.071447680209,51.7318606402182,177.428373807157,22.1674377616253,89.4500123846278,5.77764661983412,5.80918407783024,15.3802089936138,2.13412109100181,10.9460644764547,3.08918832687446,1.16501208717976,3.76965694388496,3.71075431963094,3.97293211073186,0.839107144112961,2.26253199656327,2.20919622015558,0.349160831588356,2.34453551711229,0.393402075429677,0.42929831464503,BACK-ARC_BASIN,-176.04,-14.78,,2012
2.59,6.86,16.75,52.09,0.14,0.22,12.1,1.39,0.15,,4.0,,137.0,,53.0,42.0,160.0,25.0,83.0,1.0,,8.0,,,,,,,,,,,,,,,BACK-ARC_BASIN,-177.862,-18.568,,1994
1.15,9.72,14.33,51.64,0.04,0.22,13.64,0.57,0.17,8.48,3.0,256.0,445.0,,92.0,44.0,117.0,15.0,27.0,1.0,,6.0,,,,,,,,,,,,,,,BACK-ARC_BASIN,-176.775,-20.709,,1994; 1992
2.94,5.93,13.7,46.1,0.63,1.05,10.34,4.08,0.18,11.55,12.0,,52.0,,49.0,284.0,720.0,27.0,200.0,32.0,31.0,64.0,,,,,,,,,,,,,,0.0,BACK-ARC_BASIN,132.775,24.701,,1980
2.14,9.25,16.3,47.92,0.14,0.01,12.97,0.71,0.13,8.13,1.0,173.0,,,116.0,18.0,146.0,20.0,49.0,1.0,,,,,,,,,,,,,,,,,BACK-ARC_BASIN,-176.5,-20.1418,,1994
2.47,7.39,15.2,50.63,0.09,0.13,11.93,1.03,0.17,,1.0,293.0,188.0,,81.0,14.0,117.0,22.0,55.0,0.7,,,,,,,,,,,,,,,,,BACK-ARC_BASIN,150.43,-3.859,,2003
2.51,7.73,14.5,50.5,0.1,0.08,11.99,1.55,0.2,,2.0,278.0,290.0,44.0,88.0,10.0,112.0,,,,,,,,,,,,,,,,,,,,BACK-ARC_BASIN,173.371,-19.959,,1991
2.42,7.05,14.43,52.5,0.09,0.06,11.07,1.21,0.19,10.75,1.7,399.0,77.0,41.0,48.0,13.5,80.0,30.0,65.4,1.67,2.21,7.09,1.21,7.17,2.55,1.03,3.77,0.71,4.7,1.0,3.1,3.21,0.49,1.43,0.12,0.12,BACK-ARC_BASIN,-175.993,-19.688,,1994; 2007
1.81,7.66,16.01,51.95,0.1,0.38,12.36,0.8,0.16,,7.21,313.0,177.0,40.9,64.8,94.2,200.0,23.7,41.1,0.54,3.73,9.42,1.52,7.7,2.53,0.94,3.22,0.58,3.72,0.81,2.24,2.28,0.36,1.36,0.037,0.4,BACK-ARC_BASIN,-176.76,-22.79,,2009
1.79,7.6,14.44,49.95,0.09,0.06,12.68,1.2,0.19,10.38,0.75,,210.0,39.7,67.0,,87.2,31.4,59.0,2.4,1.5,,,6.68,2.63,0.86,,0.599,,,,3.4,,1.5,0.075,0.073,BACK-ARC_BASIN,-176.45,-18.68,,1990
2.63,7.49,16.3,49.5,0.14,0.08,11.86,1.32,0.16,9.08,1.0,,254.0,,112.0,25.0,161.0,30.0,95.0,3.0,4.0,13.0,,,,,,,,,,,,,,3.0,BACK-ARC_BASIN,137.44,29.328,,1980
3.29,8.13,15.3,49.83,0.26,0.1,11.6,1.33,0.18,8.26,0.7,,328.0,38.4,99.0,9.0,145.0,26.2,96.5,2.06,2.94,9.32,1.69,8.97,3.12,1.18,4.05,0.73,4.79,1.02,2.85,2.74,0.4,2.53,0.15,0.11,BACK-ARC_BASIN,-30.14,-57.42,,2002; 2006
2.55,7.76,14.49,50.2,0.1,0.09,12.04,1.54,0.18,,2.0,294.0,278.0,44.0,91.0,25.0,110.0,,,,,,,,,,,,,,,,,,,,BACK-ARC_BASIN,173.371,-19.959,,1991
2.49,9.59,15.58,48.88,0.16,0.52,10.34,0.9,,7.43,7.6,230.0,361.0,38.6,186.0,94.0,275.0,22.0,83.9,5.05,7.75,16.9,2.43,10.6,2.85,1.09,3.37,0.58,3.55,0.76,2.18,2.07,0.33,2.06,0.307,0.821,BACK-ARC_BASIN,143.17,21.7,PROTEROZOIC,1983; 1990; 2005
3.86,6.25,16.2,50.3,0.39,2.31,8.59,1.94,0.15,,16.0,,127.0,,26.0,177.0,391.0,38.0,209.0,31.0,18.0,42.0,,,,,,,,,,,,,,4.0,BACK-ARC_BASIN,137.684,28.6375,,1980
2.89,7.89,16.82,49.6,0.4,0.87,10.16,1.84,0.14,,18.0,180.0,220.0,36.0,150.0,232.0,269.0,26.6,137.0,24.8,18.7,,,21.3,,1.41,,,4.9,,2.5,2.05,,,,,BACK-ARC_BASIN,173.918,-16.98,,1991; 1994
2.97,6.16,16.37,48.87,0.36,0.88,10.79,2.08,0.12,8.76,9.8,270.0,343.0,,176.0,224.0,256.0,28.0,177.0,30.0,18.0,30.0,,21.9,4.93,,,,,,,,,,,3.0,BACK-ARC_BASIN,171.973,-13.518,,1993
3.23,4.73,12.74,50.02,0.24,0.27,9.23,2.63,0.28,15.95,3.25,,18.0,,23.3,30.17,74.51,32.17,226.3,,3.57,11.02,10.23,13.39,14.59,1.3,,1.0,7.21,,4.35,4.47,,,,,BACK-ARC_BASIN,-176.53,-19.095,,2008
3.16,5.23,17.22,51.33,0.39,1.07,9.95,1.67,0.15,2.43,7.1,,,,,174.0,146.0,22.0,121.0,25.0,16.8,32.0,4.4,16.7,3.5,1.1,,0.64,4.0,0.91,2.6,2.5,,2.8,,1.9,BACK-ARC_BASIN,-178.0,-16.5,,1976
1.9,7.29,13.67,52.95,0.19,0.9,11.3,0.38,0.15,,13.0,255.0,168.0,,39.0,185.0,565.0,9.0,21.0,0.6,,,,,,,,,,,,,,,,,BACK-ARC_BASIN,151.983,-3.778,,2003
2.9,5.33,17.3,49.4,0.18,0.33,10.8,1.26,0.15,,3.94,227.0,311.0,41.9,104.0,26.4,193.0,26.5,83.8,5.55,4.55,11.2,1.77,9.2,3.09,1.19,3.8,0.67,4.64,1.01,2.68,2.5,0.363,2.18,0.35,0.42,BACK-ARC_BASIN,115.047,12.9196,,2018
4.005,5.434,17.21,50.01,0.3287,0.7061,10.96,1.698,0.1449,8.0460116,12.1748090277778,251.135597526891,190.555654496883,31.2298940761083,51.8904458598726,147.410174880763,237.5859604876,34.5182786536003,143.249839159339,17.8512138104657,13.3223524656427,28.7696313364055,3.76534446764092,16.8958698064357,4.58484885126965,1.52133998574483,5.24067841504946,0.890788084737185,5.80277227722772,1.1742912371134,3.382532664643,3.1265745947734,0.468146775389177,3.32322724490688,1.04439571859088,1.55233407079646,BACK-ARC_BASIN,169.517,-18.129,,2017
2.8,8.73,15.98,49.17,0.13,0.52,11.22,1.09,0.15,,4.0,228.0,334.0,,158.0,29.96,179.0,28.0,89.0,8.0,,,,,,,,,,,,,,,,,BACK-ARC_BASIN,144.823,17.968,,1985
,5.78,16.83,51.78,0.11,0.39,11.29,0.61,0.18,,6.62,371.0,62.5,38.6,31.9,114.0,209.0,14.5,21.1,0.38,2.54,6.43,1.02,5.02,1.59,0.59,1.98,0.35,2.27,0.51,1.42,1.54,0.24,0.74,0.03,0.27,BACK-ARC_BASIN,-176.41,-22.13,,2009
3.75,4.97,15.48,52.41,0.15,0.27,9.51,1.61,0.24,11.61,3.54,,,,,40.1,144.0,25.9,42.6,0.61,2.21,5.76,1.01,5.53,2.33,0.87,3.48,0.45,4.03,0.91,2.53,2.31,0.44,1.4,0.09,0.15,BACK-ARC_BASIN,-177.303,-18.501,,1994; 2007
2.31,7.72,16.11,49.74,0.15,0.44,11.91,0.97,0.17,,12.0,226.6,275.0,,92.1,,289.3,23.0,67.6,,,,,9.0,2.6,,,,,,,,,,,,BACK-ARC_BASIN,127.12,27.57,,1991
2.22,8.15,15.7,50.0,0.11,0.38,12.35,0.89,0.16,,8.94,261.0,238.0,39.0,64.0,34.8,206.0,16.0,57.0,,,9.37,,8.25,2.54,0.88,2.64,,2.83,,1.48,1.29,0.27,,,,BACK-ARC_BASIN,140.0,31.25,,1989
3.47,7.93,16.34,49.32,0.27,0.14,11.32,1.44,0.15,8.05,1.37,,251.0,38.5,91.6,12.1,179.0,24.4,90.7,2.45,3.88,11.6,1.98,10.0,3.38,1.23,4.2,0.746,4.98,1.0,2.8,2.75,0.403,2.75,0.157,0.152,BACK-ARC_BASIN,-29.85,-58.042,,2002
1.47127111123632,6.49093610698366,15.2328995137291,52.9047655758211,0.0958024889602569,0.3477245606262,11.2219022006091,0.489653521379806,0.188835386338186,10.095048543321,5.46101852826163,266.92396648158,65.8400111824116,40.7705024718737,47.4467389887362,44.4739910711064,143.396997138365,12.7934558435266,18.5380546626734,0.427263779881986,1.66086406507462,4.3111649609107,0.712515907657853,3.70342143275358,1.17288287204083,0.449927957519994,1.63297574192661,0.291722866836862,1.97332734878051,0.449289209951925,1.32570028089514,1.37905981596105,0.225953718467266,0.56639996778205,0.0389345364800371,0.161721074034339,BACK-ARC_BASIN,-174.536,-17.078,,2012
3.02,6.11,14.76,49.93,0.19,0.37,11.14,2.01,0.24,11.45,9.39,,114.0,,52.0,75.3,224.0,37.5,146.0,7.95,7.23,18.3,2.57,13.8,3.85,1.26,,0.75,5.0,1.0,2.98,2.63,0.42,3.61,,0.45,BACK-ARC_BASIN,-176.267,-15.4333,,2012; 2011
2.19,6.96,16.49,52.5,0.07,0.32,11.73,0.51,0.14,,4.58,285.0,29.3,33.8,30.4,80.8,187.6,14.85,33.3333333333333,0.441333333333333,2.44466666666667,6.27166666666667,0.956,5.03333333333333,1.59233333333333,0.603666666666667,2.045,0.354333333333333,2.60166666666667,0.577,1.719,1.82633333333333,0.272066666666667,0.945666666666667,0.0272666666666667,0.17,BACK-ARC_BASIN,151.463,-3.705,,2003; 2010; 2012; 2020
1.36,6.69,16.8,52.55,0.06,0.22,11.84,0.61,0.17,,2.61,298.0,45.0,35.5,41.7,66.3,132.0,11.2,19.3,,1.78,4.56,0.74,3.8,1.38,0.53,1.76,0.3,2.15,0.47,1.55,1.39,0.24,0.74,,0.2,BACK-ARC_BASIN,-176.75,-22.79,,2009
2.98,7.77,14.9,48.0,0.23,0.32,10.47,2.03,0.19,10.84,6.0,365.0,294.0,,152.0,24.0,165.0,42.0,142.0,3.0,,7.0,,,,,,,,,,,,,,,BACK-ARC_BASIN,-178.495,-15.658,,1993
2.83,5.05,13.18,51.11,0.2,0.1,9.82,1.98,0.22,,1.5,436.0,59.0,,40.0,26.0,76.0,47.0,125.0,2.3,,,,,,,,,,,,,,,,,BACK-ARC_BASIN,149.963,-3.447,,2003
2.59,7.09,14.12,50.7,0.1,0.02,11.37,1.47,0.21,,,354.0,148.0,42.0,67.0,38.0,79.0,40.0,81.0,,,,,,,,,,,,,,,,,,BACK-ARC_BASIN,-176.445,-18.604,,1990
2.36,6.86,13.56,51.62,0.09,0.06,11.25,1.23,0.2,,0.5,388.0,78.0,,60.0,20.0,75.0,30.0,67.0,1.0,,,,,,,,,,,,,,,,,BACK-ARC_BASIN,149.963,-3.4467,,2003
2.51,6.54,13.47,50.57,0.12,0.07,10.69,1.48,0.22,,0.0,640.0,200.0,77.0,150.0,44.0,70.0,29.0,80.0,,3.3,12.0,,9.7,3.6,1.09,5.2,,6.8,1.0,3.7,3.7,,,,,BACK-ARC_BASIN,150.36,-3.111,,1997
2.54,7.98,16.47,48.28,0.18,0.47,12.07,1.51,0.18,10.0,12.2,237.0,255.0,44.2,117.0,90.9,225.0,17.3,85.4,11.0,7.82,17.1,2.48,11.4,2.92,1.04,3.31,0.523,3.26,0.609,1.77,1.52,0.231,1.95,0.713,0.804,BACK-ARC_BASIN,-176.0,-14.73,,2012
3.72,6.76,17.28,49.22,0.3,2.39,4.61,0.98,0.17,,30.5,369.0,7.96,,30.9,145.0,354.0,28.2,86.4,1.85,9.6,25.1,3.99,19.6,5.3,1.68,5.604,0.96,5.23,1.06,2.77,2.39,0.32,2.34,0.126,0.94,BACK-ARC_BASIN,133.208,25.5262,,2013
3.79,6.35,17.83,50.96,0.22,0.42,11.24,1.36,0.16,,5.0,247.0,,,71.0,30.0,161.0,36.0,119.0,4.0,,,,,,,,,,,,,,,,,BACK-ARC_BASIN,-177.862,-18.568,,1994
2.13,8.38,16.26,50.93,0.17,0.42,11.72,1.01,0.17,,7.9,285.0,276.0,41.0,93.0,72.0,240.0,20.2,56.0,3.4,5.34,12.73,1.84,8.77,2.58,0.99,2.99,0.52,3.28,0.7,2.05,1.9,0.29,1.4,0.23,0.58,BACK-ARC_BASIN,127.124,27.5737,,1999
2.75,7.21,15.09,51.2,0.13,0.15,12.19,1.26,0.2,9.46,1.88,,342.0,,70.6,22.33,113.43,20.97,91.1,2.27,3.2,9.21,1.54,9.37,2.36,0.96,,0.87,3.84,0.83,2.3,2.71,,,0.14,0.15,BACK-ARC_BASIN,-175.887,-17.958,,2008
2.86,7.37,14.86,50.1,0.2,0.22,11.8,1.78,0.17,,4.0,270.0,208.0,40.0,71.0,30.0,185.0,,,,,,,,,,,,,,,,,,,,BACK-ARC_BASIN,173.818,-16.669,,1991
2.78,5.55,16.9,49.6,0.16,0.28,11.5,1.22,0.17,,3.92,210.0,303.0,44.1,110.0,24.1,185.0,24.6,79.1,5.23,4.08,10.7,1.65,8.7,2.95,1.12,3.58,0.63,4.35,0.95,2.52,2.32,0.336,2.08,0.33,0.39,BACK-ARC_BASIN,115.047,12.9196,,2018
2.55,7.74,14.47,50.6,0.1,0.08,11.93,1.54,0.19,,2.0,285.0,272.0,44.0,86.0,17.0,111.0,,,,,,,,,,,,,,,,,,,,BACK-ARC_BASIN,173.371,-19.959,,1991
2.11,6.5,15.93,51.3,0.08,0.17,11.29,0.96,0.17,,2.8,376.0,116.0,35.0,55.0,40.7,108.0,23.1,47.2,0.69,1.91,6.13,1.08,6.17,2.24,0.86,2.9,0.56,3.86,0.86,2.32,2.65,0.44,1.41,0.04,0.08,BACK-ARC_BASIN,-176.143,-20.583,,1995
2.33,7.52,14.33,51.3,0.08,0.11,11.36,1.48,0.18,,3.5,320.0,282.0,43.0,75.0,10.0,93.0,,,,,,,,,,,,,,,,,,,,BACK-ARC_BASIN,173.486,-18.124,,1991
2.48,7.14,14.72,49.26,0.21,0.29,11.54,1.89,0.22,,4.0,432.0,281.0,,108.0,40.0,116.0,40.0,114.0,5.0,5.7,15.9,2.3,12.7,3.72,1.27,5.2,,6.91,,4.55,4.09,,,,,BACK-ARC_BASIN,173.587,-16.185,,1990
2.56,7.2,17.75,49.84,0.17,0.33,11.48,1.12,0.18,9.39,4.89,307.9,142.1,36.1,58.4,35.12,261.0,21.9,63.6,1.68,3.84,10.43,1.72,8.77,2.7,0.98,3.21,0.56,3.48,0.76,2.12,1.95,0.3,1.5,0.17,0.325,BACK-ARC_BASIN,140.02,30.69,,2010
1.78,8.18,17.18,47.99,0.15,0.3,13.79,0.91,0.19,9.55,6.8,339.4,183.0,44.1,52.4,26.87,323.0,18.5,41.5,1.82,4.55,10.67,1.75,8.64,2.43,0.83,2.77,0.46,2.89,0.62,1.7,1.57,0.24,1.14,0.18,0.495,BACK-ARC_BASIN,139.375,31.9,,2010
2.81,6.83,16.04,52.15,0.3,0.42,10.82,1.4,0.17,7.57,10.2,,191.0,31.5,78.9,102.0,177.0,24.3,80.9,3.91,4.97,13.1,2.08,10.1,3.25,1.16,4.18,0.721,4.9,1.01,2.83,2.81,0.408,2.63,0.252,0.506,BACK-ARC_BASIN,-30.697,-56.932,,2002
2.10864,7.97728,14.83566,50.6964,0.03666,0.03578,13.19992,0.84418,0.19024,10.0115,0.621448047990217,262.168385892026,196.428644830884,42.5736204593785,86.5270436800929,6.19642808567952,66.3659609316197,24.0871047229094,46.517160476299,0.806060294028876,1.30254084931812,4.04531746379261,0.776259792844078,4.50056288812716,1.84537739591663,0.72805256543399,3.24394488684838,0.58172792847448,4.08390608605128,0.981066076618745,2.57124238106047,2.80782336668204,0.442680853898834,1.25182797476658,0.0538085294873735,0.0742340723639199,BACK-ARC_BASIN,-176.32,-18.03,,2012
2.27,9.58,18.2,44.2,0.14,0.25,10.3,1.09,0.27,,0.0,,210.0,39.0,,,235.0,26.0,79.0,,4.5,11.1,,,2.3,0.85,,1.1,3.2,,,2.2,0.3,2.0,0.95,0.0,BACK-ARC_BASIN,12.993,39.728,MIOCENE,1977
3.1,5.84,15.77,48.83,0.24,0.16,11.43,1.88,0.18,,,345.0,241.0,33.0,75.0,,,,,,5.8,13.0,2.4,17.0,5.9,1.6,6.5,1.2,9.4,1.8,4.9,4.6,0.7,4.2,,,BACK-ARC_BASIN,140.185,17.118,,1978
3.81,5.99,15.38,48.1,0.37,0.23,10.73,2.2,0.19,9.86,1.76,,232.0,42.3,109.0,26.7,211.0,34.8,151.0,3.98,6.06,18.9,3.1,16.0,5.01,1.73,5.71,1.01,6.55,1.37,3.84,3.48,0.51,3.87,0.3,0.31,BACK-ARC_BASIN,-178.867,-29.268,,2002
2.55,9.03,16.6,48.1,0.06,0.07,10.0,0.99,0.15,,0.79,187.0,262.0,72.3,202.0,5.35,104.0,24.8,52.4,1.48,2.05,6.39,1.12,6.04,2.13,0.88,3.11,0.59,4.0,0.88,2.52,2.5,0.4,1.54,0.12,0.12,BACK-ARC_BASIN,117.0,15.3923,,2025
3.07,5.56,13.7,46.3,0.51,1.03,8.3,4.95,0.23,13.47,9.0,,3.0,,20.0,225.0,453.0,41.0,378.0,32.0,29.0,70.0,,,,3.64,,1.35,,,,,,7.71,,4.0,BACK-ARC_BASIN,132.775,24.701,,1980; 1981
2.58,6.58,13.86,51.5,0.11,0.11,11.0,1.65,0.22,12.27,0.0,468.0,151.0,45.0,58.0,,88.0,,,,,,,,,,,,,,,,,,,,BACK-ARC_BASIN,-176.553,-18.922,,1994
2.13,7.82,16.05,51.08,0.21,0.85,11.6,0.85,0.16,,14.0,283.0,225.0,,67.0,279.0,478.0,18.0,68.0,3.4,16.0,40.0,,,,,,,,,,,,,,,BACK-ARC_BASIN,143.55,21.4,,1997
2.47,7.53,15.1,50.0,0.08,0.12,12.27,1.4,0.18,,2.8,280.0,236.0,41.0,69.0,50.0,115.0,31.0,67.0,1.6,2.7,,,10.0,,0.8,,,4.9,,3.0,2.95,,,,,BACK-ARC_BASIN,174.171,-21.1715,,1991; 1994
1.83,6.44,18.3,47.9,0.11,0.29,13.0,0.71,0.17,,,322.0,37.0,,28.0,33.0,278.0,17.0,38.0,,,,,,,,,,,,,,,,,,BACK-ARC_BASIN,139.717,30.173,,1990
2.51,7.8,14.93,49.75,0.1,0.07,12.15,1.56,0.18,,2.0,287.0,295.0,43.0,93.0,23.0,96.0,,,,,,,,,,,,,,,,,,,,BACK-ARC_BASIN,173.518,-18.5437,,1991
3.1,5.84,15.77,48.83,0.24,0.16,11.43,1.88,0.18,,,345.0,241.0,33.0,75.0,,,,,,5.8,13.0,2.4,17.0,5.9,1.6,6.5,1.2,9.4,1.8,4.9,4.6,0.7,4.2,,,BACK-ARC_BASIN,139.68,17.145,,1978
3.15,8.21,16.24,50.12,0.18,0.08,11.91,1.33,0.2,8.82,0.64,,,,,5.8,187.0,29.4,105.3,1.57,3.37,10.68,1.73,9.86,3.34,1.34,4.35,0.78,4.93,1.02,3.02,2.55,0.55,2.26,0.1,0.09,BACK-ARC_BASIN,-177.862,-18.568,,1994
2.85,9.33,14.91,50.44,0.2,0.26,9.26,1.93,0.1,8.75,3.0,,246.0,,115.0,60.0,154.0,40.0,138.0,7.0,5.6,18.0,,,,1.66,,0.91,,,,,,3.61,,0.0,BACK-ARC_BASIN,137.44,29.328,,1980; 1981
1.87,6.11,18.08,51.08,0.07,0.18,11.93,0.62,0.18,,3.1,,,,21.7,33.4,170.3,14.0,23.6,0.4,,,,,,,,,,,,,,,,,BACK-ARC_BASIN,140.387,30.4627,,2007
2.61,6.27,13.91,51.38,0.11,0.1,10.87,1.27,0.2,,1.0,382.0,47.0,,52.0,14.0,98.0,28.0,66.0,1.4,2.1,6.5,,,2.8,1.01,3.8,,,1.0,,3.45,0.53,1.4,,,BACK-ARC_BASIN,150.285,-3.16,,2003
2.62,6.76,16.65,50.3,0.16,0.34,11.5,1.12,0.17,,,333.0,100.0,,53.0,25.0,243.0,22.0,64.0,,,,,,,,,,,,,,,,,,BACK-ARC_BASIN,139.888,31.08,,1990
3.18,7.64,16.49,50.62,0.18,0.3,11.05,1.28,0.15,,4.0,,267.0,,73.0,51.0,193.0,26.0,111.0,4.0,7.0,16.0,,,,,,,,,,,,,,4.0,BACK-ARC_BASIN,-30.658,-56.393,,1980
2.34,5.57,18.08,47.16,0.33,0.93,11.69,1.24,0.22,,21.7,408.0,34.6,,28.4,101.0,531.0,24.3,47.1,1.96,11.56,24.0,4.26,20.4,5.0,1.54,5.18,,4.32,,2.26,2.11,,1.7,,1.072,BACK-ARC_BASIN,139.0,30.92,,2000; 2001; 2010
2.4,7.23,16.26,48.0,0.1,0.16,12.02,0.93,0.56,,3.5,180.0,315.0,52.0,106.0,77.0,178.0,28.0,68.0,3.0,7.0,,,11.0,,1.15,,,4.7,,2.8,2.7,,,,,BACK-ARC_BASIN,173.758,-17.5693,,1991; 1994
3.24,6.1,15.62,52.55,0.26,0.21,9.81,1.49,0.17,8.26,4.17,,163.0,32.4,75.1,31.1,139.0,26.5,91.0,2.51,4.12,12.0,1.98,10.1,3.4,1.22,4.35,0.779,5.22,1.07,3.07,3.0,0.445,2.79,0.164,0.29,BACK-ARC_BASIN,-30.17,-57.26,,2002
2.1,7.69,16.47,50.94,0.1,0.3,12.92,0.91,0.17,8.61,6.2,270.0,165.0,48.0,79.0,20.0,134.0,24.0,44.0,,,,,,,,,,,,,,,,,,BACK-ARC_BASIN,-177.303,-18.5008,,1994
2.13,7.66,16.13,50.45,0.08,0.23,12.39,0.96,0.16,,2.4,278.0,180.0,41.0,64.0,27.6,127.0,21.8,44.4,0.52,2.0,5.15,0.94,5.07,1.97,0.76,2.69,0.49,3.27,0.71,2.01,1.97,0.29,1.12,0.03,0.11,BACK-ARC_BASIN,-177.303,-18.5008,,1994
2.76,7.77,16.46,48.89,0.09,0.49,11.51,0.76,0.14,,6.0,202.0,231.0,,112.0,45.11,185.0,22.0,64.0,,,,,,,,,,,,,,,,,,BACK-ARC_BASIN,144.835,18.67,,1985
2.58,6.8,16.3,50.2,0.14,0.3,12.17,1.13,0.12,,4.0,,50.0,,59.0,30.0,200.0,27.0,81.0,3.0,4.0,16.0,,,,,,,,,,,,,,4.0,BACK-ARC_BASIN,136.057,28.9833,,1980
2.1,7.8,16.3,50.9,0.06,0.21,12.6,0.66,0.17,,1.64,362.0,260.0,45.09,101.64,27.5,171.0,15.0,10.2,0.28,1.4,3.7,1.103,4.0,1.5,1.3,1.5,0.702,2.3,1.018,1.4,1.1,0.447,0.8,0.076,0.07,BACK-ARC_BASIN,149.673,-3.66,,2012; 2003
2.63,7.2,17.24,49.4,0.17,0.33,11.21,1.01,0.17,,,272.0,0.0,,74.0,34.0,248.0,22.0,68.0,,,,,,,,,,,,,,,,,,BACK-ARC_BASIN,139.79,31.315,,1990
3.15,9.76,17.61,47.33,0.11,0.06,11.13,0.95,0.17,,1.0,166.0,216.0,,163.0,14.0,239.0,19.0,77.0,,,10.0,,8.57,3.01,,,,,,,,,,,,BACK-ARC_BASIN,134.536,38.616,,1992; 1992
1.91,5.31,18.51,50.75,0.08,0.15,12.13,0.66,0.18,,1.62,,,,22.8,45.4,164.0,16.0,24.2,0.4,1.2,3.53,0.664,3.87,1.46,0.595,2.17,0.395,2.66,0.587,1.77,1.69,0.264,,,0.079,BACK-ARC_BASIN,140.348,30.448,,2007
3.09,7.52,15.5,50.3,0.18,0.22,10.69,1.83,0.1,8.48,3.0,,225.0,,73.0,50.0,178.0,40.0,126.0,7.0,7.0,17.0,,,,,,,,,,,,,,2.0,BACK-ARC_BASIN,137.44,29.328,,1980
2.86,6.5,17.3,52.35,0.13,0.46,11.01,1.01,0.15,7.67,6.5,255.970830819678,74.7827022886726,31.4869780064868,48.5546255052022,104.0,272.0,18.7535386913692,64.8091741033148,3.12903272655087,6.99,15.3,1.98162027020217,10.1,2.82,1.06,3.18,0.528795752393778,3.66,0.736476761792617,2.18,2.18,0.294576270556395,1.62976358455579,0.180321721483533,0.709577149883255,BACK-ARC_BASIN,143.27,21.58,,1990; 1993; 2019
2.5,8.22,17.96,50.12,0.12,0.34,12.02,0.98,0.16,,3.63,161.0,268.0,27.2,82.8,22.5,220.0,14.8,49.6,2.5,2.66,6.88,1.09,5.79,1.88,0.8,2.11930416,0.42,2.78,0.59,1.73,1.69,0.25,1.47,0.66,0.21,BACK-ARC_BASIN,144.758,18.178,,2019
2.28,6.95,17.45,49.7,0.05,0.12,13.15,1.1,0.15,,2.5,213.0,296.0,37.0,80.0,32.0,112.0,,,,,,,,,,,,,,,,,,,,BACK-ARC_BASIN,173.419,-18.2268,,1991
2.69,6.33,13.0,49.6,0.34,0.27,9.88,3.61,0.17,11.71,1.0,,141.0,,72.0,121.0,367.0,31.0,194.0,19.0,18.0,42.0,,,,,,,,,,,,,,0.0,BACK-ARC_BASIN,132.775,24.701,,1980
2.9,6.55,15.62,49.96,0.44,0.74,11.55,1.8,0.19,,15.9,296.0,321.0,39.9,153.0,191.0,281.0,23.0,122.0,24.38,15.83,33.4,4.31,17.6,4.36,1.41,4.36,0.71,4.18,0.83,2.29,2.08,0.33,3.0,1.52,1.77,BACK-ARC_BASIN,-30.3252,-56.1005,,2003
2.49,8.77,17.3,48.4,0.14,0.21,11.8,1.31,0.16,9.06,4.73,231.0,259.0,51.5,147.0,43.0,239.0,19.3,86.3,4.85,4.92,12.84,2.05,10.4,3.06,1.2,3.56,0.583,3.85,0.784,2.29,2.15,0.296,2.22,0.282,0.434,BACK-ARC_BASIN,-176.263,-15.12,,2012
2.92,6.72,13.7,51.3,0.12,0.15,10.85,1.47,0.21,,2.55,255.0,108.0,47.0,40.0,22.0,109.0,27.0,85.0,3.54,3.46,9.77,1.56,8.61,3.01,1.13,4.17,0.84,5.08,1.15,3.29,3.09,0.53,1.72,0.32,,BACK-ARC_BASIN,173.874,-17.1528,,1991; 1994
2.22,11.21,15.79,50.11,0.03,0.31,10.6,0.69,0.14,8.09,7.4,221.0,631.0,,235.0,53.0,193.0,15.0,40.0,0.7,2.45,6.17,1.05,5.09,1.68,0.63,1.95,0.37,2.4,0.53,1.54,1.48,0.22,1.22,0.07,0.57,BACK-ARC_BASIN,-56.585,-62.07,,2002
3.7,8.84,15.34,49.25,0.26,0.47,10.46,1.22,0.18,,5.7,,447.0,,137.0,132.0,536.0,10.0,80.0,4.0,7.0,19.0,,,,,,,,,,,,,,1.0,BACK-ARC_BASIN,-56.75,-62.05,,1979
2.93,7.93,17.08,50.67,0.13,0.18,11.84,1.09,,7.66,,226.0,,,140.0,,184.0,23.0,93.0,,,,,,,,,,,,,,,,,,BACK-ARC_BASIN,144.7,18.01,,1987
3.2,5.33,16.1,49.6,0.203,0.4,11.86,1.74,0.17,,16.0,250.0,65.0,54.0,36.0,,180.0,26.74,,,7.98,14.56,,,,,,,,,,,,,,,BACK-ARC_BASIN,136.057,28.9833,,1980
1.91,8.67,15.95,50.69,0.14,0.48,11.37,0.75,0.16,,7.57,289.5,287.06,,95.0,95.9,349.0,16.9,41.3,1.34,5.52,11.82,1.61,8.18,2.13,0.8,2.47,0.42,2.53,0.56,1.61,1.56,0.24,1.1,0.086,0.583,BACK-ARC_BASIN,144.827,14.5886,,2011
3.91,7.04,16.1,52.4,0.18,1.66,5.83,0.81,0.18,9.75,18.0,,13.0,,5.0,429.0,338.0,25.0,65.0,0.0,9.0,19.0,,14.0,,,,,,,,,,,,3.0,BACK-ARC_BASIN,143.682,17.907,MIOCENE,1980
3.31,5.91,16.98,50.63,0.21,0.31,11.4,1.41,0.16,8.6,5.0,247.0,208.0,33.6,70.0,38.0,170.0,36.0,119.0,2.0,3.88,12.3,,,3.84,1.35,,0.85,,,,3.01,0.44,2.74,0.14,,BACK-ARC_BASIN,-177.862,-18.568,,1994
2.39,5.51,16.6,49.7,0.22,0.38,12.67,1.23,0.17,8.85,8.0,,52.0,,42.0,31.0,210.0,33.0,88.0,2.0,4.0,13.0,,,,,,,,,,,,,,0.0,BACK-ARC_BASIN,136.057,28.984,,1980
2.67,6.85,14.17,50.6,0.1,0.02,11.4,1.45,0.2,,0.0,380.7,170.6,,69.0,9.0,86.3,38.5,89.7,1.8,,,,,,,,,,,,,,2.58,,0.16,BACK-ARC_BASIN,-176.443,-18.6072,,1992
2.45,7.25,16.66,52.37,0.15,0.21,11.29,1.17,,7.55,3.17,261.0,289.0,39.3,150.0,45.8,183.0,28.7,81.8,2.65,4.43,11.7,1.82,9.55,3.06,1.17,4.22,0.73,4.72,0.98,3.03,2.95,0.42,2.12,0.185,0.353,BACK-ARC_BASIN,143.55,20.82,,1998; 2005
2.44,6.54,13.13,50.3,0.274,0.32,10.15,3.67,0.16,12.52,5.6,230.0,140.0,46.0,67.0,,310.0,,,,,,,,,,,,,,,,,,,,BACK-ARC_BASIN,132.775,24.7007,,1980
2.77,7.56,15.52,50.44,0.12,0.16,11.64,1.51,0.16,,1.5,241.0,265.0,,121.0,15.0,120.0,31.0,101.0,1.5,3.0,9.0,,,,,,,,,,,,,,,BACK-ARC_BASIN,155.419,-9.499,,1987
3.03,6.66,16.7,51.57,0.17,0.54,10.57,1.38,0.15,,6.02,262.0,146.0,32.4,68.9,47.0,206.0,26.8,96.4,5.02,5.93,14.8,2.24,11.6,3.61,1.31,3.92773095,0.77,5.07,1.06,3.12,3.1,0.44,2.81,0.82,0.5,BACK-ARC_BASIN,144.717,18.257,,2019
2.65,8.52,15.8,49.5,0.13,0.09,11.37,1.29,0.16,8.5,1.0,,300.0,,97.0,33.0,152.0,28.0,91.0,2.0,2.0,10.0,,,,,,,,,,,,,,0.0,BACK-ARC_BASIN,137.44,29.328,,1980
2.76,5.67,17.1,50.1,0.13,0.19,11.7,1.19,0.18,,2.37,201.0,317.0,43.1,118.0,22.8,187.0,23.8,77.9,5.11,4.01,10.4,1.61,8.5,2.83,1.1,3.47,0.61,4.24,0.92,2.43,2.29,0.326,2.03,0.32,0.39,BACK-ARC_BASIN,115.047,12.9196,,2018
2.71,5.63,16.6,50.8,0.13,0.2,11.2,1.19,0.18,,2.27,205.0,302.0,44.1,115.0,21.9,182.0,24.2,79.1,5.29,4.03,10.6,1.63,8.6,2.89,1.11,3.56,0.62,4.3,0.94,2.51,2.39,0.338,2.08,0.33,0.39,BACK-ARC_BASIN,115.047,12.9196,,2018
2.34,7.92,14.65,50.25,0.1,0.08,12.57,1.34,0.18,,2.5,266.0,196.0,46.0,80.0,14.0,104.0,,,,,,,,,,,,,,,,,,,,BACK-ARC_BASIN,173.385,-19.8783,,1991
2.61,6.27,13.91,51.38,0.11,0.1,10.87,1.27,0.2,,0.96,420.0,52.2,48.2,56.9,12.7,88.3,30.3,64.1,1.1,2.34,7.06,1.26,7.49,2.7,1.09,3.83,0.722,5.34,1.16,3.23,3.79,0.548,1.82,0.113,0.132,BACK-ARC_BASIN,150.285,-3.16,,1998; 2003; 2004; 2010
2.33,6.96,17.0,50.83,0.19,0.5,10.67,0.92,0.18,8.58,8.87,285.7,217.2,36.2,51.4,46.49,341.0,23.4,61.7,1.61,6.55,15.43,2.52,12.15,3.28,1.08,3.45,0.58,3.61,0.79,2.23,2.12,0.33,1.64,0.15,0.729,BACK-ARC_BASIN,139.39,30.73,,2010
2.63,6.09,14.72,51.51,0.11,0.23,10.79,1.07,0.18,,1.96,366.0,57.6,38.9,49.7,31.5,159.0,25.5,54.8,0.828,2.79,7.65,1.25,7.81,2.63,0.869,3.37,0.605,4.4,1.0,2.92,3.06,0.419,1.55,0.089,0.174,BACK-ARC_BASIN,150.128,-3.248,,1984; 2003; 2010
2.48616,8.44402,16.23694,48.1564,0.12386,0.37722,11.85302,1.39894,0.16342,10.16282,10.0436609701411,231.636257887739,296.642421723203,50.0601326375972,140.732193228794,73.2295752177174,205.749828098572,17.1994925272018,71.0019363345932,9.13223096939977,6.05860140222044,13.967441101245,1.9522856122441,8.99304835220603,2.64337493547395,0.900483345003906,2.99152927981637,0.526649630258297,3.03532802899944,0.589127495968862,1.79013931581353,1.50725529460818,0.220049469859068,1.95624057136528,0.551322140692971,0.684755088405316,BACK-ARC_BASIN,-176.01,-14.75,,2012
1.51,7.84,14.67,48.33,0.08,0.11,12.16,0.76,0.18,8.79,,206.0,772.0,56.0,323.0,,122.0,,,,,,,,,,,,,,,,,,,,BACK-ARC_BASIN,-176.125,-18.625,,1990
1.31,7.21,14.9,51.1,0.07,0.28,12.4,0.59,0.18,,4.2,,,,34.0,55.0,172.0,12.6,20.5,0.3,1.8,4.9,0.74,4.1,1.4,0.54,1.9,0.32,2.1,0.47,1.3,1.3,0.2,0.83,0.03,0.227,BACK-ARC_BASIN,-176.555,-22.1955,,1998
2.54,6.28,15.31,51.44,0.07,0.08,11.61,1.21,0.22,10.61,1.0,,129.0,,65.0,8.74,127.13,29.62,50.8,0.8,1.57,5.13,1.12,5.81,2.29,0.94,,0.48,4.0,0.94,2.57,2.89,,,0.14,0.16,BACK-ARC_BASIN,-176.163,-19.3233,,2012; 2008
2.82,8.71,17.98,51.59,0.21,0.22,7.59,1.05,0.14,9.43,2.6,,,,58.0,26.0,305.0,17.0,84.0,1.6,6.3,,,,,,,,,,,,,,,,BACK-ARC_BASIN,139.87,30.916,,1992
2.55,8.12,15.77,50.14,0.11,0.2,12.31,0.93,0.16,8.49,4.0,254.9,348.0,,100.2,29.0,125.1,26.2,64.3,0.9,,,,,,,,,,,,,,,,,BACK-ARC_BASIN,-174.817,-15.609,,1992; 1993
2.77,6.85,15.3,50.5,0.18,0.4,10.4,1.51,0.17,,7.12,264.0,247.0,43.7,110.0,73.5,179.0,31.9,116.0,9.24,6.83,17.4,2.51,12.8,4.0,1.41,4.75,0.82,5.63,1.23,3.28,3.09,0.448,2.88,0.57,0.78,BACK-ARC_BASIN,114.923,13.2072,,2018
2.82,7.16,16.1,50.2,0.13,0.15,10.9,1.22,0.15,,1.02,221.0,302.0,41.2,95.1,40.5,178.0,28.7,98.0,6.01,5.37,13.7,2.07,10.6,3.34,1.21,4.01,0.71,4.94,1.09,3.0,2.92,0.421,2.4,0.37,0.51,BACK-ARC_BASIN,115.047,12.9196,,2018
2.59,6.74,16.2,50.3,0.18,0.31,11.9,1.13,0.17,,,330.0,90.0,,48.0,27.0,242.0,22.0,70.0,,,,,,,,,,,,,,,,,,BACK-ARC_BASIN,139.888,31.08,,1990
2.56,7.22,15.68,49.79,0.18,0.38,12.21,1.52,0.17,9.61,10.0,256.0,261.0,36.9,118.0,88.0,184.0,26.3,109.0,8.61,8.22,17.8,2.59,12.1,3.34,1.15,4.29,0.697,4.55,0.977,2.63,2.55,0.384,2.46,0.526,0.961,BACK-ARC_BASIN,-175.95,-14.68,,2012
2.73,7.35,15.08,51.12,0.13,0.09,11.37,1.48,0.18,9.61,0.68,292.0,,,87.0,19.0,97.0,42.0,100.0,1.0,,,,9.54,3.54,,,,,,,,,,,,BACK-ARC_BASIN,144.9,17.8,,1990
2.46,10.0,16.88,48.0,0.03,0.05,11.82,1.12,0.15,,0.88,249.0,424.0,49.0,206.0,2.0,104.0,24.3,64.0,0.25,1.33,5.4,1.04,6.26,2.31,1.04,3.17,0.59,4.02,0.93,2.66,2.61,0.38,1.23,0.02,0.03,BACK-ARC_BASIN,-176.217,-19.717,,1995
2.08,7.75,16.81,49.32,0.16,0.31,11.92,0.98,0.18,9.44,6.07,307.1,271.3,43.1,80.8,23.14,240.0,19.5,53.5,0.81,3.62,9.62,1.6,7.89,2.31,0.84,2.8,0.49,3.05,0.66,1.89,1.71,0.26,1.25,0.06,0.252,BACK-ARC_BASIN,139.67,31.17,,2010
2.83,7.63,15.58,51.05,0.15,0.1,11.59,1.52,,9.29,0.37,,,,,3.4,130.0,30.0,96.0,1.58,3.3,11.0,1.88,10.54,3.6,1.27,4.59,0.79,5.55,,3.38,3.27,0.47,2.43,0.12,0.09,BACK-ARC_BASIN,155.419,-9.499,,2019; 2003
2.85,5.49,16.6,50.8,0.13,0.23,11.5,1.23,0.15,,4.38,210.0,278.0,42.8,90.3,26.2,194.0,26.7,87.9,5.41,4.33,11.7,1.8,9.5,3.15,1.18,3.87,0.68,4.71,1.03,2.75,2.62,0.377,2.25,0.34,0.41,BACK-ARC_BASIN,115.047,12.9196,,2018
2.0,6.24,16.18,50.1,0.06,0.08,13.64,0.89,0.17,,3.8,324.0,299.0,42.0,90.0,13.9,269.0,20.2,38.8,0.66,2.57,6.6,1.16,6.23,1.95,0.77,2.82,0.49,3.29,0.73,2.19,2.16,0.34,0.92,0.06,0.08,BACK-ARC_BASIN,-176.46,-19.31,,1995
3.51,4.57,16.79,51.56,0.33,0.42,9.05,1.72,0.25,11.81,5.83,333.4,5.8,29.3,4.1,48.96,285.0,35.6,97.9,2.2,5.97,17.34,3.01,15.4,4.79,1.66,5.65,0.96,5.96,1.29,3.53,3.21,0.48,2.26,0.15,0.367,BACK-ARC_BASIN,139.62,31.57,,2010
2.79,6.85,18.39,50.08,0.13,0.14,12.93,1.26,0.13,7.39,2.6,210.0,309.0,42.0,121.0,13.0,161.0,27.9,96.0,,,,,,,,,,,,,,,,,,BACK-ARC_BASIN,-177.856,-18.5675,,1994
1.71,7.33,17.64,49.12,0.09,0.25,12.64,0.89,0.25,8.61,3.57,332.8,78.1,37.9,52.1,21.93,211.0,15.9,29.1,0.56,2.03,5.46,0.98,5.17,1.71,0.68,2.19,0.4,2.56,0.57,1.62,,0.23,0.82,0.04,0.143,BACK-ARC_BASIN,139.42,30.83,,2010
2.26,6.98,15.41,51.45,0.09,0.24,11.71,0.76,0.17,,2.5,292.0,33.0,,53.0,36.0,164.0,18.0,38.0,0.5,,,,,,,,,,,,,,,,,BACK-ARC_BASIN,150.502,-3.84,,2003
2.91,5.83,16.8,50.3,0.18,0.18,12.37,1.55,0.2,,2.0,,219.0,,52.0,34.0,162.0,35.0,116.0,3.0,5.0,16.0,,,,,,,,,,,,,,,BACK-ARC_BASIN,137.441,29.3275,,1980
2.23,10.09,15.59,48.42,0.12,0.11,10.65,1.11,0.15,8.52,2.0,,323.0,,170.0,25.0,137.0,26.0,78.0,1.0,2.4,11.0,,,,1.15,,0.56,,,,,,1.8,,1.0,BACK-ARC_BASIN,137.44,29.328,,1980; 1981
2.83,8.28,16.43,50.47,0.12,0.4,11.28,0.95,0.15,9.09,5.8,294.0,300.0,51.0,127.0,126.0,241.0,23.0,58.0,2.03,4.61,11.2,1.69,8.38,2.48,0.93,3.14,0.54,3.47,0.74,2.11,2.04,0.31,1.64,0.14,0.6,BACK-ARC_BASIN,177.98,-35.9,,2010
2.44,7.73,15.1,49.75,0.1,0.14,12.15,1.4,0.18,,3.6,265.0,237.0,39.0,56.0,60.0,115.0,,,,,,,,,,,,,,,,,,,,BACK-ARC_BASIN,174.171,-21.1715,,1991
2.08,7.4,15.72,50.81,0.089,0.099,12.29,0.9,0.17,8.97,1.44,275.0,154.0,39.4,68.0,14.7,116.0,22.4,46.1,0.58,1.45,4.88,0.91,5.2,1.88,0.73,0.52,2.88,3.59,0.79,2.31,2.37,0.37,1.3,0.05,0.067,BACK-ARC_BASIN,-176.122,-20.034,,2009
2.31,7.74,14.43,49.8,0.1,0.09,11.69,1.54,0.19,,3.0,300.0,272.0,41.0,98.0,20.0,84.0,,,,,,,,,,,,,,,,,,,,BACK-ARC_BASIN,173.52,-18.818,,1991
2.53,6.62,16.71,49.72,0.45,1.81,11.46,0.97,0.17,11.39,53.0,259.0,44.0,33.0,43.0,819.0,700.0,26.0,129.0,16.0,39.0,80.0,9.6,38.0,7.8,2.0,7.0,0.96,4.9,0.91,2.46,2.17,0.31,3.2,0.92,11.1,BACK-ARC_BASIN,-176.5,-20.142,,1994; 2001; 2007
2.75,7.38,14.67,50.35,0.1,0.13,11.84,1.34,0.17,,4.0,270.0,159.0,40.0,49.0,10.0,121.0,30.0,73.0,2.7,3.0,,,9.5,,1.2,,,4.7,,3.2,2.85,,,,,BACK-ARC_BASIN,173.81,-17.3203,,1991; 1994
2.86,6.67,16.22,51.5,0.16,0.2,11.25,1.35,,8.51,3.0,,,,,35.1,161.0,,,,,11.5,,10.3,3.38,1.25,4.49,,5.22,,3.27,3.09,0.45,,,,BACK-ARC_BASIN,144.7,18.01,,1982
2.75,6.54,17.1,50.0,0.2,0.19,12.22,1.37,0.15,,2.0,,273.0,,69.0,52.0,167.0,32.0,123.0,6.0,5.0,17.0,,,,,,,,,,,,,,1.0,BACK-ARC_BASIN,137.684,28.6375,,1980
0.52,6.75,16.97,52.38,0.14,0.39,12.1,1.0,0.138,7.45,2.98,265.0,231.0,30.0,76.0,19.0,202.0,28.0,70.0,4.59,3.81,8.9,,,,1.12,,0.5,,,,,,1.78,0.15,0.42,BACK-ARC_BASIN,144.532,18.013,,1982
1.99,6.68,17.76,48.03,0.19,0.49,12.53,1.02,0.17,,12.3,367.0,98.1,,46.2,21.4,440.0,16.4,36.3,0.639,5.57,14.3,2.23,10.6,2.63,0.92,2.95,,2.83,,1.7,1.62,,1.11,,0.486,BACK-ARC_BASIN,139.317,30.6667,,2000; 2001
2.79,6.3,16.4,49.9,0.18,0.2,11.58,1.56,0.17,9.75,3.0,,231.0,,56.0,40.0,152.0,35.0,115.0,4.0,7.0,16.0,,,,,,,,,,,,,,0.0,BACK-ARC_BASIN,137.44,29.328,,1980
2.72,6.85,15.4,50.5,0.17,0.42,10.4,1.47,0.16,,7.29,257.0,241.0,40.9,115.0,63.2,176.0,31.0,112.0,8.98,6.95,17.3,2.49,12.7,3.93,1.37,4.65,0.8,5.46,1.19,3.15,2.97,0.437,2.84,0.55,0.77,BACK-ARC_BASIN,114.923,13.2072,,2018
1.94,8.81,15.85,50.57,0.14,0.47,11.31,0.76,0.17,,7.73,,,,99.6,94.7,330.0,16.2,43.8,1.2,5.58,12.44,1.74,8.78,2.3,0.82,2.55,0.44,2.74,0.57,1.65,1.56,0.25,1.2,0.118,0.532,BACK-ARC_BASIN,144.827,14.5886,,2011
2.9,9.05,16.1,49.28,0.11,0.17,10.79,1.25,0.15,,5.0,201.0,310.0,31.0,160.0,53.0,211.0,24.6,105.0,5.7,6.22,15.1,1.95,9.98,3.15,1.21,3.63,0.67,4.44,0.92,2.77,2.56,0.375,2.3,0.29,0.47,BACK-ARC_BASIN,143.931,20.2986,,2016
1.9,5.9,17.39,51.51,0.08,0.24,11.71,0.69,0.19,,3.17,,,,22.4,60.8,159.0,16.2,30.8,0.5,1.65,4.67,0.846,4.75,1.75,0.66,2.51,0.457,3.13,0.693,2.04,1.97,0.311,,,0.162,BACK-ARC_BASIN,140.3,30.5,,2007
2.46,8.45,16.34,49.01,0.18,0.31,11.85,1.61,0.17,9.76,5.49,258.0,292.0,40.8,151.0,48.9,196.0,25.4,103.0,6.1,5.8,14.6,2.36,11.4,3.24,1.16,4.08,0.719,4.34,0.92,2.51,2.32,0.351,2.53,0.428,0.511,BACK-ARC_BASIN,-176.05,-14.85,,2012
2.7,7.61,16.3,49.5,0.14,0.11,11.76,1.31,0.15,,2.0,,275.0,,110.0,18.0,158.0,30.0,95.0,3.0,2.0,12.0,,,,1.29,,0.74,,,,,,2.44,,1.0,BACK-ARC_BASIN,137.441,29.3275,,1980; 1980
2.52,7.78,14.88,49.5,0.1,0.07,12.19,1.55,0.18,,2.0,285.0,297.0,43.0,94.0,30.0,94.0,,,,,,,,,,,,,,,,,,,,BACK-ARC_BASIN,173.52,-18.554,,1991
2.69,8.07,15.37,49.09,0.09,0.53,10.87,0.97,0.14,,4.0,229.0,278.0,,128.0,45.0,190.0,30.0,83.0,,,,,,,,,,,,,,,,,,BACK-ARC_BASIN,144.702,15.865,,1985
1.94,7.97,15.23,50.89,0.068,0.057,12.71,0.87,0.17,9.09,0.82,275.0,323.0,41.4,92.0,9.8,85.0,22.7,43.8,0.62,1.3,4.56,0.85,4.94,1.83,0.72,0.53,2.89,3.64,0.81,2.33,2.39,0.38,1.27,0.054,0.063,BACK-ARC_BASIN,-176.144,-20.155,,2009
2.83,7.05,16.75,51.08,0.18,0.33,11.39,1.23,0.16,7.86,3.0,244.0,,,,29.0,203.0,27.0,91.0,1.0,,,,11.05,3.29,,,,,,,,,,,,BACK-ARC_BASIN,144.83,18.2,,1990
2.77148,7.1206,15.80414,50.12172,0.21124,0.3953,11.78322,1.56316,0.17508,10.04922,11.2505153442068,278.50869098888,235.757253590571,39.7975977461524,74.5926051724335,108.468359270388,204.428564958627,22.9744092068159,107.213696216213,10.7854884734062,10.288270167281,20.9781315347682,3.2087379070984,14.1939461094499,3.74517576992791,1.4038738349058,4.29901822833769,0.780142156904426,5.06100737675503,1.05059540306862,3.07651119632838,2.87405994744211,0.400384336537574,2.77146347328094,0.567912975836514,1.29509342486839,BACK-ARC_BASIN,-175.98,-14.71,,2012; 2015; 2018
3.02,9.0,15.4,48.5,0.25,0.42,10.16,2.26,0.18,,6.7,305.0,293.0,41.0,178.0,54.0,222.0,33.0,137.0,9.67,8.68,22.52,3.2,15.37,4.24,1.5,5.4,0.88,5.32,1.15,3.26,2.92,0.45,3.4,1.02,,BACK-ARC_BASIN,174.147,-21.031,,1991; 1994
2.66,6.34,15.71,49.71,0.17,0.47,12.28,1.03,0.22,,15.6,330.0,75.0,37.0,35.0,110.0,245.0,21.3,58.0,1.8,6.65,15.12,2.14,10.09,2.86,1.06,3.23,0.55,3.45,0.73,2.15,2.05,0.31,1.52,0.14,1.43,BACK-ARC_BASIN,124.37,25.2552,,1999
2.67,7.58,18.01,49.53,0.11,0.04,12.33,1.19,0.12,7.72,0.0,,293.0,,89.0,14.0,164.0,25.0,98.0,1.0,,16.0,,,,,,,,,,,,,,,BACK-ARC_BASIN,-177.856,-18.5675,,1994
3.37,8.48,18.23,51.67,0.3,2.68,3.47,1.49,0.09,,9.6,270.0,58.0,25.0,5.0,197.0,267.0,18.6,103.0,8.0,8.99,21.4,,12.0,3.31,1.25,,0.545,,,,1.53,0.253,2.08,0.501,0.87,BACK-ARC_BASIN,138.23,40.19,,1992
2.83,5.82,18.37,52.63,0.05,0.38,11.49,0.65,0.13,6.78,8.2,209.0,56.0,,33.0,67.0,237.0,17.0,58.0,1.0,3.32,8.45,1.38,6.45,1.91,0.73,2.33,0.42,2.71,0.59,1.76,1.75,0.24,1.66,0.08,0.79,BACK-ARC_BASIN,-57.0417,-62.15,,2002
3.13,6.72,16.83,50.71,0.15,0.28,11.12,1.35,,8.51,3.35,,,,,43.9,202.0,,,,5.4,14.4,,10.9,3.32,1.29,4.43,,4.96,,3.06,2.94,,,,,BACK-ARC_BASIN,144.518,15.296,,1996
2.49,7.91,17.75,51.08,0.14,0.23,11.54,0.91,,6.98,4.0,211.0,273.0,37.6,164.0,50.0,154.0,22.1,57.7,2.22,3.13,7.99,1.34,7.07,2.34,0.86,2.89,0.55,3.47,0.75,2.1,2.07,0.31,1.62,0.136,0.336,BACK-ARC_BASIN,144.8,16.0802,,2003; 2005
2.45,7.25,16.66,52.37,0.15,0.21,11.29,1.17,,7.55,3.2,261.0,289.0,39.3,150.0,46.0,183.0,28.7,81.8,2.65,4.38,11.4,1.82,9.21,3.1,1.13,4.02,0.73,4.55,0.98,2.86,2.67,0.42,2.12,0.185,0.353,BACK-ARC_BASIN,143.55,20.82,,2003; 2005
2.6,6.32,13.0,49.6,0.34,0.45,9.87,3.58,0.17,,3.0,,139.0,,72.0,139.0,368.0,30.0,194.0,20.0,20.0,39.0,,,,,,,,,,,,,,,BACK-ARC_BASIN,132.775,24.7007,,1980
2.2,7.5,14.84,51.16,0.07,0.06,12.06,1.0,0.18,,1.5,349.6,112.2,,75.0,12.0,83.3,27.9,52.8,0.6,2.22,6.161,1.04,7.052,2.52,1.03,4.2,,5.08,,3.102,2.63,,1.53,,0.2,BACK-ARC_BASIN,-175.961,-19.514,,1992
3.49,6.89,15.98,50.15,0.18,0.18,11.84,1.59,,9.76,,207.0,,,173.0,,248.0,25.0,114.0,,,,,,,,,,,,,,,,,,BACK-ARC_BASIN,144.88,18.0,,1987
2.58,6.14,17.26,49.91,0.14,0.22,11.88,1.38,0.16,,3.0,,288.0,,59.0,42.0,128.0,33.0,94.0,2.0,4.0,10.0,,,,,,,,,,,,,,1.0,BACK-ARC_BASIN,-57.403,-56.31,,1980
2.91182,6.8536,15.20708,50.04756,0.20152,0.3092,11.07982,1.99714,0.20044,10.82458,8.55424962261133,361.426264860144,184.060664546239,42.394899135823,82.5720502177377,77.4345876304922,166.959203896846,34.2762670254875,143.695853269941,8.38589850249423,8.86984282432462,22.0192031224999,3.09745775753401,14.9777125177879,4.50086520563721,1.46444235455544,5.45701828173955,0.950971180166227,6.15259301383484,1.30367183387812,3.82853386152943,3.68667911862682,0.536528484946104,3.4503900505767,0.542762417018377,0.941453463023412,BACK-ARC_BASIN,-176.08,-14.82,,2012
2.43,6.43,13.17,49.95,0.106,0.06,10.59,1.38,0.222,12.79,0.75,421.0,85.0,46.7,47.4,15.974,71.3,34.86,71.58,1.18,2.3,8.3,1.5,8.2,3.2,1.2,4.8,0.86,6.1,1.3,4.0,3.9,0.62,1.906,0.07,0.184,BACK-ARC_BASIN,150.301,-3.1408,,2015
2.78,6.35,14.9,51.7,0.17,0.51,10.3,1.46,0.15,,9.03,256.0,241.0,42.4,113.0,52.8,187.0,31.4,114.0,9.04,6.96,17.3,2.52,12.8,4.0,1.4,4.71,0.81,5.52,1.21,3.25,3.03,0.442,2.85,0.56,0.79,BACK-ARC_BASIN,114.923,13.2072,,2018
1.56,7.23,15.93,52.34,0.09,0.28,12.53,0.48,0.16,7.87,4.23,,282.0,,153.2,33.13,196.71,12.2,25.4,0.7,1.56,4.15,0.74,3.93,1.31,0.54,,0.27,2.09,0.43,1.34,1.3,,,0.07,0.26,BACK-ARC_BASIN,-175.138,-19.178,,2008
3.16,6.6,13.92,50.18,0.22,0.05,10.02,2.04,0.2,11.92,2.2,333.0,44.0,43.0,41.0,17.0,127.0,51.0,126.0,5.4,4.1,11.8,,11.3,,1.62,,1.04,,,,,,2.4,0.37,0.27,BACK-ARC_BASIN,177.75,-15.5,,1987
2.38,7.56,17.0,49.4,0.08,0.11,12.21,0.93,0.34,,3.0,187.0,322.0,45.0,102.0,51.0,153.0,,,,,,,,,,,,,,,,,,,,BACK-ARC_BASIN,173.764,-17.585,,1991
2.34,5.57,18.08,47.16,0.33,0.93,11.69,1.24,0.22,,24.1,408.0,34.6,,28.4,100.0,485.0,24.3,63.6,2.4,10.88,24.0,3.73,19.03,4.7,1.54,4.77,0.7,4.02,0.84,2.26,2.03,0.32,1.47,,1.29,BACK-ARC_BASIN,139.008,30.9077,1.76,2000; 2003
2.68,6.01,17.56,52.66,0.21,0.56,10.54,1.13,0.2,,14.3,284.0,110.0,33.0,60.0,118.0,265.0,28.1,100.0,4.5,9.92,23.34,3.22,14.57,3.84,1.29,4.22,0.72,4.47,0.96,2.81,2.7,0.41,2.45,0.3,1.46,BACK-ARC_BASIN,126.615,27.0332,,1999
2.18,9.21,16.46,48.97,0.14,0.02,13.1,0.71,0.12,8.37,1.0,168.0,,,127.0,17.0,175.0,20.0,48.0,2.0,,,,,,,,,,,,,,,,,BACK-ARC_BASIN,-176.5,-20.1418,,1994
2.63,6.73,15.02,51.48,0.09,0.17,11.27,0.91,0.16,,1.5,305.0,118.0,,79.0,20.0,163.0,19.0,52.0,1.0,,,,,,,,,,,,,,,,,BACK-ARC_BASIN,150.208,-3.2,,2003
3.37,7.16,14.93,51.53,0.31,0.16,11.31,1.64,0.2,9.78,1.43,,238.0,37.3,91.1,15.3,140.0,27.2,95.3,2.03,3.15,9.65,1.68,8.94,3.06,1.15,4.09,0.745,4.89,1.05,2.99,2.89,0.432,2.41,0.128,0.14,BACK-ARC_BASIN,-29.501,-59.17,,2002
2.14634,8.22464,15.19848,50.71518,0.0711,0.0409,13.08328,0.84654,0.21056,9.8362,0.661518898436171,288.11557451453,248.898699681248,47.7066837854657,94.0450157897135,5.6602402590107,64.412145568356,23.8543609924869,38.6981350234386,0.765172423453257,1.12223810283113,4.21340249853507,0.78615933495966,4.18266322429787,1.66579984011779,0.706914600327275,2.64336970639631,0.575645938149339,3.35280395731789,0.783549357387999,2.55098057223226,2.28095534812977,0.347463378462,1.22833300449957,0.0485405003541002,0.0588031683066366,BACK-ARC_BASIN,-176.35,-18.12,,2012
2.34,7.84,14.1,50.0,0.12,0.1,11.74,1.48,0.19,,3.5,312.0,284.0,43.0,100.0,15.0,83.0,,,,,,,,,,,,,,,,,,,,BACK-ARC_BASIN,173.52,-18.818,,1991
2.40832036768801,6.99950132396131,17.401395678018,51.9274863960644,0.153722576660937,0.481664073537601,12.092842697327,0.922335459965619,0.143474404883541,7.46925702189358,7.41779250120855,285.839002223726,222.352942086435,32.1577631248187,73.191047084985,152.236599825969,281.049730252345,18.4178826259306,69.0098687034709,6.35300233974669,6.485962022624,14.7557041477328,1.99196364691095,9.19921492797061,2.48800928163976,0.90242252649389,2.85764151606017,0.481845112636566,3.12216958329305,0.656336459441168,1.80772646234168,1.79121106062071,0.277785555448129,1.55971103702988,0.410344511263657,0.733774046214831,BACK-ARC_BASIN,179.289,-34.491,,2021
3.8,6.38,16.69,51.59,0.2,0.33,10.61,1.4,0.17,8.12,4.84,278.0,260.0,,150.0,42.0,193.0,32.0,106.0,6.0,,,,11.74,3.55,,,,,,,,,,,,BACK-ARC_BASIN,144.808,17.952,,1985; 1987
2.32,7.75,17.29,49.79,0.17,0.25,11.53,1.01,0.19,9.72,3.68,286.5,227.6,41.7,67.9,46.26,220.0,19.9,52.8,1.53,3.48,9.33,1.58,7.88,2.56,0.94,3.05,0.53,3.38,0.71,2.03,1.81,0.28,1.34,0.11,0.288,BACK-ARC_BASIN,139.72,32.32,,2010
2.33,9.07,16.21,48.08,0.14,0.01,13.78,0.72,0.14,,2.0,157.0,,,120.0,19.0,319.0,20.0,44.0,2.0,,,,,,,,,,,,,,,,,BACK-ARC_BASIN,-176.5,-20.142,,1994
3.61,5.77,17.89,49.38,0.17,0.23,12.06,1.46,,8.68,1.37,,,,,66.0,212.0,,,,,15.0,,10.9,3.19,1.25,,,4.63,,2.9,2.92,0.42,,,,BACK-ARC_BASIN,144.88,18.0,,1982
2.94,5.93,13.7,46.1,0.63,1.05,10.34,4.08,0.18,,12.0,,52.0,,49.0,284.0,720.0,27.0,200.0,32.0,31.0,64.0,,,,,,,,,,,,,,,BACK-ARC_BASIN,132.775,24.7007,,1980
2.92,6.65,13.68,51.5,0.12,0.2,10.78,1.44,0.21,,5.0,260.0,106.0,46.0,41.0,25.0,109.0,,,,,,,,,,,,,,,,,,,,BACK-ARC_BASIN,173.873,-17.155,,1991
1.64,5.42,14.27,52.21,0.15,0.38,9.73,1.09,0.25,,,,64.0,39.9,45.0,61.2,,27.0,49.0,2.0,2.82,7.2,,,,0.92,,0.552,,,,3.4,,1.44,0.083,0.298,BACK-ARC_BASIN,-176.05,-18.65,,1990
2.63,6.73,15.02,51.48,0.09,0.17,11.27,0.91,0.16,,1.5,305.0,118.0,,79.0,20.0,163.0,19.0,52.0,1.0,,,,,,,,,,,,,,,,,BACK-ARC_BASIN,150.208,-3.2,,2003
2.73,8.01,15.21,50.44,0.13,0.14,12.39,1.3,0.2,,2.0,267.0,258.0,,71.0,30.0,144.0,28.0,74.0,5.0,3.7,10.2,1.39,8.2,2.1,0.8,3.18,,4.14,,2.61,2.37,,,,3.0,BACK-ARC_BASIN,173.913,-17.065,,1990
1.82,9.27,15.14,50.94,0.09,0.36,12.44,0.71,0.16,,6.06,265.0,195.0,38.8,75.5,78.3,174.0,19.5,33.6,0.49,2.98,7.67,1.22,6.28,2.11,0.79,2.68,0.48,3.11,0.68,1.88,1.93,0.3,1.14,0.04,0.3,BACK-ARC_BASIN,-176.82,-22.82,,2009
1.82,8.22,16.61,51.6,0.06,0.07,12.42,0.8,0.15,8.35,0.0,318.0,440.0,37.0,135.0,,64.0,,,,,,,,,,,,,,,,,,,,BACK-ARC_BASIN,-175.927,-19.44,,1994
2.86,4.86,17.97,52.35,0.12,0.54,11.01,0.93,0.16,,10.0,209.0,222.0,,65.0,196.0,263.0,22.0,113.0,4.0,11.0,25.0,,,,,,,,,,,,,,2.0,BACK-ARC_BASIN,177.25,-36.25,,1994
2.99,8.36,16.67,49.33,0.08,0.04,11.46,1.06,0.12,,0.4,166.0,299.0,,128.0,5.0,143.0,22.0,71.0,0.5,2.0,6.0,,,,,,,,,,,,,,,BACK-ARC_BASIN,156.685,-9.0967,,1987
2.56,7.66,15.9,49.9,0.11,0.25,12.32,1.25,0.15,8.35,4.0,,321.0,,127.0,28.0,163.0,28.0,90.0,2.0,3.0,13.0,,,,,,,,,,,,,,1.0,BACK-ARC_BASIN,137.44,29.328,,1980
2.56,7.7,14.49,49.59,0.09,0.06,12.09,1.29,0.2,,0.0,430.0,180.0,56.0,100.0,12.0,80.0,19.0,70.0,3.0,1.8,6.0,,10.0,1.8,0.99,5.6,,8.5,1.1,3.5,3.1,,4.0,,,BACK-ARC_BASIN,-176.443,-18.607,,1997
2.28,8.41,15.84,49.47,0.08,0.06,13.65,0.88,0.16,9.18,2.23,,,,,14.1,168.0,19.6,37.6,0.46,1.65,4.93,0.79,4.86,1.9,0.74,2.63,0.38,3.18,0.7,1.97,1.85,0.32,1.07,0.04,0.05,BACK-ARC_BASIN,-176.5,-20.142,,1994; 2007
2.91,6.36,13.84,51.37,0.22,0.26,10.98,2.03,0.24,10.31,4.0,510.0,134.0,,89.0,69.0,167.0,51.0,124.0,1.0,,9.0,,,,,,,,,,,,,,,BACK-ARC_BASIN,177.687,-14.48,,1993
2.85,7.27,18.01,49.9,0.18,0.14,12.47,1.1,0.16,8.59,3.0,235.0,,,72.0,27.0,170.0,29.0,82.0,3.0,2.36,7.64,1.29,7.53,2.84,1.01,3.71,0.74,4.33,0.92,2.7,2.45,0.59,1.8,0.06,0.07,BACK-ARC_BASIN,-177.856,-18.5675,,1994; 1994
1.75,7.39,15.7,52.99,,0.59,12.04,0.57,,7.35,8.8,252.0,292.0,34.0,62.0,66.0,218.0,14.7,25.0,0.41,2.4,6.1,0.97,5.0,1.8,0.67,2.4,,2.7,,1.7,1.7,0.26,0.82,0.03,0.22,BACK-ARC_BASIN,-174.45,-17.117,,2008
3.13,5.46,16.2,50.2,0.2,0.38,12.13,1.59,0.19,,14.0,,60.0,,63.0,34.0,186.0,38.0,123.0,3.0,4.0,15.0,,,,1.41,,0.83,,,,,,3.1,,3.0,BACK-ARC_BASIN,136.057,28.9833,,1980; 1980
2.93,5.99,15.47,50.9,0.12,0.37,10.62,1.26,0.19,10.35,8.5,303.1,36.8,,32.5,54.0,148.9,32.6,86.1,3.8,,,,,,,,,,,,,,,,,BACK-ARC_BASIN,-174.816,-15.614,,1992; 1993
1.92,7.48,14.96,51.1,0.07,0.03,12.03,1.0,0.17,9.61,0.68,365.0,246.0,42.0,68.0,9.1,61.0,24.6,47.2,0.67,1.51,5.03,0.92,5.09,2.04,0.76,2.88,0.58,4.01,0.9,2.72,2.79,0.44,1.33,0.04,0.06,BACK-ARC_BASIN,-176.087,-20.092,,1994; 2007
2.74,6.44,13.4,50.5,0.4,0.74,9.24,3.47,0.17,10.73,12.0,,176.0,,93.0,169.0,413.0,37.0,268.0,28.0,21.4,54.0,,,,2.9,,1.1,,,,,,6.12,,2.0,BACK-ARC_BASIN,132.775,24.701,,1980; 1981
2.75,5.6,16.1,49.9,0.25,0.36,12.01,1.74,0.19,9.84,6.0,,201.0,,66.0,28.0,171.0,43.0,124.0,5.0,6.0,19.0,,,,,,,,,,,,,,0.0,BACK-ARC_BASIN,136.057,28.984,,1980
3.18,7.58,14.75,51.36,0.28,0.25,11.83,1.46,0.2,8.95,1.91,,251.0,38.3,87.0,17.2,125.0,32.0,107.0,2.49,3.39,10.5,1.87,10.1,3.59,1.26,4.76,0.874,5.84,1.26,3.58,3.43,0.506,2.88,0.223,0.165,BACK-ARC_BASIN,-29.869,-58.831,,2002
2.34,6.99,14.79,50.74,0.09,0.11,11.44,1.08,0.19,,0.0,310.0,90.0,36.0,90.0,12.0,110.0,27.0,60.0,,2.8,10.0,,7.0,2.9,1.22,4.4,,6.1,1.1,3.2,2.9,,,,,BACK-ARC_BASIN,150.281,-3.163,,1997
2.42,7.3,16.87,49.1,0.1,0.13,12.11,0.93,0.34,,3.5,167.0,315.0,48.0,101.0,34.0,157.0,,,,,,,,,,,,,,,,,,,,BACK-ARC_BASIN,173.764,-17.585,,1991
2.76,7.48,14.78,50.5,0.1,0.13,11.97,1.52,0.17,,3.5,257.0,160.0,41.0,50.0,20.0,121.0,,,,,,,,,,,,,,,,,,,,BACK-ARC_BASIN,173.816,-17.325,,1991
2.77,7.09,16.89,51.18,0.18,0.32,11.22,1.25,,8.16,4.25,,,,,61.7,188.0,,,,4.57,12.1,,9.63,2.87,1.15,4.1,,4.47,,2.88,2.8,,,,,BACK-ARC_BASIN,144.822,16.689,,1996
2.83,7.58,15.9,49.9,0.13,0.25,11.69,1.32,0.12,7.77,3.0,,293.0,,97.0,33.0,161.0,30.0,98.0,2.0,3.2,8.0,,,,1.22,,0.64,,,,,,2.24,,0.0,BACK-ARC_BASIN,137.44,29.328,,1980; 1981
2.27,8.04,15.46,49.81,0.063,0.043,12.84,0.95,0.18,9.17,0.76,263.0,359.0,42.9,93.0,6.9,100.0,23.6,46.2,0.75,1.37,4.77,0.9,5.24,1.89,0.78,0.55,2.99,3.77,0.84,2.4,2.44,0.38,1.3,0.059,0.066,BACK-ARC_BASIN,-176.034,-19.795,,2009
1.99,7.73,14.52,51.56,0.09,0.05,12.61,1.07,0.18,10.15,0.94,,184.0,,74.0,9.84,94.57,29.86,57.3,0.64,2.32,7.05,1.53,8.01,3.07,1.08,,0.79,5.45,1.16,3.69,4.19,,,0.05,0.09,BACK-ARC_BASIN,-176.155,-20.1117,,2008
3.49,4.57,16.79,51.37,0.34,0.45,9.15,1.73,0.27,11.85,5.87,323.2,4.8,28.9,3.9,48.17,285.0,35.3,96.4,2.15,5.84,17.03,2.92,15.33,4.66,1.66,5.6,0.95,6.09,1.25,3.56,3.24,0.48,2.32,0.15,0.377,BACK-ARC_BASIN,139.62,31.57,,2010
3.17,6.36,17.54,50.73,0.24,0.28,10.06,1.29,,9.42,3.7,,,,53.0,14.0,243.0,26.0,81.0,1.9,3.8,,,,,,,,,,,,,,,,BACK-ARC_BASIN,139.87,30.916,,1992
2.62371817638326,5.69489216579312,16.8914569417542,51.1523349891775,0.0813556023684731,0.335591859769952,11.8270706943168,0.82372547398079,0.193219555625124,10.3766345408308,7.63355241880756,357.083331555986,11.5914842656326,37.5726788172564,14.9311732622395,164.69734381968,224.157193407659,17.5836117304896,47.1929301017935,0.9547121987397,3.21326324042656,8.34623922443044,1.25159830344159,6.40224818225885,2.03529471643238,0.821415759160266,2.52782359887748,0.44631245758604,2.969528356762,0.632177847794474,1.79051961463888,1.80939074163839,0.28164396509937,1.23477405094523,0.0714215730004847,0.507846266602036,BACK-ARC_BASIN,179.345,-34.572,,2021
2.39,7.35,17.38,50.0,0.05,0.11,12.35,0.95,0.17,,3.0,166.0,322.0,40.0,88.0,43.0,145.0,,,,,,,,,,,,,,,,,,,,BACK-ARC_BASIN,173.758,-17.5693,,1991
2.79,5.12,15.54,52.1,0.15,0.31,10.27,1.25,0.19,10.34,5.25,,12.6,37.5,22.3,59.5,162.0,29.8,64.5,0.851,3.06,9.49,1.62,8.65,2.99,1.14,3.94,0.729,4.95,1.05,3.03,3.09,0.457,1.86,0.056,0.233,BACK-ARC_BASIN,-176.608,-22.215,,
2.42,8.12,16.34,50.5,0.08,0.23,12.96,0.86,,,5.5,273.0,342.0,,95.0,31.0,188.0,19.0,45.0,1.2,,7.0,,6.4,2.1,0.8,2.6,,3.0,,1.7,1.7,,,,,BACK-ARC_BASIN,139.92,31.1,,1990
2.4,7.76,18.4,48.4,0.11,0.85,10.99,0.78,0.13,8.9,5.0,,13.0,,26.0,161.0,500.0,14.0,34.0,0.0,5.0,10.0,,5.0,,,,,,,,,,,,1.0,BACK-ARC_BASIN,143.276,18.015,,1980
2.13,8.38,15.97,50.64,0.2,0.97,11.85,0.72,0.17,,21.0,280.0,297.0,,86.0,288.0,488.0,19.0,63.0,3.8,,,,,,,,,,,,,,,,,BACK-ARC_BASIN,143.58,21.67,,1997
2.9657375,7.048075,15.173425,49.4611,0.1508875,0.2109625,12.047325,1.8155375,0.21525,11.06835,4.29614306765301,300.352852162413,231.70650257757,43.2971701305384,57.8342112666501,36.5062795173407,210.913461953416,32.8517231219041,123.350981704826,4.30286818365276,5.30604068048317,14.6351175214619,2.34283468688045,12.815304637304,4.18203017623106,1.44023210533717,6.04139691430102,1.02116061269407,6.67663710496763,1.44340001286834,4.08059778426899,3.43415894199753,0.560231971122309,3.58934292792939,0.290033419078171,0.395199464854749,BACK-ARC_BASIN,-176.59,-15.15,,2012
2.45514,8.45108,16.34448,49.00748,0.17648,0.30938,11.8505,1.61322,0.1706,9.75708,5.81532917815109,265.46295505591,392.772709366596,50.2702663961915,245.786737391427,54.0408599376804,196.785623152606,27.1560290283886,102.854214455652,6.42050138478624,6.49008562433669,15.2678404640968,2.3810384783733,12.1981927209861,3.23614916525505,1.20725286714081,4.74349485741569,0.768580172720902,5.15463604582189,1.10079766130689,2.51352401196034,2.32192667051418,0.428796394453711,2.52743868243095,0.427738551372165,0.532738076118124,BACK-ARC_BASIN,-176.05,-14.85,,2012
1.86,8.2,16.14,50.2,0.06,0.06,12.71,0.77,0.15,7.95,0.0,290.0,393.0,39.0,89.0,,83.0,,,,,,,,,,,,,,,,,,,,BACK-ARC_BASIN,-176.173,-19.277,,1994
2.9,7.11,14.8,50.5,0.1,0.14,11.35,1.5,0.18,,1.26,280.0,246.0,38.0,59.0,21.0,116.0,34.8,94.0,1.9,4.4,8.65,1.43,11.7,2.59,1.07,3.08,0.66,5.4,0.91,3.0,3.7,0.41,1.71,0.32,,BACK-ARC_BASIN,173.917,-16.9778,,1991; 1994; 1994
2.56,7.95,15.21,50.76,0.26,0.12,8.86,1.78,0.28,,4.5,306.0,144.5,45.3,67.6,45.0,100.0,42.4,118.0,14.2,7.26,18.23,2.75,13.33,4.24,0.98,5.97,1.08,6.99,1.53,4.28,4.13,0.61,3.03,0.85,0.794,BACK-ARC_BASIN,121.467,20.4,,2008
3.88,5.94,17.38,50.97,0.18,0.32,10.42,1.57,0.16,8.37,2.2,218.0,114.0,,52.0,46.0,324.0,30.0,130.0,3.6,6.59,17.63,2.76,13.65,4.06,1.49,4.74,0.84,4.96,1.07,2.96,2.75,0.43,3.09,0.27,0.53,BACK-ARC_BASIN,-59.85,-62.8,QUATERNARY,2002
2.58,7.97,15.99,50.0,0.1,0.39,12.18,1.61,0.16,,7.0,249.0,305.0,43.0,114.0,64.0,181.0,,,,,,,,,,,,,,,,,,,,BACK-ARC_BASIN,173.535,-16.308,,1991
2.72,7.01,15.9,49.6,0.2,0.24,12.41,1.5,0.31,8.72,3.0,,253.0,,71.0,57.0,163.0,35.0,118.0,5.0,6.0,17.0,,,,,,,,,,,,,,1.0,BACK-ARC_BASIN,137.684,28.638,,1980
3.18,7.47,15.07,50.95,0.32,0.13,11.14,1.73,0.2,9.41,2.34,,267.0,37.8,119.0,26.1,119.0,34.1,118.0,2.28,3.81,11.7,2.1,11.1,3.9,1.34,5.1,0.939,6.2,1.34,3.79,3.64,0.54,3.2,0.153,0.261,BACK-ARC_BASIN,-29.899,-57.67,,2002
1.873,7.036,15.493,51.259,0.09,0.162,11.807,0.885,0.18,9.571,2.6974,272.579,107.205,38.952,58.7463,37.6624,106.814,19.12,36.483,0.629,1.565,4.768,0.842,4.736,1.657,0.649,2.483,0.453,3.071,0.673,1.951,1.977,0.305,1.048,0.049,0.106,BACK-ARC_BASIN,-176.165,-20.6169,,2013
2.6,7.45,17.36,50.77,0.13,0.3,12.05,0.95,0.12,7.31,4.9,239.0,209.0,32.0,117.0,40.0,207.0,22.0,69.0,1.0,,,,,,,,,,,,,,,,,BACK-ARC_BASIN,144.68,18.27,,1990
2.9,6.8,14.18,50.88,0.09,0.08,11.24,1.46,0.18,,0.95,,,,,8.8,92.0,37.3,81.0,1.31,2.67,9.36,1.65,9.08,3.75,1.35,5.34,,6.9,,4.34,4.34,0.65,2.45,0.09,0.13,BACK-ARC_BASIN,-176.443,-18.607,,1993; 2020
3.01,6.54,16.66,51.21,0.16,0.31,11.45,1.57,0.17,9.13,5.0,,196.0,,115.0,40.0,142.0,35.0,118.0,2.0,,16.0,,,,,,,,,,,,,,,BACK-ARC_BASIN,-177.856,-18.5675,,1994
1.36,9.04,15.05,52.7,0.07,0.31,11.62,0.62,0.16,,13.0,,644.0,,130.0,59.0,143.0,14.0,29.0,1.0,,7.0,,,,,,,,,,,,,,,BACK-ARC_BASIN,-176.775,-20.709,,1994
1.16,9.21,14.84,52.5,0.07,0.24,11.57,0.63,0.17,,5.0,,566.0,,135.0,54.0,145.0,15.0,31.0,1.0,,8.0,,,,,,,,,,,,,,,BACK-ARC_BASIN,-176.775,-20.709,,1994
2.78,6.71,15.6,49.6,0.14,0.31,12.84,1.18,0.12,,5.0,,226.0,,74.0,32.0,179.0,27.0,90.0,3.0,3.0,9.0,,,,,,,,,,,,,,1.0,BACK-ARC_BASIN,136.057,28.9833,,1980
2.34,6.41,15.7,50.2,0.08,0.11,12.02,1.59,0.18,,2.5,285.0,135.0,40.0,57.0,24.0,109.0,,,,,,,,,,,,,,,,,,,,BACK-ARC_BASIN,173.419,-18.2268,,1991
3.72,7.1,16.51,49.16,0.24,0.48,8.78,1.75,0.31,,2.0,293.0,195.0,,60.0,145.0,329.0,33.0,159.0,6.0,,32.0,,,,,,,,,,,,,,,BACK-ARC_BASIN,134.536,38.616,,1992; 1992
2.85,6.79,14.72,49.75,0.19,0.16,11.55,1.65,0.19,,2.5,330.0,88.0,46.0,50.0,32.0,133.0,38.0,105.0,5.9,5.9,12.12,2.01,13.0,3.54,1.35,4.35,0.85,5.8,1.11,4.0,3.5,0.54,2.95,0.58,,BACK-ARC_BASIN,173.358,-15.632,,1994; 1994
2.05,8.46,15.52,50.64,0.06,0.05,13.25,0.93,0.2,9.63,0.3,,324.0,,116.3,3.87,31.27,11.75,39.0,,0.65,2.64,0.49,2.43,0.97,0.35,,0.25,1.6,0.38,,1.11,,,,0.09,BACK-ARC_BASIN,-176.255,-18.228,,2008
2.86,7.24,14.73,50.15,0.2,0.29,11.64,1.77,0.17,,6.0,275.0,204.0,41.0,76.0,27.0,184.0,,,,,,,,,,,,,,,,,,,,BACK-ARC_BASIN,173.818,-16.669,,1991
2.52,6.03,17.32,50.35,0.26,0.35,11.14,1.08,0.25,,7.1,284.0,91.0,38.0,31.0,76.0,235.0,23.4,62.0,2.5,5.41,13.59,2.03,9.84,2.84,1.05,3.35,0.58,3.72,0.81,2.35,2.25,0.34,1.64,0.17,0.66,BACK-ARC_BASIN,127.675,28.1217,,1999
2.4,7.99,14.51,50.83,0.05,0.04,12.38,1.18,0.22,10.14,12.0,,18.0,,23.0,87.0,280.0,24.0,89.0,2.0,12.0,21.0,,14.0,,,,,,,,,,,,0.0,BACK-ARC_BASIN,145.18,17.912,,1980; 1992; 1994; 1998
2.96,6.93,15.1,50.12,0.1,0.15,11.67,1.42,0.2,10.73,1.87,,287.0,,50.0,26.2,125.0,31.4,92.8,7.0,3.95,9.62,1.54,8.03,2.73,1.25,,0.83,5.72,1.37,4.17,3.02,0.44,2.21,,0.28,BACK-ARC_BASIN,-175.567,-15.4767,,2012; 2011
2.49,7.84,14.87,49.9,0.1,0.07,12.06,1.5,0.18,,2.0,285.0,297.0,44.0,93.0,17.0,93.0,,,,,,,,,,,,,,,,,,,,BACK-ARC_BASIN,173.518,-18.5437,,1991
2.29,6.46,13.19,50.1,0.106,0.05,10.7,1.4,0.225,12.98,0.7,432.0,92.0,47.4,46.1,14.247,75.79,35.19,72.96,1.2,2.34,8.69,1.48,8.16,3.22,1.18,4.99,0.89,6.34,1.37,4.16,4.16,0.63,1.999,0.057,0.176,BACK-ARC_BASIN,150.297,-3.1455,,2015
1.81,7.62,15.97,50.45,0.06,0.11,13.69,0.68,0.19,8.21,1.08,,250.0,,76.7,11.86,166.85,16.27,31.1,0.44,0.8,2.58,0.42,2.58,0.87,0.31,,0.19,1.27,,0.83,0.86,,,0.03,0.12,BACK-ARC_BASIN,-175.95,-19.7517,,2008
2.75,7.4,15.5,49.5,0.09,0.4,12.28,1.12,0.13,8.68,4.0,,214.0,,88.0,43.0,173.0,23.0,82.0,1.0,13.0,8.0,,7.0,,,,,,,,,,,,0.0,BACK-ARC_BASIN,145.18,17.912,,1980
2.95,7.68,15.24,50.63,0.28,0.17,11.14,1.68,0.18,8.74,2.68,,252.0,36.7,84.8,20.8,118.0,30.5,98.1,3.23,3.97,12.0,2.07,11.1,3.91,1.35,5.11,0.923,6.27,1.28,3.64,3.55,0.524,3.25,0.202,0.211,BACK-ARC_BASIN,-29.86,-58.325,,2002
1.97,7.18,13.71,52.73,0.19,0.98,11.33,0.38,0.16,,18.4,369.0,10.6,40.3,19.2,170.0,733.0,12.6,35.3,0.657,6.05,12.5,1.95,9.09,2.13,0.763,2.34,0.344,1.89,0.444,1.36,1.28,0.202,0.85,,0.461,BACK-ARC_BASIN,151.983,-3.778,,2003; 2010
2.55,6.99,14.55,50.35,0.1,0.2,11.43,1.79,0.18,,3.6,295.0,232.0,44.0,106.0,20.0,117.0,,,,,,,,,,,,,,,,,,,,BACK-ARC_BASIN,173.599,-18.194,,1991
2.52,7.85,14.53,50.0,0.1,0.07,12.06,1.53,0.2,,2.0,278.0,287.0,43.0,89.0,10.0,112.0,,,,,,,,,,,,,,,,,,,,BACK-ARC_BASIN,173.368,-19.9533,,1991
1.34,6.42,18.57,48.54,0.05,0.07,13.25,0.65,0.19,,1.0,,,,22.2,32.6,162.6,10.5,14.9,0.4,,,,,,,,,,,,,,,,,BACK-ARC_BASIN,140.3,30.5,,2007
2.55,6.67,13.79,51.3,0.11,0.08,10.98,1.64,0.23,,4.0,481.0,154.0,46.0,61.0,12.8,75.0,41.7,87.0,1.32,2.78,9.23,1.94,10.15,3.67,1.36,4.93,0.96,6.79,1.47,4.46,4.51,0.7,2.46,0.1,0.11,BACK-ARC_BASIN,-176.553,-18.922,,1995
2.89,6.89,14.09,51.5,0.1,0.16,11.03,1.55,0.19,,1.99,285.0,126.0,41.0,50.0,25.0,88.0,34.7,86.0,3.2,4.4,8.95,1.48,11.3,2.82,1.02,3.75,0.68,5.6,1.02,3.1,3.35,0.46,1.87,0.31,,BACK-ARC_BASIN,173.917,-16.9778,,1991; 1994; 1994
3.69,5.39,15.85,52.01,0.23,0.29,9.36,2.03,0.2,10.03,4.6,281.0,139.0,62.0,81.0,43.0,191.0,36.0,125.0,2.0,,,,,,,,,,,,,,,,,BACK-ARC_BASIN,144.87,17.89,,1990
4.22,5.72,16.1,48.4,0.23,0.43,10.2,1.71,0.19,,0.0,,199.0,31.0,,,220.0,37.0,142.0,,9.3,20.1,,,3.5,1.43,,1.5,4.5,,,3.5,0.43,2.7,0.0,0.0,BACK-ARC_BASIN,12.993,39.728,MIOCENE,1977
3.46,5.15,16.1,51.5,0.24,0.45,9.8,1.48,0.2,,,370.0,30.0,,25.0,36.0,258.0,28.0,100.0,,,,,,,,,,,,,,,,,,BACK-ARC_BASIN,139.888,31.08,,1990
1.75,6.68,17.39,47.73,0.15,0.55,12.42,0.99,0.2,,13.11,362.3,44.9,66.4,26.3,38.64,336.0,20.1,40.9,1.33,5.55,13.4,2.16,10.45,2.92,0.96,3.24,0.52,3.27,0.69,1.9,1.72,0.25,1.1,0.55,0.654,BACK-ARC_BASIN,139.33,31.72,,2000; 2010
3.3,9.0,16.91,49.76,0.16,0.21,10.94,1.26,0.15,,3.0,192.0,300.0,33.0,160.0,46.0,242.0,27.6,122.0,3.6,5.42,14.6,1.99,10.4,3.4,1.3,3.92,0.73,4.73,1.03,3.04,2.79,0.411,2.5,0.17,0.33,BACK-ARC_BASIN,143.947,20.4156,,2016
2.03,6.89,16.62,50.67,0.19,0.3,12.59,0.85,0.15,8.64,3.0,246.0,,,79.0,28.0,139.0,24.0,51.0,0.5,,,,,,,,,,,,,,,,,BACK-ARC_BASIN,-177.303,-18.5008,,1994
2.4,10.23,17.0,48.4,0.04,0.02,11.53,1.16,0.16,,0.07,266.0,440.0,50.0,212.0,1.3,101.0,25.4,660.0,0.29,1.57,5.62,1.13,6.77,2.54,0.97,3.14,0.61,4.22,0.94,2.67,2.77,0.41,1.31,0.03,0.02,BACK-ARC_BASIN,-176.217,-19.717,,1995
1.36,9.18,14.94,52.28,0.08,0.29,11.61,0.66,0.18,,7.0,,686.0,,136.0,77.0,146.0,15.0,32.0,1.0,,5.0,,,,,,,,,,,,,,,BACK-ARC_BASIN,-176.775,-20.709,,1994
2.54,7.78,16.2,49.3,0.19,0.33,11.97,1.36,0.16,,6.0,270.0,295.0,39.0,106.0,68.0,175.0,28.0,93.0,8.5,7.5,15.32,2.36,13.0,3.24,1.15,3.42,0.65,4.5,0.78,2.7,2.6,0.36,2.23,0.93,,BACK-ARC_BASIN,173.545,-16.305,,1994; 1994
2.62,7.47,15.04,51.3,0.25,0.51,10.84,1.22,0.17,,10.0,230.0,285.0,40.0,110.0,125.0,129.0,,,,,,,,,,,,,,,,,,,,BACK-ARC_BASIN,173.5,-18.128,,1991
2.63,8.14,16.99,49.07,,0.057,12.58,0.85,0.17,9.27,0.81,299.0,235.0,45.0,81.0,7.2,88.0,27.5,54.4,0.83,1.55,5.39,1.01,5.89,2.17,0.84,0.63,3.43,4.36,0.97,2.82,2.84,0.45,1.55,0.066,0.074,BACK-ARC_BASIN,-176.034,-19.795,,2009; 2015
3.33,4.62,16.01,51.27,0.34,0.36,9.56,1.7,,11.13,10.9,464.0,16.0,,5.0,51.0,276.0,27.0,73.0,2.1,,14.4,,11.9,3.5,1.4,4.2,,4.7,,2.8,2.6,,,,,BACK-ARC_BASIN,139.88,31.068,,1990
2.85,5.47,17.3,49.6,0.13,0.22,11.4,1.2,0.17,,2.32,208.0,296.0,46.9,112.0,22.0,186.0,24.3,79.7,5.25,4.04,10.7,1.64,8.7,2.93,1.12,3.56,0.63,4.33,0.95,2.53,2.36,0.341,2.11,0.33,0.4,BACK-ARC_BASIN,115.047,12.9196,,2018
3.01,5.82,13.4,46.9,0.61,1.33,9.93,4.17,0.17,12.03,14.0,,48.0,,38.0,334.0,673.0,26.0,191.0,27.0,29.0,61.0,,,,3.06,,0.94,,,,,,4.54,,2.0,BACK-ARC_BASIN,132.775,24.701,,1980; 1981
1.79,6.89,17.67,46.18,0.28,0.23,12.51,1.15,0.48,,7.07,406.0,79.0,,108.0,44.5,358.0,26.6,39.5,1.43,6.76,12.3,2.07,10.2,2.88,1.04,3.77,,3.93,,2.27,2.12,,1.21,,0.744,BACK-ARC_BASIN,139.45,32.1,,2000; 2001
2.73,5.83,14.28,51.31,0.12,0.22,10.26,1.17,0.1,,2.0,368.0,11.0,47.0,38.0,28.0,130.0,28.0,64.0,1.2,,,,,,,,,,,,,,,,,BACK-ARC_BASIN,150.081,-3.332,,2003
2.79,6.59,16.36,51.41,0.12,0.32,11.68,1.27,0.16,7.5,4.0,,311.0,31.0,117.0,33.0,201.0,,100.0,,5.37,,,10.33,3.12,,,,,,,,,,0.23,0.37,BACK-ARC_BASIN,144.78,17.92,,1990
2.0909,9.10738,16.60508,49.11794,0.08898,0.08816,13.08696,1.1368,0.16432,8.54648,2.2168574748259,224.725704711814,323.354607897149,45.5404636004084,150.431611839261,16.2295972445031,109.80315417018,22.9191326499274,70.3372874049877,1.43286498977419,2.55755342794862,7.31410531461043,1.37101050730782,7.47326767081926,2.25895341391977,0.89940463519095,3.3276402755956,0.598906761420081,3.98518907564722,0.915210107269859,2.21166145637368,2.10917113218947,0.372509151402798,1.86512170453258,0.109596217256057,0.210537899133738,BACK-ARC_BASIN,-176.17,-15.04,,2012
2.67,6.72,16.4,50.0,0.21,0.24,11.86,1.47,0.17,8.66,3.0,,234.0,,62.0,54.0,159.0,36.0,123.0,8.0,8.0,19.0,,,,,,,,,,,,,,2.0,BACK-ARC_BASIN,137.684,28.638,,1980
2.56,8.07,15.88,49.79,0.124,0.099,11.8,1.32,0.174,9.64,1.04,279.0,318.0,44.1,121.0,10.7,125.0,24.9,69.3,1.96,2.8,9.0,1.46,8.23,2.73,1.1,3.86,0.699,4.54,0.938,2.73,2.69,0.405,1.91,0.126,0.154,BACK-ARC_BASIN,174.273,-16.612,,2023; 1993
2.38,8.06,14.83,49.69,0.12,0.04,12.15,1.05,0.14,10.01,0.65,313.0,305.0,46.2,106.0,6.0,80.0,30.2,54.6,0.95,1.56,4.77,0.93,5.95,2.44,0.94,3.36,0.62,4.55,0.97,2.9,2.94,0.42,1.62,0.08,0.069,BACK-ARC_BASIN,-176.428,-18.5832,,2008; 2001
2.81,6.88,15.47,51.38,0.13,0.31,11.14,1.16,0.19,9.56,6.6,300.2,178.0,,67.8,42.0,137.9,31.2,76.8,2.8,,,,,,,,,,,,,,,,,BACK-ARC_BASIN,-174.818,-15.627,,1992; 1993
2.39,6.84,14.13,51.25,0.09,0.05,11.09,1.19,0.2,11.89,0.734,387.0,117.0,49.1,,7.65,73.4,32.2,63.4,1.03,1.91,6.67,1.19,7.02,2.67,1.04,4.16,0.748,5.45,1.21,3.59,3.65,0.551,1.96,0.08,0.098,BACK-ARC_BASIN,150.279,-3.1642,,2015
2.72,5.43,13.01,50.67,0.17,0.1,10.2,1.72,0.37,,1.5,434.0,79.0,,54.0,22.0,87.0,40.0,100.0,2.0,3.4,9.9,,,4.15,1.37,5.4,,,1.5,,5.1,0.77,2.2,,2.0,BACK-ARC_BASIN,150.563,-3.07667,,2003
2.8469,6.4507,16.223,49.0737,0.1325,0.316,11.6299,1.5932,0.1469,9.85,7.34844231398975,311.619364397782,273.832178441847,,,5.95663729456866,125.093705673471,38.0439635202404,100.907883413614,1.60610688941929,3.20261752124737,10.8083843824761,1.78970934606769,10.3002465112284,3.82889163313677,1.47190977932974,5.41182485789779,1.04110374279192,6.56802071734807,1.44392063016882,4.20067524062459,3.9425134111416,0.570338616889936,2.67324748529849,0.15224493457092,0.11408526317638,BACK-ARC_BASIN,139.612,19.912,NEOGENE,2010
2.68,4.81,13.61,51.37,0.142,0.29,9.08,1.49,0.221,12.6,2.99,471.0,31.0,41.4,28.0,31.756,144.57,37.03,82.9,1.49,3.98,10.85,1.98,9.92,3.69,1.33,5.28,0.92,6.57,1.46,4.37,4.3,0.68,2.13,0.064,0.286,BACK-ARC_BASIN,150.298,-3.1416,,2015
2.9,6.9,14.24,51.2,0.1,0.17,11.19,1.53,0.19,,1.45,290.0,135.0,40.0,50.0,19.0,80.0,34.9,89.0,2.5,4.3,6.47,1.01,10.9,2.01,1.06,2.6,0.45,5.7,0.64,3.1,3.48,0.26,1.4,0.23,,BACK-ARC_BASIN,173.917,-16.9778,,1991; 1994; 1994
1.98,8.09,15.12,51.4,0.07,0.08,12.57,1.02,0.16,9.35,1.22,326.0,437.0,38.0,94.0,12.1,65.0,25.1,48.0,0.86,1.66,4.95,0.99,5.62,2.04,0.82,3.13,0.58,4.0,0.93,2.83,2.78,0.43,1.1,0.07,0.09,BACK-ARC_BASIN,-175.927,-19.44,,1994
4.13,7.74,16.58,49.3,0.32,0.58,10.03,1.22,0.18,,4.9,,307.0,,107.0,146.0,612.0,11.0,85.0,4.0,9.0,22.0,,,,,,,,,,,,,,1.0,BACK-ARC_BASIN,-56.75,-62.05,,1979
3.07876666666667,5.64958888888889,14.4855111111111,49.9316777777778,0.1961,0.458155555555555,10.8644888888889,2.02583333333333,0.190611111111111,12.0779777777778,12.0105984785841,323.874833549456,40.0401763067507,43.4427473350323,26.1594652927707,100.71434522515,186.183172316377,36.9235471294119,142.903952782976,9.85732123210222,8.76618139706866,20.2898713741167,3.33729629215389,15.5630029455435,4.64829964876046,1.55422737985933,6.25926380774039,0.999306126816607,6.69331738028658,1.49993113754648,3.65471925219268,3.70033801759499,0.592160984623209,3.51645043846643,0.632319636230398,0.864218885031714,BACK-ARC_BASIN,-176.28,-15.33,,2012
2.26,7.15,14.85,51.16,0.091,0.072,11.87,1.15,0.2,10.22,1.16,322.0,151.0,41.9,58.0,10.8,93.0,29.0,59.2,0.79,1.75,6.05,1.12,6.49,2.38,0.88,0.67,3.69,4.56,1.02,2.94,2.98,0.46,1.66,0.064,0.081,BACK-ARC_BASIN,-176.105,-19.985,,2009
2.09,10.44,14.27,48.71,0.18,0.79,12.46,0.74,0.17,10.15,16.8,253.0,556.0,,4.0,246.0,327.0,17.4,54.0,4.5,10.28,21.0,3.11,13.46,3.51,1.06,3.47,0.53,3.04,0.6,1.6,1.44,0.21,1.25,0.25,1.02,BACK-ARC_BASIN,177.92,-35.88,,2010
1.9,8.28,15.62,50.49,0.059,0.072,12.66,0.8,0.16,8.63,1.02,260.0,344.0,41.5,115.0,11.7,92.0,21.3,41.5,0.58,1.24,4.23,0.82,4.63,1.75,0.67,2.72,0.5,3.42,0.76,2.19,2.27,0.35,1.22,0.048,0.058,BACK-ARC_BASIN,-176.14,-20.104,,2009
2.67,7.58,18.01,49.53,0.11,0.04,12.33,1.19,0.12,7.72,0.0,191.0,293.0,36.8,89.0,14.0,164.0,25.0,98.0,1.0,2.69,9.6,,,2.94,1.05,,0.6,,,,2.13,0.38,2.21,0.21,,BACK-ARC_BASIN,-177.862,-18.568,,1994
2.25,8.57,16.24,51.04,0.15,0.5,11.06,0.87,0.16,,7.2,283.8,360.37,,124.8,87.1,306.0,19.6,57.8,2.89,4.99,11.84,1.61,7.7,2.29,0.85,2.6,0.47,3.04,0.63,1.9,1.83,0.29,1.38,0.141,0.461,BACK-ARC_BASIN,144.826,14.5909,,2011
3.77,9.78,14.91,46.92,0.42,1.68,7.82,2.19,0.18,10.11,17.0,180.0,320.0,49.0,250.0,160.0,,,,,,,,,,,,,,,,,,,,,BACK-ARC_BASIN,-37.35,-53.392,,1983
2.65,8.15,15.6,48.4,0.103,0.07,11.4,1.46,0.16,,3.4,440.0,250.0,48.0,97.0,,120.0,11.1,,,3.9,9.5,,,,,,,,,,,,,,,BACK-ARC_BASIN,137.441,29.3275,,1980
1.89,10.31,15.28,50.97,,0.01,13.08,0.71,0.16,,0.01,253.0,346.0,45.7,100.0,1.5,68.9,15.6,29.1,0.28,0.58,2.27,0.48,3.17,1.35,0.57,2.03,0.39,2.75,0.61,1.75,1.76,0.26,0.93,0.024,0.02,BACK-ARC_BASIN,134.318,27.3836,,2018
2.67,6.88,17.01,52.69,0.12,0.26,11.1,1.19,,7.86,4.367,260.3,211.6,35.03,96.18,34.94,169.2,23.33,68.94,2.538,4.225,10.86,1.747,8.8,2.826,1.076,3.588,0.601,4.24,0.891,2.526,2.583,0.372,1.951,0.147,0.383,BACK-ARC_BASIN,144.532,18.013,,2012; 2003
2.69,7.63,18.14,49.8,0.1,0.3,11.72,1.03,0.14,8.19,5.6,92.0,224.0,28.0,52.0,40.0,265.0,23.0,65.0,,,,,,,,,,,,,,,,,,BACK-ARC_BASIN,145.18,17.912,,1982
3.07,5.56,13.7,46.3,0.51,1.03,8.3,4.95,0.23,,9.0,,3.0,,20.0,225.0,453.0,41.0,378.0,32.0,34.0,70.0,,,,,,,,,,,,,,4.0,BACK-ARC_BASIN,132.775,24.7007,,1980
2.8,8.73,15.98,49.17,0.13,0.52,11.22,1.09,0.15,,4.63,228.0,334.0,,158.0,29.96,179.0,28.0,89.0,8.0,,,,,,,,,,,,,,,,,BACK-ARC_BASIN,144.821,17.958,,1985
4.08,5.78,16.43,51.17,0.25,0.45,8.98,1.7,0.15,,3.0,240.0,130.0,26.0,87.0,150.0,260.0,,140.0,,,,,,,,,,,,,,,,,,BACK-ARC_BASIN,151.818,-9.9067,,1997
2.68,5.75,15.5,50.2,0.25,0.33,11.95,1.65,0.17,9.98,6.0,,59.0,,47.0,30.0,185.0,37.0,121.0,3.0,6.0,17.0,,,,,,,,,,,,,,2.0,BACK-ARC_BASIN,136.057,28.984,,1980
3.1,5.44,17.2,49.0,0.17,0.26,11.0,1.4,0.18,,4.33,235.0,184.0,44.0,103.0,29.0,186.0,31.7,110.0,6.14,4.95,14.5,2.18,11.4,3.64,1.29,4.27,0.79,5.38,1.2,3.2,3.23,0.47,2.74,0.38,0.43,BACK-ARC_BASIN,115.047,12.9196,,2018
3.15352680427487,7.88853695718105,14.798337775439,52.9006581814749,0.186186825524667,0.192413137920854,10.1700787528094,1.5785710412202,0.165398976072884,8.9662915480822,1.8606,272.4628,233.9326,35.6633,102.8246,22.7734,160.9169,31.54,99.4631,2.8196,4.6837,12.2995,1.9313,11.281,3.7903,1.3958,4.8833,0.8586,5.6658,1.1998,3.3683,3.3124,0.4796,2.8381,0.2219,0.284,BACK-ARC_BASIN,144.537,19.442,,2021
2.0,7.96,16.52,50.97,0.14,0.5,11.33,0.78,0.16,,8.23,,,,75.4,97.7,325.0,17.0,44.9,1.39,6.27,13.68,1.74,8.85,2.46,0.91,2.81,0.47,2.76,0.57,1.68,1.63,0.24,1.17,0.132,0.596,BACK-ARC_BASIN,144.827,14.5887,,2011
2.3,8.86,15.89,51.21,0.08,0.14,12.06,0.7,0.14,,1.5,214.0,281.0,,158.0,26.0,171.0,13.0,42.0,1.0,,,,,,,,,,,,,,,,,BACK-ARC_BASIN,149.57,-3.523,,2003
2.61,6.21,17.17,51.0,0.21,0.6,11.52,1.05,0.13,7.62,10.0,251.0,,,73.0,58.0,226.0,29.0,86.0,2.0,,,,,,,,,,,,,,,,,BACK-ARC_BASIN,144.89,17.83,,1990
2.62,7.78,16.2,49.7,0.11,0.05,12.07,1.22,0.14,,1.0,,315.0,,117.0,21.0,152.0,27.0,85.0,3.0,3.0,16.0,,,,,,,,,,,,,,,BACK-ARC_BASIN,137.441,29.3275,,1980
2.85,5.92,16.5,50.1,0.14,0.26,11.2,1.26,0.18,,3.85,217.0,287.0,44.9,96.6,29.6,183.0,27.4,89.0,5.59,4.46,11.9,1.83,9.7,3.23,1.2,3.93,0.69,4.75,1.03,2.8,2.65,0.384,2.29,0.35,0.42,BACK-ARC_BASIN,115.047,12.9196,,2018
2.25,7.48,14.35,50.38,0.11,0.15,11.56,1.05,0.18,,1.726,362.0,335.0,45.1,102.0,20.48,103.543333333333,25.9333333333333,54.1066666666667,1.06933333333333,2.13866666666667,6.82133333333333,1.19033333333333,6.93,2.536,0.933,3.48633333333333,0.642,4.59966666666667,1.02,3.00066666666667,3.063,0.453,1.525,0.069,0.121,BACK-ARC_BASIN,149.673,-3.657,,1998; 2003; 2004; 2010; 2012; 2020
2.83,6.43,16.2,51.1,0.14,0.21,11.0,1.28,0.16,,1.97,226.0,286.0,39.2,82.8,38.5,181.0,30.3,107.0,6.53,5.74,14.7,2.22,11.3,3.53,1.27,4.24,0.75,5.24,1.17,3.15,3.05,0.453,2.58,0.41,0.56,BACK-ARC_BASIN,115.047,12.9196,,2018
1.89,6.77,16.05,52.81,0.06,0.3,12.05,0.68,0.14,9.26,3.85,,,,,45.6,139.0,13.3,23.9,0.33,1.9,4.79,0.79,4.33,1.52,0.62,2.07,0.3,2.16,0.51,1.33,1.35,0.21,0.79,0.06,0.17,BACK-ARC_BASIN,-176.775,-20.709,,1994; 2007
2.83,5.05,13.18,51.11,0.2,0.1,9.82,1.98,0.22,,1.5,436.0,59.0,,40.0,26.0,76.0,47.0,125.0,2.3,,,,,,,,,,,,,,,,,BACK-ARC_BASIN,149.963,-3.4467,,2003
2.83,7.77,15.44,50.24,0.12,0.13,11.71,1.47,0.16,,0.6,236.0,266.0,,126.0,10.0,114.0,31.0,95.0,1.5,2.7,10.2,,10.4,3.5,1.32,,0.88,,1.15,,0.53,,1.7,,,BACK-ARC_BASIN,155.419,-9.499,,1987
2.6,7.09,16.29,50.0,0.1,0.31,12.23,1.63,0.15,,5.0,239.0,306.0,43.0,120.0,70.0,211.0,,,,,,,,,,,,,,,,,,,,BACK-ARC_BASIN,173.518,-16.3128,,1991
2.75,6.84,16.3,49.7,0.12,0.31,12.09,1.19,0.17,,7.0,,285.0,,100.0,36.0,165.0,29.0,88.0,3.0,3.0,8.0,,,,,,,,,,,,,,,BACK-ARC_BASIN,137.441,29.3275,,1980
3.65,9.94,16.45,52.4,0.2,0.42,2.18,1.68,0.37,,3.0,651.0,173.0,,48.0,,120.0,25.0,105.0,,,,,,,,,,,,,,,,,,BACK-ARC_BASIN,134.536,38.616,,1992
2.69,6.51,15.17,52.19,0.09,0.18,11.36,0.93,0.16,,1.5,304.0,127.0,,79.0,18.0,157.0,20.0,49.0,1.1,2.1,6.1,,,2.1,0.74,2.6,,,0.75,,2.5,0.4,1.0,,0.0,BACK-ARC_BASIN,150.208,-3.2,,1998; 2003; 2004
3.19,6.99,17.22,47.34,0.22,0.32,9.88,1.4,0.14,,133.0,183.0,488.0,56.0,180.0,19.0,142.0,,82.0,,,,,,,,,,,,,,,,,,BACK-ARC_BASIN,117.0,15.3923,,2015
2.48,8.47,16.63,49.31,0.117,0.087,12.07,1.26,0.181,9.61,0.819,285.0,346.0,48.4,161.0,8.69,127.0,22.7,60.8,1.63,2.35,8.13,1.34,7.14,2.46,1.0,3.36,0.636,4.07,0.904,2.5,2.52,0.365,1.67,0.109,0.121,BACK-ARC_BASIN,174.273,-16.612,,2023; 1993
2.48,7.14,14.72,49.26,0.21,0.29,11.54,1.89,0.22,,4.0,432.0,281.0,,108.0,40.0,116.0,40.0,114.0,5.0,5.7,15.9,2.3,12.7,3.72,1.27,5.2,,6.91,,4.55,4.09,,,,,BACK-ARC_BASIN,173.587,-16.185,,1990
2.2,7.5,14.84,51.16,0.07,0.06,12.06,1.0,0.18,10.27,1.5,349.6,112.2,,75.0,12.0,83.3,27.9,52.8,0.6,2.22,6.16,1.04,7.05,2.52,1.03,4.2,,5.08,,3.1,2.63,,1.53,0.0,0.2,BACK-ARC_BASIN,-175.961,-19.514,,1992; 1993; 2002
2.3,8.31,15.83,49.51,0.05,0.06,13.59,0.84,0.2,9.3,0.96,,,,,9.2,163.0,20.2,37.5,0.41,1.63,4.96,0.81,5.01,1.91,0.83,2.63,0.43,3.09,0.73,1.94,1.87,0.32,1.0,0.12,0.05,BACK-ARC_BASIN,-176.5,-20.142,,1994; 2007
2.85,6.64,15.47,49.8,0.24,0.41,10.69,2.08,0.19,,6.0,,227.0,,75.0,59.0,143.0,49.0,161.0,5.0,11.0,22.0,,,,,,,,,,,,,,1.0,BACK-ARC_BASIN,-65.963,-58.1927,,1980
2.27,6.75,17.3,48.4,0.13,0.24,12.5,1.05,0.17,9.45,,319.0,164.0,,52.0,24.0,239.0,21.0,59.0,,,,,,,,,,,,,,,,,,BACK-ARC_BASIN,139.883,31.062,,1990
2.52,8.11,16.1,49.4,0.11,0.05,11.88,1.23,0.13,8.42,1.0,,308.0,,105.0,24.0,151.0,29.0,86.0,2.0,2.0,13.0,,,,,,,,,,,,,,0.0,BACK-ARC_BASIN,137.44,29.328,,1980
1.87,7.9,15.65,51.8,0.06,0.11,12.24,0.77,0.16,8.18,1.4,336.0,320.0,35.0,81.0,13.5,170.0,18.0,37.9,0.54,1.27,4.08,0.76,4.46,1.64,0.66,2.18,0.46,2.86,0.65,1.88,1.95,0.31,1.05,0.04,0.04,BACK-ARC_BASIN,-176.133,-20.057,,1994; 2007
1.99,8.05,16.2,50.98,0.14,0.51,11.25,0.79,0.16,,7.68,297.1,343.59,,99.2,95.8,345.0,16.9,41.9,1.23,5.29,12.08,1.58,7.92,2.16,0.8,2.41,0.41,2.47,0.54,1.52,1.47,0.23,1.06,0.076,0.583,BACK-ARC_BASIN,144.826,14.59,,2011
2.47,7.99,14.9,51.4,0.08,0.07,11.9,1.5,0.18,,2.2,260.0,273.0,40.0,70.0,50.0,120.0,31.0,72.0,1.7,2.3,,,10.0,,0.8,,,4.7,,3.0,2.9,,,,,BACK-ARC_BASIN,174.171,-21.1715,,1991; 1994
2.53,5.22,12.6,50.7,0.45,0.81,9.45,3.9,0.22,12.62,15.0,,111.0,,62.0,219.0,361.0,40.0,279.0,34.0,29.0,67.0,,,,,,,,,,,,,,3.0,BACK-ARC_BASIN,132.775,24.701,,1980
2.68,6.01,17.56,52.66,0.21,0.56,10.54,1.13,0.2,,14.3,284.0,110.0,33.0,60.0,118.0,265.0,28.1,100.0,4.5,9.92,23.34,3.22,14.57,3.84,1.29,4.22,0.72,4.47,0.96,2.81,2.7,0.41,2.45,0.3,1.46,BACK-ARC_BASIN,127.0,28.25,,2017
2.56692,8.74992,15.86318,48.95638,0.11892,0.15468,10.98792,1.52272,0.16984,10.52102,3.71981332179971,207.988039727276,382.229619428709,79.728415111326,528.202191689166,30.8013615673979,202.400676578832,15.6629066040044,83.3185302542008,5.19076343081661,5.96759279090952,13.6311424836371,2.25346678041519,10.524006772828,2.83512795935403,1.11121085575578,3.34245229324047,0.597833865888818,3.64777076071677,0.757666613272875,2.06734855859245,1.82194890703447,0.242555757462149,2.24553208329921,0.315546651296926,0.510083048130433,BACK-ARC_BASIN,-176.2,-14.94,,2012; 2015; 2018
2.57,8.51,16.4,49.2,0.13,0.17,11.6,1.3,0.2,10.23,4.02,283.0,280.0,51.1,163.0,36.4,159.0,24.6,79.3,3.86,4.58,11.55,1.9,9.7,3.02,1.14,3.88,0.664,4.38,0.918,2.78,2.64,0.378,2.06,0.208,0.417,BACK-ARC_BASIN,-176.152,-15.064,,2012
2.76,7.09,15.9,49.4,0.14,0.27,12.43,1.32,0.14,,3.0,,249.0,,99.0,22.0,168.0,30.0,92.0,3.0,3.0,13.0,,,,,,,,,,,,,,,BACK-ARC_BASIN,137.441,29.3275,,1980
3.01,7.59,16.78,49.01,0.1,0.09,11.57,1.38,0.2,10.28,0.79,,274.0,,146.0,14.0,169.0,25.1,92.4,2.01,3.57,10.9,1.64,10.5,3.14,1.26,,0.72,4.45,0.98,2.73,2.65,0.38,2.4,,0.14,BACK-ARC_BASIN,-175.342,-15.3317,,2011
2.98,8.1,17.04,48.85,0.15,0.2,10.72,1.18,,9.81,,229.0,,,185.0,,137.0,29.0,88.0,,,,,,,,,,,,,,,,,,BACK-ARC_BASIN,144.75,17.48,,1987
2.51,6.51,13.45,51.09,0.11,0.06,10.98,1.39,0.21,,0.5,391.0,84.0,55.0,55.0,8.0,71.0,31.0,75.0,13.0,,,,,,,,,,,,,,,,,BACK-ARC_BASIN,150.128,-3.29,,2003
3.23,7.41,16.79,49.33,0.2,0.11,12.36,1.13,0.16,8.77,2.0,212.0,,,74.0,30.0,155.0,22.0,70.0,3.0,,,,,,,,,,,,,,,,,BACK-ARC_BASIN,-177.862,-18.568,,1994
2.41,7.4,16.69,49.75,0.1,0.13,12.08,0.94,0.39,,3.5,178.0,313.0,50.0,101.0,43.0,160.0,,,,,,,,,,,,,,,,,,,,BACK-ARC_BASIN,173.758,-17.5693,,1991
2.67,8.05,16.89,50.49,0.11,0.12,12.04,1.13,0.15,,1.0,,169.0,,78.0,44.0,176.0,23.0,86.0,1.0,,6.0,,,,,,,,,,,,,,,BACK-ARC_BASIN,-177.862,-18.568,,1994
2.41,6.44,13.27,50.46,0.11,0.06,10.81,1.42,0.21,,0.5,422.0,95.0,,59.0,10.0,77.0,33.0,76.0,0.0,,,,,,,,,,,,,,,,,BACK-ARC_BASIN,150.098,-3.313,,2003
2.15,7.88,15.96,50.07,0.09,0.25,12.44,0.69,0.14,,2.5,246.0,251.0,,114.0,36.0,222.0,15.0,33.0,1.0,,,,,,,,,,,,,,,,,BACK-ARC_BASIN,150.502,-3.84,,2003
2.67,6.85,14.17,50.6,0.1,0.02,11.4,1.45,0.17,,0.92,,,,,8.3,87.0,34.6,75.0,1.18,2.47,8.58,1.55,8.33,3.36,1.23,4.88,,6.32,,3.97,3.85,0.59,2.2,0.08,0.1,BACK-ARC_BASIN,-176.443,-18.6072,,1993; 2020
2.3,7.5,14.2,50.6,0.07,0.05,12.4,1.0,0.221,,,,122.0,,,3.2,57.0,25.0,16.2,0.59,1.1,4.0,,5.0,2.0,1.8,2.4,,3.5,,2.3,2.1,,1.4,,0.07,BACK-ARC_BASIN,149.732,-3.6067,,2012
1.95,5.18,17.53,47.38,0.67,0.48,13.61,0.91,0.2,,7.64,388.0,120.0,,,24.0,484.0,20.6,48.6,0.62,7.06,18.9,2.8,14.0,3.48,1.2,3.81,0.57,3.39,0.71,2.01,1.84,0.29,1.55,0.053,0.39,BACK-ARC_BASIN,138.951,29.155,,2009
2.4,10.23,17.0,48.4,0.04,0.02,11.53,1.16,0.16,8.97,0.07,266.0,440.0,50.0,212.0,1.3,113.0,25.4,66.0,0.29,1.57,5.62,1.13,6.77,2.54,0.97,3.14,0.61,4.22,0.94,2.67,2.77,0.41,1.31,0.03,0.02,BACK-ARC_BASIN,-176.217,-19.072,,1994; 2007
2.51,6.25,13.2,45.9,0.47,0.8,9.49,4.45,0.26,,8.0,,32.0,,35.0,193.0,431.0,42.0,312.0,33.0,30.0,68.0,,,,,,,,,,,,,,4.0,BACK-ARC_BASIN,132.775,24.7007,,1980
2.37,7.08,14.44,51.5,0.09,0.06,11.13,1.2,0.19,10.67,0.0,416.0,79.0,42.0,48.0,,73.0,,,,5.5,14.4,2.5,15.6,4.66,1.78,5.25,,5.35,1.04,2.97,2.51,0.38,,,,BACK-ARC_BASIN,-175.993,-19.688,CENOZOIC,1985; 1994
2.31,9.82,15.7,48.7,0.12,0.13,10.71,1.14,0.15,,3.0,,311.0,,144.0,33.0,136.0,26.0,84.0,1.0,5.0,11.0,,,,,,,,,,,,,,,BACK-ARC_BASIN,137.441,29.3275,,1980
1.98,8.07,15.52,51.2,0.08,0.13,12.59,0.84,0.16,8.33,2.0,329.0,320.0,36.0,86.0,,155.0,,,,5.23,10.84,1.48,6.7,1.95,0.69,2.65,,2.88,0.61,1.89,1.69,0.28,,,,BACK-ARC_BASIN,-176.133,-20.057,CENOZOIC,1985; 1994
3.39,5.37,16.2,51.8,0.24,0.49,10.1,1.45,0.19,,,367.0,41.0,,29.0,33.0,262.0,28.0,99.0,,,,,,,,,,,,,,,,,,BACK-ARC_BASIN,139.888,31.08,,1990
3.18,5.5,15.48,52.45,0.12,0.45,10.42,1.17,0.17,,7.23,260.0,7.0,33.0,25.0,50.0,28.0,30.0,79.0,1.5,6.4,14.63,2.27,11.5,3.25,1.15,4.08,0.71,4.5,0.99,2.7,2.7,0.28,2.25,0.19,,BACK-ARC_BASIN,174.194,-21.3772,,1991; 1994; 1994
3.18,5.7,15.3,51.85,0.12,0.46,9.94,1.19,0.17,,6.3,260.0,5.0,33.0,25.0,100.0,358.0,29.0,77.0,1.7,6.5,,,11.5,,1.15,,,4.2,,2.7,2.65,,,,,BACK-ARC_BASIN,174.194,-21.3772,,1991; 1994
3.17,6.86,17.02,49.96,0.16,0.28,11.08,1.3,,8.41,3.7,228.0,280.0,36.8,174.0,29.0,201.0,28.5,98.8,4.47,5.01,13.38,2.14,10.52,3.2,1.18,3.94,0.7,4.55,0.97,2.76,2.73,0.43,2.43,0.297,0.368,BACK-ARC_BASIN,144.509,15.296,,2003; 2005
2.51,10.97,15.07,49.21,0.1,0.32,11.1,0.93,0.14,7.65,4.5,214.0,532.0,44.0,212.0,60.0,209.0,20.6,74.0,3.94,4.36,10.7,1.62,7.89,2.37,0.85,2.82,0.48,3.15,0.69,1.99,1.81,0.27,1.67,0.26,0.38,BACK-ARC_BASIN,178.05,-35.72,,1996; 2010
2.56,7.3,14.2,50.0,0.15,0.22,11.21,1.8,0.19,,5.5,298.0,148.0,44.0,71.0,40.0,141.0,35.0,88.0,4.6,4.6,,,13.0,,1.35,,,5.8,,3.4,3.15,,,,,BACK-ARC_BASIN,173.492,-18.812,,1991; 1994
3.07,8.93,15.27,48.2,0.25,0.43,10.08,2.25,0.18,,7.0,250.0,298.0,41.0,174.0,60.0,252.0,,,,,,,,,,,,,,,,,,,,BACK-ARC_BASIN,174.147,-21.031,,1991
2.18,8.36,14.72,49.94,0.07,0.05,12.51,0.95,0.17,,0.5,292.0,287.0,,115.0,12.0,73.0,21.0,48.0,1.0,1.65,5.0,,,2.1,0.8,2.9,,,0.8,,2.5,0.4,1.0,,3.0,BACK-ARC_BASIN,149.963,-3.447,,1998; 2003; 2004
2.33,7.41,17.47,49.06,0.1,0.36,12.41,1.29,0.15,,10.0,280.0,320.0,74.0,136.0,8.0,132.0,34.0,109.0,5.0,,,,,,,,,,,,,,,,,BACK-ARC_BASIN,123.669,5.1448,,1991
2.42,7.05,14.43,52.5,0.09,0.06,11.07,1.21,0.19,,2.0,399.0,77.0,41.0,48.0,13.5,75.0,30.0,65.4,1.67,2.21,7.09,1.21,7.17,2.55,1.03,3.77,0.71,4.7,1.0,3.1,3.21,0.49,1.43,0.12,0.12,BACK-ARC_BASIN,-175.993,-19.688,,1995
2.78,6.77,16.0,49.4,0.15,0.25,13.79,1.16,0.1,6.56,4.0,,240.0,,130.0,29.0,182.0,26.0,86.0,0.0,4.0,13.0,,,,,,,,,,,,,,1.0,BACK-ARC_BASIN,136.057,28.983,,1980
2.31,7.52,17.57,50.6,0.37,0.63,10.2,0.61,0.12,,11.0,248.0,49.0,59.0,70.0,63.0,368.0,23.8,51.0,4.0,10.0,30.0,,10.1,2.89,0.95,2.98,,2.73,,1.73,1.73,0.31,,,,BACK-ARC_BASIN,121.295,8.7853,,1991; 1991
2.11,7.63,15.76,50.48,0.1,0.21,13.18,0.9,0.18,8.69,6.47,,363.0,,97.0,25.3,179.0,24.8,63.0,1.88,3.24,9.22,1.5,8.11,2.73,,,0.55,4.09,0.88,2.39,2.16,0.24,1.75,,0.13,BACK-ARC_BASIN,-174.805,-15.6883,,2012; 2011
2.61,7.48,14.83,50.3,0.3,0.55,11.12,1.33,0.16,,10.0,241.0,256.0,38.0,115.0,85.0,134.0,,,,,,,,,,,,,,,,,,,,BACK-ARC_BASIN,173.488,-18.119,,1991
2.52,8.62,16.55,49.36,0.109,0.088,12.26,1.24,0.176,9.85,0.796,282.0,328.0,46.8,163.0,8.57,123.0,24.2,65.3,1.61,2.53,8.19,1.4,7.56,2.63,1.03,3.81,0.66,4.33,0.927,2.55,2.53,0.377,1.82,0.099,0.111,BACK-ARC_BASIN,174.273,-16.612,,2023; 1993
2.69,9.84,15.51,49.21,0.13,0.49,11.52,0.8,0.16,9.66,7.7,284.0,470.0,,160.0,154.0,276.0,16.5,48.0,2.22,4.99,11.6,1.7,8.19,2.3,0.88,2.76,0.46,2.93,0.62,1.75,1.69,0.26,1.38,0.14,0.7,BACK-ARC_BASIN,177.94,-35.84,,2010
1.87,6.3,18.47,50.7,0.06,0.27,12.2,0.65,,9.02,6.7,,,,,146.0,346.0,,,,3.25,7.57,,5.31,1.55,0.695,2.3,,2.62,,1.65,1.67,,,,,BACK-ARC_BASIN,142.79,22.38,,1998
2.88,7.36,17.08,50.42,0.25,0.33,11.34,1.16,0.18,7.79,5.11,254.0,230.0,,105.0,51.0,198.0,27.0,88.0,6.0,,,,10.05,3.1,,,,,,,,,,,,BACK-ARC_BASIN,144.796,17.538,,1985; 1987; 1995
2.97,7.05,15.17,49.46,0.15,0.21,12.05,1.82,0.22,11.07,3.42,300.0,230.0,41.2,54.6,36.5,199.0,32.9,123.0,3.76,4.97,13.7,2.34,12.3,3.83,1.41,5.0,0.893,5.55,1.17,3.25,3.43,0.455,3.06,0.286,0.355,BACK-ARC_BASIN,176.588,-15.148,,2012
2.7,7.41,15.94,48.69,0.14,0.2,11.86,1.75,0.19,11.03,3.16,307.0,245.0,48.1,108.0,27.0,203.0,25.2,104.8,3.21,4.15,13.1,2.18,10.8,3.44,1.28,4.18,0.735,4.72,1.07,2.78,2.61,0.381,2.57,0.222,0.232,BACK-ARC_BASIN,-176.408,-15.108,,2012
3.2,6.07,18.4,48.77,0.21,0.61,8.57,1.21,0.12,9.74,7.02,232.0,125.0,26.2,39.5,154.0,384.0,18.7,84.8,7.35,9.04,19.4,2.9,13.2,3.28,1.32,3.56,0.61,3.89,0.8,2.21,2.18,0.34,2.28,0.5,0.67,BACK-ARC_BASIN,138.231,40.19,CENOZOIC,2015
2.94,8.07,16.81,50.3,0.12,0.11,10.74,1.39,0.15,8.62,0.95,250.0,472.0,35.0,185.0,8.0,135.0,33.0,101.0,1.0,,,,11.2,3.85,,,,,,,,,,,,BACK-ARC_BASIN,144.915,17.785,,1990
2.23,7.97,15.46,49.81,0.07,0.07,12.98,0.99,0.16,,0.5,271.0,326.0,,98.0,10.0,81.0,23.0,54.0,1.2,,,,,,,,,,,,,,,,,BACK-ARC_BASIN,149.015,-3.42,,2003
2.62,7.6,17.33,50.6,0.12,0.32,12.15,0.94,0.14,7.07,,203.0,237.0,,134.0,31.0,202.0,24.0,83.0,2.0,4.94,,,,,,,,,,,,,,0.115,0.39,BACK-ARC_BASIN,144.7,18.25,,1990
2.73,7.06,15.31,50.58,0.13,0.3,1.19,1.23,0.18,9.59,6.0,302.4,178.2,34.0,67.7,41.0,120.0,31.2,70.0,2.9,5.2,16.0,,9.0,3.4,1.36,4.5,,4.9,0.7,3.5,3.0,,2.29,0.0,0.43,BACK-ARC_BASIN,-174.817,-15.619,,1992; 1997
1.92,7.31,16.1,50.75,0.095,0.098,12.3,0.89,0.17,8.76,1.26,268.0,147.0,38.8,86.0,11.8,132.0,22.1,44.1,0.62,1.44,4.74,0.92,5.12,1.88,0.72,0.52,2.88,3.56,0.8,2.27,2.36,0.36,1.31,0.051,0.065,BACK-ARC_BASIN,-176.131,-20.053,,2009
4.9,4.92,16.12,52.71,0.29,0.45,9.09,1.68,0.18,,5.2,,52.0,,15.0,99.0,383.0,33.0,190.0,7.0,10.0,29.0,,,,,,,,,,,,,,1.0,BACK-ARC_BASIN,-60.63,-62.95,,1979
2.73,7.1,15.9,50.0,0.12,0.26,12.27,1.27,0.13,8.32,5.0,,306.0,,116.0,28.0,165.0,29.0,93.0,1.0,6.0,16.0,,,,,,,,,,,,,,0.0,BACK-ARC_BASIN,137.44,29.328,,1980
2.41,7.51,14.33,51.5,0.1,0.1,11.35,1.39,0.8,,4.0,305.0,286.0,38.0,78.0,15.0,91.0,,,,,,,,,,,,,,,,,,,,BACK-ARC_BASIN,173.486,-18.124,,1991
1.14,10.51,14.45,52.3,0.06,0.2,11.68,0.6,0.18,,8.0,,945.0,,166.0,55.0,139.0,13.0,28.0,1.0,,6.0,,,,,,,,,,,,,,,BACK-ARC_BASIN,-176.775,-20.709,,1994
2.88,6.87,13.9,50.1,0.1,0.19,11.06,2.47,0.2,,5.0,316.0,93.0,43.0,42.0,25.0,114.0,,,,,,,,,,,,,,,,,,,,BACK-ARC_BASIN,173.873,-17.155,,1991
2.81,7.39,14.24,51.0,0.1,0.12,11.76,1.24,0.18,,1.3,232.0,183.0,46.0,49.0,17.0,99.0,21.0,65.0,2.45,2.47,7.3,1.19,6.34,2.29,0.85,2.89,0.61,3.93,0.85,2.44,2.35,0.39,1.6,0.27,,BACK-ARC_BASIN,173.81,-17.3203,,1991; 1994
1.96,7.44,15.53,51.14,0.065,0.103,12.41,0.83,0.17,8.77,1.33,274.0,245.0,38.8,77.0,15.2,116.0,21.3,42.3,0.56,1.36,4.63,0.86,4.94,1.79,0.69,0.5,2.76,3.36,0.76,2.17,2.2,0.34,1.19,0.047,0.073,BACK-ARC_BASIN,-176.131,-20.063,,2009
2.83,7.69,15.28,50.27,0.13,0.16,11.62,1.55,0.16,,0.5,240.0,275.0,,113.0,10.0,131.0,32.0,108.0,1.5,3.0,9.0,,,,,,,,,,,,,,,BACK-ARC_BASIN,155.419,-9.499,,1987
2.6,8.0,16.8,50.0,0.18,0.37,11.2,1.04,0.17,,,285.0,268.0,,96.0,35.0,178.0,22.0,69.0,,,,,,,,,,,,,,,,,,BACK-ARC_BASIN,139.728,30.96,,1990
2.028,7.653,15.256,50.833,0.079,0.087,12.316,1.028,0.199,9.316,1.3122,309.387,333.161,42.319,97.108,14.9819,85.547,25.374,53.6,0.753,1.671,5.637,1.042,5.896,2.122,0.81,3.26,0.587,4.035,0.898,2.588,2.598,0.406,1.488,0.059,0.086,BACK-ARC_BASIN,-176.133,-20.3105,,2013
2.81,6.88,15.47,51.38,0.13,0.31,11.14,1.16,0.19,9.56,6.4,168.0,300.0,40.0,73.0,38.0,136.0,29.9,75.5,2.41,3.52,10.18,1.66,8.46,2.87,1.0,3.63,0.71,4.6,0.98,2.9,2.97,0.44,2.05,0.18,0.35,BACK-ARC_BASIN,-174.818,-15.627,,2007
2.132,6.142,15.135,52.61,0.089,0.201,10.57,1.029,0.19,10.364,2.994,333.019,40.608,37.633,36.3268,48.5362,138.81,25.214,49.718,0.737,1.949,6.149,1.103,6.225,2.148,0.823,3.211,0.58,3.95,0.882,2.565,2.634,0.412,1.415,0.054,0.112,BACK-ARC_BASIN,-176.218,-20.8828,,2013
2.54,7.79,14.7,49.3,0.17,0.32,11.6,1.6,0.13,9.57,3.0,,234.0,,124.0,31.0,167.0,36.0,116.0,4.0,4.0,19.0,,,,1.4,,0.81,,,,,,3.07,,0.0,BACK-ARC_BASIN,137.44,29.328,,1980; 1981
1.88,7.53,15.1,50.27,0.08,0.11,13.03,0.98,0.19,9.75,1.14,,298.0,,102.8,9.11,103.28,18.14,46.8,0.71,1.46,4.76,0.91,5.37,1.71,0.63,,0.43,2.94,0.66,1.91,2.04,,,0.08,0.13,BACK-ARC_BASIN,-176.985,-19.375,,2008
2.72,5.43,13.01,50.67,0.17,0.1,10.2,1.72,0.37,,1.32,502.0,35.8,53.6,48.4,15.3,84.5,48.1,109.0,1.58,3.56,11.5,1.99,12.0,4.78,1.68,6.22,1.22,8.23,1.82,5.19,5.85,0.838,3.35,0.141,0.144,BACK-ARC_BASIN,150.563,-3.077,,1998; 2003; 2004; 2010
2.52,8.94,15.54,51.51,0.27,1.2,10.35,0.87,0.15,,23.0,241.0,488.0,,166.0,281.0,440.0,20.0,88.0,4.0,21.0,42.0,,,,,,,,,,,,,,,BACK-ARC_BASIN,143.6,21.47,,1997
2.41,6.44,13.27,50.46,0.11,0.06,10.81,1.42,0.21,,0.5,422.0,95.0,,59.0,10.0,77.0,33.0,76.0,,,,,,,,,,,,,,,,,,BACK-ARC_BASIN,150.097,-3.313,,2003
2.67,5.38,15.8,48.6,0.16,0.4,15.19,1.12,0.14,,9.0,,234.0,,57.0,28.0,183.0,28.0,86.0,4.0,2.0,11.0,,,,,,,,,,,,,,,BACK-ARC_BASIN,136.057,28.9833,,1980
3.76,5.09,18.63,49.41,0.19,0.47,9.51,1.42,0.18,,4.0,301.0,,,32.0,38.0,179.0,32.0,102.0,3.0,,,,,,,,,,,,,,,,,BACK-ARC_BASIN,-177.862,-18.568,,1994
1.96,6.13,17.13,49.74,0.16,0.23,11.77,0.96,0.18,,3.65,326.0,170.0,57.0,81.0,41.5,215.0,15.0,52.0,,,7.81,,7.08,2.22,0.84,2.7,,2.96,,1.87,1.53,0.25,,,,BACK-ARC_BASIN,139.65,32.3,,1989
2.74,5.51,15.21,52.0,0.14,0.26,10.1,1.18,0.2,10.87,,305.0,136.0,36.0,25.0,,176.0,,61.0,,,,,,,,,,,,,,,,,,BACK-ARC_BASIN,-176.635,-22.29,,1990
2.81,7.39,14.24,51.0,0.1,0.12,11.76,1.24,0.18,,3.5,232.0,183.0,46.0,49.0,45.0,118.0,,,,,,,,,,,,,,,,,,,,BACK-ARC_BASIN,173.816,-17.325,,1991
2.86,6.91,15.3,49.7,0.18,0.41,11.07,1.68,0.14,,17.0,,233.0,,79.0,49.0,168.0,39.0,124.0,5.0,5.0,16.0,,,,,,,,,,,,,,,BACK-ARC_BASIN,137.441,29.3275,,1980
2.7,7.04,16.4,49.8,0.15,0.08,12.04,1.35,0.16,9.0,0.0,,256.0,,86.0,27.0,163.0,33.0,101.0,3.0,3.0,13.0,,,,,,,,,,,,,,1.0,BACK-ARC_BASIN,137.44,29.328,,1980
6.31,6.36,16.3,52.02,1.68,3.09,3.9,2.22,0.11,6.76,44.2,55.0,56.0,25.0,56.0,1053.0,1697.0,23.0,525.0,,80.1,152.2,15.87,63.98,9.84,2.75,7.07,0.91,,0.9,2.48,2.03,0.28,9.0,8.0,14.0,BACK-ARC_BASIN,127.375,36.1,MIOCENE,1998
2.17,9.41,15.21,49.61,0.18,0.12,13.62,0.73,0.13,8.42,0.3,248.0,254.0,41.0,91.0,6.7,152.0,18.0,49.0,2.0,1.3,4.23,0.71,4.34,1.7,0.63,2.23,0.45,2.8,0.59,1.85,1.66,0.37,0.85,0.05,5.05,BACK-ARC_BASIN,-176.5,-20.1418,,1994; 1994; 1994
3.23,6.56,15.43,52.91,0.19,0.24,10.31,1.85,0.17,9.32,6.34,305.0,260.0,34.2,91.0,50.7,147.0,41.4,133.8,4.5,5.21,15.86,2.61,13.18,4.41,1.49,5.21,0.99,6.64,1.41,4.04,3.93,0.61,3.41,0.29,0.39,BACK-ARC_BASIN,-29.5,-56.499,,2000
1.24,7.65,18.16,48.69,0.05,0.09,13.62,0.56,0.18,,1.6,,,,32.7,27.2,158.6,9.6,14.3,0.5,,,,,,,,,,,,,,,,,BACK-ARC_BASIN,140.3,30.5,,2007
2.078,7.579,15.338,50.486,0.063,0.084,12.21,0.965,0.173,9.319,1.3206,295.23,337.754,42.825,105.387,15.081,88.678,25.032,52.345,0.729,1.63,5.531,1.016,5.811,2.107,0.787,3.227,0.585,3.998,0.882,2.534,2.557,0.403,1.459,0.057,0.082,BACK-ARC_BASIN,-176.143,-20.3332,,2013
3.14,6.2,15.33,52.29,0.23,0.28,9.22,2.08,,,3.43,,,,,41.0,203.0,40.41,180.0,4.1,7.1,20.25,3.36,17.6,5.12,1.78,6.18,,6.99,,3.94,3.67,0.57,4.32,0.28,0.64,BACK-ARC_BASIN,156.546,-8.606,,2020
2.13,7.66,16.13,50.45,0.08,0.23,12.39,0.96,0.16,,2.4,278.0,192.0,43.0,64.0,27.6,127.0,21.8,44.4,0.52,2.0,5.15,0.94,5.07,1.97,0.76,2.69,0.49,3.27,0.71,2.01,1.97,0.29,1.12,0.03,0.11,BACK-ARC_BASIN,-177.303,-18.501,,1994
1.51314641132674,7.14553882070111,15.7873923071031,52.3300205991564,0.101007650364015,0.43358907164604,12.1470824675535,0.527037844226246,0.151365866077846,8.22826975232472,7.76038477167075,271.588093366501,404.585463252148,40.0212376916552,146.950563946587,75.6877415051358,170.121745781956,11.971785160703,23.6603168906802,1.08427791652424,2.4641157438917,5.98122007351449,0.927212708771948,4.65611034985192,1.31730006848776,0.510256586700894,1.71428036080117,0.293100956736493,1.93178739958046,0.41475927817408,1.21827393582558,1.2467205505573,0.20003874605585,0.658764196523039,0.0735780236460042,0.268970961715287,BACK-ARC_BASIN,-174.542,-16.492,,2012
2.57,4.88,13.1,50.5,0.42,0.79,9.34,4.07,0.16,,12.0,,54.0,,41.0,206.0,398.0,36.0,270.0,31.0,28.0,66.0,,,,,,,,,,,,,,4.0,BACK-ARC_BASIN,132.775,24.7007,,1980
1.95,7.52,16.63,50.27,0.13,0.24,12.76,1.14,0.17,,4.0,,161.0,,67.0,40.0,135.0,23.0,46.0,0.0,,6.0,,,,,,,,,,,,,,,BACK-ARC_BASIN,-177.303,-18.501,,1994
3.4,8.8,18.06,47.86,0.09,0.13,10.3,0.88,0.19,,1.0,183.0,272.0,,143.0,26.0,189.0,20.0,61.0,1.0,,5.0,,,,,,,,,,,,,,,BACK-ARC_BASIN,134.536,38.616,,1992
3.24,6.33,16.1,49.23,0.25,0.7,10.71,1.72,,,14.93,,,,,152.0,234.0,34.14,145.0,18.43,13.6,30.45,3.97,18.04,4.73,1.66,5.65,,5.9,,3.76,3.68,0.48,3.37,1.13,1.66,BACK-ARC_BASIN,170.31,-19.592,,2020
3.79,4.56,18.24,51.63,0.31,0.62,9.11,1.15,0.17,9.3,52.5,136.0,87.0,29.0,25.0,300.0,447.7,25.0,127.0,,9.4,20.7,3.82,16.69,4.46,1.38,5.0,0.74,,0.95,2.87,2.42,0.3,3.0,,3.0,BACK-ARC_BASIN,127.375,36.1,MIOCENE,1998
2.22,5.33,15.44,52.06,0.11,0.3,10.72,1.14,0.2,,5.0,,19.0,,28.0,53.0,153.0,26.0,57.0,1.0,,13.0,,,,,,,,,,,,,,,BACK-ARC_BASIN,-176.5,-20.142,,1994
2.7,5.38,17.1,50.1,0.19,0.48,12.95,1.21,0.15,8.54,8.0,,58.0,,50.0,39.0,210.0,31.0,87.0,3.0,5.0,15.0,,,,,,,,,,,,,,0.0,BACK-ARC_BASIN,136.057,28.984,,1980
2.47,9.56,15.9,48.7,0.11,0.07,11.06,1.11,0.15,,2.0,,324.0,,183.0,19.0,140.0,25.0,80.0,,5.0,11.0,,,,1.09,,0.58,,,,,,1.93,,4.0,BACK-ARC_BASIN,137.441,29.3275,,1980; 1980
2.97,7.51,15.88,49.84,0.13,0.17,11.59,1.34,0.14,,2.2,206.0,303.0,,128.0,10.0,145.0,27.0,96.0,1.0,4.0,8.0,,,,,,,,,,,,,,,BACK-ARC_BASIN,156.685,-9.0967,,1987
2.86,7.28,17.8,48.5,0.11,0.093,11.8,1.01,0.19,7.73,0.711,,,40.3,86.3,22.0,226.0,18.6,65.9,1.44,2.52,7.48,1.27,6.8,2.27,0.965,3.03,0.543,3.49,0.738,2.14,2.0,0.292,1.74,0.102,0.108,BACK-ARC_BASIN,134.536,38.616,MIOCENE,2015
2.7,7.18,16.6,49.8,0.2,0.46,10.8,1.17,0.19,,,337.0,178.0,,73.0,41.0,245.0,24.0,72.0,,,10.3,,9.0,2.7,1.1,3.5,,3.7,,2.2,2.1,,,,,BACK-ARC_BASIN,139.915,31.122,,1990
2.73,7.18,14.56,52.53,0.07,0.14,11.37,1.11,,,1.79,,,,,25.0,148.0,23.32,66.0,1.13,2.42,7.19,1.29,7.55,2.58,1.02,3.39,,4.0,,2.35,2.18,0.33,2.05,0.09,0.39,BACK-ARC_BASIN,156.546,-8.606,,2020
2.4,6.8,13.8,50.8,0.08,0.06,11.3,1.2,0.22,,,,84.0,,,6.8,60.0,28.0,19.4,0.87,1.4,4.8,,5.9,2.3,2.2,2.5,,3.7,,2.9,2.1,,1.4,,0.06,BACK-ARC_BASIN,150.455,-3.065,,2012
2.4,9.1,15.86,49.0,0.09,0.15,11.27,1.51,0.18,10.59,3.27,222.0,354.0,48.7,176.0,27.6,175.0,17.3,78.8,4.66,5.01,13.3,2.09,9.86,2.78,0.975,3.28,0.53,3.3,0.706,1.84,1.65,0.237,2.1,0.316,0.357,BACK-ARC_BASIN,-176.195,-14.938,,2012
2.62,6.97,16.82,50.51,0.15,0.24,12.6,1.41,0.16,,6.0,,170.0,,71.0,38.0,169.0,26.0,83.0,1.0,,4.0,,,,,,,,,,,,,,,BACK-ARC_BASIN,-177.862,-18.568,,1994
2.69,7.69,14.79,49.75,0.15,0.16,11.39,1.89,0.18,,3.5,289.0,265.0,40.0,103.0,20.0,118.0,,,,,,,,,,,,,,,,,,,,BACK-ARC_BASIN,173.458,-19.27,,1991
3.58,5.73,15.86,51.09,0.2,0.33,10.74,1.75,0.17,9.32,5.0,,87.0,,36.0,43.0,180.0,39.0,147.0,2.0,,16.0,,,,,,,,,,,,,,,BACK-ARC_BASIN,-177.856,-18.5675,,1994
4.61,5.99,18.46,49.86,1.56,3.58,6.31,1.9,0.14,6.69,67.0,82.0,48.0,23.0,44.0,556.0,1547.0,26.0,275.0,,93.2,168.0,,57.0,9.0,2.9,,0.0,,,,2.3,0.35,8.8,6.0,13.0,BACK-ARC_BASIN,127.375,36.1,MIOCENE,1998
0.99,9.78,15.75,50.42,0.02,0.01,14.67,0.34,0.16,8.59,0.153,252.0,670.0,75.0,271.0,1.16,12.0,11.0,7.0,3.0,,,,,,,,,,,,,,,,,BACK-ARC_BASIN,-177.472,-16.393,,1977
1.86,7.35,15.66,50.82,0.08,0.08,12.66,0.9,0.2,8.87,0.91,,249.0,,84.1,7.59,93.41,19.98,42.1,0.62,1.14,3.88,0.73,4.12,1.45,0.54,,0.37,2.74,0.59,1.7,1.73,,,0.04,,BACK-ARC_BASIN,-176.077,-19.9433,,2008
3.09,6.55,16.92,51.57,0.18,0.48,10.57,1.27,,7.34,8.3,240.0,205.0,33.4,131.0,88.0,262.0,29.0,104.6,6.69,8.36,18.83,2.7,12.39,3.62,1.22,4.4,0.74,4.72,0.98,2.81,2.77,0.43,2.59,0.424,1.0,BACK-ARC_BASIN,144.3,19.83,,2003; 2005
2.9,8.41,17.97,46.22,0.2,0.0,10.02,1.08,0.14,,118.0,165.0,243.0,59.0,232.0,10.0,191.0,,66.0,,,,,,,,,,,,,,,,,,BACK-ARC_BASIN,117.0,15.3923,,2015
1.71,8.45,16.02,51.2,0.06,0.11,12.47,0.69,0.15,7.59,3.0,294.0,324.0,31.0,98.0,,124.0,,,,,,,,,,,,,,,,,,,,BACK-ARC_BASIN,-176.133,-20.057,,1994
3.31,7.11,15.34,51.04,0.13,0.06,11.81,1.58,,9.89,0.54,,,,,5.45,99.8,,,,2.0,7.82,,8.91,3.27,1.23,4.39,,5.38,,3.31,3.2,,,,,BACK-ARC_BASIN,144.46,14.999,,1996; 2001
2.85,5.7,16.6,51.0,0.14,0.24,11.8,1.28,0.15,,3.18,231.0,301.0,48.4,137.0,35.2,191.0,30.6,104.0,6.39,5.57,14.6,2.2,11.2,3.56,1.27,4.28,0.75,5.25,1.18,3.19,3.06,0.453,2.56,0.4,0.54,BACK-ARC_BASIN,115.047,12.9196,,2018
2.87,7.13,14.1,51.4,0.1,0.22,11.06,1.58,0.19,,5.0,300.0,126.0,41.0,51.0,35.0,128.0,35.4,84.0,2.2,5.6,,,12.5,,1.02,,,5.5,,3.1,3.36,,,,,BACK-ARC_BASIN,173.917,-16.9778,,1991; 1994
3.05,8.15,17.75,46.35,0.22,0.2,10.74,1.2,0.14,,157.0,191.0,257.0,70.0,175.0,24.0,168.0,,85.0,,,,,,,,,,,,,,,,,,BACK-ARC_BASIN,117.0,15.3923,,2015
2.58,7.97,15.99,50.0,0.1,0.39,12.18,1.61,0.16,,7.0,249.0,305.0,43.0,114.0,64.0,181.0,30.0,93.0,7.6,5.8,,,12.0,,1.15,,,4.8,,3.0,2.75,,,,,BACK-ARC_BASIN,173.518,-16.3128,,1991; 1994
2.85,6.27,16.13,52.95,0.17,0.23,10.41,1.41,0.15,8.3,4.59,228.0,353.0,33.3,114.0,62.0,185.0,25.3,89.3,5.5,5.12,13.53,2.03,9.6,2.96,1.07,3.5,0.63,4.12,0.86,2.44,2.38,0.37,2.19,0.35,0.48,BACK-ARC_BASIN,-29.5,-56.252,,2000
2.55,6.45,15.76,52.13,0.08,0.2,11.31,1.01,0.14,10.38,3.53,,,,,41.0,138.0,23.9,40.4,0.59,1.94,5.71,1.02,5.44,2.25,0.88,3.25,0.58,3.87,0.82,2.51,2.25,0.43,1.35,0.53,0.14,BACK-ARC_BASIN,-177.303,-18.5008,,1994
2.24,7.61,14.72,50.2,0.07,0.04,12.3,1.1,0.19,,0.771,323.0,165.0,44.0,72.0,8.04,73.9,34.0,60.0,1.16,1.22,3.96,0.749,4.1,1.51,0.654,2.87,0.654,,1.0,3.19,3.11,0.453,,,0.085,BACK-ARC_BASIN,-176.531,-18.7875,,1992; 1990
2.18,9.21,16.46,48.97,0.14,0.02,13.1,0.71,0.12,,1.0,168.0,,,127.0,17.0,175.0,20.0,48.0,2.0,,,,,,,,,,,,,,,,,BACK-ARC_BASIN,-176.5,-20.142,,1994
2.719,6.3908,18.8534,48.4157,0.0875,0.2269,12.2903,0.9217,0.1135,7.68,4.33531185965751,188.608175888427,368.980536306232,,,6.01177224252734,129.860989742674,23.0644706267554,54.165894792346,1.37702315776461,2.01401013945577,6.18784500128212,1.00454340372039,6.20579224508013,2.53955107012626,1.07564324855208,3.92644207392781,0.694419093228874,4.50985181053803,0.943086427670882,2.74571053940703,2.3563019474863,0.390751476120495,1.45769485794706,0.160769229568599,0.164375517393879,BACK-ARC_BASIN,139.748,21.566,NEOGENE,2010
3.05,9.07,15.01,47.89,0.51,1.53,10.52,1.86,0.16,9.41,40.6,231.0,428.0,,155.0,743.0,681.0,24.7,152.0,37.66,45.6,84.1,9.57,36.3,7.13,2.27,6.4,0.95,5.24,0.96,2.47,1.97,0.29,3.85,2.22,6.03,BACK-ARC_BASIN,173.867,-14.6509,,2016
2.21,6.42,15.81,52.5,0.08,0.13,11.07,1.02,0.18,9.45,5.0,394.0,111.0,38.0,55.0,,151.0,,,,,,,,,,,,,,,,,,,,BACK-ARC_BASIN,-176.143,-20.583,CENOZOIC,1987; 1994
2.66,7.43,16.02,49.1,0.2,0.31,12.13,1.61,0.15,,5.0,237.0,303.0,46.0,119.0,45.0,191.0,,,,,,,,,,,,,,,,,,,,BACK-ARC_BASIN,173.535,-16.308,,1991
2.27,8.06,14.56,50.55,0.065,0.039,12.52,0.97,0.19,9.77,0.67,276.0,339.0,42.9,81.0,6.6,68.0,26.0,48.7,0.84,1.41,4.91,0.92,5.36,2.07,0.77,0.59,3.23,4.1,0.94,2.65,2.64,0.42,1.4,0.067,0.074,BACK-ARC_BASIN,-175.961,-19.381,,2009
2.11,7.7,16.06,50.84,0.08,0.23,12.68,0.6,0.14,,3.0,230.0,224.0,,93.0,40.0,169.0,14.0,33.0,0.6,,,,,,,,,,,,,,,,,BACK-ARC_BASIN,150.693,-3.813,,2003
1.45,7.43,14.88,52.57,,0.42,12.19,0.44,,7.56,6.9,244.0,184.0,36.0,75.0,67.0,139.0,9.7,17.0,0.87,2.1,5.0,0.78,3.9,1.3,0.46,1.6,,1.8,,1.3,1.3,0.19,0.58,0.057,0.23,BACK-ARC_BASIN,-174.633,-16.483,,2008
2.59,7.91,14.99,49.76,0.09,0.06,12.1,1.25,0.19,,0.0,230.0,300.0,39.0,110.0,12.0,70.0,27.0,60.0,,3.4,12.0,,8.0,2.9,1.29,4.2,,4.8,0.73,3.6,2.6,,,,,BACK-ARC_BASIN,-176.426,-18.603,,1997
3.07,6.71,15.34,49.54,0.21,0.21,10.75,2.07,0.2,10.51,3.52,,,,,37.3,157.5,51.8,141.1,4.78,5.82,16.1,2.52,14.0,5.26,1.86,6.75,1.25,8.07,1.7,4.69,4.15,0.64,3.64,0.35,0.42,BACK-ARC_BASIN,-178.495,-15.658,,1993; 2014
2.69,6.53,15.5,51.34,0.12,0.26,11.39,1.17,0.18,9.76,6.2,291.2,56.2,,45.6,73.0,139.7,32.2,84.1,1.9,,,,,,,,,,,,,,,,,BACK-ARC_BASIN,-174.817,-15.615,,1992; 1993
2.85,7.25,13.01,48.39,0.11,0.32,10.92,1.29,0.19,,14.4,350.0,,,,16.0,116.0,22.3,62.0,3.2,3.1,10.3,1.49,7.9,2.74,1.02,3.68,0.62,3.93,0.88,2.69,2.49,0.37,1.98,0.24,0.23,BACK-ARC_BASIN,137.969,8.841,,2025
2.5898625,6.884075,14.176875,50.2555125,0.1375625,0.1354625,11.910725,1.64485,0.2053625,11.9355875,3.32014312634761,410.541949705591,98.2181281653692,46.4411775113624,63.0684355260406,25.9776668802333,79.3252271223547,39.087945500675,89.7333955039682,3.32978215797813,3.27880229610043,9.56716340780483,1.61251749460756,9.37203658822926,3.54723602105646,1.22064911563572,5.35291140482384,0.941670995450748,6.46425024343957,1.41937428221626,4.01334984213605,3.89493825412858,0.599915192871343,2.57521130481612,0.260991677388918,0.281779323300668,BACK-ARC_BASIN,-177.28,-15.8,,2012
2.73,6.97,15.6,49.8,0.15,0.26,12.88,1.16,0.13,8.14,7.0,,277.0,,71.0,37.0,152.0,27.0,86.0,2.0,3.0,8.0,,,,,,,,,,,,,,0.0,BACK-ARC_BASIN,136.057,28.984,,1980
2.33,7.52,14.33,51.3,0.08,0.11,11.36,1.48,0.18,,3.5,320.0,282.0,43.0,75.0,10.0,93.0,,,,,,,,,,,,,,,,,,,,BACK-ARC_BASIN,173.491,-18.1488,,1991
2.94,6.41,13.66,51.0,0.12,0.19,10.53,1.62,0.21,,5.0,266.0,116.0,46.0,42.0,49.0,118.0,,,,,,,,,,,,,,,,,,,,BACK-ARC_BASIN,173.816,-17.325,,1991
3.27,6.64,15.9,49.5,0.14,0.29,12.42,1.18,0.12,,6.0,,216.0,,53.0,26.0,184.0,28.0,90.0,2.0,2.0,14.0,,,,1.14,,0.67,,,,,,2.12,,0.21,BACK-ARC_BASIN,136.057,28.9833,,1980; 1980
2.31,7.82,14.38,50.3,0.1,0.09,11.72,1.48,0.19,,3.0,305.0,273.0,42.0,98.0,30.0,83.0,,,,,,,,,,,,,,,,,,,,BACK-ARC_BASIN,173.492,-18.812,,1991
2.39,6.65,14.98,47.3,0.08,0.51,10.23,1.11,0.15,,20.9,254.0,,,,22.0,115.0,16.8,117.0,3.3,3.3,13.0,1.32,13.9,2.3,0.88,2.96,0.52,3.3,0.65,1.81,1.71,0.24,1.77,0.27,0.23,BACK-ARC_BASIN,140.952,9.0197,,2025
4.06,7.48,16.65,48.23,0.21,0.13,11.62,1.16,0.12,7.83,1.0,178.0,264.0,46.0,93.0,22.0,169.0,27.0,101.0,1.0,2.91,9.1,1.48,8.24,2.81,1.06,3.71,0.65,3.84,0.86,2.57,2.1,0.43,1.75,0.12,0.07,BACK-ARC_BASIN,-177.856,-18.5675,,1994; 1994; 1994
2.35,6.62,16.92,49.43,0.1,0.3,14.15,0.61,0.1,,6.01,212.0,271.0,,50.4,9.5,341.0,15.1,30.7,0.33,2.7,6.83,1.18,6.3,1.81,0.71,2.25,0.39,2.5,0.53,1.5,1.33,0.2,0.88,0.032,0.13,BACK-ARC_BASIN,137.954,27.988,,2009
2.55,10.04,15.87,50.66,0.19,0.66,10.79,0.89,0.15,7.54,14.0,219.0,530.0,43.0,240.0,124.0,293.0,19.0,66.0,3.8,9.88,20.2,2.4,10.5,2.98,1.08,3.06,0.53,3.37,0.72,2.07,1.9,0.287,1.8,0.21,1.04,BACK-ARC_BASIN,143.214,21.609,,2016
2.64,8.07,16.8,50.65,0.13,0.14,11.68,1.13,0.13,7.95,1.0,,146.0,,80.0,41.0,180.0,26.0,96.0,1.0,,12.0,,,,,,,,,,,,,,,BACK-ARC_BASIN,-177.862,-18.5676,,1994
2.61,5.95,14.85,51.76,0.12,0.26,11.05,1.08,0.18,,2.5,343.0,63.0,,52.0,36.0,165.0,24.0,61.0,1.2,,,,,,,,,,,,,,,,,BACK-ARC_BASIN,150.128,-3.248,,1998; 2003; 2004
2.1,8.51,16.67,49.08,0.52,0.13,10.92,0.96,,9.62,2.0,,,,59.0,57.0,228.0,23.0,45.0,1.1,2.4,,,,,,,,,,,,,,,,BACK-ARC_BASIN,139.87,30.916,,1992
2.34,5.89,16.42,52.13,0.16,0.22,11.05,1.08,0.19,11.04,5.0,350.0,,,28.0,30.0,146.0,26.0,59.0,2.0,,,,,,,,,,,,,,,,,BACK-ARC_BASIN,-176.5,-20.1418,,1994
2.6,7.32,15.93,49.68,0.22,0.42,12.21,0.99,0.18,,12.4,320.1,288.0,,79.3,,291.9,23.0,71.1,,,,,9.5,2.7,,,,,,,,,,,,BACK-ARC_BASIN,127.12,27.57,,1991
2.85,7.22,16.09,48.77,0.17,0.32,12.36,1.6,0.2,10.34,,,,,,,,,,,4.6,12.3,,8.2,2.5,0.9,3.2,,3.2,,2.3,2.2,,,,,BACK-ARC_BASIN,-176.628,-15.165,,1985; 1992
2.4,6.93,17.24,51.37,0.13,0.28,11.82,0.89,,7.01,5.11,,,,,71.2,203.0,,,,4.57,9.36,,7.07,2.23,0.855,3.02,,3.43,,2.18,2.07,,,,,BACK-ARC_BASIN,144.85,16.534,,1996
3.24,8.76,18.1,49.2,0.14,0.27,9.24,1.11,0.12,,0.0,,221.0,35.0,,,210.0,28.0,90.0,,5.2,12.2,,,2.2,0.98,,0.0,3.5,,,2.3,0.3,1.5,0.0,0.0,BACK-ARC_BASIN,12.993,39.728,MIOCENE,1977
2.31,7.28,13.83,50.23,0.1,0.06,11.25,1.33,0.22,,,350.0,230.0,40.0,88.0,12.0,70.0,27.0,70.0,1.4,2.6,9.0,,7.8,2.4,0.82,4.4,,4.8,1.3,3.3,2.4,,,,,BACK-ARC_BASIN,150.035,-3.3702,,1997; 1997
2.67,8.39,15.9,49.7,0.12,0.1,11.32,1.27,0.15,,1.0,,308.0,,94.0,32.0,146.0,30.0,89.0,2.0,3.0,9.0,,,,,,,,,,,,,,,BACK-ARC_BASIN,137.441,29.3275,,1980
2.61,9.16,15.8,48.8,0.12,0.06,10.9,1.18,0.15,8.2,0.0,,293.0,,122.0,23.0,142.0,26.0,85.0,1.0,2.0,13.0,,,,,,,,,,,,,,1.0,BACK-ARC_BASIN,137.44,29.328,,1980
1.86,7.35,15.66,50.82,0.08,0.08,12.66,0.9,0.2,8.87,0.91,,249.0,,84.1,7.59,93.41,19.98,42.1,0.62,1.14,3.88,0.73,4.12,1.45,0.54,,0.37,2.74,0.59,1.7,1.73,,,0.04,,BACK-ARC_BASIN,-176.077,-19.943,,2008
1.79,7.65,16.43,50.14,0.12,0.24,12.58,1.15,0.17,,4.0,,170.0,,69.0,41.0,135.0,23.0,45.0,1.0,,9.0,,,,,,,,,,,,,,,BACK-ARC_BASIN,-177.303,-18.501,,1994
2.17,9.41,15.21,49.61,0.18,0.12,13.62,0.73,0.13,,0.62,,291.0,44.0,91.0,6.7,148.0,17.8,33.2,0.35,1.3,4.23,0.71,4.34,1.7,0.63,2.23,0.45,2.8,0.59,1.85,1.66,0.37,0.85,0.05,5.05,BACK-ARC_BASIN,-176.5,-20.142,,1994; 2007
2.73,6.3,17.06,51.22,0.17,0.51,11.33,1.07,,8.04,10.4,264.0,249.0,31.7,72.0,103.0,284.0,24.4,74.8,3.3,6.48,14.64,2.27,10.6,3.11,1.08,3.6,0.62,4.01,0.82,2.38,2.29,0.37,1.83,0.212,0.778,BACK-ARC_BASIN,144.857,16.4085,,1996; 2005
3.64,6.07,17.55,48.57,0.16,0.4,11.13,1.54,0.16,,4.0,244.0,239.0,,79.0,18.61,169.0,43.0,130.0,,,,,,,,,,,,,,,,,,BACK-ARC_BASIN,144.783,18.11,,1985
2.3,7.76,15.66,49.8,0.1,0.07,12.09,1.41,0.2,,2.0,250.0,267.0,39.0,72.0,60.0,118.0,,,,,,,,,,,,,,,,,,,,BACK-ARC_BASIN,174.177,-21.175,,1991
2.69,6.53,15.5,51.34,0.12,0.26,11.39,1.17,0.2,,8.37,283.0,,,,49.2,141.0,27.8,72.0,2.83,4.61,12.7,1.93,9.22,3.17,1.11,4.13,,5.15,,3.13,3.13,0.48,1.95,0.18,0.37,BACK-ARC_BASIN,-174.817,-15.615,,1993; 2003; 2020
1.4,5.78,14.83,49.55,0.08,0.96,10.77,0.49,0.17,13.54,16.0,197.0,128.0,38.0,39.0,56.0,168.0,17.9,33.0,0.8,1.25,4.6,,4.24,1.51,0.57,,0.33,,,,2.3,,0.77,0.021,0.18,BACK-ARC_BASIN,-176.68,-22.17,,1990; 1990
2.76,6.63,16.5,50.0,0.15,0.29,12.49,1.23,0.13,8.16,5.0,,247.0,,57.0,24.0,186.0,29.0,89.0,1.0,2.9,16.0,,,,1.16,,0.7,,,,,,2.2,,0.0,BACK-ARC_BASIN,136.057,28.984,,1980; 1981
2.62,6.27,16.21,49.54,0.19,0.32,11.11,1.33,0.2,9.86,4.78,342.5,48.0,43.5,24.5,35.66,280.0,26.9,80.9,1.51,4.5,12.71,2.14,10.71,3.32,1.21,4.03,0.69,4.29,0.94,2.61,2.38,0.35,1.87,0.12,0.35,BACK-ARC_BASIN,139.63,31.46,,2010
3.34,7.98,16.42,49.03,0.52,1.23,9.72,2.42,0.16,,20.0,364.0,286.0,,145.0,333.0,406.0,29.0,196.0,46.0,26.6,53.5,6.52,27.5,5.3,1.51,5.61,,5.66,,2.96,2.34,,,,2.0,BACK-ARC_BASIN,173.588,-16.358,,1990
2.34087852671686,8.07184888113921,15.3273719324558,49.7414227608305,0.110141479099678,0.117732605729877,12.2749044605764,1.18667006689839,0.160368989205103,10.0448100711278,3.06016207768925,294.831346108604,327.124746860468,48.8078953808698,122.32749035837,38.1748939109331,131.598010719305,31.5935490991566,91.1153565630431,5.94859003606421,4.5845184633127,12.1759021828527,2.00696389388173,10.5261564438352,3.41993961092911,1.17903832493731,4.38290738447943,0.763712751468514,5.13906018864092,1.07816689445828,3.31126573592621,3.41597524319687,0.481010029469609,2.50270264016521,0.322349827935659,0.586733311062402,BACK-ARC_BASIN,-177.52,-15.99,,2012; 2015
2.2,7.64,16.21,49.63,0.07,0.07,12.95,0.97,0.18,8.89,4.09,,282.0,,152.4,11.89,115.5,20.5,47.3,0.6,0.59,1.59,0.27,1.41,0.45,0.19,,0.12,0.97,0.23,0.7,0.8,,,0.1,,BACK-ARC_BASIN,-176.067,-20.1633,,2008
3.1,6.56,15.92,50.48,0.29,0.66,10.92,2.03,0.14,9.9,17.0,,,,,205.9,240.5,38.2,154.4,25.0,18.9,37.2,4.48,19.7,5.42,1.82,5.95,1.01,6.18,1.24,3.33,2.87,0.44,3.75,1.65,2.3,BACK-ARC_BASIN,174.477,-13.543,,1993; 2014
2.59,7.84,17.67,49.96,0.12,0.05,12.15,1.25,0.13,,0.0,,285.0,,96.0,15.0,168.0,25.0,99.0,1.0,,8.0,,,,,,,,,,,,,,,BACK-ARC_BASIN,-177.862,-18.568,,1994
2.74384869494647,7.38957706824683,15.820247266651,50.4086046795746,0.114117188506691,0.320814612012994,13.0454333608624,0.980132530314645,0.145665911560801,9.03155868732361,8.42428834142265,278.376993971825,57.6488605912438,38.7595896927841,54.0927288430398,104.272129170299,197.276036663759,17.7534237353597,52.8783730562671,1.12042280629749,3.63976397175951,9.40729689681851,1.49459725821835,7.61367084116994,2.36286347552285,0.879150398693747,2.87399925363841,0.468084249198189,3.1850824198444,0.651892189559659,1.88392127805419,1.80651459633868,0.264992661417851,1.37187765300221,0.071848591442576,0.474318387469363,BACK-ARC_BASIN,179.234,-34.46,,2021
2.67,6.72,16.4,50.0,0.21,0.24,11.86,1.47,0.17,,3.0,,234.0,,62.0,54.0,159.0,36.0,123.0,8.0,8.0,19.0,,,,,,,,,,,,,,2.0,BACK-ARC_BASIN,137.684,28.6375,,1980
2.59,7.07,16.1,49.4,0.11,0.21,13.06,1.21,0.15,,5.0,,302.0,,108.0,34.0,167.0,28.0,89.0,,2.0,12.0,,,,,,,,,,,,,,,BACK-ARC_BASIN,137.441,29.3275,,1980
2.23,8.35,15.9,50.21,0.08,0.22,12.35,0.68,0.15,,1.8,247.0,257.0,45.0,122.0,37.0,220.0,16.0,33.0,0.7,1.7,5.0,,,1.75,0.68,2.2,,,,,1.86,0.31,0.7,,2.0,BACK-ARC_BASIN,150.502,-3.84,,1998; 2003; 2004
2.31767431733648,7.51974891020052,14.3764371234258,49.7322092562533,0.087588424437299,0.0594884038199181,12.3735432488993,1.34901371155089,0.208278402657205,11.8967441591344,1.48657610797189,382.685817314854,239.42923386172,52.4962519329376,84.038976832603,16.2558928870519,76.7063572358786,31.1961425907467,58.1880555412642,2.41870309635009,2.32450559568279,6.95785337842165,1.30406828691988,7.65782230611738,2.92145174507877,1.10236609221823,4.27339975573357,0.745508139518191,5.07580624880327,1.10739810571568,3.32946870166282,3.38174997128612,0.475379468889874,1.88173619022807,0.134473339397641,0.201142227001028,BACK-ARC_BASIN,-177.32,-15.84,,2012; 2018
3.62,7.21,15.78,51.3,0.34,0.3,11.32,1.53,0.18,8.83,4.48,,190.0,35.7,63.1,51.7,185.0,25.6,82.0,4.49,5.82,15.0,2.27,11.3,3.49,1.29,4.4,0.775,5.04,1.06,3.19,2.9,0.42,2.92,0.304,0.319,BACK-ARC_BASIN,-29.967,-60.071,,2002
2.99,6.29,16.23,49.8,0.28,0.81,10.76,2.16,0.13,8.79,11.3,280.0,372.0,,188.0,238.0,270.0,34.6,169.1,29.0,21.9,42.6,5.12,21.8,5.11,1.87,5.78,0.96,5.64,1.14,3.03,2.55,0.39,3.99,1.96,2.73,BACK-ARC_BASIN,171.973,-13.518,,1989; 1990; 1993; 2014
2.5,6.35,13.2,49.3,0.34,0.42,9.99,3.6,0.16,,2.0,,135.0,,72.0,133.0,373.0,32.0,202.0,24.0,20.0,41.0,,,,2.45,,,,,,0.98,,5.0,,2.0,BACK-ARC_BASIN,132.775,24.7007,,1980; 1980
3.32,8.91,16.79,49.82,0.16,0.21,10.93,1.26,0.15,7.85,3.0,205.0,290.0,33.0,150.0,45.0,240.0,27.8,119.0,3.6,5.22,14.2,1.97,10.4,3.35,1.3,3.9,0.72,4.65,0.99,2.98,2.76,0.408,2.4,0.17,0.33,BACK-ARC_BASIN,143.947,20.411,,2016
2.51,7.92,15.24,49.3,0.14,0.2,11.62,1.46,0.18,,,296.0,253.0,44.0,96.0,58.0,128.0,37.0,90.0,5.0,,,,,,,,,,,,,,,,,BACK-ARC_BASIN,-176.427,-18.6123,,1990
2.73,5.17,13.32,51.71,0.36,0.62,9.04,2.77,0.23,,13.0,329.0,51.0,,31.0,158.0,251.0,40.0,183.0,21.0,14.1,34.4,4.53,23.4,6.83,2.65,7.91,,7.98,,4.35,3.55,,,,6.0,BACK-ARC_BASIN,173.94,-13.285,,1990
2.96,7.01,13.52,50.16,0.12,0.08,11.36,1.53,0.23,12.94,,354.0,248.0,52.0,53.0,,108.0,,65.0,,,,,,,,,,,,,,,,,,BACK-ARC_BASIN,-176.557,-18.8605,,1990
2.74,5.51,15.21,52.0,0.14,0.26,10.1,1.18,0.2,10.87,,305.0,136.0,36.0,25.0,,176.0,,61.0,,,,,,,,,,,,,,,,,,BACK-ARC_BASIN,-176.608,-22.2235,,1990
2.102,8.419,15.133,50.224,0.063,0.037,12.723,1.016,0.174,9.691,0.5487,287.13,376.902,46.634,103.394,6.6946,79.489,26.771,53.0,0.781,1.612,5.52,1.019,5.842,2.15,0.837,3.397,0.621,4.253,0.946,2.718,2.725,0.426,1.499,0.061,0.084,BACK-ARC_BASIN,-176.118,-20.2851,,2013
2.61,7.35,16.6,49.7,0.19,0.23,11.73,1.33,0.17,,2.0,,277.0,,95.0,63.0,159.0,33.0,117.0,6.0,6.0,15.0,,,,,,,,,,,,,,,BACK-ARC_BASIN,137.684,28.6375,,1980
2.53,7.85,14.51,50.0,0.1,0.08,12.06,1.54,0.18,,2.0,285.0,277.0,44.0,90.0,20.0,112.0,,,,,,,,,,,,,,,,,,,,BACK-ARC_BASIN,173.371,-19.959,,1991
2.84,8.35,17.01,50.48,0.11,0.19,11.24,1.09,0.13,,0.63,213.0,210.0,37.0,92.0,258.0,154.0,21.3,82.5,2.48,3.04,9.3,1.66,7.99,2.68,1.06,3.48,0.71,4.19,0.94,2.77,2.38,0.42,2.03,0.08,0.18,BACK-ARC_BASIN,-177.856,-18.5675,,1994
3.08,5.06,17.51,49.78,0.15,0.26,12.71,1.4,0.15,8.47,5.0,,267.0,,53.0,41.0,245.0,28.0,120.0,2.0,,22.0,,,,,,,,,,,,,,,BACK-ARC_BASIN,-177.862,-18.5676,,1994
2.15,7.68,16.82,49.2,0.16,0.42,11.33,0.96,0.16,,8.8,289.0,246.0,41.0,83.0,75.0,249.0,21.1,58.0,3.5,5.51,13.22,1.92,9.2,2.66,1.03,3.1,0.54,3.44,0.73,2.11,1.97,0.31,1.48,0.23,0.67,BACK-ARC_BASIN,127.118,27.5768,,1999
4.03,5.66,15.03,51.05,0.19,0.45,10.68,1.83,,10.01,2.88,,,,,35.4,217.0,,,,6.68,17.5,,13.4,3.93,1.56,4.96,,5.59,,3.4,3.21,,,,,BACK-ARC_BASIN,144.497,15.085,,1996
2.65236,7.20226,15.66606,49.9357,0.194,0.37766,11.9576,1.56062,0.18854,9.56522,10.2132941391901,263.14210160578,230.233382772445,40.0564512451641,92.1555780101938,95.4031958848848,185.26518774,32.2579323237167,106.008884740632,9.21777755823726,9.91588020819544,19.3347140995091,2.86528718043636,13.7224116425813,3.54886940186922,1.28826306591161,5.2115238500531,0.858257156986791,5.44837034167971,1.1561587243092,2.80031602096637,2.69884448099682,0.480137602262526,2.63750727738712,0.56271755210399,1.05035159532055,BACK-ARC_BASIN,-175.97,-14.69,,2012
2.51,4.99,16.87,48.03,0.12,0.29,12.07,1.59,0.29,,5.0,386.0,344.0,,172.0,12.0,124.0,33.0,91.0,2.0,5.1,11.0,,10.0,3.8,1.39,,1.0,,,,3.65,0.54,,,0.2,BACK-ARC_BASIN,123.504,4.7917,,1991
2.87,7.93,15.7,49.5,0.09,0.27,10.4,1.54,0.16,11.11,6.73,249.0,307.0,54.6,188.0,45.6,183.0,19.9,68.1,5.93,4.32,10.94,1.76,8.8,2.83,1.12,3.69,0.606,3.99,0.805,2.24,2.07,0.272,1.97,0.356,0.364,BACK-ARC_BASIN,-176.232,-15.063,,2012
2.72,6.73,15.3,49.2,0.14,0.33,13.98,1.13,0.12,,7.0,,270.0,,100.0,52.0,173.0,28.0,84.0,4.0,2.0,12.0,,,,,,,,,,,,,,2.0,BACK-ARC_BASIN,136.057,28.9833,,1980
3.04,6.51,18.8,48.83,0.05,0.05,10.49,0.99,0.37,7.36,5.2,176.0,253.0,39.0,129.0,17.0,255.0,22.0,94.0,,2.38,8.56,,9.55,2.65,1.09,,0.62,,,,2.14,0.31,1.94,0.43,0.78,BACK-ARC_BASIN,134.536,38.616,CENOZOIC,1996
2.47,6.24,17.76,49.85,0.45,1.96,10.83,1.0,0.17,11.69,68.0,271.0,60.0,33.0,44.0,964.0,733.0,28.0,156.0,19.0,46.0,92.0,10.9,42.0,8.3,2.1,7.2,0.98,5.2,0.96,2.6,2.25,0.32,3.7,1.11,14.8,BACK-ARC_BASIN,-176.5,-20.142,,1994; 2001; 2007
2.68,7.84,16.2,49.7,0.12,0.1,11.58,1.25,0.13,8.15,1.0,,291.0,,104.0,23.0,149.0,27.0,91.0,3.0,4.0,11.0,,,,,,,,,,,,,,1.0,BACK-ARC_BASIN,137.44,29.328,,1980
2.46,7.4,14.92,50.0,0.1,0.07,12.12,1.59,0.18,,2.0,292.0,299.0,44.0,92.0,40.0,96.0,,,,,,,,,,,,,,,,,,,,BACK-ARC_BASIN,173.518,-18.5437,,1991
2.42,5.45,17.05,51.2,0.12,0.69,10.74,0.72,0.17,9.0,9.0,249.0,51.0,,30.0,95.0,266.0,,,,,,,,,,,,,,,,,,,,BACK-ARC_BASIN,169.8,-16.0,,1987
2.82,7.59,14.51,50.0,0.08,0.15,12.21,1.38,0.18,,4.0,257.0,207.0,43.0,62.0,25.0,122.0,31.5,74.0,2.7,3.7,,,9.7,,0.95,,,5.2,,3.0,2.99,,,,,BACK-ARC_BASIN,174.05,-16.8,,1994
2.41,6.28,13.5,48.4,0.38,0.34,10.42,3.2,0.25,,3.0,,83.0,,53.0,129.0,415.0,35.0,251.0,27.0,27.0,58.0,,,,,,,,,,,,,,1.0,BACK-ARC_BASIN,132.775,24.7007,,1980
2.29,7.71,14.83,50.4,0.08,0.08,12.07,13.09,0.18,,1.8,340.0,110.0,38.0,110.0,16.0,110.0,26.0,70.0,1.5,2.5,6.0,,8.0,2.0,0.92,3.1,,5.7,1.1,3.8,4.0,,3.5,,,BACK-ARC_BASIN,-175.961,-19.5148,,1997; 1992
3.09,4.55,14.7,46.4,0.38,2.39,11.39,3.58,0.33,8.86,37.0,,39.0,,28.0,330.0,693.0,28.0,210.0,29.0,24.0,51.0,,,,2.74,,1.0,,,,,,5.2,,1.0,BACK-ARC_BASIN,132.775,24.701,,1980; 1981
3.24,7.43,16.0,50.2,0.14,0.37,10.73,1.21,0.13,,5.0,,228.0,,66.0,19.0,154.0,20.0,94.0,4.0,2.0,13.0,,,,1.17,,0.63,,,,,,2.27,,0.21,BACK-ARC_BASIN,136.057,28.9833,,1980; 1980
2.36,9.06,16.41,50.2,0.1,0.37,11.55,1.0,0.15,,5.76,221.0,313.0,37.7,155.0,34.9,168.0,20.0,62.2,2.66,3.34,8.59,1.36,7.42,2.49,0.96,2.87784927,0.58,3.85,0.83,2.39,2.43,0.34,1.97,0.25,0.27,BACK-ARC_BASIN,144.774,18.217,,2019; 2021
3.26,4.98,17.36,50.25,0.15,0.17,9.69,1.21,0.26,,2.0,416.0,24.0,37.0,18.0,145.0,225.0,23.5,69.0,0.77,4.17,11.7,2.05,10.8,3.46,1.16,4.08,0.72,4.36,0.93,2.63,2.52,0.41,2.9,0.06,0.15,BACK-ARC_BASIN,-175.298,-23.3457,,1994
3.34,6.2,14.72,50.87,0.23,0.52,10.04,1.78,0.16,9.83,,,,,35.0,181.0,276.0,,,,,,,,,,,,,,,,,,,,BACK-ARC_BASIN,134.536,38.616,CENOZOIC,1992
3.31,5.91,16.98,50.63,0.21,0.31,11.4,1.41,0.16,8.6,5.0,,208.0,,70.0,38.0,170.0,36.0,119.0,2.0,,13.0,,,,,,,,,,,,,,,BACK-ARC_BASIN,-177.856,-18.5675,,1994
2.65,7.73,14.8,49.2,0.2,0.16,11.47,1.82,0.18,,3.5,291.0,264.0,40.0,101.0,20.0,117.0,,,,,,,,,,,,,,,,,,,,BACK-ARC_BASIN,173.458,-19.27,,1991
2.93,6.84,16.34,52.3,0.15,0.39,11.26,1.3,0.15,,5.21,252.0,120.0,31.7,53.0,41.0,197.0,25.9,88.2,3.97,5.04,12.8,2.01,10.7,3.39,1.27,3.76110792,0.75,4.89,1.02,3.0,2.99,0.44,2.63,0.33,0.41,BACK-ARC_BASIN,144.681,18.22,,2019
1.87,6.68,16.75,51.72,0.07,0.22,11.26,0.62,0.19,,2.84,,,,38.7,53.5,163.0,15.8,27.4,0.2,1.45,4.05,0.733,4.14,1.48,0.576,2.13,0.379,2.57,0.568,1.71,1.67,0.261,,,0.129,BACK-ARC_BASIN,140.337,30.5277,,2007
2.08,11.25,16.48,48.95,0.17,0.56,8.12,0.98,0.18,,9.0,294.0,490.0,,230.0,,126.0,23.0,61.0,3.0,,,,,,,,,,,,,,,,,BACK-ARC_BASIN,121.22,8.0037,,1991
3.9,6.77,17.41,49.5,0.19,0.1,12.44,1.24,0.13,7.48,2.0,214.0,,,103.0,28.0,162.0,27.0,96.0,2.0,,,,,,,,,,,,,,,,,BACK-ARC_BASIN,-177.856,-18.5675,,1994
2.84,7.49,17.12,49.44,0.12,0.25,11.01,1.15,,9.79,2.34,,,,,38.4,147.0,,,,,11.2,,8.36,2.73,1.08,,,4.72,,3.28,3.18,0.47,,,,BACK-ARC_BASIN,144.75,17.48,,1982
2.85,7.98,17.29,48.36,0.07,0.08,11.49,1.18,0.17,10.07,5.42,,268.0,,70.0,60.1,254.0,33.5,133.0,6.25,7.92,23.4,2.92,16.9,4.8,1.83,,1.03,7.13,1.36,4.04,3.88,0.58,3.74,,0.48,BACK-ARC_BASIN,-175.342,-15.3317,,2012; 2011
1.61,5.08,16.84,49.43,0.13,0.548,13.19,0.81,0.18,,4.6,360.0,83.0,62.0,40.0,52.2,360.0,17.1,32.8,0.83,2.26,6.05,0.98,5.51,1.73,0.69,2.28,0.4,2.7,0.62,1.72,1.63,0.25,0.9,,0.23,BACK-ARC_BASIN,139.157,31.6975,2.76,1989; 1998; 2003
2.61,8.25,16.5,49.1,0.14,0.2,11.5,1.49,0.19,10.11,5.35,288.0,289.0,49.6,168.0,46.4,171.0,26.6,86.1,5.15,6.0,14.13,2.23,11.2,3.47,1.24,4.14,0.71,4.72,0.978,2.92,2.92,0.391,2.32,0.289,0.617,BACK-ARC_BASIN,-176.0,-14.836,,2012
2.86,7.55,17.16,51.13,0.18,0.25,11.92,1.04,0.15,7.55,3.6,225.0,278.0,32.0,118.0,29.0,189.0,,73.0,,4.14,10.5,,8.54,2.67,1.017,,0.58,,,,2.2,0.326,,0.145,0.24,BACK-ARC_BASIN,144.75,18.07,,1990
2.51,6.11,18.48,49.3,0.05,0.19,12.41,1.27,0.15,,4.0,223.0,140.0,36.0,73.0,24.0,141.0,,,,,,,,,,,,,,,,,,,,BACK-ARC_BASIN,174.026,-16.795,,1991
3.01,4.8,15.54,51.14,0.16,0.49,9.23,1.41,,,6.2,,,,,134.0,272.0,,,,7.02,16.9,,13.0,3.91,1.43,4.55,,5.43,,3.42,3.34,,,,,BACK-ARC_BASIN,143.05,21.83,,1990
2.69,7.29,17.15,51.63,0.18,0.63,10.7,1.07,0.15,,11.5,226.0,191.0,31.2,84.1,48.1,263.0,23.8,79.2,2.95,7.29,16.8,2.48,12.6,3.51,1.23,3.7122345,0.7,4.53,0.95,2.79,2.76,0.4,2.38,0.26,0.54,BACK-ARC_BASIN,144.738,18.034,,2019
2.7804,6.1716,16.2316,49.4922,0.1311,0.3929,11.7662,1.5476,0.1484,9.48,8.15029782981476,290.067372123583,296.196313931205,,,20.2842222552306,131.186481562287,37.126173243752,99.1594691861669,1.47916277470487,3.03437956515029,10.673678465406,1.67275970219829,9.82486241272531,3.4344720808418,1.35732593114799,4.89318268665387,0.925690120147731,6.19489697635998,1.34514863189998,3.84246003748124,3.66897359871891,0.518235097660453,2.85777585683539,0.134434530408633,0.111949628539681,BACK-ARC_BASIN,139.612,19.912,NEOGENE,2010
3.78,5.95,16.12,50.1,0.31,0.66,10.07,1.83,0.16,,6.0,220.0,92.0,11.0,56.0,240.0,470.0,25.0,160.0,4.0,14.0,34.0,,22.0,6.1,1.7,4.7,,4.5,1.0,3.2,2.8,,4.5,,,BACK-ARC_BASIN,151.674,-9.79,,1997
2.86,8.18,17.02,48.8,0.3,0.74,10.7,1.97,0.13,,16.0,214.0,212.0,35.0,148.0,185.0,274.0,26.3,133.0,22.2,17.1,27.0,3.33,19.7,3.58,1.43,4.0,0.65,4.7,0.73,2.5,2.13,0.27,2.68,1.93,,BACK-ARC_BASIN,173.92,-17.0,,1994; 1994
2.37,7.6,17.52,50.95,0.12,0.26,11.64,0.75,0.17,7.59,3.39,226.0,260.0,,127.0,48.0,177.0,21.0,60.0,5.0,,,,6.76,2.12,,,,,,,,,,,,BACK-ARC_BASIN,144.822,18.075,,1985; 1987; 1995
2.72,7.04,16.1,49.8,0.14,0.23,12.37,1.15,0.11,7.76,2.0,,245.0,,64.0,22.0,186.0,27.0,87.0,3.0,3.1,11.0,,,,1.09,,0.58,,,,,,1.97,,0.0,BACK-ARC_BASIN,136.057,28.983,,1980; 1981
2.91,6.34,15.1,52.1,0.17,0.51,10.1,1.48,0.13,,8.3,259.0,243.0,48.6,143.0,73.9,180.0,31.3,112.0,9.13,7.26,17.5,2.56,12.9,3.98,1.42,4.7,0.81,5.47,1.21,3.2,3.01,0.435,2.84,0.57,0.78,BACK-ARC_BASIN,114.923,13.2072,,2018
2.52,7.33,18.07,51.51,0.04,0.32,11.95,0.69,0.12,6.9,5.5,195.0,174.0,,63.0,44.0,277.0,16.0,48.0,0.7,2.5,6.73,1.17,5.66,1.89,0.74,2.18,0.39,2.53,0.55,1.61,1.47,0.23,1.49,0.07,0.51,BACK-ARC_BASIN,-57.0,-62.1,QUATERNARY,2002
2.4,7.54,14.63,50.65,0.11,0.39,11.84,1.24,0.18,,5.45,332.0,199.0,54.2,119.0,7.6,100.0,34.1,69.1,1.7,2.47,7.81,1.35,7.85,2.91,1.03,3.99,0.79,5.3,1.17,3.41,3.43,0.54,1.96,0.12,0.14,BACK-ARC_BASIN,133.29,18.0147,,2005
1.88,8.28,16.35,51.2,0.05,0.11,12.91,0.85,0.15,8.01,0.0,280.0,380.0,43.0,90.0,,80.0,,,,,,,,,,,,,,,,,,,,BACK-ARC_BASIN,-176.173,-19.277,,1994
2.49,9.45,15.3,48.9,0.22,0.53,11.6,1.22,0.15,,11.0,260.0,290.0,45.0,220.0,97.0,197.0,24.0,85.0,9.55,8.1,,,13.0,,1.0,,,3.7,,2.5,2.23,,,,,BACK-ARC_BASIN,173.592,-16.442,,1994
3.09,7.19,16.24,50.7,0.13,0.18,11.04,1.33,0.13,9.11,1.0,266.0,41.0,36.9,40.0,49.0,187.0,27.0,102.0,1.0,3.07,8.71,,,2.9,1.14,,0.61,,,,2.19,0.42,1.9,0.07,,BACK-ARC_BASIN,-177.862,-18.568,,1994
3.14,4.82,16.73,49.92,0.16,0.61,10.35,1.08,0.2,12.99,6.2,369.0,6.0,,255.0,160.0,254.0,,65.0,3.83,6.04,13.6,1.99,8.95,2.49,0.83,2.73,0.46,2.81,0.64,1.87,1.72,0.27,1.45,0.23,1.0,BACK-ARC_BASIN,177.5,-35.7,,2010
2.61,4.71,12.9,50.5,0.46,0.85,9.59,4.17,0.19,12.4,15.0,,113.0,,69.0,231.0,368.0,40.0,283.0,35.0,30.0,58.0,,,,,,,,,,,,,,1.0,BACK-ARC_BASIN,132.775,24.701,,1980
2.29,7.95,17.19,51.05,0.15,0.61,11.17,0.76,0.15,,11.28,,,,101.4,128.5,340.0,18.4,57.8,1.91,7.05,14.97,2.02,9.68,2.48,0.91,2.87,0.49,3.03,0.63,1.79,1.72,0.27,1.44,0.136,0.761,BACK-ARC_BASIN,144.774,14.6014,,2011
2.71,6.97,14.63,51.66,0.16,0.13,12.22,1.72,0.23,,2.0,371.0,246.0,,80.0,38.0,131.0,40.0,91.0,3.0,3.4,10.3,1.44,9.7,3.58,1.28,4.9,,6.5,,4.58,4.16,,,,2.0,BACK-ARC_BASIN,173.257,-15.097,,1990
1.36,9.18,14.94,52.28,0.08,0.29,11.61,0.66,0.18,9.13,7.0,290.0,686.0,,136.0,77.0,146.0,15.0,32.0,1.0,,5.0,,,,,,,,,,,,,,,BACK-ARC_BASIN,-176.775,-20.709,,1994; 1992
2.51,6.11,18.48,49.3,0.05,0.19,12.41,1.27,0.15,,4.0,223.0,140.0,36.0,73.0,24.0,141.0,,,,3.69,10.73,1.62,9.04,2.92,1.12,3.93,0.71,5.04,1.05,3.13,2.94,0.46,,,,BACK-ARC_BASIN,174.028,-16.7933,,1991; 1994
3.75,4.77,15.14,52.7,0.36,0.49,9.04,1.69,0.2,,6.83,,70.4,28.3,37.0,107.0,234.0,27.5,118.0,8.53,9.08,20.7,3.04,13.9,3.92,1.36,4.59,0.798,5.11,1.09,3.05,2.97,0.439,3.01,0.484,0.977,BACK-ARC_BASIN,-30.3502,-56.1155,,2002
2.77,6.84,14.18,50.55,0.11,0.07,11.35,1.45,0.2,11.49,0.0,397.4,182.0,,71.7,10.0,85.7,39.4,88.2,1.9,2.31,9.14,,10.9,3.98,1.4,,1.07,,1.5,,4.01,0.64,2.56,0.0,0.0,BACK-ARC_BASIN,-176.421,-18.612,,1992; 1993; 2002; 2009
2.62,7.16,14.42,51.01,0.12,0.07,11.92,1.28,0.23,11.06,1.0,,189.0,,61.7,10.21,92.73,27.63,67.7,1.31,1.94,5.91,1.24,6.44,2.6,0.94,,0.8,5.29,1.14,3.39,3.7,,,,0.13,BACK-ARC_BASIN,-176.432,-18.62,,2008
2.11,9.51,17.15,49.17,0.04,0.03,12.75,0.82,0.18,8.72,0.3,212.0,741.0,56.0,312.0,1.0,79.0,20.0,44.0,1.0,,,,,,,,,,,,,,1.15,0.045,,BACK-ARC_BASIN,-177.34,-16.23,,1977
3.01,6.68,16.54,51.45,0.17,0.5,10.78,1.35,0.15,,3.34,218.0,223.0,32.9,87.3,32.4,214.0,23.5,82.0,3.0,4.96,12.8,1.99,10.5,3.23,1.19,3.52394631,0.7,4.5,0.96,2.77,2.76,0.4,2.45,0.35,0.35,BACK-ARC_BASIN,144.717,18.257,,2019; 2021
2.51,6.95,17.53,49.63,0.19,0.43,11.21,0.98,0.17,,8.0,318.0,133.0,30.9,52.0,73.0,408.0,19.0,67.0,2.0,4.98,12.1,,,2.16,0.8,,0.45,,,,1.53,0.22,1.16,0.17,0.54,BACK-ARC_BASIN,139.238,34.6442,,1999
2.49,9.59,15.58,48.88,0.16,0.52,10.34,0.9,,,7.6,,,,,94.0,275.0,,,,7.75,16.9,,10.6,2.85,1.09,3.37,,3.55,,2.18,2.07,,,,,BACK-ARC_BASIN,143.173,21.7,,1990
2.55,6.99,14.55,50.35,0.1,0.2,11.43,1.79,0.18,,3.6,295.0,232.0,44.0,106.0,20.0,117.0,,,,,,,,,,,,,,,,,,,,BACK-ARC_BASIN,173.615,-18.2007,,1991
2.57,8.21,15.88,49.73,0.137,0.111,12.0,1.36,0.189,10.04,1.06,305.0,349.0,49.0,133.0,11.0,126.0,24.8,69.2,2.05,2.8,9.33,1.53,8.22,2.85,1.1,3.93,0.701,4.66,0.956,2.63,2.64,0.379,1.93,0.135,0.151,BACK-ARC_BASIN,174.273,-16.612,,2023; 1993
3.41,8.5,16.56,49.56,0.17,0.54,10.3,1.08,0.16,9.71,8.2,253.0,315.0,51.0,138.0,132.0,268.0,22.0,83.0,3.0,4.89,12.0,1.82,8.98,2.69,1.06,3.17,0.55,3.5,0.74,2.14,2.02,0.32,2.06,0.2,0.68,BACK-ARC_BASIN,178.07,-36.0,,2010
2.21,8.62,16.38,49.8,0.06,0.14,12.41,0.85,0.15,8.38,3.0,263.0,440.0,42.0,132.0,,165.0,,,,,,,,,,,,,,,,,,,,BACK-ARC_BASIN,-176.53,-18.973,,1994
2.71,7.95,16.3,49.7,0.11,0.1,11.62,1.22,0.13,,,,297.0,,113.0,31.0,154.0,28.0,87.0,3.0,4.0,8.0,,,,,,,,,,,,,,,BACK-ARC_BASIN,137.441,29.3275,,1980
2.6,8.09,16.18,47.9,0.2,0.12,11.36,1.51,0.14,,2.5,265.0,270.0,37.0,108.0,63.0,208.0,32.0,118.0,8.35,8.65,,,14.0,,1.3,,,5.0,,3.5,3.03,,,,,BACK-ARC_BASIN,173.393,-15.972,,1994
2.65,6.85,16.6,50.3,0.16,0.33,12.4,1.14,0.17,9.36,,327.0,92.0,,48.0,26.0,247.0,22.0,65.0,,,,,,,,,,,,,,,,,,BACK-ARC_BASIN,139.808,31.08,,1990
1.4,8.79,15.72,48.56,0.07,0.07,12.37,1.12,0.18,10.15,0.6,,309.0,46.6,140.0,,101.2,29.3,63.0,1.2,0.85,4.2,,6.39,2.5,1.01,,0.616,,,,2.8,,1.63,0.068,0.072,BACK-ARC_BASIN,-176.37,-18.68,,1990
2.73,6.3,16.65,49.9,0.2,0.39,11.1,1.14,0.18,,,293.0,150.0,,50.0,37.0,265.0,24.0,79.0,,,,,,,,,,,,,,,,,,BACK-ARC_BASIN,139.728,30.96,,1990
1.44,9.3,15.23,51.44,0.04,0.08,13.57,0.35,0.13,,1.0,223.0,370.0,,135.0,12.0,87.0,10.0,17.0,0.4,,,,,,,,,,,,,,,,,BACK-ARC_BASIN,149.258,-3.50167,,2003
2.89,5.33,17.4,48.18,0.18,0.16,12.06,1.62,0.17,,,346.0,244.0,36.0,80.0,,136.0,41.0,125.0,,3.9,10.0,1.7,10.0,4.1,1.3,5.2,1.0,7.9,1.5,4.1,3.7,0.6,2.7,,,BACK-ARC_BASIN,140.185,17.118,,1978
2.88,9.42,15.37,49.0,0.25,0.37,10.47,1.8,0.18,,6.2,250.0,299.0,42.0,184.0,80.0,250.0,,,,,,,,,,,,,,,,,,,,BACK-ARC_BASIN,174.147,-21.031,,1991
2.91,6.58,15.34,48.24,0.41,0.75,11.46,1.81,0.19,,16.3,304.0,308.0,39.5,92.0,193.0,290.0,24.0,125.2,24.96,15.98,33.71,4.39,17.99,4.37,1.43,4.45,0.71,4.17,0.84,2.3,2.11,0.33,3.04,1.53,1.8,BACK-ARC_BASIN,-30.3252,-56.1005,,2003
2.17,7.44,14.02,47.42,0.23,0.24,11.73,2.0,0.21,7.2,24.3,279.0,72.0,27.4,33.0,283.0,378.0,24.1,78.6,4.2,9.41,23.28,3.03,13.72,3.71,1.25,4.07,0.66,4.09,0.83,2.35,2.31,0.36,2.03,0.27,1.89,BACK-ARC_BASIN,-30.35,-56.116,,1978; 2000; 2006
5.4,9.13,15.83,52.26,0.04,0.05,5.83,0.83,0.16,7.35,0.227,218.0,158.0,34.07,70.0,19.387,130.243,20.76,41.52,0.533,0.8,3.177,0.67,4.367,1.77,0.683,2.393,0.497,3.27,0.697,2.01,1.97,0.293,1.393,0.057,0.077,BACK-ARC_BASIN,-29.47,-55.35,,2004
3.06,6.83,17.66,50.54,0.13,0.18,12.24,1.32,0.13,7.83,3.2,224.0,295.0,42.0,115.0,8.0,159.0,28.7,97.0,,,,,,,,,,,,,,,,,,BACK-ARC_BASIN,-177.856,-18.5675,,1994
2.28,8.59,16.15,49.56,0.16,0.44,11.93,0.98,0.16,8.78,9.3,261.1,248.6,,81.4,76.4,245.9,22.9,61.0,2.3,,,,,,,,,,,,,,,,,BACK-ARC_BASIN,127.13,34.0,,1990
2.97,8.44,14.73,48.89,0.23,0.21,10.4,2.01,0.2,11.02,4.0,365.0,291.0,,149.0,30.0,159.0,42.0,143.0,3.0,,8.0,,,,,,,,,,,,,,,BACK-ARC_BASIN,-178.495,-15.658,,1993
3.46,7.28,17.0,50.98,0.17,0.35,10.4,1.36,,7.75,4.7,228.0,249.0,38.0,179.0,50.0,268.0,29.2,107.7,5.38,6.39,15.76,2.36,11.03,3.38,1.23,4.13,0.73,4.64,0.98,2.81,2.71,0.43,2.51,0.345,0.566,BACK-ARC_BASIN,144.4,19.73,,2003; 2005
2.75,7.76,15.24,49.58,0.15,0.15,11.74,1.36,0.16,,2.0,,331.0,,78.0,35.0,171.0,30.0,98.0,3.0,5.0,8.0,,,,,,,,,,,,,,1.0,BACK-ARC_BASIN,-65.963,-58.1927,,1980
2.29,8.23,16.39,48.08,0.18,0.39,10.7,1.06,0.18,,6.46,305.0,198.0,62.0,121.0,34.3,242.0,21.0,73.0,,,11.2,,9.54,2.69,0.97,3.21,,3.55,,2.14,1.97,0.29,,,,BACK-ARC_BASIN,139.8,30.9,,1989
2.11,5.72,14.15,48.65,0.45,2.23,12.5,0.77,0.13,,51.0,310.0,264.0,36.0,76.0,165.0,665.0,18.0,73.0,1.05,10.75,,,17.0,,1.25,,,3.2,,1.8,1.7,,,,,BACK-ARC_BASIN,170.667,-20.045,,1995
3.11,6.99,16.23,51.7,0.2,0.25,11.14,1.37,0.15,8.14,,,,,,38.4,,,,,4.93,12.15,1.93,10.31,3.18,1.13,3.7,0.63,4.27,0.87,2.57,2.47,0.35,,,0.398,BACK-ARC_BASIN,-30.658,-56.393,,2008; 2003; 1980
3.24,7.31,16.76,46.65,0.53,1.87,8.72,1.83,0.12,,21.6,207.0,276.0,,,292.0,521.0,27.7,164.0,36.4,23.9,45.5,5.14,22.1,4.65,1.64,4.95,0.76,4.4,0.88,2.53,2.33,0.36,3.51,2.72,2.83,BACK-ARC_BASIN,136.378,30.347,9.86,2009
2.96,7.43,14.6,50.1,0.1,0.13,11.96,1.52,0.18,,3.5,263.0,209.0,42.0,59.0,40.0,141.0,33.2,88.0,3.2,4.6,,,10.4,,1.09,,,5.4,,3.2,3.05,,,,,BACK-ARC_BASIN,174.05,-16.8,,1994
2.61854,7.64648,15.99254,49.28662,0.13838,0.2436,11.67402,1.59692,0.1888,10.0411,6.66398001909052,265.710214439499,257.03979819207,42.9791721014558,122.441539398646,56.8636275901731,167.782293536155,30.3422823774903,123.314201794385,6.12644430830723,7.12287262537193,15.7068299562585,2.43892344902712,12.0838221618622,3.8239892899518,1.27184493362463,5.22704216274618,0.798777205701351,5.56087044603957,1.1887757776865,3.0970160523199,3.21564311739985,0.517045915403712,2.74549187839065,0.407737605579417,0.920504126690075,BACK-ARC_BASIN,-176.0,-14.84,,2012
2.64,7.88,17.57,49.51,0.1,0.06,11.82,1.21,0.13,,1.0,,313.0,,95.0,22.0,167.0,25.0,96.0,2.0,,11.0,,,,,,,,,,,,,,,BACK-ARC_BASIN,-177.862,-18.568,,1994
2.69,7.69,14.79,49.75,0.15,0.16,11.39,1.89,0.18,,3.5,289.0,265.0,40.0,103.0,20.0,118.0,,,,,,,,,,,,,,,,,,,,BACK-ARC_BASIN,173.461,-19.2573,,1991
2.3,9.1,17.52,48.44,0.04,0.04,12.27,0.76,0.2,9.1,0.84,,397.0,,300.0,16.0,91.0,19.5,69.6,4.0,1.7,5.67,1.06,6.05,2.42,0.94,,0.57,3.92,0.82,2.42,2.4,0.37,1.85,,0.15,BACK-ARC_BASIN,-177.495,-16.3367,,2012; 2011
1.97,7.1,16.5,51.7,0.15,0.5,12.75,0.74,,6.74,10.3,194.0,254.0,30.5,69.0,161.0,406.0,14.1,45.9,2.69,9.21,18.39,2.37,9.98,2.49,0.92,2.66,0.41,2.46,0.5,1.47,1.32,0.2,1.2,0.158,1.432,BACK-ARC_BASIN,143.36,21.31,,2003; 2005
2.65,6.62,13.6,47.2,0.35,0.55,10.3,3.77,0.19,,8.0,,144.0,,77.0,137.0,379.0,28.0,198.0,23.0,22.0,44.0,,,,,,,,,,,,,,2.0,BACK-ARC_BASIN,132.775,24.7007,,1980
2.53,7.38,16.7,49.5,0.19,0.47,11.5,1.16,0.18,,,300.0,247.0,,95.0,36.0,254.0,25.0,80.0,,,,,,,,,,,,,,,,,,BACK-ARC_BASIN,139.775,30.94,,1990
2.83,5.58,16.7,50.0,0.19,0.48,11.7,1.31,0.16,9.6,21.0,,35.0,,39.0,45.0,208.0,33.0,95.0,2.0,5.0,17.0,,,,,,,,,,,,,,2.0,BACK-ARC_BASIN,136.057,28.984,,1980
2.06,8.06,16.07,48.74,0.16,0.43,11.69,0.92,0.16,,8.0,250.0,290.0,41.0,95.0,69.0,240.0,19.4,53.0,3.2,5.05,12.08,1.75,8.42,2.45,0.96,2.89,0.5,3.15,0.68,1.96,1.85,0.28,1.35,0.21,0.55,BACK-ARC_BASIN,127.125,27.4062,,1999
2.73,8.85,14.7,49.3,0.11,0.33,14.22,0.89,0.17,7.65,4.0,,223.0,,117.0,25.0,176.0,21.0,61.0,0.0,9.0,9.0,,7.0,,,,,,,,,,,,6.0,BACK-ARC_BASIN,144.532,18.013,PLEISTOCENE,1980
2.29,5.23,16.37,51.51,0.09,0.25,10.26,0.96,0.23,,4.0,470.0,29.0,55.0,9.0,,181.0,20.0,46.0,,,,,,,,,,,,,,,,,,BACK-ARC_BASIN,140.1,30.5,,1989
2.38,7.11,14.47,51.21,0.104,0.065,11.47,1.22,0.19,10.85,1.04,333.0,75.0,44.5,53.0,8.1,84.0,31.3,63.3,0.87,1.73,6.1,1.18,6.75,2.54,0.94,0.72,3.96,4.96,1.12,3.22,3.3,0.51,1.85,0.071,0.073,BACK-ARC_BASIN,-176.106,-19.911,,2009
2.47,7.39,15.2,50.63,0.09,0.13,11.93,1.03,0.17,,1.0,293.0,188.0,,81.0,14.0,117.0,22.0,55.0,0.7,,,,,,,,,,,,,,,,,BACK-ARC_BASIN,150.43,-3.858,,2003
2.76,5.47,15.9,50.1,0.22,0.47,12.04,1.62,0.17,9.86,10.0,,64.0,,41.0,29.0,179.0,39.0,124.0,1.0,6.0,19.0,,,,,,,,,,,,,,0.0,BACK-ARC_BASIN,136.057,28.984,,1980
3.9,5.42,15.6,47.3,0.196,2.39,10.06,2.08,0.16,,23.0,320.0,130.0,30.0,32.0,,370.0,,,,,,,,,,,,,,,,,,,2.7,BACK-ARC_BASIN,137.684,28.6375,,1980
2.43,7.4,17.13,50.59,0.11,0.24,12.48,0.94,,7.62,3.19,,,,,41.1,165.0,,,,3.26,7.85,,6.52,2.1,0.841,3.01,,3.5,,2.18,2.12,,,,,BACK-ARC_BASIN,144.75,15.752,,1996
2.73,7.1,15.9,50.0,0.12,0.26,12.27,1.27,0.13,,5.0,,306.0,,116.0,28.0,165.0,29.0,93.0,1.0,6.0,16.0,,,,,,,,,,,,,,,BACK-ARC_BASIN,137.441,29.3275,,1980
2.82,5.53,16.0,50.2,0.26,0.29,12.31,1.63,0.16,9.19,3.0,,59.0,,48.0,31.0,189.0,39.0,123.0,1.0,5.0,16.0,,,,,,,,,,,,,,0.0,BACK-ARC_BASIN,136.057,28.984,,1980
3.01,6.54,16.66,51.21,0.16,0.31,11.45,1.57,0.17,,5.0,,196.0,,115.0,40.0,142.0,35.0,118.0,2.0,,16.0,,,,,,,,,,,,,,,BACK-ARC_BASIN,-177.862,-18.568,,1994
2.87,5.95,13.86,50.75,0.22,0.29,11.05,2.02,0.22,10.99,3.0,512.0,143.0,,83.0,55.0,161.0,52.0,124.0,2.0,,8.0,,,,,,,,,,,,,,,BACK-ARC_BASIN,177.687,-14.48,,1993
2.7,5.38,17.1,50.1,0.19,0.48,12.95,1.21,0.15,,8.0,,58.0,,50.0,39.0,210.0,31.0,87.0,3.0,5.0,15.0,,,,,,,,,,,,,,,BACK-ARC_BASIN,136.057,28.9833,,1980
3.36,6.77,15.2,51.96,0.3,0.18,10.41,1.77,0.2,8.44,2.21,,205.0,34.3,82.7,18.0,141.0,30.3,112.0,2.99,4.67,14.5,2.43,12.3,4.0,1.4,5.2,0.913,6.11,1.26,3.54,3.51,0.511,3.48,0.198,0.224,BACK-ARC_BASIN,-30.118,-57.488,,2002
3.46,7.2,16.78,49.75,0.21,0.09,12.32,1.1,0.16,8.58,2.0,241.0,,,55.0,32.0,161.0,29.0,74.0,4.0,,,,,,,,,,,,,,,,,BACK-ARC_BASIN,-177.856,-18.5675,,1994
2.82,6.87,16.1,50.2,0.23,0.16,11.36,1.61,0.17,,2.0,,245.0,,53.0,71.0,160.0,40.0,141.0,7.0,8.0,20.0,,,,,,,,,,,,,,2.0,BACK-ARC_BASIN,137.684,28.6375,,1980
2.5504,7.732125,15.0318,50.4822,0.08695,0.066,12.69895,1.2383,0.2068,10.264475,1.22076949948233,295.134976804149,319.392454699276,45.0140002514675,84.9062970770068,10.8728558399856,91.0467058437479,24.5811130321462,66.8171128507033,1.40011537865209,1.83252269802904,6.89104125677168,1.15065251315882,6.34601223527027,2.67830974730725,0.956515577104597,3.69181305036987,0.660358752194106,4.41624375975414,0.976795034655987,3.18482264575327,3.10226966232483,0.441874279631259,1.85684279795593,0.103133394658613,0.101579270923507,BACK-ARC_BASIN,-176.34,-18.4,,2012
2.35,9.52,17.01,49.08,0.13,0.01,13.79,0.65,0.14,8.15,1.0,187.0,,,112.0,20.0,155.0,18.0,43.0,2.0,,,,,,,,,,,,,,,,,BACK-ARC_BASIN,-176.5,-20.1418,,1994
3.51,5.55,15.88,51.55,0.21,0.32,10.7,1.77,0.19,,5.0,,87.0,,37.0,53.0,180.0,39.0,149.0,2.0,,11.0,,,,,,,,,,,,,,,BACK-ARC_BASIN,-177.862,-18.568,,1994
2.97,4.97,14.9,47.1,0.35,1.95,11.53,3.72,0.24,8.78,30.0,,30.0,,28.0,332.0,756.0,28.0,211.0,25.0,19.4,48.0,,,,2.79,,0.89,,,,,,4.8,,0.0,BACK-ARC_BASIN,132.775,24.701,,1980; 1981
2.34,7.49,14.12,50.23,0.1,0.05,11.48,1.25,0.2,,0.0,280.0,150.0,32.0,83.0,12.0,70.0,23.0,70.0,1.2,3.0,12.0,,8.2,3.1,1.14,3.6,,4.2,0.88,3.0,2.6,,3.5,,,BACK-ARC_BASIN,150.037,-3.373,,1997
0.3,5.09,18.63,49.41,0.19,0.47,9.51,1.42,0.18,9.85,4.0,301.0,,,32.0,38.0,179.0,32.0,102.0,3.0,,,,,,,,,,,,,,,,,BACK-ARC_BASIN,-177.856,-18.5675,,1994
2.49,7.48,16.1,49.6,0.12,0.15,11.89,1.02,0.45,,3.5,175.0,322.0,51.0,101.0,60.0,166.0,31.0,71.0,2.2,6.1,,,10.0,,1.1,,,4.6,,3.1,2.8,,,,,BACK-ARC_BASIN,173.758,-17.5693,,1991; 1994
2.57,7.46,16.32,49.6,0.19,0.58,11.84,1.37,0.16,,11.0,260.0,292.0,39.0,104.0,67.0,180.0,28.0,93.0,7.95,8.1,16.72,2.49,13.0,3.07,1.2,3.25,0.63,4.3,0.76,2.6,2.55,0.34,2.16,0.91,,BACK-ARC_BASIN,173.545,-16.305,,1994; 1994
2.66,5.37,17.67,52.44,0.137,0.23,8.72,0.732,0.263,,3.78,232.0,68.4,30.6,45.1,145.0,492.0,22.6,30.0,3.65,11.3,26.6,3.82,17.0,4.35,1.31,4.04,0.7,3.97,0.833,2.18,1.85,0.267,0.97,0.232,1.78,BACK-ARC_BASIN,129.0,29.5,,2017
2.49,7.73,14.92,49.95,0.1,0.07,12.06,1.57,0.18,,2.0,291.0,297.0,44.0,93.0,17.0,96.0,37.0,94.0,1.8,2.0,,,10.0,,1.15,,,6.0,,3.7,3.6,,,,,BACK-ARC_BASIN,173.518,-18.5437,,1991; 1994
2.85,5.41,14.11,50.45,0.13,0.08,10.17,1.93,0.25,13.29,1.0,455.0,20.0,44.0,37.0,2.0,114.0,59.0,128.0,1.0,,,,,,,,,,,,,,3.57,0.16,,BACK-ARC_BASIN,-176.64,-18.86,,1977
2.38,7.53,15.91,51.26,0.13,0.25,12.04,0.96,0.125,7.45,2.4,234.0,223.0,32.0,109.0,,202.0,27.0,68.0,3.44,3.83,5.6,,,,1.02,,0.5,,,,,,1.59,0.14,0.74,BACK-ARC_BASIN,144.532,18.013,,1982
2.66,6.73,14.6,50.5,0.17,0.54,10.8,1.55,0.15,,9.07,264.0,245.0,61.8,124.0,54.3,162.0,31.8,108.0,9.12,7.02,17.2,2.65,13.0,3.88,1.38,4.88,0.85,5.38,1.12,3.06,2.82,0.44,2.9,0.54,0.78,BACK-ARC_BASIN,114.923,13.2072,,2025
3.07994,5.55102,15.10104,50.9162,0.26668,0.55378,10.38456,2.05532,0.21082,10.91814,16.2237857233209,331.806090760574,161.884934437855,37.8974119369325,61.8294649371463,129.789839785973,209.809063561519,33.5196841442901,160.659475533909,11.1604056513595,10.8070729918095,27.7377926919555,3.65475270492592,16.838688830789,4.63055543398684,1.52150303710079,5.47190934702771,0.935696899173997,6.07126620602861,1.33500428312134,3.82773529849384,3.6982670112204,0.556880406443859,3.79955208292888,0.734811790397106,1.20399513156933,BACK-ARC_BASIN,-176.07,-14.82,,2012
2.52,6.46,13.44,50.5,0.12,0.06,10.9,1.43,0.21,,0.5,398.0,90.0,53.0,57.0,10.0,77.0,30.0,76.0,1.4,,,,,,,,,,,,,,,,,BACK-ARC_BASIN,149.797,-3.608,,2003
2.77,6.38,14.9,51.2,0.17,0.55,10.6,1.49,0.15,,10.01,262.0,250.0,43.1,118.0,68.2,177.0,30.6,109.0,8.92,7.06,17.2,2.52,12.7,3.91,1.39,4.63,0.8,5.42,1.19,3.13,2.98,0.432,2.8,0.55,0.75,BACK-ARC_BASIN,114.923,13.2072,,2018
2.69,7.0,14.4,51.51,0.1,0.08,11.45,1.32,0.2,11.45,0.87,,152.0,,69.3,9.5,89.7,40.17,75.3,1.59,2.52,6.94,1.43,7.67,3.0,1.1,,1.02,6.37,1.38,3.96,4.04,,,0.11,0.11,BACK-ARC_BASIN,-176.512,-18.5467,,2008
2.31,7.74,14.43,49.8,0.1,0.09,11.69,1.54,0.19,,0.97,300.0,272.0,41.0,98.0,10.0,74.0,35.0,70.0,2.8,3.0,6.27,1.12,8.0,2.34,1.1,3.2,0.66,5.3,0.98,3.7,3.25,0.46,1.34,0.18,,BACK-ARC_BASIN,173.492,-18.812,,1991; 1994; 1994
2.24,7.71,14.64,50.17,0.08,0.05,12.11,1.07,0.18,,0.5,310.0,204.0,,93.0,6.0,71.0,24.0,57.0,0.9,,,,,,,,,,,,,,,,,BACK-ARC_BASIN,149.695,-3.505,,2003
3.24,6.1,15.99,49.21,0.15,0.25,11.33,1.73,0.17,,,320.0,274.0,43.0,118.0,,118.0,38.0,98.0,4.0,4.0,,,,,,,,,,,,,,,,BACK-ARC_BASIN,139.678,17.132,,1980
2.78,7.53,15.86,50.12,0.17,0.3,11.39,1.61,0.16,9.47,8.2,263.0,304.0,,100.0,75.0,171.0,28.0,122.0,10.3,8.42,17.85,,12.93,3.4,1.2,4.88,,5.54,,3.55,3.2,0.48,2.9,,,BACK-ARC_BASIN,177.423,-16.318,,1990
2.19,10.71,15.62,49.84,0.13,0.26,11.81,0.89,0.114,7.89,3.27,230.0,523.0,42.0,229.0,31.0,146.0,24.0,63.0,4.0,3.2,6.8,,,,0.87,,0.48,,,,,,1.5,0.12,0.43,BACK-ARC_BASIN,144.532,18.013,,1982
2.27,10.73,15.08,49.08,0.13,0.45,10.41,0.92,,,6.7,,,,,84.6,206.0,,,,5.62,13.4,,9.44,2.58,0.96,3.19,,3.51,,2.11,2.07,,,,,BACK-ARC_BASIN,143.05,21.83,,1990
2.57,7.67,14.71,50.76,0.082,0.045,12.96,1.17,0.192,11.12,0.317,319.0,194.0,46.7,63.0,3.59,89.7,27.9,59.0,0.78,1.8,6.1,1.18,6.68,2.54,1.0,3.99,0.714,4.81,1.06,2.92,2.96,0.446,1.8,0.054,0.048,BACK-ARC_BASIN,174.273,-16.612,,2023; 1993
3.62,7.93,16.41,50.54,0.19,0.54,10.03,1.25,0.16,9.33,6.3,265.0,330.0,38.0,128.0,130.0,282.0,15.0,103.0,5.09,7.02,17.3,2.52,11.86,3.23,1.21,3.89,0.66,4.11,0.87,2.44,2.35,0.35,2.48,0.33,0.81,BACK-ARC_BASIN,177.98,-35.86,,2010
3.08,6.73,16.15,50.94,0.15,0.3,11.3,1.36,0.12,,3.0,,32.0,,54.0,62.0,204.0,28.0,104.0,2.0,,11.0,,,,,,,,,,,,,,,BACK-ARC_BASIN,-177.862,-18.568,,1994
2.65,5.8,13.2,49.7,0.34,0.41,10.39,3.6,0.19,,5.0,,131.0,,74.0,128.0,374.0,34.0,198.0,17.0,20.0,43.0,,,,2.5,,0.95,,,,,,4.9,,1.48,BACK-ARC_BASIN,132.775,24.7007,,1980; 1980
2.03,7.83,14.7,51.2,0.06,0.06,11.68,1.03,0.18,9.93,0.0,354.0,232.0,41.0,90.0,,60.0,,,,,,,,,,,,,,,,,,,,BACK-ARC_BASIN,-175.963,-19.488,,1994
2.52,7.3,14.33,51.26,0.076,0.058,11.31,1.19,0.21,10.98,1.1,330.0,141.0,45.1,59.0,8.6,72.0,31.2,60.5,1.06,1.72,5.91,1.11,6.43,2.41,0.91,0.71,3.88,4.91,1.1,3.18,3.23,0.51,1.74,0.081,0.091,BACK-ARC_BASIN,-176.049,-19.85,,2009
2.96,4.64,12.12,50.5,0.2,0.1,8.92,2.62,0.28,17.37,6.0,663.0,11.0,46.0,16.0,,73.0,,,,,,,,,,,,,,,,,,,,BACK-ARC_BASIN,-176.553,-19.115,,1994
2.1,9.2,17.2,47.6,0.03,0.03,12.9,0.7,0.16,,,,308.0,,,1.2,55.0,22.7,11.5,0.18,0.6,2.5,,3.2,1.6,2.5,2.3,,2.6,,2.1,2.0,,1.0,,0.03,BACK-ARC_BASIN,149.258,-3.50167,,2012
2.6,7.45,17.36,50.77,0.13,0.3,12.05,0.95,0.12,7.31,4.9,239.0,209.0,32.0,117.0,40.0,207.0,22.0,69.0,1.0,,,,,,,,,,,,,,,,,BACK-ARC_BASIN,144.7,18.2,,1990
3.25,6.18,17.96,47.09,0.17,0.3,10.29,1.13,0.15,,1.0,181.0,432.0,108.0,283.0,,149.0,,72.0,,,,,,,,,,,,,,,,,,BACK-ARC_BASIN,117.0,15.3923,,2015
2.68,7.45,15.9,49.8,0.12,0.23,12.59,1.24,0.11,7.75,3.0,,307.0,,180.0,35.0,166.0,28.0,91.0,2.0,2.0,9.0,,,,,,,,,,,,,,0.0,BACK-ARC_BASIN,137.44,29.328,,1980
2.046,8.135,15.065,50.677,0.089,0.056,12.416,1.036,0.195,10.103,1.0589,315.339,303.464,44.146,94.1609,10.4445,78.984,28.181,57.58,1.087,1.765,5.906,1.086,6.193,2.261,0.844,3.564,0.644,4.506,1.006,2.887,2.897,0.457,1.628,0.079,0.098,BACK-ARC_BASIN,-176.111,-20.2465,,2013
5.08,6.47,16.97,48.26,0.289,0.067,9.78,2.55,0.191,,0.16,249.0,178.0,37.8,90.1,1.56,248.0,38.8,193.0,1.08,6.41,24.4,3.93,18.9,5.41,2.0,6.37,1.08,6.67,1.47,4.03,3.98,0.598,3.95,0.089,0.087,BACK-ARC_BASIN,156.454,-8.7565,,1987; 2023
2.48242,8.60082,16.91622,48.3983,0.13602,0.08974,12.38164,1.41718,0.16196,9.6497,1.88842877276313,249.284999856202,263.298570319851,48.6858903965727,118.970060209391,18.6198558528795,172.477646619065,25.034516214822,95.7086096905573,2.18903626697384,3.28789508976066,8.58936522802785,1.55493317316899,8.84818650286806,2.99543537590962,1.11452749584715,4.1837045673537,0.649751735751705,4.85626300650904,0.984690450381327,2.50618369335586,2.64248767087607,0.425734637751756,2.02851952134777,0.162988754308367,0.243223415760888,BACK-ARC_BASIN,-175.97,-14.83,,2012
2.48,5.76,12.5,49.5,0.45,0.56,9.68,3.92,0.22,13.01,9.0,,114.0,,65.0,226.0,375.0,40.0,269.0,36.0,31.0,67.0,,,,,,,,,,,,,,7.0,BACK-ARC_BASIN,132.775,24.701,,1980
2.59,5.47,13.04,51.2,0.13,0.1,9.82,1.44,0.22,,1.0,426.0,25.0,,42.0,8.0,82.0,38.0,89.0,1.0,,,,,,,,,,,,,,,,,BACK-ARC_BASIN,150.358,-3.113,,2003
2.86,5.56,16.3,49.8,0.23,0.33,12.17,1.59,0.18,,5.0,,267.0,,71.0,39.0,178.0,39.0,115.0,5.0,4.0,14.0,,,,,,,,,,,,,,,BACK-ARC_BASIN,136.057,28.9833,,1980
2.51,6.95,17.53,49.63,0.19,0.43,11.21,0.98,0.17,,8.49,318.0,133.0,30.9,52.0,73.2,431.0,17.6,59.1,3.3,5.47,13.81,1.95,9.86,2.4,0.89,2.69,0.44,2.85,0.63,1.76,1.64,0.25,1.38,0.2,0.83,BACK-ARC_BASIN,139.236,34.643,,1999; 2006
1.84,10.63,16.33,49.1,0.1,0.33,11.38,0.88,0.13,8.17,8.3,155.0,516.0,39.0,270.0,22.0,167.0,16.0,59.0,,,,,,,,,,,,,,,,,,BACK-ARC_BASIN,144.532,18.013,,1982
2.36,7.46,15.35,50.2,0.1,0.21,11.57,1.49,0.26,,4.3,240.0,269.0,42.0,70.0,50.0,127.0,31.0,79.0,1.8,4.1,,,10.5,,0.85,,,4.8,,3.2,3.0,,,,,BACK-ARC_BASIN,174.171,-21.1715,,1991; 1994
2.68,7.06,16.4,51.75,0.26,0.21,12.03,0.9,0.17,7.48,2.78,,224.0,31.8,84.7,31.8,155.0,14.1,46.0,2.04,2.52,6.7,1.09,5.54,1.78,0.715,2.31,0.404,2.67,0.567,1.68,1.52,0.227,1.33,0.127,0.193,BACK-ARC_BASIN,-29.92,-59.92,,2002
2.73,4.6,16.1,49.2,0.33,0.39,12.45,1.66,0.16,,6.0,,197.0,,48.0,40.0,186.0,41.0,114.0,4.0,6.0,18.0,,,,,,,,,,,,,,2.0,BACK-ARC_BASIN,136.057,28.9833,,1980
3.0,7.2,15.74,50.53,0.15,0.12,11.16,1.49,,8.96,0.998,271.9,243.1,39.78,105.2,8.953,179.7,28.1,96.64,2.023,3.481,11.17,1.886,10.29,3.459,1.307,4.291,0.741,5.133,1.101,3.146,3.134,0.449,2.554,0.126,0.181,BACK-ARC_BASIN,166.37,-16.53,,2012; 2003
2.39,7.06,14.53,51.4,0.09,0.06,11.08,1.19,0.19,10.65,1.58,388.0,81.0,46.4,54.0,13.4,83.0,32.7,65.4,1.72,2.15,6.82,1.25,7.33,2.62,1.0,4.03,0.75,5.12,1.12,3.27,3.29,0.52,1.95,0.123,0.155,BACK-ARC_BASIN,-175.993,-19.688,,1994; 2001; 2002; 2007
4.05,7.96,16.61,50.27,0.17,0.32,7.06,1.42,0.12,,3.1,,131.0,32.2,54.0,57.0,177.0,,137.0,,7.5,18.1,,9.6,3.5,1.25,4.0,0.74,,,,2.86,0.56,3.0,0.58,0.71,BACK-ARC_BASIN,12.993,39.728,MIOCENE,1978; 1979
3.24,5.04,15.39,51.89,0.19,0.54,9.45,1.55,0.2,10.82,9.3,344.0,24.2,,21.7,68.0,158.1,38.8,103.8,3.5,,,,,,,,,,,,,,,,,BACK-ARC_BASIN,-174.82,-15.599,,1992; 1993
2.91,7.27,14.5,50.8,0.1,0.31,11.86,1.55,0.18,,7.0,255.0,207.0,43.0,57.0,64.0,153.0,33.6,95.0,5.9,6.2,,,13.0,,1.0,,,5.4,,3.0,3.15,,,,,BACK-ARC_BASIN,173.92,-17.0,,1994
2.54,7.44,14.06,50.0,0.1,0.09,11.68,1.66,0.19,,2.0,300.0,225.0,44.0,72.0,20.0,105.0,,,,,,,,,,,,,,,,,,,,BACK-ARC_BASIN,173.371,-19.959,,1991
1.41,6.11,18.65,49.12,0.06,0.11,13.45,0.63,0.18,,1.76,,,,22.7,32.0,176.0,10.9,16.6,,0.857,2.52,0.467,2.81,1.1,0.475,1.64,0.302,2.12,0.461,1.41,1.35,0.208,,,0.073,BACK-ARC_BASIN,140.3,30.5,,2007
3.02,9.0,15.4,48.5,0.25,0.42,10.16,2.26,0.18,,6.9,305.0,293.0,41.0,178.0,100.0,254.0,,,,,,,,,,,,,,,,,,,,BACK-ARC_BASIN,174.147,-21.034,,1991
1.59,6.97,15.94,52.43,0.08,0.28,12.33,0.55,0.17,7.95,1.98,,183.0,,64.3,20.61,134.2,9.28,84.0,0.74,3.49,7.68,1.65,7.86,2.76,1.34,,0.8,5.44,1.37,3.97,3.83,,,,0.27,BACK-ARC_BASIN,-175.138,-19.178,,2008
2.64,6.42,15.82,52.17,0.12,0.21,11.24,0.99,0.16,10.23,3.48,,,,,38.3,137.0,24.2,41.1,0.51,1.87,5.47,0.87,5.68,2.02,0.87,3.09,0.5,3.71,0.83,2.43,2.37,0.43,1.3,0.08,0.2,BACK-ARC_BASIN,-177.303,-18.501,,1994; 2007
2.27,10.73,15.08,49.08,0.13,0.45,10.41,0.92,,8.13,6.7,218.0,399.0,39.4,209.0,84.6,206.0,21.3,75.6,3.74,5.62,13.4,2.02,9.44,2.58,0.96,3.19,0.56,3.51,0.74,2.11,2.07,0.32,1.89,0.226,0.56,BACK-ARC_BASIN,143.05,21.83,PROTEROZOIC,1983; 1990; 2005
1.9,8.56,16.02,50.69,0.14,0.5,11.35,0.76,0.16,,8.0,295.7,273.84,,103.6,97.0,340.0,17.1,40.9,1.28,5.58,12.33,1.61,7.98,2.15,0.79,2.27,0.4,2.51,0.54,1.55,1.46,0.23,1.04,0.079,0.588,BACK-ARC_BASIN,144.827,14.5887,,2011
2.7,9.28,15.2,49.5,0.16,0.15,10.13,1.24,0.13,8.44,0.0,,258.0,,105.0,34.0,169.0,27.0,91.0,1.0,3.0,12.0,,,,,,,,,,,,,,2.0,BACK-ARC_BASIN,136.057,28.984,,1980
1.9,6.97,15.58,49.18,0.08,0.17,13.38,0.79,0.2,10.91,3.0,279.0,,,133.0,12.0,244.0,21.0,34.0,1.0,,,,,,,,,,,,,,,,,BACK-ARC_BASIN,-177.71,-18.59,,1977
2.7,7.25,16.1,48.7,0.21,0.45,11.56,1.54,0.16,,9.0,280.0,290.0,38.0,92.0,71.0,192.0,34.0,118.0,8.0,8.5,,,15.0,,1.4,,,5.0,,38.0,3.1,,,,,BACK-ARC_BASIN,173.393,-15.972,,1994
3.43,7.21,14.38,49.69,0.16,0.19,11.64,1.78,,10.41,1.37,202.0,,,181.0,66.0,212.0,25.0,116.0,,,15.0,,10.9,3.19,1.25,,,4.63,,2.9,2.92,0.42,,,,BACK-ARC_BASIN,144.92,18.01,,2003; 1987
2.22,9.04,15.95,50.66,0.14,0.48,10.96,0.85,0.16,,7.13,278.5,384.72,,132.5,86.7,303.0,19.8,56.5,2.71,4.86,11.49,1.54,7.6,2.26,0.85,2.8,0.47,3.01,0.66,1.98,1.85,0.29,1.34,0.139,0.47,BACK-ARC_BASIN,144.824,14.5919,,2011
2.63,7.15,14.8,49.7,0.17,0.39,11.38,1.63,0.13,,5.0,,244.0,,80.0,45.0,178.0,36.0,118.0,2.0,7.0,13.0,,,,,,,,,,,,,,1.0,BACK-ARC_BASIN,137.441,29.3275,,1980
2.45,7.33,17.07,50.29,0.16,0.48,12.82,0.82,,6.93,8.48,,,,,137.0,331.0,,,,9.67,20.0,,11.6,2.9,1.05,3.32,,3.25,,1.9,1.8,,,,,BACK-ARC_BASIN,143.36,21.31,,1998
3.15,9.76,17.61,47.33,0.11,0.06,11.13,0.95,0.17,,1.0,166.0,216.0,,163.0,14.0,239.0,19.0,77.0,,,10.0,,8.57,3.01,,,,,,,,,,,,BACK-ARC_BASIN,134.536,38.616,CENOZOIC,1992
2.51,7.92,15.24,49.3,0.14,0.2,11.62,1.46,0.18,,0.0,296.0,253.0,44.0,96.0,58.0,128.0,37.0,90.0,5.0,,,,,,,,,,,,,,,,,BACK-ARC_BASIN,-176.0,-18.35,,1990
2.3,8.55,16.5,49.0,0.05,0.28,12.4,1.15,0.14,,3.0,216.0,260.0,,102.0,54.0,214.0,,60.0,,3.4,7.0,,,2.3,0.93,,0.46,,,,2.0,,,0.094,0.32,BACK-ARC_BASIN,167.7,-12.2,,1994
2.55,7.74,14.47,50.6,0.1,0.08,11.93,1.54,0.19,,2.0,285.0,272.0,44.0,86.0,17.0,111.0,,,,,,,,,,,,,,,,,,,,BACK-ARC_BASIN,173.368,-19.9533,,1991
2.76934748253651,5.33750177274048,13.1409135023661,49.6923887349856,0.189200562700965,0.18507218622101,9.98631055823961,2.22084731445739,0.280397918396618,14.0032019625226,5.2247704898253,569.390380169089,25.1527259548415,52.4285055927367,42.324991774738,55.8808010261551,87.6886695630603,52.5715538288294,119.644186212643,8.65252728166441,6.9088127717711,17.53713955165,2.88138473893381,15.5819494378688,5.31981577158971,1.82009852710443,7.25416067299975,1.2523248810526,8.60244175649413,1.8540216716902,5.67369039283775,5.90279629547415,0.822716718039424,3.55640109393879,0.462536537449136,0.740519504769725,BACK-ARC_BASIN,-177.48,-15.96,,2012; 2015; 2018
2.66,7.14,16.3,49.6,0.13,0.1,12.07,1.32,0.15,,,,267.0,,103.0,24.0,165.0,30.0,95.0,4.0,4.0,17.0,,,,,,,,,,,,,,,BACK-ARC_BASIN,137.441,29.3275,,1980
2.27,7.5,13.9,49.86,0.07,0.08,12.29,1.15,0.19,10.54,,273.0,443.0,41.0,1410.0,,113.0,,,,,,,,,,,,,,,,,,,,BACK-ARC_BASIN,-176.125,-18.625,,1990
3.9,7.99,15.91,49.27,0.21,0.18,11.19,1.09,0.14,7.96,0.1,210.0,202.0,35.0,96.0,27.4,176.0,29.0,87.0,2.0,2.6,8.18,1.32,7.77,2.67,1.03,3.45,0.61,3.71,0.8,2.3,1.97,0.42,1.7,0.09,0.1,BACK-ARC_BASIN,-177.856,-18.5675,,1994; 1994; 1994
2.72,7.34,16.4,50.0,0.12,0.06,12.07,1.24,0.13,,,,294.0,,108.0,28.0,156.0,29.0,84.0,2.0,3.0,11.0,,,,,,,,,,,,,,,BACK-ARC_BASIN,137.441,29.3275,,1980
1.89,4.59,18.84,50.88,0.14,0.46,11.39,0.83,0.21,9.34,,264.0,74.0,31.0,34.0,,281.0,,66.0,,,,,,,,,,,,,,,,,,BACK-ARC_BASIN,-177.104,-22.1976,,1990
3.09,8.25,15.33,49.65,0.26,0.11,11.8,1.32,0.17,8.31,1.02,,324.0,36.3,124.0,12.3,104.0,24.4,70.8,1.58,2.35,7.4,1.4,7.89,2.86,1.07,3.89,0.693,4.62,0.986,2.93,2.63,0.385,2.17,0.105,0.111,BACK-ARC_BASIN,-30.717,-56.067,,2002
2.61,6.76,18.22,49.6,0.13,0.61,11.24,1.04,0.13,8.12,9.1,148.0,153.0,29.0,39.0,90.0,269.0,22.0,68.0,,,,,,,,,,,,,,,,,,BACK-ARC_BASIN,145.18,17.912,,1982
2.23,7.97,15.46,49.81,0.07,0.07,12.98,0.99,0.16,,0.5,271.0,326.0,,98.0,10.0,81.0,23.0,54.0,1.2,,,,,,,,,,,,,,,,,BACK-ARC_BASIN,149.015,-3.42,,2003
1.69,8.05,17.08,46.94,0.12,0.26,12.46,1.0,0.2,,6.0,391.0,126.0,58.0,48.0,,369.0,17.0,40.0,,,,,,,,,,,,,,,,,,BACK-ARC_BASIN,139.35,31.65,,1989
3.27,5.23,16.6,50.7,0.11,0.62,11.23,1.18,0.16,8.88,8.0,,106.0,,51.0,81.0,251.0,26.0,84.0,2.0,10.0,17.0,,12.0,,,,,,,,,,,,0.0,BACK-ARC_BASIN,145.18,17.912,,1980
2.73,7.53,15.24,50.36,0.27,0.65,11.51,1.59,0.15,8.39,16.4,267.0,260.0,38.0,89.0,194.0,296.0,24.0,124.6,24.74,16.27,34.62,4.36,18.23,4.17,1.39,4.44,0.69,4.17,0.84,2.3,2.17,0.33,3.01,1.52,1.86,BACK-ARC_BASIN,-30.278,-56.114,,2000
2.3,8.55,16.5,49.0,0.05,0.25,12.4,1.15,0.14,9.13,3.0,216.0,260.0,,102.0,54.0,214.0,,,,,,,,,,,,,,,,,,,,BACK-ARC_BASIN,169.8,-16.0,,1987
1.93,10.94,15.67,47.8,0.06,0.01,11.84,0.93,0.19,,0.0,263.0,456.0,52.0,247.0,15.0,73.0,33.0,53.0,0.0,,,,,,,,,,,,,,,,,BACK-ARC_BASIN,-176.0,-18.0,,1990
2.36,7.16,16.98,48.3,0.12,0.12,11.94,0.89,0.58,,3.0,174.0,284.0,48.0,117.0,77.0,172.0,,,,,,,,,,,,,,,,,,,,BACK-ARC_BASIN,173.758,-17.5693,,1991
2.23,10.09,15.6,48.4,0.12,0.11,10.65,1.11,0.15,,2.0,,323.0,,170.0,25.0,137.0,26.0,78.0,1.0,2.0,11.0,,,,1.15,,0.56,,,,,,1.8,,1.0,BACK-ARC_BASIN,137.441,29.3275,,1980; 1980
2.78,6.77,16.0,49.4,0.15,0.25,13.79,1.16,0.1,,4.0,,240.0,,130.0,29.0,182.0,26.0,86.0,,4.0,13.0,,,,,,,,,,,,,,1.0,BACK-ARC_BASIN,136.057,28.9833,,1980
2.55,8.03,15.9,50.0,0.13,0.07,11.95,1.29,0.12,7.72,1.0,,290.0,,94.0,37.0,158.0,29.0,91.0,0.0,3.0,11.0,,,,,,,,,,,,,,0.0,BACK-ARC_BASIN,137.44,29.328,,1980
2.13910608727207,8.36004417320546,15.3285304233146,49.3372424336869,0.0503536977491961,0.0409614597544338,12.6758907801507,1.08324340186198,0.190780705065298,10.4692104034155,1.017139671905,337.930776740503,299.221313546579,52.4020402233416,113.676521595907,9.2306104737833,66.3840709572038,24.9940011672025,43.7040838529514,1.2596367800584,1.44417843719904,4.75982998107632,0.968830372148636,6.0417158454173,2.42310769117096,0.908872306075508,3.48296393350671,0.611059651034445,4.21945217603012,0.918638164415798,2.65805186856798,2.74053204926162,0.364328515789779,1.44571108584406,0.0697146064429425,0.10169338191597,BACK-ARC_BASIN,-177.26,-15.8,,2012; 2015; 2018
1.94,8.14,14.93,51.32,0.06,0.04,13.19,0.89,0.18,9.28,0.61,,,,,6.4,55.41,19.94,43.1,0.63,1.15,3.89,0.73,4.77,1.56,0.6,,0.38,3.07,0.69,1.97,2.29,,,0.04,0.06,BACK-ARC_BASIN,-176.058,-19.908,,2008
3.05,7.73,16.34,51.2,0.15,0.78,9.78,1.1,0.22,,9.0,289.0,214.0,,132.0,21.4,180.0,24.8,73.0,2.0,3.73,9.32,1.54,7.13,2.58,0.95,3.24,0.59,3.49,0.82,2.04,1.97,0.31,1.23,,0.24,BACK-ARC_BASIN,121.22,8.0037,,1991
3.09,8.12,17.97,49.14,0.08,0.07,11.57,0.88,0.28,,0.0,200.0,317.0,,101.0,17.0,179.0,21.0,54.0,0.0,,9.0,,8.3,2.07,,,,,,,,,,,,BACK-ARC_BASIN,134.536,38.616,,1992; 1992
2.66082,6.71868,13.95662,49.98562,0.13652,0.1411,11.08598,1.60446,0.22666,11.01472,4.28542665790826,423.713972989193,45.5145940412286,52.9618714673493,59.7288076032412,46.2621040594246,92.0279314045179,35.5386373999759,76.3974636782616,5.27436422485739,4.423949385197,11.119544273876,1.93583133790814,10.270348685592,3.64235939167984,1.36344943638879,5.09764028719644,0.890681209650453,6.02870334109628,1.30647769334826,3.89150227895259,3.97836643814224,0.540066483256667,2.38336218495699,0.288444933974522,0.449004221371281,BACK-ARC_BASIN,-177.37,-15.9,,2012; 2015
2.5,6.35,13.2,49.3,0.34,0.42,9.99,3.6,0.16,11.76,2.0,,135.0,,72.0,133.0,373.0,32.0,202.0,24.0,20.0,41.0,,,,2.45,,0.98,,,,,,5.0,,2.0,BACK-ARC_BASIN,132.775,24.701,,1980; 1981
3.52,6.95,18.04,50.03,0.24,0.21,10.9,1.68,0.25,,3.0,281.0,319.0,,124.0,6.0,200.0,33.0,107.0,3.0,5.0,11.9,,11.8,4.0,1.4,4.7,,5.2,,2.9,2.8,0.3,,,,BACK-ARC_BASIN,138.231,40.19,,1992
2.83,5.89,16.1,49.8,0.22,0.33,11.97,1.55,0.16,,5.0,,195.0,,70.0,24.0,175.0,37.0,116.0,4.0,4.0,18.0,,,,1.48,,0.81,,,,,,3.0,,1.0,BACK-ARC_BASIN,136.057,28.9833,,1980; 1980
2.35,9.52,17.01,49.08,0.13,0.01,13.79,0.65,0.14,,1.0,187.0,,,112.0,20.0,155.0,18.0,43.0,2.0,,,,,,,,,,,,,,,,,BACK-ARC_BASIN,-176.5,-20.142,,1994
3.0,8.36,16.92,49.51,0.08,0.14,11.74,1.12,0.14,,1.4,181.0,317.0,,133.0,4.1,141.0,34.0,93.0,1.1,2.36,8.05,1.45,8.08,2.71,1.05,3.43,0.59,3.86,0.84,2.4,2.25,,1.73,,,BACK-ARC_BASIN,156.685,-9.0967,,1987; 1987
2.57,10.07,16.68,44.42,0.11,0.22,10.66,0.957,0.176,,7.0,177.0,236.0,41.0,92.0,86.0,190.0,21.0,69.0,5.0,0.0,35.0,,,,,,,,,,,,,,,BACK-ARC_BASIN,12.993,39.728,MIOCENE,1978
4.35,6.89,16.36,47.45,0.25,0.06,9.5,2.28,0.16,,0.3,195.0,165.0,,95.0,10.0,243.0,41.0,219.0,1.0,5.0,22.0,,,,,,,,,,,,,,,BACK-ARC_BASIN,156.454,-8.7565,,1987
2.2,8.85,16.17,48.72,0.15,0.06,13.65,0.73,0.14,9.0,1.0,172.0,,,126.0,21.0,201.0,18.0,47.0,1.0,,,,,,,,,,,,,,,,,BACK-ARC_BASIN,-176.5,-20.142,,1994
2.109,6.5,15.325,52.202,0.106,0.168,10.92,0.983,0.187,9.97,2.5459,323.761,147.711,39.092,54.7081,38.4308,103.607,23.28,45.144,0.692,1.576,5.12,0.93,5.332,1.946,0.759,2.99,0.539,3.7,0.825,2.387,2.403,0.38,1.31,0.054,0.101,BACK-ARC_BASIN,-176.176,-20.7116,,2013
2.9,5.93,15.5,51.8,0.13,0.28,10.5,1.23,0.18,,3.61,223.0,320.0,45.5,113.0,45.6,159.0,29.4,102.0,6.14,5.26,13.5,2.04,10.6,3.38,1.22,4.16,0.73,5.1,1.14,3.03,2.93,0.43,2.61,0.39,0.6,BACK-ARC_BASIN,115.047,12.9196,,2018
1.6,6.3,18.06,49.14,0.07,0.14,12.3,0.7,0.2,,2.1,,,,23.4,39.4,181.0,12.2,16.8,0.4,,,,,,,,,,,,,,,,,BACK-ARC_BASIN,140.242,30.4511,,2007
2.88,7.43,15.9,50.6,0.08,0.11,9.78,1.2,0.14,,1.5,195.0,266.0,64.6,101.0,15.0,107.0,28.4,66.0,2.76,2.82,8.03,1.41,7.74,2.78,1.12,3.93,0.72,4.73,1.02,2.82,2.72,0.43,2.08,0.2,0.23,BACK-ARC_BASIN,117.0,15.3923,,2025
2.49,7.73,14.92,49.95,0.1,0.07,12.06,1.57,0.18,,2.0,291.0,297.0,44.0,93.0,17.0,96.0,,,,,,,,,,,,,,,,,,,,BACK-ARC_BASIN,173.52,-18.554,,1991
1.74,7.84,17.29,48.48,0.13,0.37,13.21,0.78,0.18,,7.09,300.0,280.0,,76.6,28.3,410.0,17.9,39.4,0.802,5.08,11.8,2.03,10.2,2.72,0.931,3.09,,3.04,,1.81,1.76,,1.15,,0.406,BACK-ARC_BASIN,139.1,30.65,2.62,2000; 2001
2.83,7.75,16.4,47.49,0.15,0.15,10.47,1.38,0.17,10.38,1.26,231.0,370.0,42.0,198.0,45.0,188.0,27.1,85.6,3.0,4.65,12.4,2.19,11.7,3.5,1.31,4.29,0.78,5.11,1.09,3.03,2.89,0.44,2.55,0.16,0.26,BACK-ARC_BASIN,138.231,40.19,CENOZOIC,2015
3.5,6.75,17.96,48.9,0.17,0.19,10.86,1.25,0.2,,1.0,,184.0,,77.0,67.0,340.0,24.0,114.0,1.0,5.0,10.0,,,,,,,,,,,,,,1.0,BACK-ARC_BASIN,-35.7,-56.7,,1980
2.66,7.06,14.6,50.5,0.117,0.071,11.58,1.38,0.184,10.22,0.844,316.0,306.0,43.6,84.0,8.34,85.0,31.0,71.1,1.66,2.44,8.27,1.52,8.47,3.08,1.1,4.52,0.776,5.43,1.19,3.38,3.41,0.486,2.12,0.107,0.112,BACK-ARC_BASIN,173.518,-18.5437,,1991; 2023
1.95,9.8,18.38,48.75,0.07,0.06,12.73,0.75,0.16,8.06,1.67,174.0,278.0,45.7,199.0,11.6,92.4,14.6,37.3,1.14,1.56,4.73,0.834,4.34,1.47,0.603,2.11,0.38,2.55,0.581,1.62,1.57,0.236,1.06,0.076,0.103,BACK-ARC_BASIN,-176.152,-15.064,,2012
2.49,8.61,16.59,49.38,0.112,0.083,11.99,1.22,0.178,9.59,0.794,275.0,335.0,48.0,165.0,8.4,125.0,22.6,59.9,1.61,2.37,8.06,1.35,7.27,2.54,1.03,3.48,0.652,4.18,0.871,2.5,2.58,0.379,1.67,0.1,0.125,BACK-ARC_BASIN,174.273,-16.612,,2023; 1993
2.66,10.17,14.2,49.3,0.07,0.2,11.8,0.88,0.14,8.47,0.0,,424.0,,253.0,10.0,160.0,22.0,55.0,1.0,10.0,7.0,,6.0,,,,,,,,,,,,0.0,BACK-ARC_BASIN,144.532,18.013,PLEISTOCENE,1980
3.36,6.38,15.98,52.18,0.22,0.45,9.98,1.55,0.16,,5.54,314.0,38.2,33.0,30.7,58.2,198.0,32.8,116.0,5.55,7.71,19.1,2.93,15.4,4.54,1.61,5.01,1.01,6.35,1.37,3.89,3.9,0.6,3.24,0.39,0.78,BACK-ARC_BASIN,144.725,18.204,,2019
3.07,6.43,16.6,51.4,0.17,0.24,11.22,1.27,,7.94,4.3,251.0,209.0,34.2,139.0,38.0,214.0,29.7,94.8,2.69,5.18,13.61,2.16,10.94,3.42,1.22,4.45,0.74,4.73,1.01,2.88,2.78,0.43,2.33,0.19,0.412,BACK-ARC_BASIN,144.66,18.75,,2003; 2005
3.52,8.52,17.91,49.82,0.18,1.33,7.27,1.13,0.21,,,,,,,,,,,,3.4,3.0,,7.0,2.4,0.92,,0.6,,,,2.35,0.3,,,0.2,BACK-ARC_BASIN,121.22,8.0037,,1991; 1991
2.79,5.2,16.1,49.5,0.35,0.4,12.27,1.58,0.14,,7.0,,195.0,,51.0,31.0,182.0,39.0,115.0,4.0,8.0,18.0,,,,,,,,,,,,,,1.0,BACK-ARC_BASIN,136.057,28.9833,,1980
3.06,9.16,15.92,51.1,0.19,0.43,10.62,1.16,0.14,,9.0,265.0,430.0,40.0,190.0,107.0,331.0,29.8,137.0,5.5,8.74,19.8,2.43,11.6,3.35,1.26,3.71,0.67,4.23,0.91,2.71,2.45,0.375,2.3,0.21,0.78,BACK-ARC_BASIN,143.309,21.105,,2016
2.37,6.39,13.81,51.39,0.1,0.06,10.65,1.29,0.24,12.58,0.707,420.0,40.0,48.0,,8.08,71.9,29.0,56.1,0.937,1.88,6.66,1.22,7.32,2.79,1.04,3.93,0.702,5.25,1.16,3.37,3.53,0.545,1.81,0.064,0.087,BACK-ARC_BASIN,150.441,-3.0719,,2015
2.59,6.74,16.2,50.3,0.18,0.31,11.9,1.13,0.17,9.45,,330.0,90.0,,48.0,27.0,242.0,22.0,70.0,,,,,,,,,,,,,,,,,,BACK-ARC_BASIN,139.808,31.08,,1990
2.6,7.13,16.44,52.6,0.14,0.35,11.33,1.2,0.16,8.06,6.89,244.0,,,,79.5,185.0,24.6,79.4,5.32,5.07,13.2,1.94,9.09,2.78,1.02,3.28,0.6,4.02,0.84,2.4,2.35,0.36,2.04,0.32,0.54,BACK-ARC_BASIN,-29.5,-56.364,,2000
2.45,5.83,18.12,49.4,0.26,0.78,11.02,0.79,0.2,,21.0,250.0,130.0,,59.0,117.0,430.0,20.0,61.0,4.0,,,,,,,,,,,,,,,,,BACK-ARC_BASIN,120.68,8.6782,,1991
3.06,6.01,16.71,51.45,0.19,0.53,10.79,1.1,0.18,,16.6,311.1,192.2,,82.1,,296.4,29.0,126.4,,,,,14.2,3.7,,,,,,,,,,,,BACK-ARC_BASIN,126.63,27.02,,1991
2.17,9.29,16.17,49.39,0.16,0.05,11.98,0.96,0.13,9.37,1.07,,,,,12.9,88.2,30.5,54.3,1.76,2.18,6.13,1.01,5.81,2.45,0.97,3.53,0.67,4.55,1.0,2.79,2.49,0.39,1.59,0.12,0.16,BACK-ARC_BASIN,171.47,-14.552,,1993; 2014
3.42,7.47,15.11,50.15,0.1,0.13,11.67,1.51,0.2,9.88,5.0,285.0,126.0,40.0,53.0,35.0,130.0,,,,3.28,10.22,1.61,9.17,3.09,1.17,4.35,0.74,0.51,1.11,3.25,3.05,0.46,,,,BACK-ARC_BASIN,173.914,-16.944,,1991
2.61,8.6,16.64,49.28,0.37,1.57,10.28,1.97,0.15,,41.0,261.0,293.0,,137.0,419.0,437.0,25.0,183.0,40.0,24.3,49.4,,24.2,5.1,1.7,,,,,,2.08,0.31,,,3.0,BACK-ARC_BASIN,177.0,-12.5,,1990
3.16,8.28,16.46,50.23,0.16,0.09,12.03,1.43,0.16,8.87,1.15,,,,,7.1,189.0,29.3,104.2,1.51,3.54,11.03,1.69,10.01,3.22,1.24,4.32,0.77,4.79,1.0,3.03,2.59,0.55,2.27,0.1,0.07,BACK-ARC_BASIN,-177.862,-18.568,,1994
2.67,7.77,14.56,49.25,0.2,0.16,11.61,1.78,0.18,,3.5,280.0,268.0,42.0,104.0,20.0,120.0,,,,,,,,,,,,,,,,,,,,BACK-ARC_BASIN,173.458,-19.27,,1991
2.78,7.53,15.86,50.12,0.17,0.3,11.39,1.61,0.16,9.47,8.2,263.0,304.0,,100.0,75.5,171.0,40.2,119.7,9.4,8.87,19.0,2.55,12.4,4.0,1.46,5.18,0.95,6.18,1.3,3.7,3.34,0.52,2.88,0.64,1.03,BACK-ARC_BASIN,177.42,-16.32,,1990; 2014
2.3,6.88,17.68,47.8,0.11,0.36,13.16,0.83,0.17,10.71,28.8,126.0,8.0,,163.0,648.0,279.0,19.3,154.0,4.43,15.11,31.9,4.41,19.03,4.66,1.14,4.12,0.67,4.1,0.93,2.68,2.68,0.41,3.19,0.23,3.64,BACK-ARC_BASIN,177.8,35.77,,2010
2.62,7.16,14.42,51.01,0.12,0.07,11.92,1.28,0.23,11.06,1.0,,189.0,,61.7,10.21,92.73,27.63,67.7,1.31,1.94,5.91,1.24,6.44,2.6,0.94,,0.8,5.29,1.14,3.39,3.7,,,,0.13,BACK-ARC_BASIN,-176.432,-18.658,,2008
3.08,5.55,15.1,50.92,0.27,0.55,10.38,2.06,0.21,10.92,16.2,332.0,116.0,34.2,45.7,126.0,210.0,33.5,143.0,11.2,10.5,25.4,3.65,16.8,4.47,1.52,5.47,0.936,6.07,1.34,3.72,3.57,0.557,3.49,0.704,0.978,BACK-ARC_BASIN,-176.65,-14.827,,2012
2.06,8.53,17.22,48.66,0.16,0.41,10.89,0.95,,7.94,5.1,,,,106.0,40.0,247.0,20.0,54.0,2.9,7.4,,,,,,,,,,,,,,,,BACK-ARC_BASIN,139.845,30.916,,1992
1.47,5.85,18.73,48.94,0.06,0.11,12.99,0.72,0.19,,1.7,,,,18.1,45.0,174.4,11.2,16.5,0.5,,,,,,,,,,,,,,,,1.0,BACK-ARC_BASIN,140.3,30.5,,2007
2.61,5.38,13.1,51.0,0.4,0.77,9.02,3.42,0.15,11.95,12.0,,50.0,,51.0,179.0,393.0,37.0,255.0,27.0,27.0,60.0,,,,,,,,,,,,,,1.0,BACK-ARC_BASIN,132.775,24.701,,1980
2.28,8.14,16.5,50.79,0.15,0.57,10.92,0.77,0.15,,11.5,,,,97.8,143.3,315.1,16.5,53.6,1.8,,,,,,,,,,,,,,,,1.0,BACK-ARC_BASIN,144.776,14.601,,2011
3.0497,5.85013333333333,15.14715,51.5222666666667,0.191916666666667,0.574116666666667,9.97906666666667,1.79138333333333,0.220816666666667,11.10065,12.476006146928,242.625074559552,149.105826748547,42.2519417886246,82.1751532464828,74.928297867584,157.151482581152,45.4267599560029,216.422068919813,10.0901546924289,10.3271154233787,25.6139706658122,4.11992516848476,19.4807122948214,5.54501585325389,1.589014207269,7.26557038665009,1.22256460875837,7.67890274590018,1.71080999192343,4.80175911715722,4.85681217144905,0.719795927314207,5.15966944650289,0.720720256563306,1.08216117713936,BACK-ARC_BASIN,-176.47,-15.47,,2012
3.01,7.11,17.42,50.27,0.18,0.49,10.92,1.27,0.15,,5.8,221.0,219.0,33.9,91.5,55.0,220.0,25.7,95.1,5.38,6.12,14.5,2.19,11.3,3.45,1.26,3.82699485,0.75,4.86,1.03,3.02,2.99,0.43,2.72,0.44,0.47,BACK-ARC_BASIN,144.48,15.416,,2019
3.13,4.69,16.89,51.43,0.25,0.54,10.14,1.35,0.16,9.81,6.2,,,,13.0,22.0,267.0,26.0,82.0,2.2,4.2,,,,,,,,,,,,,,,,BACK-ARC_BASIN,139.845,30.916,,1992
3.08,5.38,16.4,50.4,0.21,0.32,12.26,1.65,0.16,,7.0,,59.0,,57.0,34.0,189.0,38.0,129.0,4.0,4.0,19.0,,,,,,,,,,,,,,,BACK-ARC_BASIN,136.057,28.9833,,1980
1.95,6.37,17.08,52.71,0.14,0.3,12.4,0.61,0.07,8.36,4.28,,,,,47.8,151.0,14.5,25.9,0.34,1.89,5.22,0.86,4.59,1.7,0.61,2.09,0.3,2.37,0.47,1.32,1.37,0.2,0.84,0.45,0.18,BACK-ARC_BASIN,-176.775,-20.709,,1994; 2007
3.32,8.42,17.23,49.22,0.39,1.58,9.36,1.55,0.14,,21.9,210.0,289.0,,,255.0,419.0,24.9,129.0,27.6,17.8,34.7,4.08,17.8,4.03,1.43,3.99,0.69,4.02,0.85,2.35,2.2,0.34,2.96,2.26,2.45,BACK-ARC_BASIN,136.991,29.654,,2009
2.96,6.0,15.81,50.1,,0.6,13.18,0.95,0.2,9.0,11.0,,116.0,62.0,64.0,96.0,1500.0,,,,8.4,20.4,,9.4,3.12,1.21,,0.79,,,,2.57,0.38,,,,BACK-ARC_BASIN,127.0,27.5,HOLOCENE,1989
2.6101125,8.3251375,16.5089375,48.460775,0.13195,0.1553625,12.266325,1.41265,0.201225,10.3661125,2.59478998053149,264.279013139299,255.501750441659,48.6146491372369,136.471746888555,24.4412823742065,173.682803442124,22.8792386534384,84.7054000516658,2.52745290967635,3.41064018080202,9.65734954404921,1.72256151782861,8.56751439345999,2.70952340356366,1.0999373163964,3.66234855371449,0.6284549748434,4.22663185702028,0.928101099730412,2.54689333667688,2.45521823855899,0.378529883845835,2.1221974731838,0.167436950615278,0.21478428021348,BACK-ARC_BASIN,-176.41,-15.11,,2012
1.88,7.53,15.1,50.27,0.08,0.11,13.03,0.98,0.19,9.75,1.14,,298.0,,102.8,9.11,103.28,18.14,46.8,0.71,1.46,4.76,0.91,5.37,1.71,0.63,,0.43,2.94,0.66,1.91,2.04,,,0.08,0.13,BACK-ARC_BASIN,-176.985,-19.375,,2008
2.34,8.98,17.41,48.19,0.04,0.04,12.42,0.79,0.18,9.11,0.1,215.0,470.0,53.0,221.0,1.0,100.0,21.0,48.0,,,,,,,,,,,,,,,1.08,0.045,,BACK-ARC_BASIN,-177.7,-16.24,,1977
2.48,7.52,14.8,49.1,0.17,0.36,11.87,1.57,0.14,,5.0,,252.0,,111.0,37.0,170.0,33.0,117.0,5.0,4.0,13.0,,,,,,,,,,,,,,,BACK-ARC_BASIN,137.441,29.3275,,1980
2.49,7.84,14.87,49.9,0.1,0.07,12.06,1.5,0.18,,2.0,285.0,297.0,44.0,93.0,17.0,93.0,,,,,,,,,,,,,,,,,,,,BACK-ARC_BASIN,173.52,-18.554,,1991
2.21,7.56,14.9,51.05,0.091,0.064,11.94,1.07,0.19,10.06,0.95,319.0,157.0,42.2,66.0,8.9,80.0,27.7,55.9,0.75,1.59,5.6,1.05,6.09,2.24,0.82,0.64,3.49,4.37,0.98,2.84,2.87,0.45,1.59,0.059,0.066,BACK-ARC_BASIN,-176.094,-19.955,,2009; 2015
2.49,7.81,14.87,50.0,0.1,0.07,12.1,1.56,0.18,,2.0,290.0,297.0,44.0,94.0,30.0,96.0,,,,,,,,,,,,,,,,,,,,BACK-ARC_BASIN,173.518,-18.5437,,1991
3.09,6.98,17.26,50.68,0.13,0.28,10.52,1.4,0.17,8.68,3.58,263.0,259.0,35.0,162.0,48.0,174.0,37.0,112.0,1.0,,,,11.47,3.65,,,,,,,,,,,,BACK-ARC_BASIN,144.89,17.83,,1990
2.71,5.97,13.28,50.8,0.21,0.19,10.94,2.08,0.18,13.99,2.4,,,,,29.2,125.0,53.9,116.9,4.25,5.14,13.6,2.17,12.2,4.84,1.76,6.68,1.24,8.14,1.78,4.95,4.56,0.72,3.21,0.31,0.42,BACK-ARC_BASIN,175.902,-13.565,,1993; 2014
3.11,5.76,17.02,52.71,0.28,0.65,10.43,1.17,0.18,7.86,11.0,270.0,,,59.0,50.0,244.0,30.0,96.0,2.0,,,,,,,,,,,,,,,,,BACK-ARC_BASIN,144.75,18.03,,1990
2.58,6.42,17.32,51.73,0.2,0.54,10.47,1.08,0.17,,13.3,250.0,137.0,34.0,69.0,107.0,258.0,26.5,93.0,4.2,9.21,21.8,3.01,13.63,3.56,1.21,3.94,0.67,4.17,0.89,2.61,2.5,0.38,2.26,0.29,1.32,BACK-ARC_BASIN,127.0,28.25,,2017
1.86,7.42,14.55,49.96,0.12,0.07,12.68,1.18,0.19,10.39,0.7,,217.0,43.4,69.0,,86.1,31.8,64.0,2.4,2.23,3.9,,6.54,2.57,1.03,,0.637,,,,2.6,,1.84,0.092,0.087,BACK-ARC_BASIN,-176.45,-18.68,,1990
2.04,10.07,16.02,49.05,0.08,0.28,12.23,0.8,,7.68,4.5,235.0,392.0,41.6,152.0,120.0,238.0,18.6,50.3,1.53,5.51,12.1,1.78,8.41,2.31,0.89,2.83,0.48,3.12,0.64,1.86,1.78,0.27,1.37,0.077,0.756,BACK-ARC_BASIN,143.1,21.78,PROTEROZOIC,1983; 1990; 2005
3.6,4.64,16.8,49.66,0.18,0.17,9.54,1.04,0.23,,,380.0,28.0,,22.0,124.0,250.0,26.0,66.0,,3.1,,,,,,,,,,,,,,,,BACK-ARC_BASIN,-175.298,-23.3457,,1994
2.14,7.52,15.93,50.89,0.11,0.21,13.1,0.94,0.17,8.53,7.0,226.0,309.0,41.0,90.0,27.0,133.0,24.0,64.0,1.0,,,,,,,,,,,,,,1.59,0.133,,BACK-ARC_BASIN,-174.78,-15.65,,1977
1.78,8.4,14.98,51.68,0.13,0.54,12.06,0.63,0.18,,14.0,283.0,219.0,,62.0,209.0,379.0,17.0,44.0,2.0,,,,,,,,,,,,,,,,,BACK-ARC_BASIN,143.58,21.67,,1997
4.18,7.21,16.8,50.1,0.26,0.32,7.7,1.72,0.18,,0.0,,115.0,31.0,,,197.0,43.0,165.0,,8.7,18.9,,,3.8,1.3,,1.2,5.9,,,2.8,0.46,2.4,0.0,0.0,BACK-ARC_BASIN,12.993,39.728,MIOCENE,1977
2.21,7.83,14.71,50.2,0.1,0.08,12.74,1.37,0.18,,2.0,287.0,200.0,42.0,79.0,30.0,105.0,,,,,,,,,,,,,,,,,,,,BACK-ARC_BASIN,173.385,-19.8783,,1991
2.5,7.77,14.88,49.0,0.1,0.06,12.19,1.53,0.19,,2.0,294.0,295.0,44.0,97.0,25.0,94.0,,,,,,,,,,,,,,,,,,,,BACK-ARC_BASIN,173.52,-18.554,,1991
2.19,6.7,16.68,50.85,0.18,0.47,12.06,1.05,0.16,,9.1,280.0,22.0,36.0,52.0,75.0,244.0,21.0,58.0,3.6,5.56,13.29,1.93,9.16,2.67,1.03,3.09,0.54,3.4,0.73,2.09,1.97,0.3,1.47,0.24,0.61,BACK-ARC_BASIN,127.125,27.4062,,1999
3.47,5.66,17.24,50.79,0.26,0.32,10.57,1.74,0.19,9.76,3.0,281.0,,,38.0,36.0,179.0,43.0,147.0,4.0,,,,,,,,,,,,,,,,,BACK-ARC_BASIN,-177.856,-18.5675,,1994
2.13,7.78,14.49,51.25,0.087,0.048,11.86,1.05,0.2,10.65,0.72,332.0,154.0,45.5,69.0,6.8,70.0,28.3,56.2,0.78,1.58,5.55,1.04,6.05,2.23,0.85,0.64,3.52,4.46,1.0,2.92,2.96,0.47,1.58,0.061,0.072,BACK-ARC_BASIN,-176.133,-20.059,,2009; 2015
2.67,10.19,17.69,50.06,0.21,0.28,9.06,1.19,0.13,,1.2,245.0,235.0,,91.0,98.0,278.0,19.8,92.0,8.0,,18.0,,,,,,,,,,,,,,,BACK-ARC_BASIN,138.23,40.19,,1992; 1992
2.38,9.47,15.8,48.7,0.12,0.11,10.67,1.15,0.15,,2.0,,319.0,,139.0,30.0,137.0,27.0,82.0,2.0,4.0,12.0,,,,,,,,,,,,,,1.0,BACK-ARC_BASIN,137.441,29.3275,,1980
1.26,7.14,17.66,49.85,0.06,0.18,13.44,0.52,0.2,8.87,,201.0,141.0,36.0,55.0,,183.0,,36.0,,,,,,,,,,,,,,,,,,BACK-ARC_BASIN,-176.68,-22.17,,1990
2.93,5.99,15.47,50.9,0.12,0.37,10.62,1.26,0.19,,8.5,303.1,36.8,,32.5,54.0,148.9,32.6,86.1,3.8,,,,,,,,,,,,,,,,,BACK-ARC_BASIN,-174.817,-15.6138,,1992
2.4,8.6,17.93,49.56,0.14,0.35,11.55,0.84,,8.61,12.3,171.0,232.0,44.7,196.0,28.3,188.0,24.7,54.5,1.25,3.49,8.62,1.24,7.03,2.38,0.994,3.33,0.58,4.28,0.83,2.85,2.83,0.38,1.39,0.097,0.227,BACK-ARC_BASIN,144.67,19.12,,1998; 2000; 2005
2.59,7.78,16.1,49.3,0.12,0.26,10.97,1.14,0.14,7.48,11.0,,300.0,,137.0,35.0,167.0,24.0,78.0,4.0,5.0,14.0,,,,,,,,,,,,,,1.0,BACK-ARC_BASIN,136.057,28.984,,1980
3.31,5.91,16.98,50.63,0.21,0.31,11.4,1.41,0.16,,5.0,,208.0,,70.0,38.0,170.0,36.0,119.0,2.0,,13.0,,,,,,,,,,,,,,,BACK-ARC_BASIN,-177.862,-18.568,,1994
1.83,6.21,17.64,51.09,0.08,0.22,11.73,0.61,0.18,,2.7,,,,28.2,42.1,169.0,14.2,23.2,0.5,1.33,3.73,0.669,3.78,1.38,0.552,1.94,0.345,2.38,0.522,1.55,1.52,0.241,,,0.104,BACK-ARC_BASIN,140.387,30.4627,,2007
2.71,6.08,16.0,49.5,0.13,0.29,12.94,1.28,0.17,,6.0,,286.0,,92.0,28.0,173.0,29.0,90.0,2.0,3.0,12.0,,,,,,,,,,,,,,,BACK-ARC_BASIN,137.441,29.3275,,1980
2.54,6.7,14.7,50.9,0.18,0.47,10.8,1.57,0.16,,7.35,276.0,262.0,94.5,120.0,72.5,165.0,31.8,113.0,9.18,7.24,17.7,2.71,13.2,3.94,1.39,5.05,0.86,5.41,1.13,3.1,2.88,0.44,2.97,0.59,0.8,BACK-ARC_BASIN,114.923,13.2072,,2025
2.59,8.4,16.58,49.57,0.07,0.08,11.88,1.09,0.17,9.12,2.47,247.8,360.6,,123.2,23.7,130.1,27.01,72.08,2.243,3.351,9.63,1.603,8.235,2.755,1.009,3.673,0.678,4.314,0.955,2.804,2.586,0.384,1.808,0.0,0.221,BACK-ARC_BASIN,-174.816,-15.653,,1992; 1993; 2002; 2007; 2009
3.0,6.5,16.5,52.3,0.2,0.5,12.0,0.8,0.2,,4.63,,,,,85.7,619.0,16.0,74.0,0.74,10.0,25.1,,16.32,3.6,1.15,3.31,,3.22,,1.77,1.82,0.27,2.09,0.04,1.03,BACK-ARC_BASIN,-173.5,-22.01,,2019
2.85,7.68,17.56,50.38,0.13,0.06,11.98,1.29,0.12,7.69,1.6,208.0,269.0,46.0,112.0,13.0,146.0,29.2,98.0,,,,,,,,,,,,,,,,,,BACK-ARC_BASIN,-177.856,-18.5675,,1994
2.64,6.87,16.7,49.8,0.21,0.17,11.61,1.46,0.16,8.55,2.0,,235.0,,57.0,57.0,159.0,33.0,120.0,8.0,6.0,17.0,,,,,,,,,,,,,,1.0,BACK-ARC_BASIN,137.684,28.638,,1980
3.3,5.51,15.75,48.37,0.14,0.35,11.42,1.77,0.19,,,345.0,277.0,39.0,78.0,,116.0,40.0,100.0,4.5,4.0,,,,,,,,,,,,,,,,BACK-ARC_BASIN,139.678,17.132,,1980
2.59,7.21,15.76,49.94,0.18,0.41,12.09,1.56,0.18,9.54,10.9,273.0,236.0,38.2,68.1,103.0,190.0,27.1,112.0,10.4,9.44,20.4,2.88,13.1,3.63,1.27,4.34,0.775,4.78,1.07,2.77,2.71,0.422,2.56,0.614,1.12,BACK-ARC_BASIN,-175.976,-14.696,,2012
2.7,7.18,16.6,49.8,0.2,0.46,10.8,1.17,0.19,10.26,,337.0,178.0,,73.0,41.0,245.0,24.0,72.0,,,,,,,,,,,,,,,,,,BACK-ARC_BASIN,139.915,31.122,,1990
2.68,8.39,18.83,46.29,0.1,0.23,10.7,0.827,0.114,,4.0,152.0,311.0,36.0,97.0,74.0,211.0,34.0,61.0,0.0,0.0,27.0,,,,,,,,,,,,,,,BACK-ARC_BASIN,12.993,39.728,MIOCENE,1978
2.39,6.15,13.4,47.1,0.39,0.18,10.16,3.72,0.18,12.84,1.0,,28.0,,36.0,105.0,439.0,35.0,274.0,26.0,25.0,60.0,,,,,,,,,,,,,,1.0,BACK-ARC_BASIN,132.775,24.701,,1980
3.16,7.79,15.71,49.66,0.12,0.11,11.54,1.3,0.16,,1.0,232.0,280.0,41.0,120.0,23.0,176.0,27.4,77.0,1.9,3.72,11.4,1.72,10.0,3.35,1.32,4.04,0.78,5.11,1.1,3.25,2.96,0.428,2.4,0.1,0.15,BACK-ARC_BASIN,143.97,14.17,,2016
2.63,7.49,16.3,49.5,0.14,0.08,11.86,1.32,0.16,,1.0,,254.0,,112.0,25.0,161.0,30.0,95.0,3.0,4.0,13.0,,,,,,,,,,,,,,3.0,BACK-ARC_BASIN,137.441,29.3275,,1980
2.67,6.56,16.16,47.94,0.22,0.31,12.17,1.26,0.12,,5.0,210.0,333.0,52.0,116.0,38.0,130.0,23.0,,,,,,,,,,,,,,,,,,,BACK-ARC_BASIN,140.789,18.0,,1981
2.92,6.63,17.48,47.64,0.36,0.97,10.44,1.64,0.13,,13.0,232.0,233.0,,,95.8,290.0,31.6,136.0,15.9,10.7,23.7,2.97,14.3,3.92,1.38,4.95,0.83,5.16,1.08,3.18,2.92,0.45,3.13,1.04,1.23,BACK-ARC_BASIN,138.066,26.624,,2009
3.05,8.49,15.75,49.36,0.08,0.14,12.53,0.67,0.27,8.73,2.0,240.0,,,138.0,,185.0,18.0,43.0,,,,,,,,,,,,,,,,,,BACK-ARC_BASIN,-179.19,-18.32,,1977
1.38,9.15,16.32,52.59,0.17,0.27,11.6,0.59,0.17,8.96,5.0,,,,127.0,,146.0,18.0,35.0,2.0,,,,,,,,,,,,,,,,,BACK-ARC_BASIN,-176.775,-20.709,,1994
2.22,9.89,16.02,50.66,,0.02,13.02,0.72,0.14,,0.32,237.0,415.0,65.5,175.0,2.7,79.0,17.1,28.9,0.31,0.65,2.69,0.54,3.33,1.43,0.58,2.08,0.4,2.95,0.66,1.87,1.92,0.29,0.95,0.03,0.022,BACK-ARC_BASIN,134.318,27.3836,,2018
2.4,7.3,13.91,50.4,0.09,0.02,11.6,1.35,0.22,,0.0,361.0,75.0,48.0,57.0,0.0,80.0,38.0,73.0,0.0,,,,,,,,,,,,,,,,,BACK-ARC_BASIN,-176.0,-18.35,,1990
1.84,8.13,16.58,50.9,0.05,0.06,12.95,0.79,0.15,,1.33,280.0,397.0,41.0,89.0,13.8,83.0,18.1,36.7,1.3,1.63,5.06,0.87,4.99,1.83,0.71,2.33,0.47,3.21,0.78,1.9,2.09,0.35,1.1,0.09,0.08,BACK-ARC_BASIN,-176.173,-19.277,,1995
2.71854,6.61598,15.10274,49.96502,0.22814,0.39328,11.11698,1.8172,0.22606,10.57894,12.1366084162971,329.641823085042,215.364905495616,39.6059143220704,86.8858738999627,99.5744924673294,167.275394329437,36.0410729675751,135.372969020186,10.6466696797272,11.6215153257936,26.8834155816791,3.40550578279664,15.437083787565,4.44929357629623,1.45038082414438,5.10577024631862,0.901754121493151,6.18562209201147,1.3508179710828,3.41679807727272,3.30498282470435,0.554483677915323,2.91236069354474,0.649250551529375,1.45648679984014,BACK-ARC_BASIN,-176.06,-14.7,,2012
2.92,6.54,16.5,49.5,0.14,0.3,11.1,1.28,0.18,,5.45,215.0,286.0,42.0,93.4,38.3,178.0,27.3,89.8,5.5,4.18,11.9,1.8,9.5,3.19,1.18,3.79,0.67,4.82,1.07,2.8,2.59,0.372,2.37,0.34,0.38,BACK-ARC_BASIN,115.047,12.9196,,2018
1.5,7.05,16.51,50.88,0.09,0.32,12.85,0.59,0.18,9.65,,244.0,158.0,36.0,41.0,,203.0,,42.0,,,,,,,,,,,,,,,,,,BACK-ARC_BASIN,-176.553,-22.179,,1990
2.83,9.32,15.38,49.2,0.25,0.4,10.44,1.99,0.17,,6.6,250.0,231.0,41.0,184.0,70.0,246.0,34.0,129.0,8.6,8.8,,,16.0,,1.4,,,5.4,,3.1,3.05,,,,,BACK-ARC_BASIN,174.147,-21.031,,1991; 1994
1.63,8.13,14.64,49.77,0.15,0.63,12.49,0.61,0.19,,14.0,287.0,189.0,,64.0,211.0,393.0,17.0,44.0,1.5,,,,,,,,,,,,,,,,,BACK-ARC_BASIN,143.58,21.67,,1997
1.27,7.61,18.23,48.59,0.05,0.09,13.55,0.56,0.18,,1.4,,,,34.5,27.1,164.0,9.6,14.6,0.4,0.7,2.12,0.398,2.38,0.96,0.427,1.46,0.27,1.89,0.416,1.25,1.22,0.182,,,0.056,BACK-ARC_BASIN,140.3,30.5,,2007
3.2016,7.6696,15.7998,50.1046,0.2097,0.3,10.8967,1.6602,0.1327,8.41,3.77381422845069,249.511307514412,429.102248403727,,,45.6225632146997,169.167921145059,36.5121617828867,137.020915688287,9.35070654165396,7.08959685804465,19.2807842485029,2.76789334355334,14.9880125584468,4.95122620088101,1.75415750869984,6.55693275283388,1.1422167416844,7.33733977400037,1.47566956901392,4.27489275174023,3.63745007015908,0.561346702763478,3.33885026939837,0.618067523272667,0.528921340971267,BACK-ARC_BASIN,139.717,20.87,NEOGENE,2010
1.96,6.13,17.13,49.74,0.16,0.23,11.77,0.96,0.18,,3.65,326.0,170.0,57.0,81.0,41.5,215.0,15.0,52.0,,,7.81,,7.08,2.22,0.84,2.7,,2.96,,1.87,1.53,0.25,,,,BACK-ARC_BASIN,140.0,32.5,,1989
3.85,6.59,19.0,47.74,0.19,0.05,12.39,1.15,0.13,,1.0,199.0,,,96.0,25.0,184.0,27.0,95.0,2.0,,,,,,,,,,,,,,,,,BACK-ARC_BASIN,-177.862,-18.568,,1994
2.53,6.42,13.38,50.68,0.1,0.06,10.91,1.37,0.21,,0.5,392.0,82.0,,51.0,6.0,71.0,31.0,74.0,1.1,2.1,6.5,,,3.0,1.1,4.2,,,1.1,,3.75,0.59,1.6,,2.0,BACK-ARC_BASIN,150.081,-3.332,,2003
2.67,6.63,15.49,49.4,0.29,0.29,11.62,1.28,0.17,8.77,4.11,,222.0,38.9,93.5,55.1,218.0,18.6,65.4,2.35,3.89,10.4,1.65,8.01,2.46,0.93,2.99,0.53,3.45,0.72,2.16,2.01,0.3,1.95,0.17,0.32,BACK-ARC_BASIN,-178.867,-29.268,,2002
1.74,8.06,16.2,51.5,0.05,0.07,12.94,0.85,0.15,8.15,0.0,314.0,481.0,37.0,108.0,,59.0,,,,,,,,,,,,,,,,,,,,BACK-ARC_BASIN,-175.927,-19.44,,1994
1.97,7.18,13.71,52.73,0.19,0.98,11.33,0.38,0.16,,13.0,243.0,199.0,,39.0,170.0,540.0,8.0,24.0,1.0,4.2,8.6,,,1.74,0.56,1.6,,,0.3,,0.99,0.17,0.5,,2.0,BACK-ARC_BASIN,151.984,-3.778,,2003
1.82,11.96,14.38,49.47,,0.5,12.25,0.64,0.19,,5.44,251.0,350.0,47.2,96.0,19.1,88.7,16.3,27.8,0.26,0.63,2.34,0.49,3.17,1.35,0.58,2.03,0.39,2.77,0.63,1.79,1.82,0.27,0.87,0.024,0.018,BACK-ARC_BASIN,134.318,27.3836,,2018
2.03,9.09,16.36,49.49,0.05,0.07,13.43,0.81,0.16,,1.8,251.0,384.0,46.0,109.0,7.93,136.0,17.6,42.6,0.45,0.7,2.18,0.44,2.68,0.9,0.37,1.31,0.26,1.76,0.4,1.14,0.98,0.16,1.18,0.03,0.005,BACK-ARC_BASIN,-176.5,-20.142,,1994
2.2841,8.50576,15.62656,49.7076,0.0727,0.03692,12.49782,1.0689,0.18778,9.17754,0.784182657743089,334.912225016388,330.649396316262,51.4807822868179,113.5702823199,7.79165567220912,61.2981563708161,25.7503230015146,40.1134945666897,1.10859732401404,1.25333653594903,4.08461271246847,0.868340678179306,5.57266831120411,2.39406091532284,0.937003003998589,3.57930212491833,0.638191089955274,4.30345832795202,0.913796749242505,2.78716577511751,2.82435737854947,0.380567226131874,1.43491446128798,0.062875142093107,0.0918151223866269,BACK-ARC_BASIN,-177.27,-15.8,,2012; 2015; 2018
2.72,8.6,17.0,48.3,0.11,0.09,12.1,1.45,0.18,10.17,1.91,305.0,274.0,53.4,157.0,20.2,185.0,23.9,78.6,2.41,3.37,10.03,1.74,9.3,3.13,1.2,3.91,0.667,4.4,0.92,2.68,2.69,0.354,2.06,0.138,0.223,BACK-ARC_BASIN,-175.975,-14.826,,2012
2.02278196498231,8.0868584713746,14.8340410126451,50.9559338004753,0.0605209003215434,0.0375787858117326,12.824324579434,0.855000471607483,0.204631388238847,10.3112578577362,0.705225383222418,301.876418054415,200.078664395207,51.9059913076641,92.9763359521177,6.56029530269356,67.9385845851816,21.3015068766667,36.2219354087458,0.804078888620877,1.28220474893542,4.08035368687,0.75772019114189,4.4340075468206,1.76221464090331,0.743705658258132,2.74191932695138,0.509736618785431,3.7318160210784,0.813483133467605,2.41378916417452,2.56112379250125,0.364625073647054,1.10589806700577,0.0479642498486724,0.0636973380652666,BACK-ARC_BASIN,-176.32,-18.03,,2012
2.68,6.76,16.63,50.79,0.2,0.407,10.68,1.13,,,7.1,321.0,186.0,,61.0,48.0,256.0,24.0,69.0,1.9,,12.6,,10.0,2.9,1.1,3.6,,3.8,,2.3,2.2,,,,,BACK-ARC_BASIN,139.7,30.9,0.554,1990
3.08,7.09,16.21,51.29,0.17,0.17,11.14,1.48,0.17,8.92,1.64,270.0,,,103.0,31.0,143.0,41.0,125.0,1.0,,,,11.61,3.75,,,,,,,,,,,,BACK-ARC_BASIN,144.86,17.91,,1990
3.09,7.09,16.36,51.69,0.16,0.23,11.24,1.34,0.15,7.99,,,,,,41.0,,,,,5.57,13.02,2.22,12.27,3.8,1.35,4.58,0.75,5.25,1.09,3.21,2.97,0.43,,,0.376,BACK-ARC_BASIN,-30.658,-56.393,,2008; 2003; 1980
2.31,5.46,15.86,50.5,0.38,0.54,11.49,1.24,0.12,,29.8,,122.0,35.1,,27.2,375.0,,,,7.27,14.4,,15.2,3.16,1.04,,0.68,,,,2.11,0.31,0.12,0.04,4.34,BACK-ARC_BASIN,135.37,38.13,,1987; 1991
2.86,6.85,15.9,51.0,0.13,0.26,11.0,1.27,0.17,,3.56,229.0,294.0,48.4,153.0,40.7,165.0,29.6,104.0,6.21,5.31,13.8,2.08,10.6,3.48,1.22,4.18,0.74,5.17,1.15,3.08,3.0,0.43,2.66,0.39,0.61,BACK-ARC_BASIN,115.047,12.9196,,2018
3.12,4.97,18.25,52.97,0.31,1.29,8.94,0.81,0.18,7.42,32.8,,,,14.0,95.0,491.0,24.0,111.0,3.1,,,,,,,,,,,,,,,,,BACK-ARC_BASIN,139.0,32.0,QUATERNARY,1992
3.11,7.39,15.64,50.64,0.29,0.16,10.87,1.54,0.16,8.62,3.63,,247.0,35.8,96.9,30.9,130.0,29.5,89.0,3.44,4.04,11.9,2.04,10.5,3.56,1.25,4.72,0.85,5.71,1.18,3.31,3.3,0.469,2.9,0.207,0.259,BACK-ARC_BASIN,-30.728,-56.538,,2002
2.56,6.79,15.85,50.56,0.14,0.43,11.51,1.05,0.18,9.51,12.9,287.7,44.4,,51.3,57.0,155.2,26.2,67.0,2.6,,,,,,,,,,,,,,1.85,0.0,0.58,BACK-ARC_BASIN,-174.816,-15.653,,1992; 1993
2.92,7.96,15.83,50.05,0.13,0.16,11.62,1.35,0.15,,1.3,211.0,,,121.0,10.0,145.0,28.0,99.0,1.0,2.8,10.0,,9.8,3.2,1.19,4.2,0.8,,1.05,,0.49,0.98,1.3,,,BACK-ARC_BASIN,156.685,-9.0967,,1987
2.43,7.32,15.85,50.3,0.07,0.04,12.32,1.12,0.17,9.76,0.7,337.0,357.0,77.0,42.0,8.7,106.0,30.7,68.5,1.07,1.79,6.32,1.17,7.32,2.82,1.0,3.76,0.7,4.72,1.08,3.16,3.19,0.49,2.02,0.07,0.06,BACK-ARC_BASIN,-176.561,-18.883,,1994; 2007
2.78,9.89,13.9,51.8,0.1,0.17,11.24,0.96,0.11,7.95,0.0,,192.0,,116.0,52.0,221.0,23.0,68.0,0.0,5.0,14.0,,9.0,,,,,,,,,,,,0.0,BACK-ARC_BASIN,144.532,18.013,PLEISTOCENE,1980
2.24,7.61,14.72,50.2,0.07,0.04,12.3,1.1,0.19,,0.0,323.0,165.0,44.0,72.0,15.0,75.0,34.0,60.0,0.0,,,,,,,,,,,,,,,,,BACK-ARC_BASIN,-176.0,-18.35,,1990
2.2,5.36,17.4,50.82,0.15,0.43,10.67,1.1,0.19,11.07,8.0,366.0,,,24.0,35.0,147.0,28.0,62.0,4.0,,,,,,,,,,,,,,,,,BACK-ARC_BASIN,-176.5,-20.1418,,1994
2.01,10.77,15.02,50.46,,0.01,12.96,0.66,0.15,,0.14,237.0,375.0,52.2,115.0,2.4,74.3,16.0,26.9,0.31,0.63,2.55,0.52,3.09,1.34,0.57,2.04,0.4,2.8,0.64,1.82,1.83,0.28,0.88,0.028,0.021,BACK-ARC_BASIN,134.318,27.3836,,2018
3.99,5.44,14.95,50.07,0.25,0.51,9.39,2.15,0.19,,4.0,240.0,52.0,3.0,69.0,120.0,290.0,,150.0,,,,,,,,,,,,,,,,,,BACK-ARC_BASIN,151.683,-9.79,,1997
2.41,8.94,17.11,49.68,0.19,0.15,10.74,0.98,0.11,9.12,0.1,,,,61.0,5.0,211.0,19.0,47.0,1.0,3.4,,,,,,,,,,,,,,,,BACK-ARC_BASIN,139.87,30.916,,1992
3.01,6.46,15.48,49.53,0.24,0.2,10.94,2.11,0.19,10.29,3.53,356.0,278.0,,144.0,30.0,140.0,41.0,140.0,4.0,2.0,7.0,,11.21,4.76,,,,,,,,,,,,BACK-ARC_BASIN,-178.495,-15.658,,1993
2.65,6.98,17.14,51.15,0.15,0.31,11.93,1.02,0.18,7.31,4.69,229.0,,,86.0,40.0,198.0,24.0,75.0,1.0,29.0,,,8.99,2.7,,,,,,,,,,,,BACK-ARC_BASIN,144.67,18.33,,1990
1.37,7.19,15.81,49.74,0.06,0.38,10.03,0.55,0.13,,10.4,211.0,,,,31.0,284.0,10.3,32.0,3.08,3.6,6.1,1.16,5.78,1.55,0.56,1.82,0.31,1.96,0.41,1.11,1.11,0.17,0.88,0.16,0.26,BACK-ARC_BASIN,137.081,9.0229,15.1,2025
2.53,6.51,13.41,50.91,0.11,0.06,10.98,1.38,0.21,,0.5,397.0,83.0,,54.0,10.0,72.0,31.0,74.0,1.6,2.0,6.9,,,3.05,1.1,4.1,,,1.25,,3.75,0.6,1.5,,2.0,BACK-ARC_BASIN,150.081,-3.332,,2003
2.9713,5.85024,14.42828,51.30482,0.13995,0.27324,11.13704,1.87304,0.21969,11.99259,6.56893298879506,303.324365702272,242.80367060768,43.0008015343082,59.5678956790881,45.5904685147657,141.677947657172,38.4629918423012,118.710934793854,4.36948878750242,4.96803624851774,13.4047248992159,2.32783889576931,12.0615415452401,4.04947226478621,1.42970220189619,5.80045001508549,0.997193856580229,6.72447582379601,1.48473761959676,3.84886690946243,3.83843092831865,0.606796478253581,2.92879056707569,0.319257525509846,0.385152979018427,BACK-ARC_BASIN,-176.14,-15.12,,2012
1.68,8.9,15.61,49.51,0.11,0.26,13.43,0.73,0.19,9.58,5.09,327.7,242.2,44.3,93.1,25.17,294.0,16.7,31.6,0.48,4.28,9.84,1.62,7.62,2.03,0.71,2.4,0.4,2.68,0.57,1.65,1.53,0.23,0.89,0.04,0.302,BACK-ARC_BASIN,140.03,31.08,,2010
2.8,6.13,17.94,51.59,0.11,0.49,11.64,0.9,0.12,,7.2,195.0,66.0,,48.0,55.0,240.0,18.0,65.0,0.05,3.0,8.0,,,,,,,,,,,,,,,BACK-ARC_BASIN,156.454,-8.7565,,1987
1.4,7.78,15.47,50.51,,0.52,13.32,0.48,,8.35,11.1,265.0,141.0,42.0,65.0,35.0,199.0,12.5,17.0,0.34,2.9,7.3,1.16,5.6,1.7,0.59,2.0,,2.2,,1.5,1.5,0.23,0.56,0.021,0.26,BACK-ARC_BASIN,-174.417,-17.117,,2008
1.79554049549146,7.16469868092431,15.7206874820968,51.5862442390856,0.172553451965929,0.671717185126371,12.3987792075151,0.724676157814907,0.155713232894211,8.30324313821789,15.6420276369882,246.250398588482,420.346459600284,40.9757799187687,138.426570631135,99.1186888701508,215.278093194278,15.5635288725886,37.1099947344662,2.55418742856581,4.64317023823156,10.7572100253775,1.5797382651748,7.60596775412383,2.06902336868237,0.738873828724613,2.49388626563054,0.410730451510136,2.5732284531698,0.552219299719445,1.5652432367908,1.57605054570065,0.245156422352934,0.986912391903522,0.153267773598805,0.591659961014248,BACK-ARC_BASIN,-174.6,-15.937,,2012
2.11,7.98,16.22,50.39,0.11,0.12,12.16,1.14,0.12,,1.0,,155.0,40.1,73.0,36.0,131.0,22.0,45.0,1.0,1.85,7.0,,,2.22,0.83,,0.57,,,,2.2,0.4,1.36,0.0,,BACK-ARC_BASIN,-177.303,-18.501,,1994
1.53,6.59,18.19,48.9,0.07,0.12,12.93,0.67,0.19,,1.9,,,,27.9,30.0,176.7,11.7,16.3,,,,,,,,,,,,,,,,,0.7,BACK-ARC_BASIN,140.254,30.5004,,2007
2.21,9.82,15.71,48.67,0.08,0.3,12.09,0.79,,,4.4,,,,,122.0,239.0,,,,5.28,11.3,,8.09,2.3,0.9,2.86,,3.14,,1.86,1.78,,,,,BACK-ARC_BASIN,143.1,21.78,,1990
2.32,6.92,17.29,48.35,0.14,0.25,12.63,1.06,0.17,,,320.0,0.0,,50.0,25.0,239.0,20.0,59.0,,,,,,,,,,,,,,,,,,BACK-ARC_BASIN,139.883,31.062,,1990
1.89,9.82,17.18,49.0,0.09,0.13,11.8,0.84,0.11,7.5,2.6,166.0,387.0,44.0,202.0,42.0,154.0,17.0,54.0,,,,,,,,,,,,,,,,,,BACK-ARC_BASIN,144.532,18.013,,1982
2.39,7.58,14.5,51.5,0.08,0.1,11.33,1.55,0.18,,3.5,313.0,287.0,40.0,79.0,10.0,93.0,,,,,,,,,,,,,,,,,,,,BACK-ARC_BASIN,173.486,-18.124,,1991
2.41,6.71,17.36,51.9,0.14,0.37,11.87,1.02,0.12,7.34,5.56,279.0,218.0,30.0,97.0,38.0,211.0,29.0,76.0,3.62,2.5,8.0,,,,0.94,,0.61,,,,,,1.62,0.15,0.42,BACK-ARC_BASIN,144.532,18.013,,1982
2.61,6.21,17.17,51.0,0.21,0.6,11.52,1.05,0.13,7.62,10.0,251.0,,,73.0,58.0,226.0,29.0,86.0,2.0,,,,,,,,,,,,,,,,,BACK-ARC_BASIN,144.915,17.785,,1990
2.75,6.84,16.5,52.52,0.19,0.49,11.17,1.23,0.14,7.68,11.9,228.0,270.0,32.5,96.0,101.0,216.0,25.6,92.8,5.64,5.78,14.55,2.14,10.23,3.01,1.07,3.51,0.65,4.2,0.86,2.51,2.4,0.38,2.26,0.35,0.58,BACK-ARC_BASIN,-29.5,-56.422,,2000
2.42,7.53,13.98,50.35,0.1,0.05,11.56,1.24,0.2,,0.5,347.0,124.0,,79.0,12.0,74.0,26.0,66.0,1.2,,,,,,,,,,,,,,,,,BACK-ARC_BASIN,150.027,-3.378,,2003
2.28,8.24,17.13,51.11,0.15,0.61,11.03,0.76,0.15,,11.3,,,,120.4,134.0,311.0,20.3,54.2,1.98,6.98,15.07,2.09,9.83,2.72,0.93,3.04,0.51,3.15,0.67,1.99,2.0,0.29,1.57,0.177,0.929,BACK-ARC_BASIN,144.774,14.6013,,2011
2.79,7.32,15.8,49.8,0.13,0.34,12.3,1.15,0.11,7.55,5.0,,244.0,,80.0,30.0,176.0,26.0,84.0,3.0,2.0,11.0,,,,,,,,,,,,,,0.0,BACK-ARC_BASIN,136.057,28.984,,1980
2.5,6.65,16.36,52.31,0.26,0.13,11.8,0.89,0.17,8.07,1.48,,223.0,33.2,61.8,26.5,124.0,16.1,43.9,0.767,1.53,4.75,0.854,4.67,1.7,0.686,2.28,0.426,2.84,0.613,1.79,1.77,0.262,1.23,0.048,0.121,BACK-ARC_BASIN,-29.55,-59.62,,2002
2.45,7.48,17.35,51.04,0.13,0.31,12.54,0.89,0.16,7.23,4.8,226.0,232.0,34.0,127.0,25.0,221.0,26.0,88.0,1.0,4.53,,,9.0,2.39,,,,,,,,,,0.17,0.43,BACK-ARC_BASIN,144.75,18.2,,1990
2.39,7.58,14.5,51.5,0.08,0.1,11.33,1.55,0.18,,3.5,313.0,287.0,40.0,79.0,10.0,93.0,33.0,76.0,2.3,2.4,,,9.0,,1.05,,,5.6,,3.4,3.3,,,,,BACK-ARC_BASIN,173.491,-18.1488,,1991; 1994
2.23,9.85,17.04,49.22,0.18,0.98,8.04,1.04,0.17,,15.0,315.0,478.0,,234.0,19.0,134.0,26.5,63.0,3.0,4.39,10.6,1.6,7.17,2.54,0.99,3.13,0.62,3.73,0.94,2.34,2.26,0.36,1.7,,0.3,BACK-ARC_BASIN,121.22,8.0037,,1991
3.16,7.66,18.3,48.0,0.12,0.33,10.3,0.92,0.1,,0.0,,227.0,30.0,,58.5,232.0,23.0,77.0,3.1,6.3,15.0,,,1.9,0.9,,0.63,0.0,,,2.2,0.29,1.6,0.0,0.42,BACK-ARC_BASIN,12.993,39.728,MIOCENE,1977
3.02,7.32,15.5,48.75,0.13,0.18,12.03,1.76,0.21,11.05,2.98,305.0,228.0,43.4,60.9,30.4,198.0,29.3,116.0,3.4,4.25,13.2,2.23,11.3,3.5,1.29,4.6,0.821,5.16,1.16,3.05,2.85,0.435,2.81,0.225,0.262,BACK-ARC_BASIN,-176.408,-15.108,,2012
1.79,7.6,14.44,49.95,0.09,0.06,12.68,1.2,0.19,,0.75,,210.0,397.0,67.0,,87.2,31.4,59.0,2.4,1.5,,,6.68,2.63,0.86,,0.599,,,,3.4,,1.5,0.075,0.073,BACK-ARC_BASIN,-176.446,-18.664,,1990
2.65,6.94,14.3,50.24,0.14,0.22,11.85,1.46,0.19,,1.93,355.0,148.0,46.3,60.0,19.7,112.0,37.5,94.5,3.06,3.61,10.6,1.79,9.33,3.22,1.14,4.4,0.772,5.15,1.13,3.29,3.01,0.447,2.11,0.173,0.233,BACK-ARC_BASIN,149.258,-3.502,,1998; 2003; 2004; 2010
2.6,9.05,15.18,49.21,0.15,0.39,10.5,1.65,0.18,10.74,6.7,280.0,380.0,,200.0,51.0,144.0,33.6,108.0,5.0,5.86,15.2,2.33,11.7,3.98,1.43,5.12,0.96,6.29,1.34,3.75,3.36,0.54,2.82,0.38,0.52,BACK-ARC_BASIN,175.82,-14.6319,,2016
2.81,6.95,14.25,51.04,0.12,0.09,11.63,1.41,0.2,11.63,0.8,381.4,202.7,,75.7,9.0,88.1,40.1,85.9,1.4,,,,,,,,,,,,,,,,,BACK-ARC_BASIN,-176.426,-18.61,,1992; 1993
2.38,7.46,17.14,49.0,0.1,0.11,12.38,0.93,0.1,7.34,6.8,113.0,244.0,32.0,90.0,40.0,205.0,23.0,58.0,,,,,,,,,,,,,,,,,,BACK-ARC_BASIN,144.532,18.013,,1982
3.49,7.75,15.58,50.38,0.27,0.11,11.24,1.47,0.18,8.75,1.26,,253.0,36.9,86.0,11.5,136.0,25.0,90.2,1.87,3.26,10.8,1.95,10.2,3.41,1.25,4.39,0.772,5.18,1.06,2.92,2.83,0.409,2.81,0.119,0.116,BACK-ARC_BASIN,-29.962,-58.61,,2002
1.78,8.18,17.18,47.99,0.15,0.3,13.79,0.91,0.19,,6.8,339.4,183.0,44.1,52.4,26.87,323.0,18.5,41.5,1.82,4.55,10.67,1.75,8.64,2.43,0.83,2.77,0.46,2.89,0.62,1.7,1.57,0.24,1.14,0.18,0.495,BACK-ARC_BASIN,139.32,31.64,,2010
1.2,9.36,14.98,52.31,0.08,0.27,11.64,0.6,0.16,,11.0,,666.0,,145.0,70.0,141.0,15.0,29.0,1.0,,6.0,,,,,,,,,,,,,,,BACK-ARC_BASIN,-176.775,-20.709,,1994
3.4,6.57,15.56,50.44,0.17,0.36,10.43,1.47,,9.3,3.93,,,,,75.2,182.0,,,,,16.1,,12.3,3.82,1.38,,,5.6,,3.48,3.27,0.5,,,,BACK-ARC_BASIN,144.75,17.48,,1982
1.95,7.52,16.63,50.27,0.13,0.24,12.76,1.14,0.17,8.93,4.0,276.0,161.0,,67.0,40.0,135.0,23.0,46.0,0.0,,6.0,,,,,,,,,,,,,,,BACK-ARC_BASIN,-177.303,-18.5008,,1994; 1992
2.18,7.6,14.89,51.02,0.095,0.063,12.12,1.07,0.19,9.87,1.02,304.0,181.0,42.7,73.0,8.3,86.0,26.9,54.4,0.73,1.54,5.33,1.02,5.88,2.19,0.83,0.63,3.48,4.34,0.96,2.77,2.9,0.45,1.56,0.06,0.066,BACK-ARC_BASIN,-176.099,-19.977,,2009
2.79,6.48,16.3,50.6,0.12,0.23,11.3,1.19,0.15,,3.76,205.0,314.0,43.8,109.0,26.1,188.0,25.5,81.9,5.18,4.16,11.0,1.7,9.0,3.03,1.13,3.65,0.65,4.48,0.98,2.61,2.48,0.357,2.15,0.33,0.39,BACK-ARC_BASIN,115.047,12.9196,,2018
2.73,7.69,14.7,50.2,0.1,0.21,11.82,1.39,0.18,,5.5,264.0,207.0,41.0,56.0,42.0,148.0,29.9,81.0,5.2,5.2,,,9.9,,0.93,,,4.8,,2.8,2.86,,,,,BACK-ARC_BASIN,174.05,-16.8,,1994
2.11,6.5,15.93,51.3,0.08,0.17,11.29,0.96,0.17,9.28,2.8,376.0,116.0,35.0,55.0,40.7,119.0,23.1,47.2,0.69,1.91,6.13,1.08,6.17,2.24,0.86,2.9,0.56,3.86,0.86,2.32,2.65,0.44,1.41,0.04,0.08,BACK-ARC_BASIN,-176.143,-20.583,,1994; 2007
2.35,7.46,14.08,50.33,0.08,0.09,12.14,1.22,0.22,11.85,,307.0,278.0,43.0,68.0,,98.0,,48.0,,,,,,,,,,,,,,,,,,BACK-ARC_BASIN,-176.449,-18.82,,1990
2.58,6.42,17.32,51.73,0.2,0.54,10.47,1.08,0.17,,13.3,250.0,137.0,34.0,69.0,107.0,258.0,26.5,93.0,4.2,9.21,21.8,3.01,13.63,3.56,1.21,3.94,0.67,4.17,0.89,2.61,2.5,0.38,2.26,0.29,1.32,BACK-ARC_BASIN,126.635,27.0215,,1999
3.07,6.43,16.6,51.4,0.17,0.24,11.22,1.27,,7.94,4.26,251.0,209.0,34.2,139.0,40.6,214.0,29.7,94.8,2.69,5.3,14.7,2.16,11.7,3.61,1.36,4.6,0.74,5.22,1.01,3.23,3.06,0.43,2.33,0.19,0.412,BACK-ARC_BASIN,144.66,18.75,,1998; 2000; 2005
2.31,9.04,17.3,48.43,0.16,0.54,12.05,0.71,0.14,,8.0,193.0,379.0,,195.0,33.0,261.0,,40.0,,,,,,,,,,,,,,,,,,BACK-ARC_BASIN,144.777,17.954,,1985
2.41,6.61,17.43,48.17,0.21,0.36,11.35,1.21,0.21,,5.33,336.0,91.0,37.0,36.0,28.6,246.0,26.0,74.0,,,10.1,,9.1,2.92,1.05,3.7,,3.78,,2.06,1.91,0.31,,,,BACK-ARC_BASIN,139.75,31.0,,1989
2.83,7.1,14.06,50.08,0.11,0.07,11.3,1.56,0.21,,0.0,520.0,210.0,37.0,110.0,12.0,80.0,39.0,90.0,1.7,2.8,7.0,,12.0,2.3,1.1,7.1,,9.0,1.7,4.3,3.9,,5.0,,,BACK-ARC_BASIN,-176.421,-18.612,,1997
2.359,7.328,14.66,50.984,0.154,1.377,10.867,0.677,0.227,10.61,16.6677722048629,344.318163586665,245.401328229263,,57.3621609285618,215.51294891175,287.91269645733,15.6441095429269,31.092254658213,0.837844032706788,4.25685352045624,10.1223959253968,1.52220144971292,7.58860042761755,2.0896829798523,0.68841375830258,2.30577824177474,0.390206679706755,2.53845312826539,0.545280473801954,1.60685009810772,1.54235638559203,0.239175987051902,0.963302241162068,0.055321365704949,0.414658064920095,BACK-ARC_BASIN,130.602,27.756,EOCENE,2022
2.65,7.73,14.76,49.7,0.2,0.16,11.45,1.82,0.18,,3.5,301.0,265.0,39.0,101.0,20.0,116.0,,,,,,,,,,,,,,,,,,,,BACK-ARC_BASIN,173.458,-19.27,,1991
2.8,9.36,17.4,48.04,0.11,0.1,11.17,1.04,0.14,7.68,0.9,,,,161.0,17.0,237.0,19.0,80.0,0.3,,,,,,,,,,,,,,,,,BACK-ARC_BASIN,134.536,38.616,MIOCENE,1994
2.44,6.66,16.77,50.92,0.12,0.32,12.09,0.97,,8.02,5.0,244.0,238.0,33.9,75.0,66.0,210.0,23.2,56.1,2.38,3.94,9.44,1.53,7.51,2.45,0.9,3.11,0.56,3.82,0.78,2.33,2.2,0.34,1.57,0.152,0.415,BACK-ARC_BASIN,144.793,16.1818,,2003; 2005
3.08,5.54,17.44,52.5,0.23,0.58,10.55,1.23,0.15,7.91,13.1,252.0,,,95.0,47.0,245.0,29.0,86.0,,7.89,,,13.42,3.71,,,,,,,,,,,,BACK-ARC_BASIN,144.75,18.03,,1990
2.82,7.0,14.54,49.6,0.2,0.37,11.54,1.74,0.18,,8.0,263.0,225.0,40.0,92.0,30.0,181.0,,,,,,,,,,,,,,,,,,,,BACK-ARC_BASIN,173.818,-16.669,,1991
3.83,7.17,16.15,51.78,0.15,0.43,9.42,1.48,0.16,,6.0,255.0,300.0,,104.0,66.0,172.0,31.0,107.0,2.0,5.0,17.0,,,,,,,,,,,,,,2.0,BACK-ARC_BASIN,177.25,-36.25,,1994
3.01,6.77,14.65,49.66,0.18,0.16,11.54,2.0,0.29,11.88,2.75,,700.0,,380.0,30.0,110.0,,,,,,,12.04,4.39,,,,,,,,,,,,BACK-ARC_BASIN,-176.825,-16.923,,1972; 1977; 1988
2.33,8.14,14.84,49.63,0.07,0.05,12.36,0.98,0.17,,0.509,306.0,279.0,48.1,102.0,5.17,73.2,26.6,51.1,0.873,1.42,5.13,0.949,5.78,2.25,0.856,3.23,0.64,4.08,0.916,2.74,2.6,0.387,1.5,0.062,0.069,BACK-ARC_BASIN,149.015,-3.42,QUATERNARY,1998; 2001; 2003; 2004; 2010
2.63,5.52,14.1,47.1,0.45,0.51,9.83,4.12,0.17,,6.0,,53.0,,40.0,151.0,424.0,38.0,290.0,34.0,32.0,70.0,,,,,,,,,,,,,,4.0,BACK-ARC_BASIN,132.775,24.7007,,1980
2.27,7.6,14.38,50.69,0.07,0.04,12.41,0.97,0.19,,0.372,318.0,142.0,50.6,92.2,4.05666666666667,72.9933333333333,24.97,48.0133333333333,0.628,1.34733333333333,5.11633333333333,0.971,5.93,2.348,0.897333333333333,3.30733333333333,0.603666666666667,4.47933333333333,0.808,2.899,2.928,0.423,1.41033333333333,0.0397666666666667,0.052,BACK-ARC_BASIN,149.478,-3.528,,1998; 2003; 2004; 2010; 2020
2.91,6.85,15.21,50.05,0.2,0.31,11.08,2.0,0.2,10.82,7.75,346.0,184.0,38.2,80.2,68.9,167.0,34.3,130.0,7.81,8.65,20.6,3.1,15.7,4.39,1.46,5.46,0.951,6.15,1.38,3.76,3.57,0.537,3.11,0.497,0.758,BACK-ARC_BASIN,-176.08,-14.82,,2012
2.32,7.77,14.22,50.5,0.08,0.09,11.73,1.58,0.19,,3.5,307.0,272.0,40.0,98.0,20.0,84.0,,,,,,,,,,,,,,,,,,,,BACK-ARC_BASIN,173.52,-18.818,,1991
1.92,7.48,14.96,51.1,0.07,0.03,12.03,1.0,0.17,,0.68,365.0,246.0,42.0,68.0,9.1,61.0,24.6,47.2,0.67,1.51,5.03,0.92,5.09,2.04,0.76,2.88,0.58,4.01,0.9,2.72,2.79,0.44,1.33,0.04,0.06,BACK-ARC_BASIN,-176.087,-20.092,,1995
2.53,8.24,16.0,48.9,0.11,0.1,11.86,1.2,0.15,8.55,3.0,,299.0,,127.0,29.0,199.0,27.0,83.0,2.0,3.0,10.0,,,,,,,,,,,,,,1.0,BACK-ARC_BASIN,137.44,29.328,,1980
2.65,7.11,16.3,49.9,0.14,0.07,12.11,1.36,0.16,9.15,0.0,,263.0,,94.0,17.0,164.0,30.0,98.0,1.0,2.0,12.0,,,,,,,,,,,,,,0.0,BACK-ARC_BASIN,137.44,29.328,,1980
2.4515375,8.206425,15.5206625,49.087825,0.1289625,0.1552375,12.2802375,1.5360375,0.1855625,10.579625,3.65328218204243,336.237667731437,259.829497705595,44.6217860804524,121.638686893332,28.0318636873229,88.509975154146,31.8285999641932,86.2137679815405,3.36368983640854,3.32415833788941,9.45281632623081,1.66854385659023,9.31267375992212,3.28123381915297,1.18595083202587,4.63041956353591,0.835350665817391,5.41429854034736,1.15534735256139,3.45787471297568,3.36063882132823,0.490002857054781,2.39309293933596,0.222808937429262,0.285708166888954,BACK-ARC_BASIN,-177.2,-15.73,,2012
2.69,6.54,16.67,49.54,0.18,0.17,11.56,1.56,0.18,9.37,2.0,,198.0,,50.0,42.0,151.0,35.0,121.0,5.0,4.8,16.0,,,,1.41,,0.83,,,,,,2.99,,0.0,BACK-ARC_BASIN,137.44,29.328,,1980; 1981
2.37,7.26,17.27,50.0,0.05,0.06,13.06,1.1,0.15,,1.5,221.0,303.0,46.0,86.0,20.0,110.0,,,,,,,,,,,,,,,,,,,,BACK-ARC_BASIN,173.419,-18.2268,,1991
2.57,9.04,15.9,48.6,0.11,0.17,11.16,1.14,0.16,8.23,3.0,,299.0,,147.0,29.0,172.0,26.0,82.0,1.0,2.0,12.0,,,,,,,,,,,,,,0.0,BACK-ARC_BASIN,137.44,29.328,,1980
2.3283036673393,8.46720677850395,16.6341394853879,51.6653113674467,0.127799696814545,0.38661165155759,10.8539389011033,0.802638315814836,0.154604503609112,8.57944563242277,10.5141,165.4092,215.4505,42.9144,170.7967,24.7736,153.0079,19.7044,49.2558,0.9207,2.9322,7.0289,1.0663,5.8411,1.9685,0.8089,2.8125,0.4833,3.4543,0.7573,2.2072,2.2342,0.3286,1.3171,0.0646,0.1963,BACK-ARC_BASIN,144.438,19.145,,2021
2.68,6.55,15.7,51.5,0.1,0.79,10.75,1.17,0.14,8.49,8.0,,203.0,,128.0,82.0,179.0,27.0,82.0,2.0,9.0,12.0,,11.0,,,,,,,,,,,,0.0,BACK-ARC_BASIN,144.532,18.013,PLEISTOCENE,1980
2.57,7.37,14.8,49.4,0.17,0.35,11.49,1.66,0.14,,4.0,,241.0,,98.0,26.0,168.0,38.0,120.0,7.0,9.0,19.0,,,,,,,,,,,,,,,BACK-ARC_BASIN,137.441,29.3275,,1980
2.77,7.12,15.8,50.1,0.21,0.4,11.8,1.56,0.18,10.05,11.25,279.0,236.0,39.8,74.6,108.5,204.0,23.0,107.2,10.79,10.3,20.98,3.21,14.2,3.75,1.4,4.3,0.78,5.06,1.051,3.08,2.87,0.4,2.77,0.568,1.295,BACK-ARC_BASIN,-175.976,-14.696,,2012
4.65,7.07,16.79,48.1,0.27,0.17,9.34,2.18,0.18,9.88,,240.0,,,,1.8,243.0,48.0,247.0,1.1,6.13,24.5,3.62,19.9,6.0,1.98,6.32,1.09,7.33,1.66,4.85,4.53,,4.35,,0.07,BACK-ARC_BASIN,156.454,-8.7565,,1987; 1987
2.659,5.014,15.117,52.873,0.137,0.198,9.354,1.303,0.184,11.364,3.4597,382.151,6.511,37.805,23.6806,49.847,121.721,31.687,68.819,1.222,2.51,7.892,1.407,7.857,2.798,1.038,4.162,0.737,5.08,1.125,3.257,3.26,0.521,1.968,0.088,0.162,BACK-ARC_BASIN,-176.193,-20.7175,,2013
2.63,6.18,18.76,49.5,0.36,0.44,12.39,1.16,0.12,,4.74,266.0,255.0,,,76.1,300.0,25.2,94.2,9.78,8.45,18.4,2.35,11.3,2.93,1.1,3.46,0.6,3.88,0.85,2.39,2.3,0.35,2.1,0.69,0.95,BACK-ARC_BASIN,137.258,28.844,,2009
2.57,4.88,13.1,50.5,0.42,0.79,9.34,4.07,0.16,12.05,12.0,,54.0,,41.0,206.0,398.0,36.0,270.0,31.0,28.0,66.0,,,,,,,,,,,,,,4.0,BACK-ARC_BASIN,132.775,24.701,,1980
2.108,6.172,14.726,51.846,0.104,0.239,11.049,0.99,0.2,11.097,3.4797,304.901,14.985,40.949,36.8251,54.3289,143.849,20.875,41.649,0.539,2.013,5.965,1.03,5.633,1.936,0.762,2.802,0.506,3.368,0.74,2.111,2.118,0.333,1.203,0.046,0.158,BACK-ARC_BASIN,-176.608,-22.1183,,2013
2.89,6.74,17.1,51.32,0.15,0.4,11.36,1.22,,8.4,5.95,,,,,50.7,204.0,,,,4.34,13.3,,10.1,3.08,1.13,4.16,,4.56,,2.82,2.72,,,,,BACK-ARC_BASIN,144.07,20.04,,1998
2.02,10.08,16.34,48.7,0.1,0.31,11.34,0.95,0.12,8.05,4.9,109.0,429.0,31.0,220.0,42.0,137.0,25.0,66.0,,,,,,,,,,,,,,,,,,BACK-ARC_BASIN,144.532,18.013,,1982
2.39,7.14,17.62,48.84,0.36,0.09,11.52,1.08,,9.8,1.6,,,,40.0,23.0,244.0,33.0,48.0,1.7,6.4,,,,,,,,,,,,,,,,BACK-ARC_BASIN,139.87,30.916,,1992
2.68,6.31,16.4,49.8,0.18,0.15,11.78,1.56,0.23,9.52,1.0,,216.0,,49.0,43.0,155.0,34.0,112.0,4.0,6.0,14.0,,,,,,,,,,,,,,0.0,BACK-ARC_BASIN,137.44,29.328,,1980
2.46,8.6,16.47,49.21,0.099,0.073,11.99,1.19,0.16,9.59,0.676,237.0,292.0,42.0,143.0,7.72,123.0,27.2,71.1,1.57,2.56,7.3,1.35,7.7,2.7,1.02,4.12,0.752,4.98,1.04,2.95,2.91,0.446,1.97,0.112,0.139,BACK-ARC_BASIN,174.273,-16.612,,2023; 1993
3.26,5.92,17.74,49.25,0.14,0.45,11.23,1.66,0.11,,3.71,,153.0,35.0,51.0,34.6,191.0,,,,9.0,25.1,,,4.8,1.46,,,,,,3.6,0.62,,,,BACK-ARC_BASIN,144.83,17.172,,1972
3.75,4.77,15.14,52.7,0.36,0.49,9.04,1.69,0.2,8.94,6.83,,70.4,28.3,37.0,107.0,234.0,27.5,118.0,8.53,9.08,20.7,3.04,13.9,3.92,1.36,4.59,0.798,5.11,1.09,3.05,2.97,0.439,3.01,0.484,0.977,BACK-ARC_BASIN,-30.325,-56.034,,2002
3.56,6.18,16.12,50.77,0.2,0.31,10.55,1.68,,8.86,3.5,269.0,205.0,36.0,73.0,41.0,197.0,37.0,133.6,6.12,6.36,16.61,2.65,12.97,4.17,1.38,5.01,0.89,5.73,1.23,3.54,3.43,0.54,3.07,0.378,0.474,BACK-ARC_BASIN,144.509,15.296,,2003; 2005
3.87,7.59,16.33,52.21,0.33,1.18,8.2,1.26,0.12,,23.0,30.0,200.0,22.0,150.0,400.0,500.0,,180.0,,,,,,,,,,,,,,,,,,BACK-ARC_BASIN,151.053,-9.7925,,1997
1.95,11.68,14.18,50.44,,0.05,12.22,0.7,0.17,,1.26,245.0,301.0,50.4,102.0,2.5,74.7,18.8,29.8,0.31,0.66,2.74,0.56,3.5,1.53,0.62,2.21,0.43,3.2,0.71,2.03,2.16,0.33,0.98,0.033,0.022,BACK-ARC_BASIN,134.318,27.3836,,2018
2.11,8.62,16.05,51.08,0.17,0.42,11.84,0.99,0.17,,8.6,266.0,295.0,43.0,104.0,71.0,241.0,20.3,55.0,3.3,5.21,12.54,1.82,8.73,2.56,0.99,2.96,0.52,3.29,0.7,2.03,1.9,0.29,1.42,0.23,0.64,BACK-ARC_BASIN,127.119,27.5735,,1999
2.71,6.89,15.9,49.7,0.21,0.17,11.27,1.57,0.16,,2.0,,238.0,,59.0,65.0,160.0,37.0,130.0,8.0,8.0,22.0,,,,,,,,,,,,,,,BACK-ARC_BASIN,137.684,28.6375,,1980
3.64,6.07,17.55,48.57,0.16,0.4,11.13,1.54,0.16,,3.59,244.0,239.0,,79.0,18.61,169.0,43.0,130.0,,,13.64,,11.09,3.52,1.39,4.88,,5.51,,3.62,3.47,,,,,BACK-ARC_BASIN,144.967,17.747,,1985
2.77,5.77,16.9,49.8,0.15,0.33,11.7,1.31,0.17,,5.93,234.0,293.0,38.8,80.1,32.4,183.0,31.1,109.0,6.68,5.82,15.2,2.28,11.6,3.6,1.28,4.32,0.76,5.34,1.19,3.23,3.11,0.462,2.68,0.42,0.57,BACK-ARC_BASIN,115.047,12.9196,,2018
2.13782092746728,6.09185932093619,15.7089743133439,51.4857747949159,0.268022273231763,1.00184396418726,11.2987164572781,0.910993605485013,0.183256638095367,9.68502043261716,16.2034448969415,248.094849150196,384.294790532728,41.7323386154546,91.2920995699965,138.766298869939,218.741805791681,18.0897743629398,42.8243386297885,1.90642606392898,3.81968896389345,9.49549710008007,1.47539719732701,7.47785225561544,2.20800693261737,0.797698289466558,2.76587063478757,0.461752707723151,2.95036904490023,0.638736309429139,1.81924918357819,1.79917349326984,0.284889887239712,1.15109220917275,0.123604569790831,0.412252694635769,BACK-ARC_BASIN,-174.574,-16.134,,2012
2.83,8.26,15.04,48.64,0.16,0.24,10.63,1.51,0.18,,3.0,245.0,324.0,,129.0,21.0,194.0,31.0,90.0,3.0,4.4,11.4,1.7,9.2,3.2,1.2,4.2,0.7,5.0,1.0,2.9,2.5,0.3,,,0.3,BACK-ARC_BASIN,138.232,40.189,MIOCENE,1992; 1995
3.66,7.11,15.04,49.36,0.21,0.37,10.65,1.58,0.16,,2.0,272.0,210.0,,100.0,23.66,165.0,38.0,132.0,10.0,,,,,,,,,,,,,,,,,BACK-ARC_BASIN,144.72,17.977,,1985
3.38,6.13,16.82,52.2,,0.16,11.17,1.27,0.16,8.38,3.26,305.0,162.0,35.9,53.4,50.0,167.0,22.1,68.9,0.932,2.55,9.88,1.68,8.7,2.64,1.21,3.5,0.58,3.8,0.778,2.36,2.21,0.35,1.88,0.127,0.211,BACK-ARC_BASIN,179.545,-33.467,,2012
2.94,5.3,16.8,50.5,0.14,0.21,11.2,1.36,0.17,,3.54,230.0,196.0,42.3,88.6,28.6,184.0,30.4,107.0,5.92,4.65,14.1,2.11,11.1,3.54,1.28,4.17,0.78,5.34,1.18,3.14,3.14,0.457,2.67,0.37,0.4,BACK-ARC_BASIN,115.047,12.9196,,2018
2.08,7.45,14.47,51.5,0.08,0.05,11.48,1.11,0.19,,2.0,399.0,129.0,45.0,61.0,9.5,66.0,28.6,59.0,0.95,1.72,5.73,1.06,6.29,2.38,0.88,3.53,0.65,4.5,1.04,3.12,3.04,0.46,1.45,0.08,0.06,BACK-ARC_BASIN,-176.133,-20.567,,1995
3.09666666666667,6.2195,15.045,50.466,0.21,0.242833333333333,10.7795,1.62116666666667,0.22,10.26,2.28723533859285,,,,,17.1,156.240324079437,32.4,101.1,2.25,4.29010830369545,12.7448256896855,2.12,11.4757613957365,3.7448258046152,1.30308935012047,4.77,0.82,5.8799507598252,1.21,3.47,3.56662626701936,0.52,2.73176785454374,0.158961642445262,0.228902868276425,BACK-ARC_BASIN,136.057,28.984,,2010
2.48,8.54,16.25,48.83,0.16,0.29,11.86,1.61,0.18,9.77,5.31,240.0,314.0,44.3,166.0,47.3,177.0,21.2,89.5,5.78,5.27,13.6,2.13,10.3,2.94,1.05,0.647,0.623,3.91,0.824,2.26,2.11,0.32,2.29,0.392,0.429,BACK-ARC_BASIN,-176.04,-14.78,,2012
2.7,7.73,14.61,50.76,0.12,0.11,12.16,1.32,0.21,,3.0,288.0,117.0,,49.0,27.0,129.0,30.0,69.0,3.0,3.0,9.5,1.63,8.4,2.87,1.24,4.06,,4.93,,3.19,3.1,,,,4.0,BACK-ARC_BASIN,174.1,-16.813,,1990
2.86,7.86,17.26,50.55,0.14,0.21,11.6,1.18,0.16,7.63,1.0,,214.0,,120.0,25.0,208.0,27.0,85.0,0.0,,,,,,,,,,,,,,,,,BACK-ARC_BASIN,144.83,18.2,,1990
2.62,7.78,16.2,49.7,0.11,0.05,12.07,1.22,0.14,8.54,1.0,,315.0,,117.0,21.0,152.0,27.0,85.0,3.0,3.0,16.0,,,,,,,,,,,,,,0.0,BACK-ARC_BASIN,137.44,29.328,,1980
3.6,5.2,16.71,51.86,0.2,0.65,10.07,1.45,0.16,,12.0,,50.0,,42.0,45.0,197.0,33.0,134.0,2.0,,14.0,,,,,,,,,,,,,,,BACK-ARC_BASIN,-177.862,-18.568,,1994
2.7,6.12,16.2,49.6,0.18,0.26,13.46,1.24,0.14,,4.0,,220.0,,45.0,37.0,186.0,33.0,84.0,3.0,4.0,10.0,,,,1.22,,0.64,,,,,,2.23,,0.2,BACK-ARC_BASIN,136.057,28.9833,,1980; 1980
2.83,7.81,16.33,51.25,0.16,0.47,10.88,0.93,0.16,9.19,3.5,243.0,229.0,,22.0,93.0,244.0,,39.0,2.39,2.99,7.3,1.1,5.59,1.75,0.71,2.19,0.42,2.61,0.55,1.57,1.55,0.24,1.04,0.19,0.37,BACK-ARC_BASIN,177.84,-35.89,,2010
1.57,8.46,16.64,50.99,0.07,0.38,11.46,0.78,0.16,,5.2,309.0,191.0,36.7,114.0,47.5,163.0,13.7,25.1,0.83,1.96,5.17,0.9,5.09,1.7,0.75,2.24,0.41,2.64,0.61,1.67,1.58,0.25,1.03,,0.25,BACK-ARC_BASIN,-176.87,-22.81,,2009
2.56,6.26,17.2,49.7,0.16,0.39,11.9,0.95,0.18,,,297.0,73.0,,40.0,35.0,278.0,21.0,57.0,,,,,,,,,,,,,,,,,,BACK-ARC_BASIN,139.85,30.987,,1990
2.24,7.97,16.22,49.98,0.17,0.47,11.8,0.98,0.16,9.02,14.8,,,,,99.6,263.6,19.7,59.2,2.7,5.9,13.6,,9.1,2.7,0.9,,,,,,2.0,0.3,1.5,0.2,1.2,BACK-ARC_BASIN,127.13,27.465,CENOZOIC,2006
2.15,6.2,16.55,51.1,0.1,0.29,11.0,0.73,0.2,,,303.0,58.0,,29.0,41.0,197.0,20.0,54.0,,,7.2,,5.8,1.8,0.7,2.6,,2.7,,1.6,1.7,,,,,BACK-ARC_BASIN,139.973,31.11,,1990
1.92,8.01,15.84,50.8,0.08,0.11,12.43,0.86,0.16,8.36,1.55,325.0,271.0,37.0,81.0,17.8,172.0,20.0,36.7,0.4,1.49,4.64,0.78,5.05,1.9,0.76,2.64,0.47,3.18,0.72,2.09,2.13,0.34,0.85,0.03,0.05,BACK-ARC_BASIN,-176.133,-20.057,,1994; 2007
3.67,6.44,15.42,51.57,0.18,0.26,10.9,1.72,,9.67,2.3,281.0,132.0,38.7,51.0,29.0,197.0,36.8,129.5,5.77,5.83,16.08,2.56,12.91,4.13,1.43,4.89,0.89,5.87,1.25,3.45,3.41,0.51,3.17,0.35,0.362,BACK-ARC_BASIN,144.5,15.085,,2003; 2005
3.75,4.97,15.48,52.41,0.15,0.27,9.51,1.61,0.24,11.61,3.54,,,,,40.1,144.0,25.9,42.6,0.61,2.21,5.76,1.01,5.53,2.33,0.87,3.48,0.45,4.03,0.91,2.53,2.31,0.44,1.4,0.09,0.15,BACK-ARC_BASIN,-177.303,-18.5008,,1994
2.97,6.75,15.74,51.17,0.14,0.48,11.22,1.27,0.15,,8.19,273.0,126.0,31.2,57.3,53.8,202.0,25.8,89.8,4.35,5.45,13.9,2.11,10.9,3.28,1.24,3.6,0.73,4.55,1.01,2.91,2.77,0.44,2.4,0.46,0.63,BACK-ARC_BASIN,144.681,18.22,,2019
2.69,5.41,17.05,48.29,0.1,0.63,11.36,1.18,0.11,,8.34,238.0,359.0,,72.8,21.1,129.0,26.5,66.3,1.32,7.06,7.55,1.95,10.16,3.17,1.13,4.06,0.74,4.63,0.99,2.78,2.56,0.38,1.78,0.1,0.195,BACK-ARC_BASIN,137.774,28.563,,2009
1.92,8.73,14.17,50.75,0.3,0.91,11.7,0.64,0.16,8.69,15.0,361.0,337.0,,86.0,146.0,423.0,,,,,,,,,,,,,,,,,,,,BACK-ARC_BASIN,169.8,-16.0,,1987
3.01,7.57,16.58,51.41,0.18,0.37,10.98,1.26,,7.58,4.0,223.0,291.0,34.4,108.0,36.0,200.0,28.1,92.8,3.57,5.91,14.41,2.31,11.17,3.25,1.17,3.91,0.66,4.38,0.92,2.62,2.57,0.4,2.31,0.235,0.443,BACK-ARC_BASIN,144.73,18.15,,1998; 2005
3.24,5.04,15.39,51.89,0.19,0.54,9.45,1.55,0.2,,9.3,344.0,24.2,,21.7,68.0,158.1,38.8,103.8,3.5,,,,,,,,,,,,,,,,,BACK-ARC_BASIN,-174.82,-15.5993,,1992
3.06,6.09,15.81,49.98,0.16,0.2,11.45,1.72,0.16,,,266.0,220.0,40.0,90.0,,123.0,48.0,110.0,150.0,3.9,10.0,1.6,11.0,3.4,1.3,4.7,0.9,6.6,1.3,3.8,3.7,0.6,2.7,,,BACK-ARC_BASIN,140.185,17.118,,1978
2.99,7.63,18.56,47.81,0.13,0.37,10.09,0.915,0.103,,10.0,150.0,259.0,30.0,112.0,99.0,201.0,35.0,78.0,4.0,1.0,30.0,,,,,,,,,,,,,,,BACK-ARC_BASIN,12.993,39.728,MIOCENE,1978
2.88,8.84,16.14,50.81,0.1,0.4,10.19,1.18,0.16,8.58,7.2,267.0,462.0,,187.0,57.0,190.0,25.0,82.0,1.5,3.92,11.21,1.91,9.23,2.9,1.07,3.35,0.61,3.93,0.86,2.53,2.39,0.34,2.2,0.11,0.58,BACK-ARC_BASIN,-57.0783,-62.1967,,2002
3.73,10.11,18.76,47.75,0.24,0.33,5.37,1.96,0.41,,2.0,596.0,218.0,,50.0,,196.0,41.0,111.0,,,,,,,,,,,,,,,,,,BACK-ARC_BASIN,134.536,38.616,,1992
3.59,6.24,18.01,51.11,0.21,0.59,9.61,1.28,0.12,,7.0,238.0,79.0,,21.0,154.0,370.0,20.0,90.0,6.1,7.7,17.7,2.3,10.3,2.8,1.1,3.3,0.5,3.3,0.7,1.9,1.6,0.2,,,0.8,BACK-ARC_BASIN,138.231,40.19,18.12,1992
1.44,8.7,15.42,47.17,0.23,0.81,14.31,0.95,0.19,,18.3,380.0,265.0,,64.9,39.1,485.0,17.0,39.1,0.847,7.52,18.4,3.01,14.6,3.73,1.18,3.95,,3.17,,1.73,1.58,,1.17,0.055,0.703,BACK-ARC_BASIN,138.976,31.038,,2000; 2001; 2010
2.56,7.489,14.386,51.223,0.097,0.049,11.996,1.245,0.199,10.459,0.6332,301.548,141.676,43.083,68.9655,5.892,77.85,30.581,62.734,0.888,1.619,5.913,1.154,6.88,2.615,1.014,4.004,0.726,4.902,1.084,3.072,3.063,0.474,1.832,0.068,0.072,BACK-ARC_BASIN,-176.162,-19.339,,2013
1.97,7.82,16.99,48.03,0.14,0.39,13.39,0.9,0.17,9.34,9.86,318.2,173.5,44.2,65.0,30.38,316.0,17.6,43.3,1.5,4.39,10.88,1.75,8.43,2.4,0.81,2.74,0.46,2.88,0.61,1.68,1.54,0.23,1.11,0.11,0.496,BACK-ARC_BASIN,139.375,31.9,,2010
2.2,8.21,16.24,49.63,0.16,0.4,11.78,0.97,0.16,9.01,25.8,,,,,147.0,264.1,22.8,83.2,4.1,7.6,17.0,,10.7,3.1,1.1,,,,,,2.3,0.4,2.2,0.3,2.1,BACK-ARC_BASIN,127.13,34.0,CENOZOIC,2006
3.66,7.11,15.04,49.36,0.21,0.37,10.65,1.58,0.16,,2.0,272.0,210.0,,100.0,23.66,165.0,38.0,132.0,10.0,,,,,,,,,,,,,,,,,BACK-ARC_BASIN,144.736,17.978,,1985
3.52,8.01,18.42,51.92,0.22,0.04,10.15,1.5,0.15,,121.0,198.0,259.0,52.0,92.0,25.0,132.0,,79.0,,,,,,,,,,,,,,,,,,BACK-ARC_BASIN,117.0,15.3923,,2015
3.19,7.11,16.26,51.51,0.14,0.24,10.96,1.41,0.13,,1.35,276.0,59.0,38.0,40.0,36.1,171.0,25.0,99.4,1.45,3.92,11.3,1.9,9.65,3.19,1.14,4.06,0.74,4.65,1.03,2.89,2.52,0.39,2.38,0.1,0.18,BACK-ARC_BASIN,-177.856,-18.5675,,1994
2.89,7.49,16.0,50.0,0.14,0.25,11.6,1.29,0.11,,3.0,,222.0,,84.0,33.0,188.0,25.0,89.0,,5.0,13.0,,,,,,,,,,,,,,2.0,BACK-ARC_BASIN,136.057,28.9833,,1980
2.57,7.08,15.65,49.3,0.2,0.28,11.36,1.8,0.18,,4.96,272.0,253.0,42.0,100.0,31.0,133.0,35.0,105.0,5.4,5.6,13.33,2.06,13.0,3.43,1.35,4.17,0.82,5.5,1.1,3.4,3.25,0.43,1.68,0.29,,BACK-ARC_BASIN,173.818,-16.6742,,1991; 1994; 1994
1.67,11.61,14.72,50.22,0.14,0.53,11.4,0.66,0.16,7.66,9.2,258.9,424.0,44.4,186.1,94.34,239.0,16.9,38.5,1.38,5.46,11.59,1.78,8.22,2.24,0.77,2.6,0.44,2.7,0.6,1.72,1.6,0.24,1.04,0.1,0.779,BACK-ARC_BASIN,139.49,30.63,,2010
3.11,6.33,16.62,51.8,0.19,0.53,10.58,1.42,0.15,,5.93,239.0,228.0,29.2,65.8,43.3,207.0,28.5,116.0,5.14,6.46,16.4,2.51,12.9,3.94,1.37,4.3192548,0.85,5.47,1.15,3.33,3.37,0.48,3.26,0.64,0.47,BACK-ARC_BASIN,144.714,18.214,,2019
2.75,6.24,16.76,51.75,0.16,0.57,11.21,1.01,,8.25,9.3,260.0,29.0,39.3,53.0,110.0,295.0,26.7,90.6,3.05,8.91,19.4,2.92,12.6,3.41,1.21,4.03,0.7,4.24,0.91,2.58,2.41,0.4,2.33,0.18,0.955,BACK-ARC_BASIN,143.05,21.83,PROTEROZOIC,1983; 1990; 2005
1.98,6.93,16.02,50.1,0.07,0.13,13.15,0.98,0.19,,2.0,355.0,136.0,38.0,53.0,14.9,273.0,21.5,40.8,0.83,2.36,7.37,1.24,6.47,2.04,0.8,2.6,0.5,3.47,0.82,2.25,2.33,0.36,1.02,0.05,0.11,BACK-ARC_BASIN,-176.46,-19.31,,1995
1.5,8.04,16.3,45.65,0.28,0.533,14.03,0.88,0.25,,14.0,431.0,97.0,56.0,63.0,,378.0,19.0,52.0,,,,,,,,,,,,,,,,,,BACK-ARC_BASIN,138.986,31.5308,1.33,1989; 1998
3.22,7.22,15.4,51.29,0.15,0.07,11.69,1.48,,9.43,0.51,,,,,5.47,97.1,,,,2.07,7.84,,9.0,3.26,1.25,4.55,,5.37,,3.4,3.16,,,,,BACK-ARC_BASIN,144.46,14.999,,1996
2.4,6.16,15.4,47.5,0.16,0.24,16.71,1.09,0.14,,4.0,,216.0,,53.0,21.0,186.0,28.0,82.0,3.0,3.0,13.0,,,,,,,,,,,,,,,BACK-ARC_BASIN,136.057,28.9833,,1980
2.55,6.45,15.76,52.13,0.08,0.2,11.31,1.01,0.14,10.38,3.53,,,,,41.0,138.0,23.9,40.4,0.59,1.94,5.71,1.02,5.44,2.25,0.88,3.25,0.58,3.87,0.82,2.51,2.25,0.43,1.35,0.53,0.14,BACK-ARC_BASIN,-177.303,-18.501,,1994; 2007
2.61,7.44,16.12,49.78,0.21,0.41,11.11,1.67,0.17,9.79,5.95,,298.0,,257.0,83.6,161.0,26.3,108.0,11.52,8.63,20.7,2.84,12.8,3.6,1.16,,0.78,4.98,1.02,2.85,2.99,,3.05,,0.74,BACK-ARC_BASIN,-177.878,-16.295,,2012; 2011
2.44,7.8,17.57,48.71,0.27,0.4,11.63,0.97,0.13,8.67,6.52,277.0,,,,,,,,,6.17,14.2,2.38,11.6,3.15,1.16,3.92,0.61,3.84,0.78,2.2,2.08,0.31,1.62,0.29,0.37,BACK-ARC_BASIN,139.845,30.916,,1992
1.38,5.96,18.99,49.15,0.05,0.11,13.18,0.67,0.19,,1.4,,,,20.7,36.5,173.7,10.3,15.2,0.4,,,,,,,,,,,,,,,,,BACK-ARC_BASIN,140.3,30.5,,2007
2.67,7.71,14.95,49.75,0.15,0.16,11.37,1.85,0.18,,3.5,292.0,262.0,40.0,104.0,25.0,118.0,,,,,,,,,,,,,,,,,,,,BACK-ARC_BASIN,173.458,-19.27,,1991
3.08,7.73,16.33,50.17,0.11,0.09,11.87,1.42,0.2,8.67,3.0,227.0,,,102.0,22.0,176.0,29.0,102.0,3.0,,,,,,,,,,,,,,,,,BACK-ARC_BASIN,-177.862,-18.568,,1977
2.96,8.94,15.88,50.54,0.16,0.35,10.71,1.18,0.15,7.68,6.0,217.0,330.0,35.0,170.0,58.0,239.0,27.3,112.0,6.2,6.32,15.4,2.02,10.2,3.24,1.25,3.82,0.69,4.56,0.98,2.93,2.7,0.401,2.4,0.31,0.46,BACK-ARC_BASIN,144.479,19.425,,2016
3.2,6.95,16.36,52.06,0.19,0.25,11.37,1.39,0.15,8.4,2.0,225.0,265.0,67.0,106.0,24.0,179.0,28.0,101.0,1.0,4.95,,,11.0,3.5,,,,,,,,,,0.23,0.27,BACK-ARC_BASIN,144.72,18.2,,1990
2.97,7.44,16.65,51.24,0.1,0.37,10.92,1.21,,7.49,4.0,228.0,286.0,35.3,109.0,38.0,205.0,29.6,93.3,3.26,6.42,15.33,2.44,11.65,3.32,1.19,3.96,0.67,4.41,0.93,2.63,2.58,0.4,2.27,0.215,0.487,BACK-ARC_BASIN,144.73,18.15,,1998; 2000; 2005
2.69,6.34,17.55,50.81,0.11,0.11,12.59,1.13,0.13,,0.1,,234.0,,105.0,35.0,186.0,24.0,89.0,2.0,,15.0,,,,,,,,,,,,,,,BACK-ARC_BASIN,-177.862,-18.568,,1994
2.51,8.64,16.18,49.84,0.1,0.32,12.83,0.96,0.14,,3.64,228.0,293.0,38.8,98.3,48.0,247.0,16.8,61.3,3.53,3.79,9.43,1.49,7.95,2.44,0.94,2.66,0.52,3.23,0.7,1.98,1.93,0.3,1.65,0.28,0.25,BACK-ARC_BASIN,144.834,16.985,,2019
2.63,6.6,16.53,51.66,,0.55,11.42,1.04,,,7.6,230.0,361.0,38.6,186.0,96.0,275.0,22.0,83.9,5.05,7.95,16.87,2.43,11.02,2.92,1.04,3.34,0.58,3.6,0.76,2.15,2.12,0.33,2.06,0.307,0.821,BACK-ARC_BASIN,143.173,21.7,,2005; 1990
2.85,6.61,15.2,49.9,0.19,0.47,11.41,1.74,0.14,,14.0,,213.0,,54.0,56.0,167.0,39.0,131.0,3.0,5.0,16.0,,,,1.56,,0.9,,,,,,3.23,,0.46,BACK-ARC_BASIN,137.441,29.3275,,1980; 1980
2.83,5.89,16.11,49.78,0.22,0.33,11.97,1.55,0.16,9.3,5.0,,195.0,,70.0,24.0,175.0,37.0,116.0,4.0,4.0,18.0,,,,1.48,,0.81,,,,,,3.0,,1.0,BACK-ARC_BASIN,136.057,28.984,,1980; 1981
2.9,6.67,18.19,51.09,0.16,0.44,10.88,1.1,0.14,7.22,6.07,218.0,217.0,31.7,92.6,46.1,235.0,24.2,91.1,2.74,5.55,13.9,2.18,10.7,3.12,1.14,3.76,0.653,4.09,0.861,2.45,2.32,0.358,2.18,0.179,0.47,BACK-ARC_BASIN,144.75,18.0,,2021
2.87,7.18,14.52,49.5,0.2,0.33,11.5,1.76,0.18,,7.0,257.0,205.0,39.0,70.0,27.0,185.0,,,,,,,,,,,,,,,,,,,,BACK-ARC_BASIN,173.818,-16.669,,1991
2.56,7.51,14.15,50.6,0.1,0.1,11.74,1.63,0.19,,2.0,296.0,224.0,43.0,79.0,17.0,108.0,,,,,,,,,,,,,,,,,,,,BACK-ARC_BASIN,173.371,-19.959,,1991
2.7,7.07,16.95,51.46,0.15,0.22,11.56,1.12,,7.81,3.0,256.0,255.0,34.7,222.0,46.0,174.0,27.7,79.1,2.62,4.08,10.77,1.71,8.73,2.86,1.08,3.87,0.67,4.33,0.92,2.66,2.53,0.39,2.04,0.177,0.331,BACK-ARC_BASIN,143.55,20.82,,2003; 2005
,6.2,14.7,51.81,0.22,0.45,11.09,0.8,0.2,,7.94,373.0,58.6,40.3,33.1,95.7,217.0,17.0,28.5,0.46,3.3,8.46,1.3,6.31,1.94,0.73,2.39,0.42,2.68,0.6,1.63,1.7,0.27,0.89,0.03,0.3,BACK-ARC_BASIN,-176.52,-22.09,,2009
4.44,7.01,16.3,50.6,0.26,0.37,7.23,1.86,0.16,,0.0,,100.0,31.0,,,230.0,36.0,153.0,,10.0,20.5,,,4.2,1.57,,0.0,5.3,,,2.5,0.5,3.1,0.0,0.0,BACK-ARC_BASIN,12.993,39.728,MIOCENE,1977
2.32,6.92,17.29,48.35,0.14,0.25,12.63,1.06,0.17,9.49,,320.0,0.0,,50.0,25.0,239.0,20.0,59.0,,,,,,,,,,,,,,,,,,BACK-ARC_BASIN,139.883,31.062,,1990
2.34,5.16,13.7,46.4,0.54,0.42,11.1,4.46,0.45,12.42,3.0,,64.0,,50.0,252.0,452.0,38.0,341.0,42.0,36.0,70.0,,,,,,,,,,,,,,1.0,BACK-ARC_BASIN,132.775,24.701,,1980
2.08,7.45,14.47,51.5,0.08,0.05,11.48,1.11,0.19,10.71,0.53,399.0,129.0,45.0,61.0,9.5,73.0,28.6,59.0,0.95,1.72,5.73,1.06,6.29,2.38,0.88,3.53,0.65,4.5,1.04,3.12,3.04,0.46,1.45,0.08,0.06,BACK-ARC_BASIN,-176.133,-20.057,,1994
2.63,7.56,14.99,52.53,0.07,0.1,11.38,1.11,,,1.12,,,,,17.0,166.0,20.69,55.0,0.9,1.86,5.82,1.08,6.4,2.28,0.94,2.91,,3.55,,2.08,1.86,0.3,1.69,0.07,0.24,BACK-ARC_BASIN,156.546,-8.606,,2020
3.27,6.64,15.9,49.5,0.14,0.29,12.42,1.18,0.12,8.25,6.0,,216.0,,53.0,26.0,184.0,28.0,90.0,2.0,2.9,14.0,,,,1.14,,0.67,,,,,,2.12,,0.0,BACK-ARC_BASIN,136.057,28.984,,1980; 1981
2.1,10.72,16.69,47.24,0.03,0.01,12.44,0.62,0.17,,,238.0,375.0,,246.0,4.0,62.0,21.0,34.0,0.6,0.85,2.7,,,1.48,0.63,2.2,,,0.75,,2.75,0.46,0.7,,3.0,BACK-ARC_BASIN,149.967,-3.87,,2003
2.73,8.49,15.73,48.85,0.52,1.06,10.16,2.21,0.17,,24.0,259.0,413.0,,170.0,359.0,376.0,29.0,204.0,54.0,32.7,66.1,7.41,31.8,6.11,1.93,6.11,,5.84,,3.29,2.5,,,,3.0,BACK-ARC_BASIN,173.408,-15.837,,1990
3.48,7.39,15.68,49.35,0.15,0.25,11.17,1.18,0.12,,2.2,,151.0,35.5,47.0,57.0,200.0,,84.0,,5.4,13.1,,9.2,2.54,1.07,3.0,0.58,,,,2.34,0.45,2.02,0.34,0.43,BACK-ARC_BASIN,12.993,39.728,MIOCENE,1978; 1979
2.78,6.79,14.8,51.4,0.18,0.48,10.3,1.47,0.15,,8.54,258.0,239.0,41.4,117.0,74.1,177.0,30.8,110.0,8.91,6.82,17.0,2.48,12.5,3.9,1.36,4.61,0.8,5.4,1.18,3.16,2.97,0.432,2.84,0.56,0.77,BACK-ARC_BASIN,114.923,13.2072,,2018
1.86,6.87,16.0,49.99,0.13,0.62,12.33,0.51,0.21,9.08,8.54,281.0,29.1,40.5,,108.0,383.0,10.7,22.0,0.298,2.52,6.02,0.894,4.42,1.33,0.492,1.61,0.266,1.84,0.403,1.19,1.25,0.19,0.651,0.019,0.241,BACK-ARC_BASIN,151.942,-3.7123,,2015
2.36,7.33,13.94,50.73,0.1,0.05,11.66,1.22,0.2,,1.0,355.0,149.0,,75.0,8.0,71.0,27.0,64.0,1.3,1.85,5.7,,,2.7,0.97,3.6,,,1.05,,3.3,0.52,1.4,,2.0,BACK-ARC_BASIN,150.027,-3.378,,2003
1.33,10.74,14.5,48.42,0.11,0.1,12.27,0.56,0.21,7.95,,213.0,524.0,40.0,198.0,,145.0,,,,,,,,,,,,,,,,,,,,BACK-ARC_BASIN,-176.125,-18.625,,1990
1.73,8.85,15.85,51.8,0.06,0.1,12.58,0.71,0.15,7.75,1.53,295.0,390.0,38.0,106.0,20.3,118.0,15.8,31.6,0.38,1.19,3.85,0.73,4.14,1.51,0.62,2.01,0.41,2.63,0.56,1.69,1.76,0.28,0.86,0.02,,BACK-ARC_BASIN,-176.133,-20.057,,1994
3.12,5.2,17.6,49.4,0.12,0.25,11.4,1.26,0.17,,3.54,211.0,229.0,49.4,123.0,33.3,193.0,28.7,95.7,4.5,4.16,12.4,1.9,10.0,3.23,1.2,3.84,0.7,4.88,1.1,2.93,2.91,0.421,2.38,0.28,0.32,BACK-ARC_BASIN,115.047,12.9196,,2018
3.83,5.23,16.8,49.37,0.2,0.46,10.23,1.52,0.19,,11.0,324.0,,,32.0,38.0,192.0,35.0,105.0,3.0,,,,,,,,,,,,,,,,,BACK-ARC_BASIN,-177.862,-18.568,,1994
1.94,7.72,16.5,51.36,0.06,0.27,12.73,0.44,0.14,,3.0,219.0,129.0,42.0,76.0,66.0,202.0,10.0,24.0,0.7,,,,,,,,,,,,,,,,,BACK-ARC_BASIN,151.463,-3.705,,2003
2.65,6.85,16.6,50.3,0.16,0.33,12.4,1.14,0.17,,,327.0,92.0,,48.0,26.0,247.0,22.0,65.0,,,,,,,,,,,,,,,,,,BACK-ARC_BASIN,139.888,31.08,,1990
1.99,8.9,18.54,49.17,0.15,0.03,13.69,0.76,0.16,,1.0,227.0,,,112.0,19.0,152.0,23.0,47.0,2.0,,,,,,,,,,,,,,,,,BACK-ARC_BASIN,-176.5,-20.142,,1994
2.58,6.3,13.86,51.12,0.1,0.13,11.37,1.6,0.23,12.53,,354.0,222.0,42.0,835.0,,110.0,,,,,,,,,,,,,,,,,,,,BACK-ARC_BASIN,-176.125,-18.625,,1990
4.42,6.19,14.34,52.53,0.33,1.17,5.27,2.18,0.18,,15.0,306.0,11.0,,14.0,242.0,265.0,45.0,231.0,8.0,,41.0,,,,,,,,,,,,,,,BACK-ARC_BASIN,134.536,38.616,CENOZOIC,1992
2.55,7.47,14.14,50.5,0.1,0.1,11.77,1.66,0.19,,2.0,303.0,235.0,43.0,70.0,20.0,107.0,,,,,,,,,,,,,,,,,,,,BACK-ARC_BASIN,173.368,-19.9533,,1991
2.84,7.7,16.37,47.55,0.16,0.15,10.5,1.38,0.17,10.4,1.24,225.0,349.0,40.5,130.0,44.0,188.0,27.2,85.7,2.91,4.68,12.2,2.2,11.7,3.52,1.32,4.29,0.77,5.11,1.08,3.01,2.85,0.44,2.53,0.16,0.25,BACK-ARC_BASIN,138.231,40.19,CENOZOIC,2015
2.2057,7.85172,15.10628,50.57042,0.08246,0.06854,12.3749,1.16082,0.19144,10.51778,1.05759025765155,297.836321914104,330.474119330701,41.5663502104382,112.495727417541,10.284792028124,81.7682244246614,30.8009531644511,66.564177352154,1.38098988593255,2.00650923558839,5.91418094659474,1.11547526568366,6.4883224148899,2.49024655515153,0.952573282252544,4.07833106777369,0.726682735208166,4.99122920302721,1.17179764757044,3.11788546741174,3.3300069998783,0.511050380455303,1.70626415584251,0.0929650594756861,0.135375257767942,BACK-ARC_BASIN,-176.36,-17.94,,2012
2.44,7.35,16.65,49.5,0.05,0.31,13.05,0.85,0.16,,3.0,196.0,159.0,,46.0,47.0,213.0,,40.0,,2.5,7.0,,,1.8,0.72,,0.39,,,,1.9,,,0.079,0.23,BACK-ARC_BASIN,167.813,-12.147,,1994
2.66,7.14,16.3,49.6,0.13,0.1,12.07,1.32,0.15,8.9,0.0,,267.0,,103.0,24.0,165.0,30.0,95.0,4.0,4.0,17.0,,,,,,,,,,,,,,0.0,BACK-ARC_BASIN,137.44,29.328,,1980
2.18,8.36,14.72,49.94,0.07,0.05,12.51,0.95,0.17,,0.5,292.0,293.0,,115.0,12.0,73.0,21.0,48.0,1.0,1.65,5.0,,,2.1,0.8,2.9,,,0.8,,2.5,0.4,1.0,,3.0,BACK-ARC_BASIN,149.963,-3.4467,,2003
2.53,8.44,14.2,49.6,0.17,0.4,11.22,1.48,0.13,9.46,5.0,,278.0,,156.0,45.0,162.0,34.0,109.0,5.0,4.0,13.0,,,,,,,,,,,,,,0.0,BACK-ARC_BASIN,137.44,29.328,,1980
2.34,7.89,14.54,50.0,0.1,0.09,12.68,1.47,0.18,,2.0,290.0,197.0,44.0,75.0,15.0,104.0,32.0,68.0,1.8,2.0,,,8.0,,1.1,,,4.8,,3.4,2.95,,,,,BACK-ARC_BASIN,173.385,-19.8783,,1991; 1994
2.83,7.03,15.52,51.12,0.12,0.27,11.32,1.14,0.16,,7.8,301.0,,,,48.3,140.0,27.4,73.0,2.7,4.4,12.0,1.8,9.8,3.1,1.1,4.1,,5.0,,3.1,3.2,0.45,2.0,0.19,0.37,BACK-ARC_BASIN,-174.817,-15.6265,,1993; 2003; 2020
3.7268,6.3714,15.4664,49.4711,0.2497,0.333,10.1679,1.972,0.1308,9.94,4.70858284891788,282.73677526487,241.907678909921,,,42.5215243233166,180.083843215104,45.1606080777825,162.999327137025,7.30167040160982,6.95031423781867,20.8979975143934,3.10503417137157,16.9140587852208,5.2163863628657,1.86883075944711,6.95745058644326,1.25450516436028,7.89750092742009,1.7109660446626,5.43799600651177,4.45343989524157,0.656238276951011,3.99319495161592,0.447808511046458,0.435183749138475,BACK-ARC_BASIN,139.577,19.454,NEOGENE,2010
2.36,7.84,14.51,49.75,0.1,0.08,12.55,1.38,0.18,,2.0,263.0,198.0,44.0,78.0,23.0,104.0,,,,,,,,,,,,,,,,,,,,BACK-ARC_BASIN,173.38,-19.936,,1991
2.53,7.78,16.0,49.8,0.1,0.34,12.34,1.53,0.14,,6.0,237.0,294.0,46.0,118.0,70.0,184.0,,,,,,,,,,,,,,,,,,,,BACK-ARC_BASIN,173.535,-16.308,,1991
2.71,8.29,16.24,49.1,0.16,0.51,11.67,1.22,0.16,,5.0,254.0,306.0,,146.0,30.0,136.0,33.0,96.0,9.0,,,,,,,,,,,,,,,,,BACK-ARC_BASIN,144.616,13.614,,1985
2.49,7.33,16.6,51.22,0.13,0.24,12.12,0.96,,7.53,3.81,252.0,259.0,36.7,119.0,58.3,187.0,24.3,64.2,2.19,4.1,10.7,1.71,8.28,2.56,0.98,3.3,0.6,3.73,0.81,2.31,2.23,0.35,1.73,0.159,0.492,BACK-ARC_BASIN,143.44,20.97,,1998; 2000; 2005
2.75,6.54,17.1,50.0,0.2,0.19,12.22,1.37,0.15,8.06,2.0,,273.0,,69.0,52.0,167.0,32.0,123.0,6.0,5.0,17.0,,,,,,,,,,,,,,1.0,BACK-ARC_BASIN,137.684,28.638,,1980
3.03,7.53,17.03,50.99,0.13,0.24,11.05,1.03,0.17,7.81,4.32,275.0,275.0,,147.0,53.0,188.0,25.0,76.0,6.0,,,,8.84,2.87,,,,,,,,,,,,BACK-ARC_BASIN,144.702,15.865,,1985; 1987
2.65,5.8,13.2,49.7,0.34,0.41,10.39,3.6,0.19,11.07,5.0,,131.0,,74.0,128.0,374.0,34.0,198.0,17.0,20.0,43.0,,,,2.5,,0.95,,,,,,4.9,,0.0,BACK-ARC_BASIN,132.775,24.701,,1980; 1981
2.8,7.93,15.9,50.2,0.13,0.22,11.11,1.26,0.1,7.79,2.0,,232.0,,157.0,35.0,179.0,27.0,91.0,4.0,2.0,11.0,,,,,,,,,,,,,,0.0,BACK-ARC_BASIN,136.057,28.984,,1980
2.23,8.38,14.92,49.58,0.08,0.04,12.58,0.96,0.17,,0.0,269.0,272.0,55.0,118.0,4.0,72.0,21.0,50.0,0.9,,,,,,,,,,,,,,,,,BACK-ARC_BASIN,149.57,-3.523,,2003
2.98,7.58,16.2,48.1,0.17,0.3,11.6,1.75,0.23,11.1,,318.0,237.0,52.0,87.8,,214.0,28.1,101.7,5.33,5.55,14.98,2.4,12.6,3.8,1.38,4.64,0.726,4.79,0.982,2.91,3.12,0.378,2.64,0.315,0.48,BACK-ARC_BASIN,-175.008,-14.835,,2012
2.37,5.43,18.78,50.51,0.22,0.61,10.17,0.92,0.2,9.7,9.3,267.0,32.0,27.0,42.0,165.3,444.0,17.1,34.7,0.88,3.72,9.11,1.44,7.2,2.1,0.89,2.36,0.42,2.56,0.55,1.62,1.61,0.27,1.05,0.084,0.259,BACK-ARC_BASIN,-178.8,-21.5,,2007
1.97449826725937,8.7320662598082,16.1554653357813,48.6367573913069,0.114077170418006,0.101732946793997,13.0570873050865,1.09915984000279,0.156981052313731,9.61804900830306,2.81856924145089,282.68464254032,359.983778826966,50.6372940430753,137.76127516715,32.329530086629,143.253868278394,23.3210135135667,65.2762274871934,4.23653305864884,3.94282820854972,10.0693189078707,1.59293356244034,8.24386561852517,2.61896321839966,0.984383978976304,3.50788146178452,0.576815480508936,3.90434142994558,0.800817917568851,2.40858422626907,2.4616088395894,0.334943240212151,1.71949794779233,0.231513876869787,0.353984617235498,BACK-ARC_BASIN,-177.58,-16.04,,2012
2.74,7.65,16.3,49.6,0.15,0.08,11.74,1.29,0.15,,,,253.0,,117.0,26.0,160.0,31.0,94.0,3.0,6.0,14.0,,,,,,,,,,,,,,,BACK-ARC_BASIN,137.441,29.3275,,1980
2.55,7.84,16.3,49.3,0.19,0.34,11.88,1.38,0.16,,6.0,270.0,295.0,40.0,104.0,66.0,176.0,28.0,95.0,8.7,7.35,16.99,2.6,13.0,3.05,0.95,2.94,0.63,4.5,0.82,2.6,2.6,0.38,2.36,0.97,,BACK-ARC_BASIN,173.545,-16.305,,1994; 1994
2.59,7.78,16.1,49.3,0.12,0.26,10.97,1.14,0.14,,11.0,,300.0,,137.0,35.0,167.0,24.0,78.0,4.0,5.0,14.0,,,,,,,,,,,,,,1.0,BACK-ARC_BASIN,136.057,28.9833,,1980
3.4,6.62,16.07,50.81,0.2,0.55,10.38,1.54,0.16,,2.0,281.0,236.0,,121.0,39.0,181.0,41.0,122.0,11.0,,,,,,,,,,,,,,,,,BACK-ARC_BASIN,144.778,17.953,,1985
3.05,5.77,17.57,50.36,0.27,0.34,10.7,1.3,,8.77,6.1,,,,47.0,20.0,262.0,25.0,77.0,1.4,6.5,,,,,,,,,,,,,,,,BACK-ARC_BASIN,139.87,30.916,,1992
2.28,7.16,13.71,50.6,0.09,0.05,11.63,1.18,0.2,,0.5,363.0,98.0,,67.0,18.0,72.0,29.0,63.0,1.2,1.65,5.5,,,2.6,0.97,3.6,,,1.1,,3.2,0.51,1.3,,2.0,BACK-ARC_BASIN,150.455,-3.065,,2003
2.44,8.18,14.66,51.7,0.5,1.19,9.69,1.12,0.14,,15.0,338.0,62.0,,54.0,211.0,283.0,39.1,89.0,22.0,20.0,30.6,4.87,18.6,5.06,1.55,4.88,0.8,4.57,1.08,2.71,2.53,0.5,2.14,,2.03,BACK-ARC_BASIN,121.295,8.7853,,1991
3.01714545454545,7.31507272727273,15.5001545454545,48.7511363636364,0.130718181818182,0.181963636363636,12.0300272727273,1.76078181818182,0.207145454545455,11.0521636363636,3.15414492602442,304.52148469635,249.215691468503,45.9905592817445,86.5559471285753,31.3861777483227,197.586513627762,29.3171949651288,117.359841843358,3.39747381059075,4.24764043052635,13.1695160809705,2.23005006004627,11.530760513308,3.50309265299939,1.37012170165295,4.82805691898497,0.821929190624395,5.43009074707305,1.0953454381075,3.0544899509807,2.88076654302271,0.435457843923244,2.80973524486452,0.228860860043082,0.268789404994416,BACK-ARC_BASIN,-176.41,-15.11,,2012
2.63,5.52,14.1,47.1,0.45,0.51,9.83,4.12,0.17,12.43,6.0,,53.0,,40.0,151.0,424.0,38.0,290.0,34.0,32.0,70.0,,,,,,,,,,,,,,4.0,BACK-ARC_BASIN,132.775,24.701,,1980
1.95,6.37,17.08,52.71,0.14,0.3,12.4,0.61,0.07,8.36,4.28,,,,,47.8,151.0,14.5,25.9,0.34,1.89,5.22,0.86,4.59,1.7,0.61,2.09,0.3,2.37,0.47,1.32,1.37,0.2,0.84,0.45,0.18,BACK-ARC_BASIN,-176.775,-20.709,,1994
2.12,7.47,16.93,50.74,0.15,0.49,13.18,0.68,,7.0,9.3,214.0,218.0,33.6,82.0,150.0,365.0,15.7,51.1,3.05,9.76,19.03,2.48,10.61,2.59,0.9,2.73,0.43,2.57,0.51,1.44,1.38,0.21,1.26,0.178,1.499,BACK-ARC_BASIN,143.36,21.31,,2003; 2005
2.43,9.01,18.05,48.42,0.29,0.78,11.07,2.0,0.14,6.8,18.0,180.0,56.0,36.0,150.0,232.0,160.0,,,,,,,,,,,,,,,,,,,,BACK-ARC_BASIN,173.918,-16.98,,1991
3.83,6.4,17.08,50.06,0.17,0.32,10.71,1.47,0.16,8.69,4.6,269.0,129.0,,54.0,71.0,297.0,31.0,124.0,3.7,5.81,16.05,2.51,12.84,3.75,1.35,4.51,0.82,5.17,1.11,3.11,2.93,0.46,3.1,0.26,0.52,BACK-ARC_BASIN,-59.0,-62.6,QUATERNARY,2002
1.94,9.16,16.38,50.04,0.06,0.05,13.16,0.75,0.16,8.56,1.1,209.0,430.0,,133.0,16.0,59.0,19.0,24.0,,1.14,2.23,,3.38,1.63,0.55,2.64,,3.23,,2.14,1.98,0.32,,,,BACK-ARC_BASIN,177.411,-16.4007,,1990
2.61,5.95,14.85,51.76,0.12,0.26,11.05,1.08,0.18,,2.5,343.0,63.0,,52.0,36.0,165.0,24.0,61.0,1.2,,,,,,,,,,,,,,,,,BACK-ARC_BASIN,150.128,-3.24833,,2003
2.9,9.05,16.1,49.28,0.11,0.17,10.79,1.25,0.14,7.91,3.0,204.0,320.0,36.0,170.0,46.0,247.0,28.3,125.0,3.8,5.31,14.6,1.99,10.8,3.35,1.3,3.95,0.74,4.76,1.01,3.03,2.76,0.412,2.5,0.17,0.34,BACK-ARC_BASIN,143.931,20.289,,2016
2.98,7.77,14.9,48.0,0.23,0.32,10.47,2.03,0.19,10.84,6.0,365.0,294.0,,152.0,24.0,165.0,42.0,142.0,3.0,,7.0,,,,,,,,,,,,,,,BACK-ARC_BASIN,-178.495,-15.658,,1993
4.48,5.16,16.86,52.56,0.21,0.44,9.72,1.84,0.18,9.35,9.55,310.3,,,40.4,101.6,197.4,34.3,124.8,3.44,6.6,18.35,2.97,13.7,4.45,1.62,5.19,0.84,5.69,,3.53,3.29,0.519,3.11,0.227,0.571,BACK-ARC_BASIN,177.36,-36.225,,1996; 2006; 2011
2.68,6.76,16.63,50.79,0.2,0.4,10.68,1.13,,10.06,7.1,321.0,186.0,,61.0,48.0,256.0,24.0,69.0,1.9,,12.6,,10.0,2.9,1.1,3.6,,3.8,,2.3,2.2,,,,,BACK-ARC_BASIN,139.73,30.906,,1990
3.17,7.17,15.61,50.95,0.22,0.64,10.62,1.35,0.16,,5.0,254.0,273.0,,99.0,42.21,196.0,35.0,130.0,,,,,,,,,,,,,,,,,,BACK-ARC_BASIN,144.787,17.947,,1985
3.05,7.89,17.08,48.5,0.4,1.01,10.35,2.25,0.14,,21.0,209.0,177.0,34.0,128.0,246.0,320.0,27.5,163.0,30.0,21.4,,,23.4,,1.63,,,5.0,,2.4,2.15,,,,,BACK-ARC_BASIN,173.92,-17.0,,1994
2.89,7.59,14.43,50.6,0.1,0.15,12.03,1.37,0.18,,4.0,249.0,210.0,43.0,57.0,35.0,140.0,31.5,78.0,3.6,4.7,,,10.0,,0.93,,,5.1,,2.7,2.93,,,,,BACK-ARC_BASIN,173.92,-17.0,,1994
2.68,6.34,13.6,47.5,0.48,0.81,9.79,4.18,0.25,,9.0,,124.0,,77.0,206.0,396.0,42.0,296.0,34.0,31.0,68.0,,,,,,,,,,,,,,3.0,BACK-ARC_BASIN,132.775,24.7007,,1980
2.03,8.13,16.61,49.53,0.08,0.15,12.89,0.82,0.16,8.03,1.94,,353.0,,102.0,23.1,101.0,18.1,55.4,1.25,1.64,4.89,0.82,5.39,2.01,0.74,,0.43,3.06,0.69,1.98,1.92,0.29,1.51,,0.11,BACK-ARC_BASIN,-174.852,-15.8617,,2012; 2011
2.5,6.4,13.9,51.6,0.11,0.07,11.2,1.4,0.2,,,,51.0,,,7.8,60.0,31.4,23.0,1.0,1.7,5.9,,6.5,2.4,2.2,2.9,,4.2,,3.0,2.5,,1.5,,0.09,BACK-ARC_BASIN,150.563,-3.07667,,2012
2.95,9.32,15.51,49.4,0.2,0.38,10.39,1.81,0.17,,7.0,256.0,286.0,43.0,190.0,60.0,240.0,,,,,,,,,,,,,,,,,,,,BACK-ARC_BASIN,174.147,-21.031,,1991
2.82,7.17,15.8,49.8,0.14,0.33,11.6,1.22,0.12,,6.0,,245.0,,77.0,30.0,182.0,26.0,89.0,3.0,3.0,13.0,,,,,,,,,,,,,,,BACK-ARC_BASIN,136.057,28.9833,,1980
2.21,8.63,16.44,49.88,0.08,0.23,12.57,0.55,0.14,,2.0,218.0,286.0,44.0,133.0,42.0,259.0,12.0,25.0,0.5,1.8,4.4,,,1.47,0.58,1.8,,,,,1.53,0.23,0.6,,3.0,BACK-ARC_BASIN,150.43,-3.859,,2003
2.6943,5.98402,13.22728,50.12036,0.1853,0.13558,10.8349,1.98254,0.2687,14.2763,3.58637117083279,500.475133610575,56.0242845544542,48.3787210810455,47.526571650049,33.3925817482293,75.2108963484364,49.7649461935871,87.8740032756189,5.1466086887953,4.33817210594905,12.6949760832284,2.17422311115877,11.4391437324319,4.11912276771852,1.49091947517081,6.22215512334261,1.22237052098238,7.35052705127512,1.62952885191061,5.16466605265599,4.87879916418613,0.754204463502342,3.23157978573381,0.310365921318377,0.372946265782939,BACK-ARC_BASIN,-177.42,-15.91,,2012
2.86,6.67,16.22,51.5,0.16,0.2,11.25,1.35,,8.51,3.0,278.0,,,97.0,35.1,161.0,28.0,98.0,,,11.5,,10.3,3.38,1.25,4.49,,5.22,,3.27,3.09,0.45,,,,BACK-ARC_BASIN,144.7,18.01,,1987
1.42,7.38,15.36,49.46,0.07,0.19,12.45,0.56,0.19,9.26,,227.0,128.0,34.0,42.0,,172.0,,36.0,,,,,,,,,,,,,,,,,,BACK-ARC_BASIN,-176.635,-22.29,,1990
1.9,7.32,15.83,51.14,0.075,0.1,12.36,0.8,0.17,8.6,1.31,273.0,265.0,38.9,79.0,14.9,120.0,21.1,41.6,0.55,1.38,4.63,0.85,4.95,1.77,0.69,0.49,2.72,3.35,0.74,2.15,2.18,0.35,1.19,0.045,0.064,BACK-ARC_BASIN,-176.132,-20.07,,2009
2.15,8.19,15.12,51.05,0.06,0.19,13.2,1.02,0.15,,3.1,262.0,,,,25.6,140.0,24.3,66.5,2.1,3.5,10.0,1.6,8.6,2.7,1.0,3.7,,4.4,,2.8,2.8,0.4,1.8,0.14,0.23,BACK-ARC_BASIN,-174.817,-15.6092,,1993; 2009; 2003
2.58,9.96,16.02,50.79,0.19,0.66,10.81,0.88,0.15,,14.0,218.0,510.0,42.0,250.0,123.0,299.0,19.4,68.0,4.1,10.3,20.9,2.5,11.2,3.14,1.13,3.2,0.57,3.61,0.75,2.18,1.98,0.3,1.9,0.27,1.11,BACK-ARC_BASIN,143.214,21.6033,,2016
3.16,7.79,15.71,49.66,0.12,0.11,11.54,1.3,0.16,8.69,4.0,232.0,280.0,41.0,120.0,41.0,161.5,28.8,93.36,1.8,3.72,11.4,1.72,10.0,3.35,1.32,4.04,0.78,5.11,1.1,3.25,2.96,0.428,2.4,0.1,0.15,BACK-ARC_BASIN,143.97,14.17,,2005; 2016
3.8,5.23,18.46,49.59,0.23,1.44,7.6,1.01,0.16,,10.2,444.0,11.9,,10.0,183.0,619.0,16.6,56.1,1.28,6.2,15.7,2.41,11.3,2.87,1.04,2.91,0.506,2.82,0.593,1.61,1.59,0.236,1.62,0.087,0.563,BACK-ARC_BASIN,133.208,25.5262,,2013
2.56,7.33,16.1,48.2,0.19,0.6,11.5,1.35,0.17,,7.3,256.0,203.0,,80.0,20.0,165.0,28.2,82.0,3.24,4.64,12.1,1.86,9.65,3.42,1.21,4.31,0.78,5.23,1.09,2.95,2.64,0.41,2.28,0.39,0.3,BACK-ARC_BASIN,177.899,-25.5965,,2007
2.96,6.12,16.44,49.19,0.27,0.83,10.95,2.07,0.07,8.78,20.2,,,,,234.6,270.7,34.3,168.4,28.7,21.4,41.7,4.93,21.2,5.56,1.81,5.65,0.94,5.6,1.12,2.98,2.49,0.38,3.94,1.9,2.7,BACK-ARC_BASIN,171.973,-13.518,,1993; 2014
2.28,5.35,16.76,49.08,0.28,0.16,12.84,1.59,0.31,,3.0,344.0,353.0,,171.0,13.0,123.0,36.0,92.0,2.0,,,,,,,,,,,,,,,,,BACK-ARC_BASIN,123.504,4.7917,,1991
2.95,6.64,16.65,51.58,0.16,0.52,10.91,1.39,0.16,,3.8,237.0,221.0,34.9,85.1,36.5,215.0,23.2,89.2,3.14,5.37,13.8,2.18,11.0,3.4,1.25,3.58,0.73,4.6,0.99,2.84,2.78,0.43,2.42,0.24,0.36,BACK-ARC_BASIN,144.717,18.257,,2019
2.59176,7.2143,15.76036,49.94408,0.18118,0.4065,12.09322,1.55524,0.17512,9.54398,10.9011927684074,272.919879439078,248.867897888342,38.2486881596754,92.0789532747075,103.212615788079,195.9057822131,27.1112047365175,112.258194322403,9.9090094795917,9.4415893538687,20.3882694873542,2.8760307702379,13.5399125970908,3.7340924464552,1.26535919001812,4.73072613262225,0.775341832535225,4.98924191460349,0.999355638598316,2.7662042547109,2.80987557719144,0.430511907249794,2.76886337599336,0.613913040827562,1.12032792485393,BACK-ARC_BASIN,-175.98,-14.7,,2012
3.24,6.05,15.8,50.7,0.18,0.32,11.41,1.65,0.15,,5.0,,58.0,,59.0,42.0,173.0,36.0,123.0,5.0,3.0,17.0,,,,,,,,,,,,,,,BACK-ARC_BASIN,136.057,28.9833,,1980
1.65872177270319,7.19499743900401,15.9253178506249,51.2546760149583,0.176089946746166,0.827130117952887,12.7029887827506,0.595876105486738,0.155459812744175,7.91155992691903,17.7971187004916,253.376336708761,434.669754455931,40.4171755866806,141.143845358723,59.5,190.376407941426,15.7772948451465,26.5008191738776,0.676718708780498,3.74260994447919,9.75983589456878,1.63069277188969,8.33453374444254,2.230302988006,0.712789109000761,2.47146665615325,0.404799306584161,2.58046861115136,0.55332600735875,1.58659480685755,1.61273948157236,0.250271827234113,0.767487811611101,0.0523032167695025,0.420419384709568,BACK-ARC_BASIN,-174.587,-17.398,,2012
2.61,5.97,15.34,52.81,0.09,0.25,10.46,0.88,0.17,,3.5,298.0,54.0,,51.0,34.0,106.0,21.0,52.0,1.1,,,,,,,,,,,,,,,,,BACK-ARC_BASIN,151.158,-3.752,,2003
3.23,4.54,15.68,50.66,0.16,0.15,9.32,0.98,0.24,,,358.0,26.0,,20.0,79.0,248.0,25.0,64.0,,3.0,,,,,,,,,,,,,,,,BACK-ARC_BASIN,-175.298,-23.3457,,1994
1.89,9.43,16.49,48.52,0.05,0.04,13.93,0.76,0.14,8.53,0.0,267.0,280.0,,114.0,13.0,228.0,17.0,46.0,1.0,,6.0,,,,,,,,,,,,,,,BACK-ARC_BASIN,-176.5,-20.1416,,1994; 1992
1.96,7.68,16.11,48.94,0.06,0.15,14.85,0.79,0.12,8.27,3.0,230.0,318.0,,139.0,14.0,288.0,18.0,53.0,1.0,,4.0,,,,,,,,,,,,,,,BACK-ARC_BASIN,-176.5,-20.1418,,1994; 1992
2.43,6.83,14.38,49.36,0.18,0.3,11.76,1.68,0.23,,5.0,356.0,235.0,,63.0,23.0,87.0,40.0,95.0,4.0,3.6,11.2,1.77,10.9,3.29,1.33,5.11,,6.58,,4.4,4.2,,,,,BACK-ARC_BASIN,173.587,-16.185,,1990
2.76,8.07,15.9,49.8,0.35,0.77,10.69,1.87,0.16,,17.0,202.0,215.0,31.0,157.0,199.0,260.0,27.4,137.0,22.5,18.2,,,20.2,,1.46,,,4.9,,2.6,2.22,,,,,BACK-ARC_BASIN,173.922,-16.972,,1991; 1994
2.9,6.73,16.7,49.8,0.13,0.27,11.0,1.24,0.15,,3.89,205.0,270.0,40.6,97.4,26.6,181.0,25.5,85.6,5.26,3.9,11.3,1.7,9.1,3.02,1.12,3.57,0.64,4.6,1.0,2.65,2.48,0.354,2.27,0.32,0.35,BACK-ARC_BASIN,115.047,12.9196,,2018
2.52,6.46,13.44,50.5,0.12,0.06,10.9,1.43,0.21,,0.5,398.0,90.0,53.0,57.0,10.0,77.0,30.0,76.0,1.4,,,,,,,,,,,,,,,,,BACK-ARC_BASIN,149.797,-3.608,,2003
2.64,8.88,15.5,49.4,0.13,0.11,10.34,1.16,0.15,8.56,2.0,,255.0,,100.0,29.0,159.0,28.0,84.0,1.0,3.2,13.0,,,,1.13,,0.67,,,,,,2.19,,0.0,BACK-ARC_BASIN,136.057,28.984,,1980; 1981
2.33,9.07,16.21,48.08,0.14,0.01,13.78,0.72,0.14,8.13,2.0,157.0,,,120.0,19.0,319.0,20.0,44.0,2.0,,,,,,,,,,,,,,,,,BACK-ARC_BASIN,-176.5,-20.142,,1977
2.41,7.87,15.04,49.85,0.07,0.04,12.02,1.14,0.18,10.46,1.8,341.3,277.2,,103.0,12.0,85.8,32.8,63.4,0.8,,,,,,,,,,,,,,2.58,,0.16,BACK-ARC_BASIN,-176.443,-18.607,,1992; 1993; 2001; 2002
2.16,7.79,16.05,51.31,0.08,0.23,12.79,0.59,0.14,,2.64,243.0,360.0,35.3,111.0,37.8,163.0,17.8,28.0,0.337,1.57,4.13,0.728,3.77,1.4,0.542,2.01,0.359,2.46,0.555,1.65,1.58,0.241,0.812,0.022,0.12,BACK-ARC_BASIN,150.693,-3.813,,2003; 2010
2.36,7.46,15.35,50.2,0.1,0.21,11.57,1.49,0.26,,4.3,240.0,269.0,42.0,70.0,50.0,127.0,,,,,,,,,,,,,,,,,,,,BACK-ARC_BASIN,174.177,-21.175,,1991
2.65,8.5,17.04,50.27,0.1,0.12,11.66,1.1,0.15,,1.0,,148.0,,90.0,50.0,183.0,23.0,84.0,1.0,,6.0,,,,,,,,,,,,,,,BACK-ARC_BASIN,-177.862,-18.568,,1994
2.42,7.3,16.87,49.1,0.1,0.13,12.11,0.93,0.34,,3.5,167.0,315.0,48.0,101.0,34.0,157.0,,,,,,,,,,,,,,,,,,,,BACK-ARC_BASIN,173.758,-17.5693,,1991
2.72,7.28,14.8,49.5,0.18,0.33,11.67,1.7,0.13,,5.0,,228.0,,103.0,36.0,171.0,39.0,122.0,7.0,5.0,18.0,,,,,,,,,,,,,,1.0,BACK-ARC_BASIN,137.441,29.3275,,1980
2.31,6.46,17.3,48.47,0.2,0.23,12.48,1.0,0.17,,,335.0,0.0,,41.0,24.0,257.0,22.0,56.0,,,10.2,,8.3,2.4,1.0,3.0,,3.4,,2.1,2.0,,,,,BACK-ARC_BASIN,139.767,30.897,,1990
2.89,7.6,16.09,49.3,0.11,0.4,10.98,1.06,0.13,,4.0,244.0,274.0,,138.0,38.81,186.0,27.0,74.0,7.0,,,,,,,,,,,,,,,,,BACK-ARC_BASIN,144.702,15.865,,1985
2.75,7.27,14.7,49.1,0.25,0.641,8.9,2.02,0.23,10.35,7.28,,,36.4,33.0,106.0,251.0,37.1,168.0,5.88,10.0,24.9,3.66,17.9,5.14,181.0,6.42,1.09,6.86,1.45,4.22,3.87,0.574,4.14,0.375,0.712,BACK-ARC_BASIN,134.536,38.616,MIOCENE,2015
2.33,7.41,17.47,49.06,0.1,0.36,12.41,1.29,0.15,,9.0,227.0,322.0,68.0,162.0,55.0,108.0,29.0,80.0,3.0,,,,,,,,,,,,,,,,,BACK-ARC_BASIN,123.669,5.1448,,1991
2.26,6.8,16.46,52.29,0.08,0.32,11.61,0.52,0.14,,3.5,237.0,101.0,,65.0,62.0,181.0,12.0,31.0,0.8,,,,,,,,,,,,,,,,,BACK-ARC_BASIN,151.463,-3.705,,2003
2.51,6.46,14.8,49.4,0.17,0.47,12.28,1.71,0.18,,6.0,,222.0,,90.0,49.0,159.0,41.0,123.0,5.0,6.0,11.0,,,,,,,,,,,,,,1.0,BACK-ARC_BASIN,137.441,29.3275,,1980
2.81,7.84,17.4,50.51,0.11,0.21,11.82,1.09,0.15,7.61,,205.0,,33.0,129.0,62.0,187.0,24.0,85.0,1.0,6.09,,,10.0,2.89,,,,,,,,,,0.185,0.31,BACK-ARC_BASIN,144.83,18.2,,1990
3.26,5.92,17.74,49.25,0.14,0.45,11.23,1.66,0.11,,3.71,,153.0,35.0,51.0,34.6,191.0,,,,9.0,25.1,,,4.8,1.46,,,,,,3.6,0.62,,,,BACK-ARC_BASIN,144.842,17.168,,1972
2.98,5.13,14.58,52.28,0.22,0.46,9.01,1.24,0.19,,10.5,410.0,49.0,,17.0,300.0,255.0,30.0,88.0,2.0,,,,,,,,,,,,,,,,,BACK-ARC_BASIN,149.015,-3.528,,2003
2.53,7.85,14.51,50.0,0.1,0.08,12.06,1.54,0.18,,2.0,285.0,277.0,44.0,90.0,20.0,112.0,36.0,88.0,1.7,1.8,,,9.5,,1.15,,,5.9,,3.8,3.55,,,,,BACK-ARC_BASIN,173.372,-19.958,,1991; 1994
2.098,9.027,15.28,49.866,0.05,0.018,13.077,0.885,0.176,9.307,0.4005,267.184,390.544,45.724,104.281,3.5756,73.083,23.838,44.041,0.602,1.222,4.307,0.836,4.775,1.884,0.744,2.976,0.556,3.852,0.859,2.431,2.525,0.386,1.313,0.05,0.052,BACK-ARC_BASIN,-176.15,-20.3495,,2013
3.56,6.61,16.67,50.49,0.2,0.62,8.97,1.31,0.14,,8.73,245.0,193.0,,,37.2,203.0,33.0,135.0,1.85,4.96,15.4,2.31,12.0,3.59,1.32,4.35,0.84,5.21,1.13,3.28,3.08,0.47,2.79,0.17,0.32,BACK-ARC_BASIN,138.078,25.701,17.6,2009
3.64,6.28,16.56,51.11,0.24,0.39,9.81,1.73,0.16,,3.0,450.0,260.0,34.0,100.0,120.0,250.0,26.0,140.0,2.5,13.0,29.0,,16.0,4.4,1.4,4.2,,4.1,0.83,2.8,2.4,,4.5,,,BACK-ARC_BASIN,151.817,-9.905,,1997
2.53588,6.38168,14.72416,50.57132,0.26054,0.5215,11.68856,1.6247,0.19988,10.81344,17.5810024489741,359.626162596794,58.9346781360179,43.6823503468708,49.4179569432199,169.901098253763,157.639458080834,33.6276328737371,87.6624973012319,24.4809760543603,13.9460736820822,29.702835360476,3.59338033791428,15.6413984265896,3.86757027070557,1.32311569493513,4.71987454438226,0.896983048100154,5.12294945761314,1.10574060386002,3.46500922475577,3.24585752618632,0.492516894616527,2.79401199259274,1.36140861069626,1.75620734266295,BACK-ARC_BASIN,-177.48,-15.96,,2012
2.03,7.02,17.48,50.18,0.12,0.71,13.2,0.54,0.15,7.32,18.0,194.0,,,77.0,46.0,341.0,16.0,48.0,3.0,,,,,,,,,,,,,,,,,BACK-ARC_BASIN,144.7,18.3,,1990
2.78,5.76,16.4,50.0,0.18,0.16,12.73,1.6,0.25,,1.0,,224.0,,54.0,35.0,161.0,37.0,120.0,5.0,5.0,16.0,,,,,,,,,,,,,,,BACK-ARC_BASIN,137.441,29.3275,,1980
2.82,7.67,16.96,51.27,0.16,0.52,10.66,1.24,0.15,,5.41,235.0,264.0,32.8,118.0,39.4,197.0,25.1,87.6,2.97,5.37,13.7,2.13,11.2,3.41,1.24,3.76982604,0.73,4.73,0.99,2.9,2.91,0.42,2.59,0.26,0.39,BACK-ARC_BASIN,144.693,18.232,,2019
1.79,6.48,15.75,51.2,0.13,0.51,11.82,0.84,0.15,,7.5,316.0,67.0,41.4,43.1,105.0,239.0,18.4,32.4,0.45,3.48,8.95,1.43,7.19,2.29,0.83,2.74,0.48,3.0,0.65,1.76,1.78,0.28,1.08,0.033,0.4,BACK-ARC_BASIN,-176.69,-22.88,,2009
3.21,5.59,16.26,52.36,0.24,0.69,10.07,1.19,0.15,8.44,15.4,258.0,79.0,27.0,43.0,228.0,281.0,27.5,92.0,6.94,8.36,20.69,2.9,13.51,3.73,1.27,4.12,0.73,4.55,0.94,2.68,2.64,0.41,2.38,0.43,1.15,BACK-ARC_BASIN,-30.3252,-56.1005,,2000
2.55,9.25,15.77,49.03,0.16,0.59,10.79,0.98,,,9.2,,,,,101.0,318.0,,,,8.46,17.4,,11.5,3.11,1.18,3.53,,3.91,,2.34,2.29,,,,,BACK-ARC_BASIN,143.173,21.7,,1990
2.96,7.01,13.52,50.16,0.12,0.08,11.36,1.53,0.23,12.94,,354.0,248.0,52.0,53.0,,108.0,,65.0,,,,,,,,,,,,,,,,,,BACK-ARC_BASIN,-176.125,-18.625,,1990
3.0,8.58,15.83,49.88,0.27,0.66,10.44,1.75,0.18,,13.0,366.0,315.0,,153.0,128.0,242.0,28.0,121.0,17.0,10.3,23.9,3.15,15.0,3.47,1.23,4.36,,5.01,,3.07,2.67,,,,2.0,BACK-ARC_BASIN,173.588,-16.358,,1990
3.56,6.69,17.15,51.9,0.18,0.33,10.53,1.41,,7.82,4.14,233.0,223.0,36.3,147.0,45.0,239.0,30.1,113.1,5.66,5.89,16.1,2.42,11.6,3.42,1.32,4.4,0.78,4.83,1.04,3.05,2.9,0.44,2.61,0.361,0.537,BACK-ARC_BASIN,144.4,19.73,,1998; 2005
2.94,7.25,17.09,48.53,0.12,0.38,11.42,0.96,0.12,,5.0,244.0,262.0,,94.0,39.0,186.0,29.0,64.0,,,,,,,,,,,,,,,,,,BACK-ARC_BASIN,144.702,15.865,,1985
2.16,10.88,14.93,50.65,0.23,0.96,10.8,0.8,0.15,,16.0,223.0,622.0,,218.0,233.0,399.0,18.0,76.0,3.8,18.0,35.0,,,,,,,,,,,,,,,BACK-ARC_BASIN,143.6,21.47,,1997
2.59,6.57,15.66,52.12,0.1,0.21,11.23,1.04,0.15,10.33,3.37,,,,,36.8,138.0,23.3,39.0,0.56,1.81,5.3,0.86,5.54,2.01,0.83,3.1,0.48,3.67,0.74,2.31,2.22,0.37,1.26,0.28,0.13,BACK-ARC_BASIN,-177.303,-18.501,,1994; 2007
2.48,8.6,16.92,48.4,0.14,0.09,12.38,1.42,0.16,9.65,1.89,249.0,241.0,43.1,119.0,18.2,171.0,25.0,80.1,2.19,2.98,8.59,1.55,8.32,2.78,1.05,3.83,0.65,4.31,0.923,2.51,2.43,0.372,2.03,0.154,0.192,BACK-ARC_BASIN,-175.975,-14.826,,2012
1.91325809670689,9.83014705027608,17.3642471102376,48.7053512363989,0.0360192926045016,0.0186630286493861,12.6629664106115,0.779040226371592,0.152696308598173,9.16352968891424,0.209635787552511,222.040597485485,387.587524245038,54.8178381805605,209.339082946088,2.95173350691247,77.0377408340754,17.9423957004348,30.3620383165445,0.410222916991444,0.802052953585644,2.95084694713584,0.619470520729865,3.97977323146582,1.69129588849608,0.699202128828109,2.59073878608065,0.46846531918897,3.17557090725919,0.692662747293417,2.08264566398743,1.98202755084017,0.275712117366009,1.01921228905763,0.0257517576148008,0.0302256100036543,BACK-ARC_BASIN,-176.45,-18.26,,2012
3.24,6.41,15.67,50.59,0.13,0.21,10.45,1.74,0.17,9.32,3.0,278.0,220.0,39.0,110.0,33.0,208.0,36.0,119.0,4.3,5.74,16.3,2.35,12.9,4.15,1.58,4.94,0.92,6.09,1.31,3.91,3.55,0.531,3.2,0.25,0.29,BACK-ARC_BASIN,144.1,14.583,,2016
1.879,7.217,15.602,51.181,0.083,0.158,11.87,0.846,0.17,9.471,2.6461,281.419,138.735,38.708,61.0839,36.7657,105.462,19.142,36.933,0.65,1.506,4.639,0.824,4.666,1.647,0.644,2.473,0.447,3.048,0.677,1.949,1.974,0.31,1.055,0.05,0.104,BACK-ARC_BASIN,-176.169,-20.6336,,2013
2.73,6.97,15.6,49.8,0.15,0.26,12.88,1.16,0.13,,7.0,,277.0,,71.0,37.0,152.0,27.0,86.0,2.0,3.0,8.0,,,,,,,,,,,,,,,BACK-ARC_BASIN,136.057,28.9833,,1980
2.63,7.46,17.32,49.94,0.17,0.33,11.21,1.01,0.18,9.01,,290.0,196.0,,82.0,35.0,249.0,22.0,68.0,,,,,,,,,,,,,,,,,,BACK-ARC_BASIN,139.79,31.315,,1990
2.82,7.96,17.99,49.61,0.13,0.09,12.15,1.24,0.13,7.78,1.5,203.0,274.0,43.0,96.0,9.0,159.0,27.1,101.0,,,,,,,,,,,,,,,,,,BACK-ARC_BASIN,-177.856,-18.5675,,1994
1.15,9.72,14.33,51.64,0.04,0.22,13.64,0.57,0.17,,3.0,,445.0,,92.0,44.0,117.0,15.0,27.0,1.0,,6.0,,,,,,,,,,,,,,,BACK-ARC_BASIN,-176.775,-20.709,,1994
2.95,6.52,16.75,51.43,0.19,0.36,11.3,1.12,0.12,7.56,5.0,244.0,,,88.0,48.0,199.0,29.0,88.0,3.0,,,,,,,,,,,,,,,,,BACK-ARC_BASIN,144.83,18.2,,1990
3.62,7.7,16.4,47.2,0.34,1.9,8.43,1.41,0.16,7.64,17.0,,246.0,,180.0,146.0,295.0,27.0,146.0,24.0,15.0,30.0,,,,,,,,,,,,,,3.0,BACK-ARC_BASIN,137.684,28.638,,1980
2.49,9.89,15.08,48.55,0.21,0.38,11.25,1.2,0.16,,8.0,250.0,325.0,42.0,215.0,96.0,196.0,23.0,88.0,9.4,8.3,,,12.0,,1.05,,,3.8,,2.1,2.13,,,,,BACK-ARC_BASIN,173.592,-16.442,,1994
3.12,7.39,16.87,50.43,0.11,0.27,11.3,1.16,,8.05,3.4,229.0,258.0,37.4,117.0,39.0,202.0,26.2,83.9,3.59,4.32,11.28,1.82,9.26,2.95,1.07,3.56,0.65,4.19,0.87,2.5,2.43,0.37,2.17,0.267,0.358,BACK-ARC_BASIN,144.8,16.0802,,2003; 2005
2.72,6.85,14.9,51.2,0.17,0.52,10.2,1.49,0.16,,8.74,260.0,242.0,41.4,111.0,61.5,176.0,31.3,111.0,9.02,7.21,17.4,2.56,12.8,3.96,1.39,4.72,0.81,5.48,1.2,3.2,3.02,0.44,2.83,0.56,0.78,BACK-ARC_BASIN,114.923,13.2072,,2018
2.51,6.46,14.8,49.4,0.17,0.47,12.28,1.71,0.18,10.2,6.0,,222.0,,90.0,49.0,159.0,41.0,123.0,5.0,6.0,11.0,,,,,,,,,,,,,,1.0,BACK-ARC_BASIN,137.44,29.328,,1980
2.2,8.21,16.24,49.63,0.16,0.4,11.78,0.97,0.16,9.01,7.9,268.7,231.6,,70.0,74.4,250.6,21.6,60.6,2.5,,,,,,,,,,,,,,,,,BACK-ARC_BASIN,127.13,34.0,,1990
1.89,6.77,16.05,52.81,0.06,0.3,12.05,0.68,0.14,9.26,3.85,,,,,45.6,139.0,13.3,23.9,0.33,1.9,4.79,0.79,4.33,1.52,0.62,2.07,0.3,2.16,0.51,1.33,1.35,0.21,0.79,0.06,0.17,BACK-ARC_BASIN,-176.775,-20.709,,1994
2.77162,6.57482,13.94346,50.38788,0.12868,0.1157,11.65616,1.63174,0.22266,12.39852,3.84898694621456,396.363446592502,89.8780076485956,40.6661611460904,44.8379563785781,33.3434609104518,79.0421177080824,43.451729363321,98.7655585265101,3.79154978055436,3.96270245528593,11.4570039980097,1.82103529680399,11.108856237927,4.00947999383372,1.38175095336301,6.70814323454159,1.15535603070514,8.10398807632516,1.78255119140684,4.49521892734128,5.08672473327301,0.681434718984514,3.01373277088065,0.283464930786175,0.402653462466199,BACK-ARC_BASIN,-177.28,-15.8,,2012
2.37,7.6,17.52,50.95,0.12,0.26,11.64,0.75,0.17,7.59,3.39,226.0,260.0,,127.0,48.0,177.0,21.0,60.0,5.0,,,,6.76,2.12,,,,,,,,,,,,BACK-ARC_BASIN,144.835,18.67,,1985; 1987
2.18,6.0,18.3,49.79,0.11,0.54,10.87,0.83,0.16,,8.37,,,,,47.2,251.0,20.7,45.0,1.23,3.43,8.87,1.31,7.56,2.24,0.78,2.42,0.45,2.96,0.65,1.99,1.82,0.28,1.19,,0.49,BACK-ARC_BASIN,138.835,34.2118,,2003
2.63,5.03,17.3,52.55,0.12,0.35,10.31,0.92,0.16,,5.0,,104.0,,24.0,74.0,163.0,23.0,71.0,1.0,,,,,,,,,,,,,,,,1.0,BACK-ARC_BASIN,-30.007,-59.475,,1979
2.34,7.92,14.65,50.25,0.1,0.08,12.57,1.34,0.18,,2.5,266.0,196.0,46.0,80.0,14.0,104.0,,,,,,,,,,,,,,,,,,,,BACK-ARC_BASIN,173.38,-19.936,,1991
1.97,7.1,16.5,51.7,0.15,0.5,12.75,0.74,,6.74,10.3,194.0,254.0,30.5,69.0,161.0,406.0,14.1,45.9,2.69,9.3,18.6,2.37,10.2,2.43,0.963,2.52,0.41,2.49,0.5,1.44,1.38,0.2,1.2,0.158,1.432,BACK-ARC_BASIN,143.36,21.31,,1998; 2005
2.78,5.76,16.4,50.0,0.18,0.16,12.73,1.6,0.25,8.67,1.0,,224.0,,54.0,35.0,161.0,37.0,120.0,5.0,5.0,16.0,,,,,,,,,,,,,,0.0,BACK-ARC_BASIN,137.44,29.328,,1980
1.91,8.02,15.44,51.44,0.06,0.03,12.87,0.9,0.19,9.39,1.0,307.0,337.0,43.0,110.0,4.0,69.0,27.0,53.0,1.0,,,,,,,,,,,,,,1.16,0.0,,BACK-ARC_BASIN,-176.06,-19.84,,1977
3.9,7.85,15.91,49.35,0.25,0.38,6.57,1.87,0.2,,2.0,328.0,169.0,,39.0,127.0,298.0,39.0,162.0,6.0,,31.0,,,,,,,,,,,,,,,BACK-ARC_BASIN,134.536,38.616,,1992
1.75,9.2,15.25,49.1,0.13,0.24,12.77,0.65,0.24,,2.0,248.0,227.0,,51.0,60.0,250.0,15.7,28.0,2.0,4.09,8.45,1.3,6.41,2.35,0.8,2.4,0.37,2.4,0.49,1.44,1.33,0.3,0.98,,0.57,BACK-ARC_BASIN,120.68,8.6782,,1991
2.58,5.64,15.98,47.01,0.21,0.39,13.01,0.6,0.14,,5.3,320.0,325.0,52.0,92.0,41.0,120.0,24.0,,,,,,,,,,,,,,,,,,,BACK-ARC_BASIN,140.789,18.0,,1981
2.6,7.82,18.6,48.51,0.15,0.15,10.05,1.09,0.2,10.52,0.9,,,,109.0,14.0,241.0,21.0,64.0,0.5,1.4,,,,,,,,,,,,,,,,BACK-ARC_BASIN,139.87,30.916,,1992
2.21,7.85,16.46,50.18,0.08,0.2,12.66,0.93,0.16,,2.6,274.0,190.0,43.0,65.0,26.1,123.0,21.5,43.5,0.49,2.36,6.07,1.16,6.5,2.5,0.97,3.55,0.67,4.35,0.92,2.69,2.68,0.43,1.24,0.04,0.18,BACK-ARC_BASIN,-177.303,-18.501,,1994
3.08,7.82,15.3,49.2,0.183,0.3,9.77,1.88,0.11,,5.1,370.0,210.0,44.0,80.0,,150.0,29.2,,,7.2,17.3,,,,,,,,,,,,,,,BACK-ARC_BASIN,137.441,29.3275,,1980
2.42,8.36,16.12,50.2,0.06,0.04,11.54,0.93,0.17,8.69,0.0,270.0,350.0,37.0,131.0,,149.0,,,,,,,,,,,,,,,,,,,,BACK-ARC_BASIN,-176.53,-18.973,,1994
1.8,8.11,16.38,51.5,0.05,0.04,12.61,0.8,0.15,,1.03,288.0,480.0,40.0,112.0,9.6,60.0,20.1,37.5,0.76,1.33,4.23,0.73,4.26,1.63,0.63,2.41,0.47,3.31,0.74,2.15,2.28,0.36,0.94,0.05,0.06,BACK-ARC_BASIN,-175.927,-19.44,,1995
3.02,7.49,17.43,49.09,0.08,0.1,11.47,0.97,0.27,7.09,0.3,,,,101.0,17.0,215.0,19.0,58.0,,,,,,,,,,,,,,,,,,BACK-ARC_BASIN,134.536,38.616,MIOCENE,1994
2.31,8.13,16.55,49.0,0.35,0.76,10.64,1.85,0.2,,16.0,220.0,213.0,32.0,159.0,180.0,260.0,28.6,134.0,23.6,17.6,,,21.2,,1.43,,,5.0,,2.3,2.35,,,,,BACK-ARC_BASIN,173.922,-16.972,,1991; 1994
2.22,7.04,13.8,50.21,0.095,0.04,11.38,1.21,0.202,11.37,0.71,371.0,143.0,46.0,58.8,8.002,72.69,30.85,66.91,1.14,2.1,7.4,1.3,7.5,2.8,1.0,4.3,0.75,5.3,1.2,3.5,3.3,0.53,1.744,0.12,0.165,BACK-ARC_BASIN,150.279,-3.1642,,2015
2.28,8.59,16.15,49.56,0.16,0.44,11.93,0.98,0.16,8.78,16.9,,,,,107.7,255.0,20.7,67.2,3.6,6.1,14.0,,9.1,2.8,1.0,,,,,,2.0,0.3,1.8,0.3,1.4,BACK-ARC_BASIN,127.13,34.0,CENOZOIC,2006
1.6820426775208,9.49079838043552,13.3849820338473,51.9292448441875,0.0713593863190641,0.336408535504159,13.2116806670724,0.611651882734835,0.17330136677487,9.10853022560351,5.34486117305618,298.05630297088,476.643176782038,44.1063105010295,85.7190087655653,189.124977252672,171.113159447005,14.8758095891754,35.9484552995392,0.521767191293264,2.08660976958525,5.64784178644965,0.887325522110011,4.72251063829787,1.58155634866163,0.595167025987686,2.05006833012991,0.368185684871066,2.47501500147073,0.527844925973135,1.50510984214139,1.53842659084224,0.241368369447985,0.988241439533288,0.0419579341700167,0.294231999215609,BACK-ARC_BASIN,179.286,-34.675,,2021
2.224,8.15,15.16,50.104,0.069,0.057,12.653,0.964,0.168,9.348,1.089,283.158,344.516,43.407,93.3574,8.1344,89.105,24.661,50.066,0.834,1.657,5.471,0.996,5.711,2.072,0.811,3.203,0.579,3.943,0.88,2.532,2.517,0.393,1.417,0.064,0.088,BACK-ARC_BASIN,-176.143,-20.3297,,2013
1.92,10.55,16.2,49.0,0.1,0.28,11.42,0.87,0.13,8.05,8.8,126.0,458.0,36.0,236.0,38.0,157.0,17.0,57.0,,,,,,,,,,,,,,,,,,BACK-ARC_BASIN,144.532,18.013,,1982
2.02,6.52,16.29,49.61,0.13,0.23,12.32,1.15,0.18,,3.0,398.0,193.0,38.0,60.0,36.0,190.0,20.0,46.0,,,7.69,,6.99,2.37,0.9,3.27,,3.26,,1.83,1.75,0.28,,,,BACK-ARC_BASIN,140.0,31.25,,1989
2.55,6.65,15.2,48.7,0.18,0.24,13.88,1.62,0.13,8.51,3.0,,219.0,,86.0,31.0,176.0,38.0,122.0,3.0,6.0,18.0,,,,,,,,,,,,,,1.0,BACK-ARC_BASIN,137.44,29.328,,1980
2.871,5.045,14.557,52.811,0.162,0.223,9.126,1.385,0.223,12.034,3.9345,374.353,4.818,39.205,14.8799,51.7202,120.321,33.368,72.803,1.708,2.933,8.845,1.542,8.376,2.937,1.086,4.36,0.789,5.312,1.178,3.351,3.402,0.533,2.038,0.116,0.21,BACK-ARC_BASIN,-176.273,-21.0669,,2013
3.08,8.84,17.18,48.44,0.19,0.22,10.47,1.56,0.18,,2.0,234.0,291.0,,124.0,53.0,173.0,28.0,92.0,2.0,4.2,9.9,,9.5,3.3,1.1,3.6,,4.2,,2.4,2.2,0.3,,,,BACK-ARC_BASIN,138.231,40.19,35.51,1992
2.69,8.54,16.3,49.6,0.11,0.28,11.52,1.25,0.13,,4.0,,311.0,,140.0,29.0,151.0,27.0,87.0,2.0,2.0,10.0,,,,,,,,,,,,,,,BACK-ARC_BASIN,137.441,29.3275,,1980
2.9,6.3,16.4,50.3,0.15,0.21,12.23,1.47,0.14,8.49,2.0,,263.0,,107.0,49.0,171.0,35.0,107.0,5.0,3.9,15.0,,,,1.54,,0.81,,,,,,2.71,,0.0,BACK-ARC_BASIN,137.44,29.328,,1980; 1981
2.63,7.38,15.9,49.8,0.12,0.24,12.29,1.24,0.14,,3.0,,304.0,,119.0,28.0,193.0,29.0,89.0,4.0,2.0,9.0,,,,1.3,,0.61,,,,,,2.03,,0.23,BACK-ARC_BASIN,137.441,29.3275,,1980; 1980
2.84,8.09,15.83,49.89,0.17,0.05,11.3,1.42,0.15,,0.4,,330.0,,62.0,30.0,140.0,31.0,100.0,2.0,5.0,11.0,,,,,,,,,,,,,,1.0,BACK-ARC_BASIN,-65.963,-58.1927,,1980
2.99,6.01,16.13,50.02,0.15,0.16,11.62,1.67,0.18,,12.0,334.0,35.0,70.0,224.0,,80.0,3.7,2.0,,8.7,1.7,10.5,4.9,1.3,5.4,1.1,6.0,1.5,4.0,0.6,0.5,0.42,2.9,,,BACK-ARC_BASIN,140.185,17.118,,1978
2.63,7.02,16.42,52.15,0.11,0.26,11.76,1.15,0.15,,2.3,249.0,190.0,38.0,55.0,32.0,148.0,23.5,81.1,1.1,2.48,8.23,1.45,7.61,2.65,0.94,3.65,0.68,4.2,0.93,2.66,2.32,0.36,2.62,0.08,0.13,BACK-ARC_BASIN,-177.856,-18.5675,,1994
2.15,8.34,14.72,49.9,0.06,0.01,12.53,1.04,0.18,,0.0,301.0,313.0,48.0,97.0,0.0,72.0,20.0,53.0,0.0,,,,,,,,,,,,,,,,,BACK-ARC_BASIN,-176.0,-18.35,,1990
3.33,4.62,16.01,51.27,0.34,0.36,9.56,1.7,,,10.9,464.0,16.0,,5.0,51.0,276.0,27.0,73.0,2.1,,14.4,,11.9,3.5,1.4,4.2,,4.7,,2.8,2.6,,,,,BACK-ARC_BASIN,139.92,31.1,,1990
3.61,6.9,17.33,50.27,0.36,1.19,9.98,2.05,0.17,,37.0,221.0,192.0,,79.0,349.0,315.0,31.0,152.0,34.0,16.5,34.0,4.17,17.8,4.5,1.57,5.01,,5.28,,3.19,2.75,,,,4.0,BACK-ARC_BASIN,175.902,-13.565,,1990
3.641,6.111,16.87,49.42,0.3253,0.7323,10.79,1.705,0.1532,8.7307594,13.1707746314065,253.888070274865,180.133627481878,37.5405619102841,68.7903534303534,143.592553983619,228.144836544707,34.0817787913341,151.888888888889,18.2394732904384,13.2253957673721,29.0043084537938,3.76791447480061,16.9523991223886,4.6274078107982,1.54957442303621,,0.907078574811852,5.94402695565067,1.20146377165162,3.46938039662207,3.22557517899761,0.485424544517016,3.58644815631894,1.07470463866317,1.57774467347999,BACK-ARC_BASIN,169.517,-18.129,,2017
2.95,4.7,12.03,50.9,0.2,0.09,8.72,2.49,0.28,17.03,0.0,628.0,9.0,50.0,15.0,,71.0,,,,,,,,,,,,,,,,,,,,BACK-ARC_BASIN,-176.553,-19.115,,1994
1.87,7.4,13.94,49.96,0.09,0.09,11.99,1.29,0.2,,1.01,,99.0,454.0,65.0,,89.6,32.5,74.0,2.7,1.76,7.0,,7.52,2.85,1.13,,0.701,,,,4.1,,1.81,0.097,0.128,BACK-ARC_BASIN,-176.474,-18.674,,1990
2.55,5.09,12.6,50.9,0.45,0.91,9.25,3.91,0.18,12.8,21.0,,115.0,,69.0,227.0,357.0,41.0,277.0,34.0,28.0,69.0,,,,3.06,,1.19,,,,,,6.88,,1.0,BACK-ARC_BASIN,132.775,24.701,,1980; 1981
2.77,5.57,14.01,52.86,0.12,0.26,9.94,1.22,0.19,,3.0,398.0,6.0,,35.0,40.0,134.0,30.0,67.0,1.2,,,,,,,,,,,,,,,,,BACK-ARC_BASIN,150.081,-3.332,,2003
2.5842480631407,5.7897029933159,13.166558920121,50.1102017388534,0.143421221864952,0.128580491132333,10.5397096247353,1.9916876910447,0.256965048690269,13.9149917134721,3.504912923722,533.193161487294,53.0055422619509,53.1416204536146,46.5730431292522,34.8447411845209,77.6193562737768,46.6057185051135,98.3744851505733,5.37658452593104,4.64624663049508,12.8093231700423,2.29679385168986,12.9433385542233,4.72622643385875,1.69717996568031,6.56367149006778,1.17416217553016,8.05908441797347,1.75097764025014,5.27504698561917,5.25137697930999,0.729353990667315,3.11487086897084,0.290306779922609,0.431596382185134,BACK-ARC_BASIN,-177.42,-15.91,,2012
2.49,7.48,16.1,49.6,0.12,0.15,11.89,1.02,0.45,,3.5,175.0,322.0,51.0,101.0,60.0,166.0,,,,,,,,,,,,,,,,,,,,BACK-ARC_BASIN,173.764,-17.585,,1991
4.27,5.81,17.21,50.54,0.25,0.29,11.48,1.39,0.16,8.75,6.0,255.0,,,70.0,34.0,170.0,37.0,119.0,2.0,,,,,,,,,,,,,,,,,BACK-ARC_BASIN,-177.856,-18.5675,,1994
2.28,6.87,15.51,50.94,0.076,0.116,11.82,0.96,0.19,9.43,1.65,299.0,92.0,39.8,60.0,15.5,126.0,23.9,48.7,0.55,1.59,5.4,0.99,5.65,2.02,0.77,0.55,3.04,3.77,0.84,2.43,2.51,0.39,1.35,0.049,0.079,BACK-ARC_BASIN,-176.136,-20.083,,2009
1.81,9.52,16.28,48.5,0.05,0.04,13.06,0.75,0.15,8.43,1.0,221.0,293.0,,113.0,21.0,143.0,17.0,42.0,0.0,,9.0,,,,,,,,,,,,,,,BACK-ARC_BASIN,-176.5,-20.1418,,1994; 1992
1.99,8.9,18.54,49.17,0.15,0.03,13.69,0.76,0.16,8.64,1.0,227.0,330.0,45.0,112.0,19.0,152.0,23.0,47.0,2.0,0.7,2.18,0.44,2.68,0.9,0.37,1.31,0.26,1.76,0.4,1.14,0.98,0.16,1.18,0.03,0.005,BACK-ARC_BASIN,-176.5,-20.1416,,1994; 1994
2.93,5.71,15.7,51.0,0.31,0.56,9.86,1.0,0.15,10.23,9.0,,16.0,,11.0,148.0,511.0,25.0,82.0,0.0,20.0,27.0,,16.0,,,,,,,,,,,,4.0,BACK-ARC_BASIN,143.682,17.907,MIOCENE,1980
2.46,6.31,15.0,49.9,0.2,0.32,12.05,1.28,0.23,,,390.0,80.0,,34.0,35.0,261.0,26.0,69.0,,,,,,,,,,,,,,,,,,BACK-ARC_BASIN,139.767,30.897,,1990
2.41,6.92,15.68,49.86,0.16,0.43,11.99,1.23,0.158,,7.42,292.0,219.0,30.0,54.0,51.0,232.0,30.0,72.0,3.55,5.05,11.8,,,,1.23,,0.66,,,,,,1.94,0.16,0.69,BACK-ARC_BASIN,145.18,17.912,,1982
2.97,7.6,18.9,47.1,0.12,0.32,11.4,1.03,0.11,,0.0,,207.0,29.0,,,215.0,,,,6.2,11.9,,,2.3,1.1,,0.0,3.2,,,2.4,0.27,0.9,0.0,0.0,BACK-ARC_BASIN,12.993,39.728,MIOCENE,1977
2.97,6.92,15.24,50.07,0.1,0.15,11.6,1.35,0.23,10.69,1.28,,294.0,,57.0,26.1,129.0,31.7,80.4,3.39,2.48,7.59,1.39,7.29,2.31,0.92,,0.62,4.72,1.13,3.44,3.79,0.63,2.16,,0.18,BACK-ARC_BASIN,-175.567,-15.4767,,2011
2.49,7.0,13.8,50.4,0.09,0.05,11.61,1.19,0.2,,,345.0,42.0,,51.0,8.0,68.0,27.0,57.0,1.2,,,,,,,,,,,,,,,,,BACK-ARC_BASIN,149.258,-3.50167,,2003
3.28,7.48,18.26,48.67,0.1,0.04,11.7,0.98,0.31,,,166.0,245.0,,145.0,11.0,229.0,21.0,73.0,,,6.0,,,,,,,,,,,,,,,BACK-ARC_BASIN,134.536,38.616,CENOZOIC,1992
2.84,5.54,16.9,50.1,0.14,0.24,10.9,1.22,0.17,,2.81,206.0,299.0,44.6,101.0,25.1,189.0,25.6,82.2,5.42,4.34,11.1,1.72,9.0,3.05,1.16,3.72,0.66,4.46,0.98,2.6,2.42,0.353,2.15,0.34,0.41,BACK-ARC_BASIN,115.047,12.9196,,2018
2.68,7.84,16.2,49.7,0.12,0.1,11.58,1.25,0.13,,1.0,,291.0,,104.0,23.0,149.0,27.0,91.0,3.0,4.0,11.0,,,,,,,,,,,,,,1.0,BACK-ARC_BASIN,137.441,29.3275,,1980
2.83,6.83,14.8,50.7,0.17,0.49,10.5,1.48,0.15,,8.62,261.0,245.0,43.6,121.0,55.8,181.0,31.0,113.0,8.92,7.17,17.2,2.55,12.8,3.99,1.41,4.67,0.8,5.46,1.2,3.16,2.96,0.437,2.81,0.55,0.78,BACK-ARC_BASIN,114.923,13.2072,,2018
2.59,7.07,16.1,49.4,0.11,0.21,13.06,1.21,0.15,8.45,5.0,,302.0,,108.0,34.0,167.0,28.0,89.0,0.0,2.0,12.0,,,,,,,,,,,,,,0.0,BACK-ARC_BASIN,137.44,29.328,,1980
3.37,4.75,16.39,52.9,0.21,0.61,8.92,1.52,0.16,,11.5,306.0,42.2,27.6,22.7,95.2,243.0,30.5,106.0,4.33,8.06,18.9,2.85,14.6,4.24,1.52,4.59324702,0.88,5.71,1.21,3.54,3.54,0.51,3.15,0.41,0.74,BACK-ARC_BASIN,144.711,18.217,,2019
2.99,6.34,16.5,51.7,0.2,0.42,11.7,1.11,,7.72,7.1,219.0,195.0,33.4,76.0,94.0,306.0,24.3,92.1,4.93,9.49,20.48,2.82,12.68,3.41,1.17,3.86,0.64,3.97,0.83,2.32,2.28,0.35,2.09,0.307,1.164,BACK-ARC_BASIN,143.93,20.31,,2003; 2005
2.82,8.37,17.02,48.51,0.1,0.16,11.64,1.08,0.16,7.93,0.9,,,,92.0,25.0,217.0,18.0,69.0,0.9,,,,,,,,,,,,,,,,,BACK-ARC_BASIN,134.536,38.616,MIOCENE,1994
2.15,7.88,15.96,50.07,0.09,0.25,12.44,0.69,0.14,,2.5,246.0,251.0,,114.0,36.0,222.0,15.0,33.0,1.0,,,,,,,,,,,,,,,,,BACK-ARC_BASIN,150.502,-3.84,,2003
3.26,7.69,15.78,48.08,0.45,1.95,9.7,1.74,0.17,9.88,52.7,196.0,336.0,,93.0,766.0,684.0,23.2,164.0,39.36,40.13,77.0,9.03,34.5,7.07,2.19,6.23,0.91,5.05,0.93,2.28,1.83,0.29,4.11,2.46,5.36,BACK-ARC_BASIN,173.867,-14.6509,,2016
2.86,6.5,17.3,52.35,0.13,0.46,11.01,1.01,0.15,7.67,6.5,,,,,104.0,272.0,,,,6.99,15.3,,10.1,2.82,1.06,3.18,,3.66,,2.18,2.18,,,,,BACK-ARC_BASIN,143.27,21.58,,1989; 1990
1.81,9.52,16.28,48.5,0.05,0.04,13.06,0.75,0.15,,1.0,,293.0,,113.0,21.0,143.0,17.0,42.0,0.0,,9.0,,,,,,,,,,,,,,,BACK-ARC_BASIN,-176.5,-20.142,,1994
2.92,6.99,18.91,50.43,0.17,0.15,11.89,1.05,0.15,8.09,1.0,225.0,,,59.0,30.0,153.0,27.0,80.0,2.0,,,,,,,,,,,,,,,,,BACK-ARC_BASIN,-177.856,-18.5675,,1994
2.48,8.65,16.22,49.99,0.12,0.33,12.88,0.95,0.14,,2.77,224.0,249.0,38.3,67.3,45.5,245.0,17.3,60.1,3.33,3.87,9.81,1.58,8.35,2.57,0.98,2.74,0.54,3.47,0.74,2.1,2.03,0.31,1.72,0.24,0.3,BACK-ARC_BASIN,144.834,16.985,,2019
2.77,7.66,16.0,49.7,0.11,0.23,11.7,1.27,0.13,8.35,3.0,,301.0,,145.0,31.0,150.0,29.0,91.0,4.0,3.0,10.0,,,,1.08,,0.55,,,,,,2.23,,0.0,BACK-ARC_BASIN,137.44,29.328,,1980; 1981
2.75,6.24,16.76,51.75,0.16,0.57,11.21,1.01,,,9.3,,,,,110.0,295.0,,,,8.91,19.4,,12.6,3.41,1.21,4.03,,4.24,,2.58,2.41,,,,,BACK-ARC_BASIN,143.05,21.83,,1990
4.07,6.11,16.2,51.89,0.21,0.28,10.07,1.49,0.18,,3.0,,141.0,,35.0,80.0,340.0,26.0,144.0,2.0,8.0,21.9,,14.4,3.94,1.46,4.83,,4.92,,3.21,2.99,,,,2.0,BACK-ARC_BASIN,-60.63,-62.95,,1979
2.471,6.4652,14.91458,50.47018,0.2411,0.50934,11.83244,1.57182,0.20624,10.74112,17.4692129029833,381.875797518359,81.8665548054965,43.2343572188494,70.608993399447,167.364573614698,154.61819635612,32.8190426169202,84.6757391601338,23.6498015238034,13.358593047159,30.3523376068874,3.68784256206913,15.0561198579498,3.75017183091167,1.29581194657046,4.55717657387396,0.887795527787732,5.49712165771256,1.06830177553597,3.02737624852838,3.24394282983435,0.477729232791329,2.72339924807276,1.34380457369417,1.7204621146277,BACK-ARC_BASIN,-177.48,-15.96,,2012
2.11606,8.74422,15.44294,50.15834,0.05796,0.03706,13.9568,0.89678,0.17588,9.08148,0.420825722327216,213.229468305103,387.662365250738,46.2229134009821,156.24534894024,3.77187389855343,62.4005369460454,19.1224286031948,29.5437477524528,0.578982019871264,1.04500461158615,3.05271516538404,0.690284835576837,4.13295588201859,1.56452839733769,0.716531537201395,2.78805683447724,0.509348038526437,3.46831192471587,0.754431676414449,1.99060840029577,1.9306441035729,0.326330597861924,1.04055208487746,0.0433399246924567,0.046224037146089,BACK-ARC_BASIN,-176.5,-18.35,,2012
1.96,10.51,15.72,50.0,,0.09,13.09,0.69,0.19,,0.31,235.0,443.0,56.2,124.0,4.2,84.5,16.3,28.6,0.29,0.62,2.48,0.52,3.23,1.4,0.58,2.06,0.4,2.93,0.65,1.83,1.94,0.3,0.93,0.03,0.02,BACK-ARC_BASIN,134.318,27.3836,,2018
1.47,9.46,15.05,52.35,0.07,0.24,11.56,0.63,0.17,8.83,5.3,298.0,368.0,46.0,137.0,62.0,152.0,15.3,25.0,,,,,,,,,,,,,,,,,,BACK-ARC_BASIN,-176.775,-20.709,,1994
2.33,7.32,16.74,49.6,0.2,0.26,10.67,1.05,0.22,,4.0,316.0,149.0,52.0,49.0,,219.0,21.0,64.0,,,,,,,,,,,,,,,,,,BACK-ARC_BASIN,139.7,32.3,,1989
2.26,4.92,18.54,49.09,0.17,0.54,11.39,0.84,,11.41,11.0,,,,,247.0,588.0,,,,9.75,19.4,,11.6,2.91,1.11,3.21,,3.21,,2.18,2.16,,,,,BACK-ARC_BASIN,142.17,23.0,,1998
2.65,7.77,14.7,49.7,0.18,0.44,11.42,1.58,0.13,9.14,6.0,,249.0,,107.0,58.0,164.0,38.0,116.0,7.0,7.0,14.0,,,,,,,,,,,,,,0.0,BACK-ARC_BASIN,137.44,29.328,,1980
3.56,7.89,16.2,47.1,0.29,1.8,8.77,1.43,0.15,,14.0,,234.0,,172.0,135.0,284.0,27.0,149.0,23.0,14.0,31.0,,,,,,,,,,,,,,,BACK-ARC_BASIN,137.684,28.6375,,1980
3.06,6.51,17.8,48.3,0.15,0.32,11.0,1.4,0.18,,4.2,227.0,359.0,48.2,168.0,39.2,182.0,29.4,105.0,5.86,4.5,13.9,2.04,10.7,3.47,1.24,4.05,0.75,5.1,1.14,3.05,3.02,0.432,2.63,0.36,0.38,BACK-ARC_BASIN,115.047,12.9196,,2018
2.36,7.55,16.2,50.1,0.05,0.08,12.99,1.2,0.16,,1.5,240.0,325.0,39.0,81.0,20.0,104.0,,,,,,,,,,,,,,,,,,,,BACK-ARC_BASIN,173.419,-18.2268,,1991
2.99,6.66,16.02,51.05,0.16,0.37,11.11,1.62,0.17,,6.4,266.0,209.0,43.0,82.0,8.6,132.0,34.5,119.0,1.35,3.19,11.1,1.99,10.64,3.8,1.34,4.95,0.9,6.01,1.33,3.76,3.39,0.54,2.89,0.1,0.1,BACK-ARC_BASIN,-177.862,-18.568,,1994
3.28,4.93,16.46,52.58,0.17,0.45,9.61,1.08,0.25,,4.0,382.0,17.0,,20.0,310.0,227.0,25.0,76.0,1.0,,,,,,,,,,,,,,,,,BACK-ARC_BASIN,-175.298,-23.3457,,1994
2.77,5.88,14.4,48.1,0.39,0.73,10.8,3.36,0.25,,9.0,,169.0,,88.0,165.0,423.0,35.0,243.0,27.0,24.0,54.0,,,,,,,,,,,,,,2.0,BACK-ARC_BASIN,132.775,24.7007,,1980
2.72,8.09,15.98,50.98,0.11,0.21,10.93,1.17,0.18,8.56,2.6,272.0,295.0,,137.0,30.0,129.0,29.0,77.0,6.0,,,,8.47,2.88,,,,,,,,,,,,BACK-ARC_BASIN,144.59,13.785,,1985; 1987
2.25,5.75,17.77,48.53,0.14,0.15,14.73,0.86,0.13,,2.55,279.0,104.0,,70.6,9.33,230.0,26.6,45.4,0.78,3.96,6.93,1.37,7.85,2.5,0.97,3.38,0.6,3.88,0.87,2.52,2.33,0.36,1.27,0.072,0.1,BACK-ARC_BASIN,137.981,27.972,15.0,2009
2.3,7.76,15.66,49.8,0.1,0.07,12.09,1.41,0.2,,2.0,250.0,267.0,39.0,72.0,60.0,118.0,,,,,,,,,,,,,,,,,,,,BACK-ARC_BASIN,174.171,-21.1715,,1991
2.03,7.71,16.56,51.21,0.14,0.51,11.31,0.8,0.16,,8.52,,,,69.1,95.1,348.0,18.1,47.9,1.38,5.73,13.06,1.78,9.02,2.35,0.84,2.63,0.46,2.77,0.61,1.76,1.68,0.25,1.19,0.124,0.594,BACK-ARC_BASIN,144.827,14.5882,,2011
2.78,6.89,15.6,49.7,0.15,0.25,12.94,1.19,0.12,8.08,2.0,,237.0,,64.0,29.0,130.0,28.0,88.0,3.0,3.0,10.0,,,,,,,,,,,,,,0.0,BACK-ARC_BASIN,136.057,28.984,,1980
4.08,5.12,18.25,49.78,0.22,0.34,10.17,1.57,0.18,10.16,3.0,283.0,,,27.0,39.0,182.0,37.0,127.0,4.0,5.49,17.64,2.93,17.67,5.92,2.03,7.98,1.55,9.37,2.08,6.23,5.44,1.39,4.7,0.49,0.28,BACK-ARC_BASIN,-177.856,-18.5675,,1994; 1994
2.64,6.42,15.82,52.17,0.12,0.21,11.24,0.99,0.16,10.23,3.48,,,,,38.3,137.0,24.2,41.1,0.51,1.87,5.47,0.87,5.68,2.02,0.87,3.09,0.5,3.71,0.83,2.43,2.37,0.43,1.3,0.08,0.2,BACK-ARC_BASIN,-177.303,-18.5008,,1994
2.74,6.59,15.1,51.5,0.19,0.4,10.2,1.48,0.16,,6.94,258.0,239.0,41.6,109.0,66.3,179.0,31.5,112.0,9.14,7.26,17.5,2.56,12.9,4.01,1.4,4.72,0.81,5.56,1.22,3.2,3.03,0.445,2.85,0.55,0.78,BACK-ARC_BASIN,114.923,13.2072,,2018
2.26,6.98,15.41,51.45,0.09,0.24,11.71,0.76,0.17,,2.5,292.0,33.0,,53.0,36.0,164.0,18.0,38.0,0.5,,,,,,,,,,,,,,,,,BACK-ARC_BASIN,150.502,-3.84,,2003
1.99,7.73,14.52,51.56,0.09,0.05,12.61,1.07,0.18,10.15,0.94,,184.0,,74.0,9.84,94.57,29.86,57.3,0.64,2.32,7.05,1.53,8.01,3.07,1.08,,0.79,5.45,1.16,3.69,4.19,,,0.05,0.09,BACK-ARC_BASIN,-176.155,-20.112,,2008
2.86,5.7,12.8,49.7,0.43,0.67,9.39,4.02,0.2,12.05,9.0,,122.0,,73.0,193.0,359.0,37.0,275.0,33.0,28.0,62.0,,,,2.55,,1.29,,,,,,6.29,,1.0,BACK-ARC_BASIN,132.775,24.701,,1980; 1981
2.79,8.01,18.11,49.42,0.13,0.09,12.22,1.21,0.13,7.65,1.3,188.0,248.0,43.0,103.0,7.0,154.0,26.7,98.0,,,,,,,,,,,,,,,,,,BACK-ARC_BASIN,-177.856,-18.5675,,1994
2.11,8.69,14.69,52.19,0.33,1.59,10.81,0.71,0.17,,44.0,282.0,312.0,,,285.0,479.0,23.0,107.0,7.1,,,,,,,,,,,,,,,,,BACK-ARC_BASIN,143.63,21.6,,1997
2.55,10.04,15.87,50.66,0.19,0.66,10.79,0.89,0.15,,14.0,219.0,530.0,43.0,240.0,124.0,293.0,19.0,66.0,3.8,9.88,20.2,2.4,10.5,2.98,1.08,3.06,0.53,3.37,0.72,2.07,1.9,0.287,1.8,0.21,1.04,BACK-ARC_BASIN,143.214,21.6033,,2016
1.81,7.67,16.59,50.53,0.1,0.23,12.83,1.11,0.17,8.71,3.0,276.0,179.0,,89.0,29.0,131.0,22.0,45.0,1.0,,9.0,,,,,,,,,,,,,,,BACK-ARC_BASIN,-177.303,-18.5008,,1994; 1992
2.67,7.58,18.01,49.53,0.11,0.04,12.33,1.19,0.12,,0.0,,293.0,,89.0,14.0,164.0,25.0,98.0,1.0,,16.0,,,,,,,,,,,,,,,BACK-ARC_BASIN,-177.862,-18.568,,1994
2.67,7.41,16.15,48.85,0.21,0.43,11.72,1.55,0.17,,9.0,280.0,280.0,39.0,94.0,74.0,191.0,34.0,122.0,8.65,8.8,,,15.0,,1.25,,,5.5,,3.8,3.13,,,,,BACK-ARC_BASIN,173.393,-15.972,,1994
2.51,7.75,16.75,51.64,0.16,0.54,10.42,0.9,0.16,,8.04,274.9,230.79,,107.0,102.7,322.0,21.1,66.6,3.66,5.87,13.45,1.75,8.36,2.48,0.95,2.89,0.49,3.12,0.7,1.94,1.94,0.3,1.55,0.182,0.577,BACK-ARC_BASIN,144.827,14.5884,,2011
2.86,6.27,17.2,49.3,0.14,0.28,11.6,1.23,0.17,,4.76,210.0,304.0,43.1,111.0,24.9,185.0,24.5,79.5,5.22,4.14,10.7,1.66,8.7,2.95,1.12,3.57,0.63,4.34,0.95,2.52,2.34,0.34,2.09,0.33,0.4,BACK-ARC_BASIN,115.047,12.9196,,2018
2.95,9.16,15.78,50.64,0.16,0.33,10.64,1.17,0.15,7.69,5.0,201.0,310.0,31.0,160.0,53.0,211.0,24.6,105.0,5.7,6.22,15.1,1.95,9.98,3.15,1.21,3.63,0.67,4.44,0.92,2.77,2.56,0.375,2.3,0.29,0.47,BACK-ARC_BASIN,144.479,19.425,,2016
2.88,7.04,14.27,51.6,0.1,0.13,11.16,1.51,0.19,,5.0,285.0,129.0,40.0,49.0,30.0,125.0,35.0,87.0,6.1,4.5,,,10.7,,1.03,,,5.6,,2.9,3.39,,,,,BACK-ARC_BASIN,173.917,-16.9778,,1991; 1994
3.83,5.23,16.8,49.37,0.2,0.46,10.23,1.52,0.19,10.74,11.0,324.0,,,32.0,38.0,192.0,35.0,105.0,3.0,,,,,,,,,,,,,,,,,BACK-ARC_BASIN,-177.856,-18.5675,,1994
3.07,5.8,16.9,49.8,0.15,0.29,11.1,1.39,0.16,,5.89,229.0,202.0,46.6,114.0,28.1,187.0,31.0,110.0,6.17,4.71,14.5,2.15,11.3,3.63,1.3,4.28,0.79,5.4,1.2,3.2,3.2,0.465,2.76,0.39,0.42,BACK-ARC_BASIN,115.047,12.9196,,2018
2.73,6.55,16.18,50.3,0.18,0.37,11.6,1.21,0.17,10.08,,338.0,81.0,,44.0,29.0,238.0,24.0,73.0,,,,,,,,,,,,,,,,,,BACK-ARC_BASIN,139.808,31.08,,1990
2.54,6.73,13.86,51.2,0.11,0.12,10.94,1.59,0.23,12.07,0.0,443.0,153.0,42.0,62.0,,79.0,,,,,,,,,,,,,,,,,,,,BACK-ARC_BASIN,-176.553,-18.922,,1994
2.43,7.96,14.75,50.95,0.114,0.039,12.46,1.1,0.18,,0.634,301.0,313.0,48.0,97.0,6.0,77.5,20.0,53.0,1.15,1.57,4.54,0.92,6.1,2.38,0.9,3.69,0.67,4.94,1.05,3.21,3.07,0.46,,,0.079,BACK-ARC_BASIN,-176.423,-18.5883,,2008; 1990; 1992; 1990
2.7,9.28,15.2,49.5,0.16,0.15,10.13,1.24,0.13,,,,258.0,,105.0,34.0,169.0,27.0,91.0,1.0,3.0,12.0,,,,,,,,,,,,,,2.0,BACK-ARC_BASIN,136.057,28.9833,,1980
3.61,7.54,16.1,49.2,0.19,0.32,10.0,1.41,0.16,,0.0,,207.0,35.0,,,205.0,28.0,107.0,,6.1,15.1,,,3.2,1.25,,1.0,4.7,,,2.9,0.38,2.2,0.77,0.0,BACK-ARC_BASIN,12.993,39.728,MIOCENE,1977
3.58,5.85,16.16,52.02,0.19,0.29,10.47,1.48,0.17,9.16,3.61,297.0,200.0,,72.0,47.0,164.0,33.0,109.0,7.0,,,,12.21,3.89,1.19,4.38,,4.8,,3.19,3.09,,,,,BACK-ARC_BASIN,144.822,18.075,,1985; 1987
2.39,5.51,16.6,49.7,0.22,0.38,12.67,1.23,0.17,,8.0,,52.0,,42.0,31.0,210.0,33.0,88.0,2.0,4.0,13.0,,,,,,,,,,,,,,,BACK-ARC_BASIN,136.057,28.9833,,1980
2.6,6.1,13.8,50.9,0.07,0.1,10.6,1.3,0.22,,,,53.0,,,12.2,76.0,29.9,22.8,0.99,2.1,6.5,,6.1,2.5,2.4,2.8,,4.0,,2.6,2.5,,1.6,,0.07,BACK-ARC_BASIN,150.322,-3.148,,2012
2.94,5.37,13.21,51.13,0.18,0.12,10.23,1.99,0.26,14.5,1.47,,40.0,,46.7,12.75,81.28,32.03,116.5,1.97,3.21,10.33,2.1,11.19,4.07,1.29,,1.02,7.39,1.4,4.95,4.94,,,0.19,0.21,BACK-ARC_BASIN,-176.527,-19.29,,2008
2.87,7.18,14.52,49.5,0.2,0.33,11.5,1.76,0.18,,7.0,257.0,205.0,39.0,70.0,27.0,185.0,,,,,,,,,,,,,,,,,,,,BACK-ARC_BASIN,173.818,-16.6742,,1991
2.15,7.68,16.82,49.2,0.16,0.42,11.33,0.96,0.16,8.85,8.8,289.0,246.0,41.0,83.0,75.0,249.0,21.1,58.0,3.5,5.51,13.22,1.92,9.2,2.66,1.03,3.1,0.54,3.44,0.73,2.11,1.97,0.31,1.48,0.23,0.67,BACK-ARC_BASIN,127.0,28.25,CENOZOIC,2006; 2017
3.18,7.05,16.43,51.73,0.21,0.25,11.36,1.36,0.14,8.36,2.0,,230.0,,85.0,28.0,189.0,29.0,101.0,2.0,,,,,,,,,,,,,,,,,BACK-ARC_BASIN,144.7,18.2,,1990
2.16,7.937,16.046,50.418,0.072,0.088,12.283,0.942,0.165,8.775,1.3825,262.513,307.597,41.338,108.232,14.621,119.11,22.582,48.322,0.524,1.486,5.182,0.974,5.698,2.009,0.782,3.021,0.535,3.635,0.801,2.302,2.268,0.357,1.351,0.042,0.071,BACK-ARC_BASIN,-176.155,-20.3827,,2013
3.18,6.87,17.79,51.45,0.17,2.36,5.33,1.02,0.18,,31.5,321.0,104.0,,226.0,260.0,500.0,14.2,59.8,1.71,4.49,11.7,1.82,8.8,2.37,0.861,2.501,0.44,2.34,0.5,1.38,1.36,0.211,1.61,0.116,0.372,BACK-ARC_BASIN,133.208,25.5262,,2013
2.95,9.16,15.78,50.64,0.16,0.33,10.64,1.17,0.14,,5.0,201.0,310.0,31.0,160.0,53.0,211.0,24.6,105.0,5.7,6.22,15.1,1.95,9.98,3.15,1.21,3.63,0.67,4.44,0.92,2.77,2.56,0.375,2.3,0.29,0.47,BACK-ARC_BASIN,144.479,19.4244,,2016
3.68,6.34,17.59,50.02,0.2,0.34,11.12,1.5,0.15,8.21,2.7,225.0,147.0,,44.0,60.0,376.0,27.0,139.0,5.0,7.92,20.17,3.03,14.63,3.93,1.41,4.36,0.75,4.48,0.94,2.62,2.42,0.39,3.03,0.36,0.5,BACK-ARC_BASIN,-59.97,-62.8817,,2002
2.48,8.02,14.86,50.09,0.127,0.085,12.25,1.45,0.192,10.43,0.886,330.0,309.0,44.8,78.2,8.61,103.0,30.2,74.3,1.8,2.79,9.3,1.64,8.94,3.12,1.17,4.5,0.822,5.39,1.13,3.48,3.39,0.494,2.15,0.111,0.113,BACK-ARC_BASIN,173.372,-19.958,,1991; 2023
2.2,5.36,17.4,50.82,0.15,0.43,10.67,1.1,0.19,,8.0,366.0,,,24.0,35.0,147.0,28.0,62.0,4.0,,,,,,,,,,,,,,,,,BACK-ARC_BASIN,-176.5,-20.142,,1994
2.22,5.33,15.44,52.06,0.11,0.3,10.72,1.14,0.2,10.94,5.0,404.0,19.0,,28.0,53.0,153.0,26.0,57.0,1.0,,13.0,,,,,,,,,,,,,,,BACK-ARC_BASIN,-176.5,-20.1418,,1994; 1992
2.77268,6.43348,15.6441,50.72282,0.12424,0.13044,11.5441,1.38426,0.18062,10.90816,2.50159204120861,321.324971771789,182.989445533104,43.0968819783516,64.0179161837816,13.8677348386765,91.6721615922417,30.9197564081077,86.6695537461102,1.68470014541405,2.3752812544352,8.07572551831884,1.43205143107332,7.99506948343308,3.21473114420593,1.0994683614597,4.47594949085087,0.813349573037545,5.48586406515255,1.20833402392339,3.7105324700988,3.653134560911,0.504992754388511,2.46622828798377,0.126655806826859,0.208678296641665,BACK-ARC_BASIN,-176.33,-18.29,,2012
2.325,8.182,15.001,50.654,0.064,0.042,12.506,0.919,0.18,9.178,0.6262,261.703,361.42,42.212,88.6272,5.9174,78.036,24.143,47.909,0.862,1.47,4.918,0.912,5.273,1.972,0.784,3.102,0.565,3.859,0.847,2.472,2.47,0.388,1.352,0.065,0.069,BACK-ARC_BASIN,-176.143,-19.2367,,2013
2.56,6.79,14.21,50.59,0.15,0.09,11.28,1.75,0.2,12.62,,349.0,206.0,,85.0,24.0,84.0,31.0,98.0,,3.0,9.29,,10.23,3.35,1.28,5.46,,6.7,,4.38,3.92,0.64,2.7,,,BACK-ARC_BASIN,177.476,-16.313,,1990
2.39784,9.09878,15.85998,49.00424,0.09288,0.15276,11.27356,1.50696,0.17844,10.586,3.41848100293717,221.863528502577,411.637383728971,57.3277111158235,176.089913992313,29.1032402832149,174.976812722929,17.7563904415575,78.8204322237056,4.78951385091324,5.00750755524527,13.4416249410163,2.00390124725033,9.86356415398904,2.77763365466708,0.992019845694538,3.28037795041504,0.591187609925282,3.29549233516485,0.717311614005499,1.87455679004446,1.64665701970393,0.244459474468716,2.10168796451772,0.315724315736311,0.356669426522129,BACK-ARC_BASIN,-176.19,-14.94,,2012
2.47,6.95,16.58,49.1,0.2,0.28,11.51,0.97,0.18,9.18,6.4,344.0,272.0,45.0,40.0,58.0,316.0,18.8,48.7,0.63,2.4,7.04,1.34,7.14,2.29,0.91,3.02,0.51,3.35,0.68,2.05,2.0,0.3,1.44,0.05,0.12,BACK-ARC_BASIN,-176.635,-22.29,,2007
3.47,5.66,17.24,50.79,0.26,0.32,10.57,1.74,0.19,9.99,3.0,281.0,,,38.0,36.0,179.0,43.0,147.0,4.0,,,,,,,,,,,,,,,,,BACK-ARC_BASIN,-177.862,-18.568,,1994
3.56,5.22,18.02,49.22,0.33,1.55,7.14,1.37,0.22,,22.3,420.0,20.8,,21.0,144.0,568.0,25.6,122.0,4.93,13.5,35.0,5.1,23.7,5.47,1.64,5.191,0.84,4.34,0.86,2.25,2.0,0.303,3.06,0.315,0.969,BACK-ARC_BASIN,133.208,25.5262,,2013
2.71,7.4,15.4,49.6,0.11,0.37,12.99,1.35,0.16,8.38,4.0,,117.0,,266.0,23.0,129.0,30.0,82.0,2.0,5.0,13.0,,10.0,,,,,,,,,,,,2.0,BACK-ARC_BASIN,140.789,18.0,,1980
3.39,6.47,16.4,52.15,0.2,0.3,10.1,1.55,0.19,8.58,3.51,291.0,265.0,,147.0,45.0,169.0,35.0,116.0,8.0,,,,12.99,,,,,,,,,,,,,BACK-ARC_BASIN,144.778,17.953,,1985; 1987
3.24,6.05,15.8,50.7,0.18,0.32,11.41,1.65,0.15,9.3,5.0,,58.0,,59.0,42.0,173.0,36.0,123.0,5.0,3.0,17.0,,,,,,,,,,,,,,0.0,BACK-ARC_BASIN,136.057,28.984,,1980
2.81,6.25,13.3,44.8,0.99,1.55,12.44,4.9,0.19,10.66,22.0,,69.0,,45.0,362.0,1088.0,26.0,188.0,32.0,25.0,58.0,,,,,,,,,,,,,,0.0,BACK-ARC_BASIN,132.775,24.701,,1980
2.66,4.52,16.4,48.8,0.29,0.41,12.43,1.6,0.19,10.7,9.0,,192.0,,58.0,30.0,185.0,38.0,114.0,3.0,6.0,15.0,,,,,,,,,,,,,,0.0,BACK-ARC_BASIN,136.057,28.984,,1980
3.06,6.2,16.2,49.0,0.132,0.19,11.3,1.26,0.15,,7.9,290.0,190.0,38.0,56.0,,150.0,10.71,,,2.28,7.53,,,,,,,,,,,,,,,BACK-ARC_BASIN,136.057,28.9833,,1980
2.39,5.65,16.81,50.87,0.16,0.29,10.89,1.06,0.19,,5.0,365.0,,,27.0,30.0,147.0,26.0,60.0,4.0,,,,,,,,,,,,,,,,,BACK-ARC_BASIN,-176.5,-20.142,,1994
2.56,7.3,14.2,50.0,0.15,0.22,11.21,1.8,0.19,,5.5,298.0,148.0,44.0,71.0,40.0,141.0,,,,,,,,,,,,,,,,,,,,BACK-ARC_BASIN,173.52,-18.818,,1991
1.81,9.52,16.28,48.5,0.05,0.04,13.06,0.75,0.15,8.43,1.0,221.0,293.0,44.0,113.0,21.0,143.0,17.0,42.0,,1.53,5.45,,,1.85,0.77,,0.37,,,,1.83,0.3,1.16,0.0,,BACK-ARC_BASIN,-176.5,-20.142,,1994
2.24,6.77,13.36,49.77,0.107,0.06,11.06,1.4,0.219,12.45,0.85,409.0,130.0,46.2,56.0,14.382,82.33,34.37,75.84,1.46,2.63,8.71,1.57,8.5,3.28,1.2,4.91,0.86,6.23,1.35,4.0,3.94,0.59,1.92,0.093,0.172,BACK-ARC_BASIN,150.3,-3.1431,,2015
3.54,6.03,16.23,51.14,0.14,0.27,10.87,1.56,0.17,9.31,3.2,272.0,49.0,,32.0,39.0,219.0,34.0,127.0,3.6,5.23,15.14,2.47,12.76,4.02,1.5,4.93,0.89,5.57,1.2,3.42,3.24,0.48,3.1,0.26,0.39,BACK-ARC_BASIN,-58.4,-62.4,QUATERNARY,2002
2.38,4.87,16.43,50.91,0.1,0.22,10.66,0.93,0.23,,3.2,456.0,14.0,51.0,8.0,54.4,190.0,,,,,5.79,,5.68,2.06,0.76,2.72,,3.29,,2.27,2.07,0.33,,,,BACK-ARC_BASIN,140.1,30.5,,1989
2.72,8.19,15.8,49.8,0.13,0.2,10.97,1.19,0.11,,,,247.0,,82.0,28.0,193.0,28.0,83.0,4.0,4.0,12.0,,,,,,,,,,,,,,,BACK-ARC_BASIN,136.057,28.9833,,1980
2.42,6.99,13.7,50.46,0.09,0.05,11.46,1.23,0.2,,0.5,369.0,78.0,,58.0,10.0,71.0,28.0,64.0,0.9,1.8,5.9,,,2.75,1.03,3.7,,,1.1,,3.25,0.54,0.7,,2.0,BACK-ARC_BASIN,150.128,-3.29,,2003
3.78,5.95,16.12,50.1,0.31,0.66,10.07,1.83,0.16,,6.0,220.0,92.0,11.0,56.0,240.0,470.0,25.0,160.0,4.0,14.0,34.0,,22.0,6.1,1.7,4.7,,4.5,1.0,3.2,2.8,,4.5,,,BACK-ARC_BASIN,151.674,-9.79,,1997
2.85,6.76,13.92,50.15,0.1,0.21,11.03,2.48,0.2,,5.0,326.0,92.0,43.0,42.0,25.0,113.0,,,,,,,,,,,,,,,,,,,,BACK-ARC_BASIN,173.873,-17.155,,1991
2.45,8.1,16.9,47.6,0.13,0.14,12.16,1.15,0.15,,4.0,237.0,310.0,44.0,150.0,13.0,150.0,27.0,71.0,1.45,2.85,,,9.0,,1.0,,,4.3,,3.1,2.6,,,,,BACK-ARC_BASIN,173.393,-15.972,,1994
3.56,6.18,16.12,50.77,0.2,0.31,10.55,1.68,,8.86,3.54,,,,,41.4,197.0,,,,6.34,17.0,,12.9,3.98,1.43,5.08,,5.87,,3.63,3.54,,,,,BACK-ARC_BASIN,144.518,15.296,,1996
2.49,8.44,16.24,48.16,0.12,0.38,11.85,1.4,0.16,10.16,10.2,232.0,285.0,47.4,141.0,71.1,206.0,16.1,71.0,9.04,6.06,14.3,1.95,8.99,2.51,0.937,2.99,0.493,3.04,0.589,1.59,1.51,0.22,1.68,0.551,0.644,BACK-ARC_BASIN,-176.011,-14.748,,2012
2.42,7.53,13.98,50.35,0.1,0.05,11.56,1.24,0.2,,0.5,347.0,124.0,,79.0,12.0,74.0,26.0,66.0,1.2,,,,,,,,,,,,,,,,,BACK-ARC_BASIN,150.027,-3.378,,2003
2.77,6.58,15.5,48.2,0.08,0.54,11.64,1.14,0.14,8.35,1.0,,253.0,,85.0,21.0,176.0,23.0,86.0,1.0,7.0,9.0,,8.0,,,,,,,,,,,,0.0,BACK-ARC_BASIN,145.18,17.912,,1980
2.8531,7.3609,16.29448,48.60868,0.16212,0.27482,12.00532,1.74898,0.19148,10.39994,6.90535696040037,294.589083752972,269.842108801152,43.7821769898511,181.822330908208,51.7119329853958,211.711285335003,27.6882420249219,118.789029386251,4.8652683307383,5.35360500217248,13.3453673022735,2.24729266999301,12.3909402539263,3.84960047053034,1.35649804113811,4.78251050768758,0.768588174670455,5.47151734092198,1.18441867678989,2.76637193048623,3.05597247475572,0.479229309928504,2.64790515804515,0.366312759554589,0.331053340036778,BACK-ARC_BASIN,-176.07,-14.82,,2012
3.59,6.21,18.18,49.34,0.47,1.26,5.76,1.3,0.26,,31.2,397.0,20.2,,15.1,191.0,993.0,36.2,108.0,2.85,14.1,35.8,5.42,26.0,6.44,1.94,6.74,1.12,5.95,1.22,3.31,2.96,0.454,3.13,0.183,0.978,BACK-ARC_BASIN,133.208,25.5262,,2013
3.11,5.76,17.02,52.71,0.28,0.65,10.43,1.17,0.18,7.86,11.0,270.0,,,59.0,50.0,244.0,30.0,96.0,2.0,,,,,,,,,,,,,,,,,BACK-ARC_BASIN,144.8,18.15,,1990
1.8,7.47,14.53,50.65,0.15,0.78,11.35,1.83,0.15,11.83,16.0,220.0,213.0,32.0,159.0,180.0,260.0,,,,,,,,,,,,,,,,,,,,BACK-ARC_BASIN,173.922,-16.97,,1991
2.186,7.765,14.949,51.017,0.093,0.063,12.174,1.026,0.194,9.777,1.0908,317.612,237.641,43.159,75.468,10.8368,88.474,26.78,53.418,0.652,1.609,5.596,1.033,5.917,2.211,0.833,3.397,0.62,4.243,0.941,2.766,2.782,0.433,1.52,0.056,0.075,BACK-ARC_BASIN,-176.132,-20.2999,,2013
1.92,7.44,15.64,51.14,0.085,0.101,12.44,0.82,0.16,8.67,1.36,263.0,260.0,39.2,87.0,15.0,113.0,20.5,40.2,0.54,1.32,4.38,0.83,4.68,1.74,0.68,0.48,2.67,3.32,0.74,2.11,2.13,0.34,1.18,0.047,0.063,BACK-ARC_BASIN,-176.126,-20.053,,2009
2.93,6.35,16.8,50.1,0.13,0.11,11.4,1.32,0.14,,0.85,226.0,255.0,38.8,86.8,31.0,176.0,28.7,92.1,5.6,4.48,12.3,1.9,10.2,3.38,1.23,3.94,0.7,4.98,1.12,2.92,2.73,0.396,2.4,0.34,0.42,BACK-ARC_BASIN,115.047,12.9196,,2018
1.98,7.98,16.59,48.38,0.06,0.11,14.46,0.75,0.15,,7.0,,342.0,,103.0,11.0,356.0,18.0,56.0,1.0,,10.0,,,,,,,,,,,,,,,BACK-ARC_BASIN,-176.5,-20.142,,1994
3.84,5.98,17.31,51.54,0.36,1.12,10.01,1.2,0.12,,19.0,160.0,120.0,25.0,58.0,455.0,600.0,,160.0,4.5,,,,,,,,,,,,,,7.0,,,BACK-ARC_BASIN,150.976,-9.7792,,1997
2.91,7.63,14.81,49.8,0.05,0.11,11.93,1.47,0.18,,3.0,258.0,259.0,43.0,71.0,26.0,131.0,33.2,83.0,2.3,3.6,,,8.9,,0.97,,,5.3,,3.2,3.18,,,,,BACK-ARC_BASIN,174.028,-16.7933,,1991; 1994
3.04,5.59,17.1,49.7,0.15,0.27,11.2,1.28,0.17,,4.61,222.0,269.0,40.6,92.2,31.1,178.0,27.5,87.2,5.45,4.29,12.1,1.82,9.7,3.19,1.19,3.77,0.69,4.79,1.07,2.8,2.64,0.377,2.29,0.33,0.51,BACK-ARC_BASIN,115.047,12.9196,,2018
1.82,9.66,16.34,48.78,0.27,0.37,11.24,0.75,0.17,,5.85,278.0,460.0,,,36.4,251.0,22.0,47.0,0.94,4.18,9.92,1.49,8.07,2.28,0.88,2.89,0.53,3.25,0.71,2.06,1.99,0.31,1.31,0.086,0.46,BACK-ARC_BASIN,138.491,30.011,,2009
1.93,7.45,15.46,51.7,0.08,0.03,11.99,0.96,0.17,,0.56,340.0,280.0,43.0,70.0,6.9,80.0,25.4,52.3,0.71,1.52,5.01,0.91,5.38,2.08,0.81,2.94,0.58,3.87,0.86,2.42,2.53,0.41,1.48,0.04,0.06,BACK-ARC_BASIN,-176.133,-20.567,,1995
2.91,6.6,15.33,49.69,0.23,0.38,10.76,2.06,0.18,,5.0,,226.0,,82.0,66.0,158.0,47.0,159.0,6.0,8.0,8.0,,,,,,,,,,,,,,1.0,BACK-ARC_BASIN,-65.963,-58.1927,,1980
2.34,5.16,13.7,46.4,0.54,0.42,11.1,4.46,0.45,,3.0,,64.0,,50.0,252.0,452.0,38.0,341.0,42.0,36.0,70.0,,,,,,,,,,,,,,1.0,BACK-ARC_BASIN,132.775,24.7007,,1980
1.4,5.78,14.83,49.55,0.08,0.96,10.77,0.49,0.17,13.54,16.0,197.0,128.0,38.0,39.0,,168.0,,33.0,,,,,,,,,,,,,,,,,,BACK-ARC_BASIN,-176.635,-22.29,,1990
2.29,10.25,14.11,52.77,0.13,0.79,9.84,0.41,0.16,,12.5,,,,185.0,151.0,434.0,10.5,32.0,0.54,4.35,9.12,1.34,6.54,1.71,0.58,1.76,0.29,1.75,0.38,1.08,1.02,0.15,0.83,,0.45,BACK-ARC_BASIN,151.924,-3.7205,,2001
3.59,6.01,17.73,49.48,0.18,0.27,11.37,1.46,0.15,,1.0,244.0,218.0,,79.0,21.0,176.0,,109.0,,,,,,,,,,,,,,,,,,BACK-ARC_BASIN,144.967,17.747,,1985
2.83,6.09,13.6,50.5,0.41,0.86,9.43,3.61,0.14,10.48,9.0,,174.0,,93.0,151.0,409.0,36.0,273.0,27.0,23.0,58.0,,,,,,,,,,,,,,0.0,BACK-ARC_BASIN,132.775,24.701,,1980
2.75,6.42,15.37,51.98,0.09,0.27,11.64,1.32,0.18,,8.87,313.0,,,,44.2,141.0,30.3,74.6,2.47,4.42,12.6,1.96,9.5,3.39,1.18,4.55,,5.46,,3.44,3.44,0.5,2.07,0.17,0.36,BACK-ARC_BASIN,-174.842,-15.6615,,1993; 2003
2.04,9.89,16.83,47.57,0.04,0.02,12.66,0.63,0.17,,,234.0,315.0,59.0,2.03,,63.0,21.0,34.0,0.4,0.8,2.8,,,1.47,0.63,2.2,,,0.75,,2.75,0.47,0.7,,3.0,BACK-ARC_BASIN,149.967,-3.87,,2003
2.3,7.05,14.64,52.35,0.103,0.111,10.99,1.12,0.18,10.65,2.25,347.0,156.0,42.1,66.0,13.9,69.0,29.9,53.6,1.15,1.77,5.85,1.07,6.19,2.32,0.85,0.68,3.69,4.7,1.06,3.08,3.14,0.49,1.59,0.087,0.098,BACK-ARC_BASIN,-175.976,-19.586,,2009
3.12,6.39,15.0,48.4,0.1,0.47,12.18,1.18,0.14,8.42,6.0,,234.0,,71.0,43.0,185.0,23.0,90.0,1.0,15.0,12.0,,9.0,,,,,,,,,,,,0.0,BACK-ARC_BASIN,145.18,17.912,,1980
4.73,6.82,17.04,51.0,0.16,0.34,9.75,0.95,0.16,,6.0,278.0,251.0,,98.0,8.0,111.0,23.2,58.0,3.0,3.39,8.12,1.33,6.58,2.34,0.83,2.93,0.52,3.36,0.76,2.0,1.95,0.34,1.58,,0.25,BACK-ARC_BASIN,121.22,8.0037,,1991
3.48,7.23,15.88,52.79,0.18,0.23,10.37,1.62,,9.48,2.34,273.0,211.0,39.0,118.0,27.3,184.0,37.8,123.4,4.5,5.31,15.1,2.45,12.4,3.97,1.48,5.27,0.96,5.98,1.31,3.74,3.63,0.54,3.03,0.294,0.354,BACK-ARC_BASIN,144.54,19.45,,1998; 2000; 2005
2.45,7.48,17.35,51.04,0.13,0.31,12.54,0.89,0.16,7.23,4.8,226.0,232.0,34.0,127.0,25.0,221.0,26.0,88.0,1.0,4.53,,,9.0,2.39,,,,,,,,,,0.17,0.43,BACK-ARC_BASIN,144.67,18.3,,1990
2.64,8.07,16.8,50.65,0.13,0.14,11.68,1.13,0.13,,1.0,,146.0,,80.0,41.0,180.0,26.0,96.0,1.0,,12.0,,,,,,,,,,,,,,,BACK-ARC_BASIN,-177.862,-18.568,,1994
1.56,9.64,15.0,49.65,0.07,0.07,13.16,0.65,0.17,8.54,,316.0,253.0,46.0,57.0,,102.0,,,,,,,,,,,,,,,,,,,,BACK-ARC_BASIN,-176.125,-18.625,,1990
2.24,5.93,14.95,48.5,0.11,0.42,12.47,1.17,0.16,,8.69,303.0,346.0,52.5,112.0,36.4,139.0,26.9,73.8,6.27,4.95,12.3,1.76,9.1,2.77,0.98,3.63,0.67,4.38,0.96,2.74,2.67,0.43,1.93,0.41,0.47,BACK-ARC_BASIN,127.831,12.8072,,2005
2.49,7.0,16.9,51.44,0.16,0.69,10.99,0.97,0.13,,8.0,228.0,169.0,,80.0,63.21,230.0,26.0,90.0,6.0,,,,,,,,,,,,,,,,,BACK-ARC_BASIN,144.778,17.953,,1985
2.55,6.71,14.08,50.1,0.11,0.1,11.08,1.62,0.22,12.07,2.0,444.0,158.0,44.0,62.0,,80.0,,,,,,,,,,,,,,,,,,,,BACK-ARC_BASIN,-176.553,-18.922,,1994
2.5,8.24,17.07,50.72,0.11,0.09,12.46,0.94,0.116,7.51,0.73,219.0,270.0,35.0,114.0,27.0,152.0,26.0,60.0,2.38,3.6,6.9,,,,1.04,,0.48,,,,,,1.52,0.12,0.36,BACK-ARC_BASIN,144.532,18.013,,1982
2.43,6.72,17.43,49.58,0.13,0.24,11.74,0.87,0.19,9.6,3.7,319.2,110.9,41.2,29.5,37.18,207.0,19.3,40.8,0.87,2.52,7.08,1.24,6.37,2.04,0.79,2.66,0.46,3.03,0.67,1.88,1.73,0.26,1.08,0.06,0.21,BACK-ARC_BASIN,139.69,32.19,,2010
2.37,9.87,16.74,50.11,0.1,0.37,11.57,0.93,0.13,,5.73,204.0,545.0,39.8,219.0,28.6,167.0,19.3,56.7,1.92,3.2,8.23,1.31,7.14,2.37,0.92,2.6902611,0.55,3.7,0.77,2.29,2.27,0.32,1.8,0.18,0.23,BACK-ARC_BASIN,144.714,18.031,,2019; 2021
2.65,7.62,15.37,50.2,0.122,0.048,11.97,1.49,0.161,9.64,0.184,299.0,368.0,40.6,87.2,2.29,99.1,30.5,86.4,0.982,2.33,8.88,1.6,8.88,3.25,1.23,4.66,0.839,5.43,1.18,3.31,3.21,0.498,2.26,0.071,0.058,BACK-ARC_BASIN,156.685,-9.0967,,2023; 2003
2.83,7.46,15.32,49.98,0.26,0.68,11.89,1.63,0.16,9.57,15.9,267.0,259.0,37.6,92.0,196.0,296.0,24.0,125.0,24.73,16.15,34.74,4.33,18.07,4.14,1.38,4.43,0.68,4.21,0.83,2.31,2.17,0.34,2.96,1.52,1.87,BACK-ARC_BASIN,-30.3252,-56.1005,,2003; 2000
1.74,8.38,16.77,48.19,0.15,0.34,12.85,0.88,0.19,9.47,7.74,330.6,192.9,47.8,75.0,26.12,308.0,17.4,39.5,1.42,4.12,10.01,1.65,8.13,2.32,0.8,2.57,0.43,2.67,0.58,1.62,1.49,0.22,1.04,0.1,0.428,BACK-ARC_BASIN,139.375,31.9,,2010
3.22,8.41,16.07,50.44,0.16,0.27,11.07,1.16,0.15,,5.0,200.0,260.0,32.0,120.0,53.0,231.0,25.8,109.0,4.6,5.9,15.3,2.03,10.4,3.31,1.29,3.88,0.7,4.56,0.96,2.87,2.65,0.39,2.3,0.24,0.45,BACK-ARC_BASIN,143.953,20.0658,,2016
2.6,6.2,15.68,50.77,0.13,0.28,12.4,1.14,0.118,,4.46,285.0,314.0,29.0,44.0,11.0,172.0,36.0,87.0,3.84,3.39,8.4,,,,1.15,,0.66,,,,,,2.01,0.16,0.3,BACK-ARC_BASIN,145.18,17.912,,1982
2.73,7.53,15.24,50.36,0.27,0.65,11.51,1.59,0.15,,16.4,267.0,260.0,38.0,89.0,194.0,296.0,24.0,124.6,24.74,16.27,34.62,4.36,18.23,4.17,1.39,4.44,0.69,4.17,0.84,2.3,2.17,0.33,3.01,1.52,1.86,BACK-ARC_BASIN,-30.3252,-56.1005,,2003
2.84,5.64,17.6,48.1,0.06,0.24,10.9,0.85,0.14,,4.22,194.0,355.0,64.5,233.0,8.52,97.9,25.5,36.6,1.23,1.39,4.14,0.75,4.27,1.7,0.75,2.75,0.56,3.92,0.89,2.61,2.65,0.43,1.23,0.09,0.1,BACK-ARC_BASIN,117.0,15.3923,,2025
2.24210600942714,6.01170327723966,15.616093488355,52.1492254964757,0.213483581382046,0.638226182177641,11.0907317980171,1.00300851973271,0.184090134789839,9.50019434513284,13.8461792617822,254.336646628903,279.683514094532,40.5064903927494,139.725025815566,70.3795772654028,198.574767051313,20.0178283181936,44.5464552710617,1.97991697486685,3.64590144093274,9.0564330158217,1.39533217663539,7.05189269818258,2.08663628006484,0.770990141038326,2.80917825374178,0.483655712390508,3.21762298258999,0.710385174037343,2.04931417666519,2.07637462677138,0.325090395284527,1.20946482598915,0.131978947004989,0.411803230223573,BACK-ARC_BASIN,-174.583,-16.053,,2012
2.69,6.29,16.72,50.78,0.18,0.32,12.0,1.05,,7.96,6.34,,,,,50.9,306.0,,,,4.92,12.9,,10.0,2.91,1.12,3.57,,3.91,,2.35,2.27,,,,,BACK-ARC_BASIN,144.85,16.534,,1996
2.75,5.84,17.36,51.19,0.19,0.65,11.8,0.81,0.15,8.83,16.0,343.0,140.0,40.0,147.0,207.0,415.0,16.7,46.4,0.97,4.54,10.74,1.71,8.32,2.54,0.93,3.04,0.51,3.05,0.64,1.79,1.69,0.27,1.43,0.126,0.38,BACK-ARC_BASIN,-178.8,-21.5,,2007
3.61,6.9,17.33,50.27,0.36,1.19,9.98,2.05,0.17,,37.0,221.0,192.0,,79.0,349.0,315.0,31.0,152.0,34.0,16.5,34.0,4.17,17.8,4.5,1.57,5.01,,5.28,,3.19,2.75,,,,4.0,BACK-ARC_BASIN,175.902,-13.565,,1990
2.49,5.11,12.5,50.4,0.44,0.83,9.39,3.89,0.18,12.76,15.0,,105.0,,67.0,222.0,365.0,40.0,275.0,35.0,31.0,62.0,,,,,,,,,,,,,,2.0,BACK-ARC_BASIN,132.775,24.701,,1980
2.61,7.39,16.5,49.73,0.1,0.21,13.32,0.65,0.11,,3.9,205.0,230.0,,72.4,9.1,326.0,15.5,41.2,0.38,2.72,7.6,1.2,6.6,1.89,0.73,2.27,0.39,2.46,0.54,1.52,1.4,0.2,0.96,0.039,0.15,BACK-ARC_BASIN,137.954,27.988,12.6,2009
2.63,5.67,16.84,52.61,0.24,1.05,10.38,1.02,0.15,7.5,24.3,281.0,73.0,27.9,33.0,283.0,394.0,24.3,78.6,4.17,9.27,23.21,3.0,13.58,3.69,1.24,4.09,0.66,4.06,0.83,2.33,2.28,0.36,2.01,0.27,1.9,BACK-ARC_BASIN,-30.35,-56.116,,2000
2.62,7.65,15.99,49.29,0.14,0.24,11.67,1.6,0.19,10.04,6.66,266.0,248.0,38.5,122.0,53.2,162.0,30.3,109.0,6.13,6.8,15.6,2.39,11.9,3.58,1.25,4.75,0.799,5.25,1.13,3.1,3.22,0.458,2.75,0.396,0.816,BACK-ARC_BASIN,-175.008,-14.835,,2012
2.59,8.4,16.58,49.57,0.07,0.08,11.88,1.09,0.14,,3.0,260.0,,,,25.3,139.0,24.1,66.0,2.0,3.4,10.0,1.5,8.5,2.7,1.0,3.6,,4.4,,2.8,2.8,0.4,1.7,0.14,0.23,BACK-ARC_BASIN,-174.817,-15.6533,,1993; 2003; 2020
3.52,5.83,15.72,51.9,0.2,0.39,10.48,1.8,0.18,,4.5,299.0,116.0,39.0,43.0,26.6,165.0,37.1,147.0,1.89,4.68,14.8,2.66,13.32,4.56,1.57,5.93,1.25,6.9,1.58,4.43,4.33,0.7,3.64,0.12,0.21,BACK-ARC_BASIN,-177.862,-18.568,,1994
2.56,5.23,13.28,51.9,0.343,0.6,9.42,3.42,0.15,12.31,17.0,360.0,55.0,45.0,49.0,,350.0,,,,,,,,,,,,,,,,,,,1.9,BACK-ARC_BASIN,132.775,24.7007,,1980
1.8,5.69,15.01,52.7,0.2,0.65,10.52,0.68,0.15,9.76,18.1,356.0,,,,82.0,492.0,15.1,29.4,0.62,9.2,23.4,3.15,14.0,2.79,0.87,2.75,0.422,2.83,0.58,1.7,1.73,0.265,0.98,0.033,0.74,BACK-ARC_BASIN,-176.773,-22.5364,,1997; 2004
2.65,5.84,15.28,52.75,0.09,0.24,10.34,0.87,0.16,,3.0,306.0,55.0,45.0,48.0,28.0,107.0,21.0,53.0,0.9,2.0,5.8,,,2.0,0.77,2.7,,,0.8,,2.55,0.41,1.2,,3.0,BACK-ARC_BASIN,151.158,-3.75167,,2003
2.34884,8.24442,15.72108,49.91882,0.07836,0.09914,12.475,1.18632,0.19452,9.82628,2.82674139066703,342.900464119114,315.726357280593,51.3335880543744,117.709862665912,26.330249837242,69.5513830620952,26.7076213416919,47.3962364456869,2.32451588653807,2.26763079179199,6.25499894148893,1.14679294390956,6.58023884852519,2.56241722635778,0.992106963347164,3.69327095819903,0.660747438752974,4.59218348968057,0.999753196207817,2.98407832289927,2.98593750189117,0.417047652204571,1.59087687023065,0.13022135666834,0.20586540678221,BACK-ARC_BASIN,-177.1,-15.59,,2012; 2015
3.02,7.22,16.31,50.82,0.14,0.22,11.41,1.34,0.15,7.97,2.0,,229.0,,86.0,27.0,198.0,29.0,94.0,2.0,6.19,13.0,,11.0,3.35,1.24,,0.72,,,,2.64,0.402,,,,BACK-ARC_BASIN,144.83,18.2,,1990
2.86,6.26,16.53,52.48,0.18,0.43,11.07,1.01,,7.51,7.4,231.0,158.0,32.4,57.0,107.0,310.0,22.4,85.5,3.68,9.21,19.72,2.71,11.96,3.15,1.14,3.64,0.6,3.65,0.77,2.18,2.07,0.32,1.96,0.24,1.051,BACK-ARC_BASIN,143.28,21.35,,2003; 2005
1.51,9.37,17.54,47.63,1.47,2.93,6.76,3.1,0.09,,1.0,180.0,167.0,,112.0,12.0,151.0,48.0,17.0,110.0,,,,,,,,,,,,,,,,,BACK-ARC_BASIN,147.715,17.92,,1983
2.221675,8.2118,15.14655,50.06325,0.059325,0.040975,13.630375,0.893925,0.19815,9.5898,0.574918406034137,267.049504824309,336.96453187944,46.0499666366977,98.2355187746482,5.02462749164913,67.0001509653576,26.833429157411,45.2910055576482,0.742550203493513,1.0767357607149,3.62087893824473,0.738077962086022,4.21403187007798,1.78541977972159,0.727079508072261,2.93652885078823,0.684064499960905,3.85725998515229,0.870297317003226,2.95851542854075,2.43733227215742,0.374676891804309,1.28149276926792,0.055207565125964,0.0663098823018549,BACK-ARC_BASIN,-176.95,-16.86,,2012
1.78,6.01,15.14,49.75,0.26,0.19,9.98,1.11,0.21,12.95,2.4,517.0,23.0,41.0,19.0,51.2,212.0,19.4,36.4,0.48,1.92,5.71,1.01,5.93,1.91,0.84,2.48,0.47,3.05,0.61,2.0,2.0,0.3,1.17,0.03,0.12,BACK-ARC_BASIN,-176.635,-22.29,,2007
2.47,8.5,16.67,49.45,0.115,0.085,12.12,1.24,0.179,9.48,0.857,274.0,336.0,47.9,159.0,8.77,126.0,23.5,62.7,1.67,2.48,8.24,1.37,7.43,2.62,1.04,3.75,0.668,4.33,0.914,2.59,2.62,0.369,1.76,0.108,0.121,BACK-ARC_BASIN,174.273,-16.612,,2023; 1993
2.86,6.79,17.61,50.02,0.17,0.16,11.73,1.05,0.15,8.31,2.0,224.0,,,56.0,37.0,154.0,26.0,82.0,2.0,,,,,,,,,,,,,,,,,BACK-ARC_BASIN,-177.856,-18.5675,,1994
2.52,6.57,15.01,51.6,0.09,0.14,11.14,1.13,0.18,9.97,0.0,401.0,83.0,42.0,44.0,,98.0,,,,,,,,,,,,,,,,,,,,BACK-ARC_BASIN,-176.143,-20.583,,1994
2.08,8.93,17.81,48.34,0.14,0.02,13.52,0.73,0.16,,0.0,219.0,,,114.0,18.0,150.0,20.0,48.0,1.0,,,,,,,,,,,,,,,,,BACK-ARC_BASIN,-176.5,-20.142,,1994
3.74,4.89,14.3,48.5,1.38,1.95,9.18,2.97,0.19,9.33,30.0,,0.0,,0.0,476.0,1553.0,29.0,229.0,46.0,35.1,80.0,,,,4.04,,1.05,,,,,,4.48,,5.0,BACK-ARC_BASIN,132.775,24.701,,1980; 1981
4.37,4.8,15.66,51.91,0.2,0.32,9.23,1.95,0.19,10.54,3.6,344.0,6.0,,15.0,47.0,219.0,44.0,175.0,4.8,7.06,20.0,3.35,16.81,5.06,1.78,6.23,1.11,6.9,1.52,4.39,4.15,0.66,4.22,0.34,0.5,BACK-ARC_BASIN,-58.45,-62.455,,2002
2.57,5.82,18.34,49.69,0.29,0.87,11.58,1.08,0.13,,9.68,330.0,77.4,,36.3,70.9,591.0,24.1,63.3,2.05,8.66,21.5,3.45,16.6,4.26,1.38,4.63,,4.13,,2.24,2.15,,1.87,0.109,0.801,BACK-ARC_BASIN,138.585,30.765,,2000; 2001
2.8856249991558,5.20845079634859,17.1807247290163,51.7468284423081,0.13302526591853,0.470704787096336,10.9490026563713,1.09490026563713,0.184188829733349,10.1465492284146,8.50030834061219,322.913189281968,8.76696199103652,38.0859636502336,19.7261415466768,169.220189644322,228.526468198722,22.8228778487651,73.6701887670449,1.88056315285592,5.06186050729475,13.0182191398875,1.91017564603795,9.52416248688853,2.84904319633832,1.03356372448087,3.4089964479869,0.588891313054258,3.86424144178507,0.814830170687518,2.28238319824545,2.2593885763326,0.348640450081053,1.77977514885096,0.132475737961285,0.732912068656432,BACK-ARC_BASIN,179.238,-34.491,,2021
2.97,5.85,14.43,51.3,0.14,0.27,11.14,1.87,0.22,11.99,6.57,303.0,129.0,38.3,35.6,44.8,131.0,37.5,117.0,4.37,4.73,13.4,2.31,11.7,3.83,1.32,5.29,1.03,6.3,1.37,3.85,3.68,0.572,2.93,0.309,0.373,BACK-ARC_BASIN,-176.14,-15.12,,2012
1.66,9.35,15.15,52.36,0.08,0.24,11.88,0.6,0.16,,11.0,,637.0,,143.0,45.0,143.0,14.0,29.0,1.0,,8.0,,,,,,,,,,,,,,,BACK-ARC_BASIN,-176.775,-20.709,,1994
2.87,6.23,16.01,50.42,0.15,0.19,11.47,1.69,0.16,,9.0,267.0,229.0,46.0,180.0,,123.0,42.0,110.0,18.0,3.7,11.0,1.7,11.0,4.0,1.2,4.9,0.9,7.4,1.3,3.7,3.7,0.5,2.9,,,BACK-ARC_BASIN,139.68,17.145,,1978
1.84,8.3,15.85,48.2,0.17,0.45,12.18,0.97,0.19,10.65,12.83,355.3,243.2,44.5,62.9,26.71,338.0,15.6,28.5,0.64,4.71,11.31,1.82,8.77,2.31,0.82,2.52,0.41,2.54,0.54,1.45,1.35,0.2,0.77,0.06,0.451,BACK-ARC_BASIN,139.39,32.39,,2010
2.73,5.83,14.28,51.31,0.12,0.22,10.26,1.17,0.19,,2.0,368.0,11.0,47.0,38.0,28.0,130.0,28.0,64.0,1.2,,,,,,,,,,,,,,,,,BACK-ARC_BASIN,150.082,-3.382,,2003
2.27,7.75,14.73,50.02,0.07,0.08,12.11,0.88,0.18,,1.0,290.0,177.0,,89.0,18.0,103.0,19.0,42.0,0.7,1.65,5.0,,,2.0,0.79,2.7,,,0.75,,2.45,0.39,1.0,,3.0,BACK-ARC_BASIN,149.732,-3.6067,,2003
2.69,6.54,16.7,49.5,0.18,0.17,11.56,1.56,0.18,,2.0,,198.0,,50.0,42.0,151.0,35.0,121.0,5.0,7.0,16.0,,,,1.41,,0.83,,,,,,2.99,,0.34,BACK-ARC_BASIN,137.441,29.3275,,1980; 1980
3.12,6.64,14.79,51.43,0.16,0.16,11.41,1.42,0.22,10.44,2.65,,111.0,,46.7,30.52,141.34,30.09,93.9,2.58,3.68,10.46,1.88,9.98,3.4,1.17,,0.84,5.93,1.27,3.71,3.68,,,0.14,0.36,BACK-ARC_BASIN,-175.887,-17.958,,2008
3.79,6.35,17.83,50.96,0.22,0.42,11.24,1.36,0.16,8.76,5.0,247.0,,,71.0,30.0,161.0,36.0,119.0,4.0,,,,,,,,,,,,,,,,,BACK-ARC_BASIN,-177.856,-18.5675,,1994
2.96,4.64,12.14,50.8,0.2,0.12,8.75,2.57,0.29,16.96,0.0,618.0,8.0,48.0,21.0,,73.0,,,,,,,,,,,,,,,,,,,,BACK-ARC_BASIN,-176.553,-19.115,,1994
1.84,6.9,15.78,52.97,0.07,0.3,12.51,0.68,0.14,8.82,4.66,,,,,48.5,156.0,15.0,26.2,0.3,2.01,5.4,0.82,4.73,1.72,0.58,2.12,0.34,2.24,0.55,1.47,1.45,0.22,0.78,0.38,0.17,BACK-ARC_BASIN,-176.775,-20.709,,1994; 2007
2.88,7.58,17.06,51.11,0.14,0.24,11.62,1.21,0.17,8.01,1.36,222.0,323.0,36.0,167.0,24.0,158.5,24.0,84.0,1.0,4.41,,,7.93,2.46,,,,,,,,,,0.167,0.27,BACK-ARC_BASIN,144.83,18.2,,1990
2.21,7.0,17.16,48.08,0.11,0.2,11.85,0.96,,9.98,3.0,364.0,209.0,,55.0,27.0,226.0,23.0,48.0,1.3,,8.2,,7.5,2.3,0.9,2.9,,3.5,,2.1,2.1,,,,,BACK-ARC_BASIN,139.923,30.929,,1990
3.06,5.64,15.1,48.75,0.27,0.2,9.62,1.74,,13.15,1.7,,,,9.0,6.0,254.0,26.0,69.0,1.2,7.7,,,,,,,,,,,,,,,,BACK-ARC_BASIN,139.87,30.916,,1992
2.77,6.17,13.29,51.02,0.22,0.17,10.77,2.0,0.22,13.74,2.39,,,,,29.0,120.6,52.7,114.4,4.17,5.01,13.3,2.15,12.0,4.74,1.72,6.48,1.24,8.07,1.73,4.9,4.47,0.71,3.15,0.31,0.42,BACK-ARC_BASIN,175.902,-13.565,,1993; 2014
1.65,5.55,18.89,45.63,0.2,0.67,12.12,1.15,0.25,,16.0,19.0,3.0,,16.0,,560.0,19.0,44.0,,,,,,,,,,,,,,,,,,BACK-ARC_BASIN,139.023,31.505,,1998
2.52,8.63,16.59,49.37,0.116,0.084,12.06,1.22,0.183,9.65,0.852,275.0,337.0,48.7,165.0,8.2,122.0,22.7,60.2,1.58,2.36,7.95,1.31,7.13,2.53,1.0,3.41,0.643,4.29,0.888,2.49,2.48,0.356,1.68,0.104,0.122,BACK-ARC_BASIN,174.273,-16.612,,2023; 1993
2.82,7.27,14.71,49.5,0.1,0.26,11.66,1.87,0.2,,6.0,268.0,200.0,41.0,84.0,27.0,185.0,,,,,,,,,,,,,,,,,,,,BACK-ARC_BASIN,173.818,-16.669,,1991
2.35,9.52,17.01,49.08,0.13,0.01,13.79,0.65,0.14,,1.0,187.0,,,112.0,20.0,155.0,18.0,30.0,2.0,,,,,,,,,,,,,,,,,BACK-ARC_BASIN,-176.5,-20.142,,1994
3.28,7.57,15.94,48.34,0.44,1.84,9.83,1.75,0.18,9.74,51.5,201.0,335.0,,86.0,775.0,686.0,23.2,163.0,39.29,40.06,77.7,9.12,34.9,7.11,2.27,6.2,0.92,5.05,0.93,2.34,1.86,0.3,4.19,2.46,5.44,BACK-ARC_BASIN,173.867,-14.6509,,2016
3.38,6.07,16.11,51.7,0.26,0.31,10.31,1.57,0.19,,3.49,310.0,200.0,,75.0,43.0,177.0,36.0,121.0,7.0,,,,13.04,4.09,,,,,,,,,,,,BACK-ARC_BASIN,144.788,17.953,,1987
2.58,7.47,17.84,51.45,0.13,0.27,11.41,1.17,0.14,7.63,3.33,222.0,256.0,34.0,131.0,33.0,210.6,27.0,89.0,113.0,4.94,,,9.77,2.94,,,,,,,,,,0.183,0.33,BACK-ARC_BASIN,144.7,18.2,,1990; 1994; 2000
2.85,6.61,15.2,49.9,0.19,0.48,11.41,1.74,0.14,9.42,14.0,,213.0,,54.0,56.0,167.0,39.0,131.0,3.0,5.0,16.0,,,,1.56,,0.9,,,,,,3.23,,0.0,BACK-ARC_BASIN,137.44,29.328,,1980; 1981
2.27,7.75,14.73,50.02,0.07,0.08,12.11,0.88,0.18,,0.87,323.0,170.0,42.0,64.6,13.2,104.0,22.6,44.0,0.619,1.66,5.14,0.887,5.37,1.91,0.877,2.89,0.537,3.91,0.869,2.6,2.56,0.374,1.42,0.088,0.099,BACK-ARC_BASIN,149.732,-3.607,,1998; 2003; 2004; 2010
2.5,7.86,14.38,50.1,0.1,0.07,12.01,1.55,0.2,,2.0,281.0,289.0,43.0,89.0,10.0,112.0,,,,,,,,,,,,,,,,,,,,BACK-ARC_BASIN,173.371,-19.959,,1991
3.18,7.61,16.58,48.8,0.4,0.97,10.32,2.33,0.14,,22.0,225.0,190.0,34.0,109.0,249.0,314.0,30.6,158.0,30.8,22.1,,,24.9,,1.69,,,5.4,,2.6,2.34,,,,,BACK-ARC_BASIN,173.92,-17.0,,1994
2.006,7.815,15.221,50.843,0.085,0.09,12.29,1.009,0.183,9.299,1.4011,299.541,356.607,41.058,97.6959,16.724,88.421,24.96,53.093,0.759,1.677,5.657,1.038,5.883,2.11,0.791,3.237,0.584,3.978,0.888,2.559,2.586,0.403,1.5,0.06,0.089,BACK-ARC_BASIN,-176.155,-20.3641,,2013
2.69,9.11,15.8,49.3,0.11,0.09,10.67,1.23,0.16,,,,303.0,,124.0,31.0,144.0,29.0,91.0,3.0,2.0,8.0,,,,,,,,,,,,,,,BACK-ARC_BASIN,137.441,29.3275,,1980
2.5,5.82,13.1,47.8,0.43,0.2,10.16,4.16,0.21,13.04,2.0,,23.0,,33.0,143.0,447.0,37.0,302.0,28.0,32.0,60.0,,,,,,,,,,,,,,1.0,BACK-ARC_BASIN,132.775,24.701,,1980
2.73,8.49,15.73,48.85,0.52,1.06,10.16,2.21,0.17,,24.0,259.0,413.0,,170.0,359.0,376.0,29.0,204.0,54.0,32.7,66.1,7.41,31.8,6.11,1.93,6.11,,5.84,,3.29,2.5,,,,3.0,BACK-ARC_BASIN,173.408,-15.837,,1990
2.1,8.68,16.81,49.64,0.15,0.44,10.84,0.95,0.18,8.76,8.76,284.1,324.2,43.7,104.8,38.85,252.0,20.1,54.7,1.65,4.87,12.06,1.92,9.13,2.66,0.91,2.97,0.51,3.18,0.69,1.93,1.82,0.28,1.33,0.19,0.561,BACK-ARC_BASIN,139.35,32.42,,2010
2.66,7.56,16.0,49.51,0.15,0.42,11.33,1.64,0.18,9.76,1.0,364.0,198.0,46.0,68.0,7.0,86.0,31.0,68.0,2.0,,,,,,,,,,,,,,1.84,0.081,,BACK-ARC_BASIN,-176.5,-18.54,,1977
2.1,7.39,15.8,50.24,0.09,0.11,13.37,0.76,0.21,9.13,2.0,282.0,300.0,121.0,94.0,10.83,166.0,21.0,40.0,3.0,,5.1,,5.12,1.79,0.7,2.58,,,,2.02,1.96,0.32,,,,BACK-ARC_BASIN,-175.953,-18.76,,1985
3.55,6.13,14.91,50.24,0.24,0.52,10.04,1.65,0.19,,3.0,266.0,134.0,,36.0,181.0,276.0,34.0,160.0,6.0,,40.0,,,,,,,,,,,,,,,BACK-ARC_BASIN,134.536,38.616,,1992
2.17,9.4,15.9,50.83,0.14,0.45,11.08,0.84,0.16,,6.77,,,,142.4,88.9,322.0,20.8,61.4,2.84,5.34,13.04,1.7,9.14,2.68,0.93,3.04,0.53,3.24,0.72,2.15,2.02,0.33,1.48,0.227,0.475,BACK-ARC_BASIN,144.826,14.5909,,2011
2.19,7.27,17.31,50.33,0.1,0.25,13.21,0.85,,,5.7,284.0,79.0,,51.0,42.0,311.0,18.0,49.0,1.0,,10.2,,7.9,2.3,0.9,2.6,,3.1,,1.8,1.7,,,,,BACK-ARC_BASIN,139.9,31.07,,1990
1.68,7.76,16.99,47.44,0.22,0.67,13.81,0.81,0.32,10.31,20.95,332.9,150.6,45.1,57.9,51.76,450.0,20.7,45.5,1.44,7.51,17.55,2.86,13.5,3.47,1.11,3.57,0.56,3.34,0.71,1.96,1.8,0.27,1.2,0.09,0.883,BACK-ARC_BASIN,138.95,31.36,,2010
2.66,5.31,12.9,49.5,0.43,0.35,9.53,3.98,0.2,12.27,8.0,,13.0,,31.0,228.0,446.0,41.0,302.0,31.0,28.0,65.0,,,,,,,,,,,,,,2.0,BACK-ARC_BASIN,132.775,24.701,,1980
3.95,7.49,16.09,50.66,0.18,0.29,10.26,1.49,0.16,,3.0,246.0,280.0,,97.0,23.0,174.0,25.0,127.0,2.0,6.4,21.4,,17.3,4.37,1.54,,0.93,,,,2.9,0.55,3.2,0.14,0.7,BACK-ARC_BASIN,-179.0,-33.535,,1993
2.41,8.14,15.09,50.96,0.07,0.17,13.16,1.03,0.17,,6.65,256.0,,,,34.6,135.0,24.1,59.7,2.12,3.56,10.2,1.58,7.62,2.69,0.98,3.66,,4.42,,2.76,2.67,0.41,1.64,0.14,0.28,BACK-ARC_BASIN,-174.817,-15.6083,,1993; 2003
1.92,7.49,15.8,50.61,0.055,0.095,12.5,0.79,0.16,8.46,1.32,271.0,267.0,39.5,83.0,14.4,114.0,20.8,40.1,0.53,1.35,4.55,0.83,4.82,1.76,0.68,0.49,2.69,3.32,0.74,2.12,2.17,0.34,1.15,0.046,0.07,BACK-ARC_BASIN,-176.123,-20.043,,2009
2.98,7.22,16.68,49.98,0.19,0.47,11.56,1.32,0.15,,5.62,,217.0,38.0,54.0,42.3,186.0,,,,3.3,11.1,,,2.4,0.98,,0.6,,,,2.4,0.37,,,,BACK-ARC_BASIN,144.83,17.172,,1972
3.03,7.5,15.74,48.79,0.16,0.19,10.61,1.65,0.15,10.51,1.3,,,,83.0,54.0,198.0,28.0,96.0,1.8,,,,,,,,,,,,,,,,,BACK-ARC_BASIN,138.232,40.189,MIOCENE,1994
3.35,7.04,15.92,50.09,0.16,0.56,9.95,1.45,0.17,,10.0,311.0,310.0,,120.0,75.0,209.0,30.0,116.0,4.0,5.0,22.0,,,,,,,,,,,,,,2.0,BACK-ARC_BASIN,177.25,-36.25,,1994
2.66,8.53,16.3,49.45,0.13,0.29,11.9,1.0,0.14,,,286.0,0.0,,106.0,19.0,232.0,21.0,77.0,,,,,,,,,,,,,,,,,,BACK-ARC_BASIN,140.133,30.045,,1990
3.46,7.2,16.78,49.75,0.21,0.09,12.32,1.1,0.16,,2.0,241.0,,,55.0,32.0,161.0,29.0,74.0,4.0,,,,,,,,,,,,,,,,,BACK-ARC_BASIN,-177.862,-18.568,,1994
2.78,9.68,15.13,49.1,0.19,0.7,7.63,1.13,0.12,10.03,466.0,24.0,5.0,3.4,2.3,343.0,106.0,62.0,167.0,40.0,54.0,108.0,12.7,47.0,9.7,0.85,9.3,1.65,10.2,2.05,6.5,7.4,1.15,6.3,7.2,54.0,BACK-ARC_BASIN,138.231,40.19,CENOZOIC,2015
1.94,9.16,16.38,50.04,0.06,0.05,13.16,0.75,0.16,8.56,1.1,209.0,430.0,,133.0,9.5,59.0,24.0,26.5,1.07,1.19,3.14,0.53,3.23,1.58,0.68,2.57,0.52,3.57,0.78,2.27,2.03,0.32,0.9,0.08,0.1,BACK-ARC_BASIN,177.411,-16.401,,1990; 2014
2.33,4.73,14.23,52.01,0.1,0.28,9.28,1.44,0.22,12.9,,421.0,146.0,53.0,696.0,,142.0,,,,,,,,,,,,,,,,,,,,BACK-ARC_BASIN,-176.125,-18.625,,1990
1.43,6.14,18.52,48.48,0.06,0.13,13.16,0.68,0.19,,2.1,,,,20.3,39.0,169.5,11.5,17.0,0.5,,,,,,,,,,,,,,,,,BACK-ARC_BASIN,140.3,30.5,,2007
3.72,7.1,16.51,49.16,0.24,0.48,8.78,1.75,0.31,,2.0,293.0,195.0,,60.0,145.0,329.0,33.0,159.0,6.0,,32.0,,,,,,,,,,,,,,,BACK-ARC_BASIN,134.536,38.616,CENOZOIC,1992
2.95,6.78,13.78,51.5,0.1,0.2,11.05,1.47,0.21,,5.0,275.0,110.0,46.0,43.0,57.0,110.0,,,,,,,,,,,,,,,,,,,,BACK-ARC_BASIN,173.873,-17.155,,1991
2.9,6.3,16.4,50.3,0.15,0.21,12.23,1.47,0.14,,2.0,,263.0,,107.0,49.0,171.0,35.0,107.0,5.0,4.0,15.0,,,,1.54,,0.81,,,,,,2.71,,0.2,BACK-ARC_BASIN,137.441,29.3275,,1980; 1980
2.71,4.98,17.22,52.88,0.12,0.34,10.11,0.88,0.15,,4.0,,106.0,,23.0,79.0,163.0,22.0,73.0,1.0,,,,,,,,,,,,,,,,1.0,BACK-ARC_BASIN,-30.007,-59.475,,1979
3.0,8.19,16.94,49.96,0.079,0.043,11.78,1.16,0.147,8.45,0.195,197.0,326.0,35.9,103.0,2.21,125.0,25.5,74.0,0.884,2.08,6.58,1.27,7.53,2.62,1.03,4.09,0.701,4.65,0.988,2.9,2.74,0.445,2.01,0.064,0.059,BACK-ARC_BASIN,156.685,-9.0967,,2023; 2003
1.44,8.7,15.42,47.17,0.23,0.81,14.31,0.95,0.19,,18.2,380.0,265.0,,64.9,36.3,493.0,18.8,43.7,1.25,7.57,18.3,2.65,13.39,3.47,1.18,3.77,0.55,3.07,0.61,1.52,1.36,0.21,1.05,0.055,0.74,BACK-ARC_BASIN,138.977,31.0385,1.52,2000; 2001; 2003
2.24,7.71,14.64,50.17,0.08,0.05,12.11,1.07,0.18,,0.5,310.0,204.0,,93.0,6.0,71.0,24.0,57.0,0.9,,,,,,,,,,,,,,,,,BACK-ARC_BASIN,149.695,-3.505,,2003
3.07,5.65,16.5,50.58,0.18,0.35,11.44,1.48,0.18,,6.0,,11.0,,27.0,46.0,211.0,31.0,113.0,2.0,,16.0,,,,,,,,,,,,,,,BACK-ARC_BASIN,-177.862,-18.568,,1994
2.99,6.01,16.13,50.02,0.15,0.16,11.62,1.67,0.18,,12.0,334.0,224.0,38.0,70.0,,80.0,20.0,42.0,0.0,3.7,8.7,1.7,,4.9,1.3,5.4,1.1,6.0,1.5,4.0,3.9,0.5,2.9,,,BACK-ARC_BASIN,139.68,17.145,,1978
2.06,9.52,17.06,48.96,0.03,0.04,12.64,0.8,0.19,8.54,0.73,,396.0,,326.0,13.0,59.0,23.0,46.0,4.0,1.33,4.43,0.83,4.38,1.63,0.7,,0.5,3.15,0.71,2.12,2.25,,1.31,,0.18,BACK-ARC_BASIN,-177.36,-16.1667,,2012; 2011
4.42,6.34,18.17,51.55,0.14,1.47,6.85,0.68,0.21,,22.6,278.0,141.0,,49.9,120.0,434.0,31.2,70.4,0.76,4.35,12.4,2.1,10.6,3.04,0.98,3.83,0.715,4.44,1.2,3.33,3.47,0.595,1.71,0.059,0.348,BACK-ARC_BASIN,133.208,25.5262,,2013
1.98,8.18,14.9,51.34,0.08,0.04,13.21,0.93,0.17,9.26,1.44,,327.0,,93.39,10.67,135.92,38.86,52.8,0.65,1.07,3.61,0.66,3.5,1.27,0.56,,0.39,2.84,0.66,1.97,2.21,,,,,BACK-ARC_BASIN,-176.058,-19.908,,2008
2.72,7.25,16.0,50.0,0.22,0.22,11.09,1.59,0.17,,3.0,,245.0,,59.0,70.0,153.0,37.0,134.0,9.0,8.0,21.0,,,,,,,,,,,,,,1.0,BACK-ARC_BASIN,137.684,28.6375,,1980
2.65,7.5,14.64,50.61,0.1,0.05,12.24,1.24,0.19,,0.2,337.5,214.0,,69.5,8.0,94.8,33.6,69.3,1.3,2.01,7.57,,9.203,3.46,1.27,,0.871,,1.29,,3.22,0.48,2.06,,0.16,BACK-ARC_BASIN,-176.436,-18.6225,,1992
1.98,8.09,15.12,51.4,0.07,0.08,12.57,1.02,0.16,,3.0,326.0,437.0,38.0,94.0,10.3,65.0,25.1,48.0,0.86,1.63,4.95,0.93,5.62,2.04,0.82,3.13,0.58,4.4,0.93,2.83,2.78,0.43,1.1,0.06,0.09,BACK-ARC_BASIN,-175.927,-19.44,,1995
1.4,6.85,17.85,49.0,0.06,0.11,13.2,0.67,0.19,,2.0,,,,21.8,39.4,166.2,11.0,16.1,0.4,,,,,,,,,,,,,,,,,BACK-ARC_BASIN,140.3,30.5,,2007
2.31,8.05,17.38,49.33,0.17,0.31,10.93,1.06,0.14,10.01,4.6,,,,106.0,18.0,213.0,21.0,79.0,1.1,3.5,,,,,,,,,,,,,,,,BACK-ARC_BASIN,139.87,30.916,,1992
3.28,7.48,18.26,48.67,0.1,0.04,11.7,0.98,0.31,,,166.0,245.0,,145.0,11.0,229.0,21.0,73.0,,,6.0,,,,,,,,,,,,,,,BACK-ARC_BASIN,134.536,38.616,,1992
2.22,11.21,15.79,50.11,0.03,0.31,10.6,0.69,0.14,8.09,7.4,221.0,631.0,,235.0,53.0,193.0,15.0,40.0,0.7,2.45,6.17,1.05,5.09,1.68,0.63,1.95,0.37,2.4,0.53,1.54,1.48,0.22,1.22,0.07,0.57,BACK-ARC_BASIN,-56.5,-62.1,QUATERNARY,2002
3.89,9.81,17.8,51.53,0.2,0.82,6.21,1.26,0.15,,10.3,309.0,229.0,,100.0,166.0,273.0,17.9,92.0,5.0,,28.0,,,,,,,,,,,,,,,BACK-ARC_BASIN,138.23,40.19,,1992; 1992
2.92,6.65,13.68,51.5,0.12,0.2,10.78,1.44,0.21,,5.0,260.0,106.0,46.0,41.0,25.0,109.0,,,,,,,,,,,,,,,,,,,,BACK-ARC_BASIN,173.874,-17.1528,,1991
2.18,8.21,17.21,48.9,0.1,0.23,11.9,0.93,0.11,7.62,10.7,121.0,340.0,31.0,133.0,25.0,183.0,21.0,62.0,,,,,,,,,,,,,,,,,,BACK-ARC_BASIN,144.532,18.013,,1982
3.09,5.82,16.8,52.17,0.18,0.45,10.69,1.22,0.18,7.83,6.47,280.0,210.0,,110.0,61.0,219.0,27.0,88.0,7.0,,,,11.76,3.39,,,,,,,,,,,,BACK-ARC_BASIN,144.792,17.96,,1985; 1987
2.28,7.49,17.06,49.82,0.18,0.2,11.88,0.86,0.18,,2.12,266.0,177.3,,54.3,33.8,214.0,18.4,47.2,1.3,2.93,8.54,1.48,7.52,2.3,0.877,3.0,,3.22,,1.91,1.86,,1.33,0.078,0.164,BACK-ARC_BASIN,139.73,32.17,,2000; 2001; 2010
2.01,7.98,14.82,51.5,0.06,0.05,11.88,0.95,0.19,10.0,0.0,371.0,203.0,43.0,85.0,,61.0,,,,,,,,,,,,,,,,,,,,BACK-ARC_BASIN,-175.963,-19.488,,1994
1.57,8.05,15.13,52.51,0.18,0.28,11.62,0.62,0.15,8.76,7.0,,,,114.0,,150.0,20.0,38.0,1.0,,,,,,,,,,,,,,,,,BACK-ARC_BASIN,-176.775,-20.709,,1994
3.07,5.65,16.5,50.58,0.18,0.35,11.44,1.48,0.18,9.63,6.0,,11.0,,27.0,46.0,211.0,31.0,113.0,2.0,,16.0,,,,,,,,,,,,,,,BACK-ARC_BASIN,-177.856,-18.5675,,1994
1.92,9.75,15.51,50.45,0.04,0.22,13.43,0.41,0.15,7.79,2.77,,,,104.0,0.468,251.0,10.3,18.0,2.08,1.62,3.6,0.59,3.15,1.06,0.42,1.33,0.25,1.66,0.37,1.07,4.31,0.15,0.52,,0.14,BACK-ARC_BASIN,151.7,-3.58,,2001; 2003
2.69,9.11,15.8,49.3,0.11,0.09,10.67,1.23,0.16,8.45,0.0,,303.0,,124.0,31.0,144.0,29.0,91.0,3.0,2.0,8.0,,,,,,,,,,,,,,0.0,BACK-ARC_BASIN,137.44,29.328,,1980
2.69,8.09,16.4,48.9,0.18,0.34,10.96,1.15,0.19,8.02,2.0,,262.0,,97.0,54.0,266.0,29.0,109.0,6.0,5.3,15.0,,,,1.24,,0.67,,,,,,2.49,,0.0,BACK-ARC_BASIN,137.684,28.638,,1980; 1981
2.55,6.67,13.79,51.3,0.11,0.08,10.98,1.64,0.23,12.26,1.36,481.0,154.0,46.0,61.0,12.8,80.0,41.7,87.0,1.32,2.78,9.23,1.94,10.15,3.67,1.36,4.93,0.96,6.79,1.47,4.46,4.51,0.7,2.46,0.1,0.11,BACK-ARC_BASIN,-176.553,-18.922,,1994; 2007
3.04,9.11,15.35,49.0,0.25,0.41,10.12,2.29,0.18,,7.2,250.0,226.0,41.0,182.0,60.0,253.0,36.0,153.0,10.0,10.0,,,19.0,,1.65,,,5.8,,3.5,3.3,,,,,BACK-ARC_BASIN,174.147,-21.031,,1991; 1994
2.56,7.51,14.15,50.6,0.1,0.1,11.74,1.63,0.19,,2.0,296.0,224.0,43.0,79.0,17.0,108.0,38.0,82.0,2.1,2.0,,,10.5,,1.25,,,6.1,,3.7,3.55,,,,,BACK-ARC_BASIN,173.368,-19.9533,,1991; 1994
2.56,6.79,15.85,50.56,0.14,0.43,11.51,1.05,0.18,,12.9,287.7,44.4,,51.3,57.0,155.2,26.2,67.0,2.6,,,,,,,,,,,,,,1.85,,0.58,BACK-ARC_BASIN,-174.817,-15.6533,,1992
2.35,7.67,16.43,50.18,0.17,0.47,11.91,1.0,0.16,8.85,8.4,255.9,214.6,,63.2,81.2,249.2,23.5,62.3,3.0,,,,,,,,,,,,,,,,,BACK-ARC_BASIN,127.118,27.5768,,1990
2.62,8.95,15.71,50.51,0.12,0.32,10.69,1.18,0.14,,5.0,208.0,310.0,32.0,150.0,53.0,224.0,25.3,105.0,5.8,6.12,15.2,1.99,10.2,3.21,1.21,3.7,0.67,4.4,0.96,2.85,2.58,0.388,2.3,0.31,0.46,BACK-ARC_BASIN,144.479,19.4244,,2016
2.81,6.53,17.26,50.6,0.15,0.39,11.85,0.99,,7.69,9.1,223.0,166.0,34.3,69.0,100.0,313.0,20.4,77.4,2.48,8.19,17.94,2.49,10.83,2.92,1.07,3.27,0.55,3.35,0.69,1.92,1.83,0.28,1.73,0.167,1.089,BACK-ARC_BASIN,142.42,22.79,,2003; 2005
2.09,6.21,15.38,48.37,0.11,0.16,11.01,0.85,0.17,7.95,5.0,277.0,,,62.0,18.0,118.0,31.0,50.0,1.0,,,,,,,,,,,,,,,,,BACK-ARC_BASIN,-176.06,-20.05,,1977
3.1,4.8,16.15,51.03,0.18,0.92,9.23,1.05,0.23,,,386.0,27.0,,22.0,294.5,241.0,26.5,67.0,,3.4,,,,,,,,,,,,,,,,BACK-ARC_BASIN,-175.298,-23.3457,,1994
3.07,7.71,16.24,50.33,0.16,0.08,11.91,1.33,0.17,8.75,0.64,,,,,5.8,187.0,29.4,105.3,1.57,3.37,10.68,1.73,9.86,3.34,1.34,4.35,0.78,4.93,1.02,3.02,2.55,0.55,2.26,0.1,0.09,BACK-ARC_BASIN,-177.862,-18.568,,1994
1.26,7.14,17.66,49.85,0.06,0.18,13.44,0.52,0.2,8.87,,201.0,141.0,36.0,55.0,,183.0,,36.0,,,,,,,,,,,,,,,,,,BACK-ARC_BASIN,-176.635,-22.29,,1990
3.3,6.07,16.78,52.03,0.22,0.64,9.73,1.42,0.16,,10.3,256.0,121.0,30.1,61.6,71.2,229.0,29.8,111.0,4.61,7.9,18.7,2.82,14.4,4.21,1.47,4.49850645,0.87,5.58,1.17,3.44,3.4,0.49,3.24,1.08,0.69,BACK-ARC_BASIN,144.748,18.045,,2019
1.92,9.75,15.51,50.45,0.04,0.22,13.43,0.41,0.15,,2.77,,,,104.0,66.0,251.0,10.3,18.0,0.27,1.62,3.6,0.59,3.15,1.06,0.42,1.33,0.25,1.66,0.37,1.07,1.01,0.15,0.52,,0.14,BACK-ARC_BASIN,151.693,-3.609,,2001
2.5,7.0,14.97,50.28,0.089,0.048,12.95,1.15,0.2,10.22,0.357,340.0,217.0,49.1,67.6,3.52,87.6,25.4,54.3,0.74,1.7,6.21,1.14,6.43,2.45,0.961,3.63,0.662,4.42,0.971,2.61,2.73,0.418,1.63,0.049,0.049,BACK-ARC_BASIN,174.273,-16.612,,2023; 1993
3.24,5.94,16.41,51.61,0.17,0.33,10.44,1.25,0.19,8.52,4.68,296.0,170.0,,77.0,58.0,179.0,29.0,85.0,6.0,,,,10.39,3.29,,,,,,,,,,,,BACK-ARC_BASIN,144.702,15.865,,1985; 1987
1.82,7.67,16.47,50.35,0.11,0.28,12.9,1.09,0.16,,5.0,,179.0,,78.0,42.0,130.0,22.0,44.0,1.0,,7.0,,,,,,,,,,,,,,,BACK-ARC_BASIN,-177.303,-18.501,,1994
2.51,6.51,15.83,52.04,0.1,0.18,11.26,1.11,0.19,10.27,3.36,,,,,37.2,141.0,24.4,41.1,0.54,1.94,5.39,0.89,5.5,2.09,0.87,3.3,0.46,3.78,0.74,2.4,2.26,0.41,1.28,0.26,0.13,BACK-ARC_BASIN,-177.303,-18.5008,,1994
2.84,11.44,16.29,50.11,0.13,0.25,8.19,1.18,0.16,,0.4,256.0,377.0,,147.0,57.0,277.0,16.0,41.0,2.5,3.7,8.8,1.2,5.7,1.7,0.8,2.2,0.4,2.4,0.5,1.4,1.2,0.2,,,0.3,BACK-ARC_BASIN,138.231,40.19,44.13,1992
3.3,5.43,16.0,51.0,0.22,0.48,10.5,1.49,0.19,,,360.0,37.0,,27.0,31.0,264.0,26.0,94.0,,,,,,,,,,,,,,,,,,BACK-ARC_BASIN,139.888,31.08,,1990
3.17,5.55,15.6,52.65,0.1,0.46,10.15,1.22,0.16,,7.0,257.0,3.0,35.0,31.0,61.0,336.0,,,,,,,,,,,,,,,,,,,,BACK-ARC_BASIN,174.194,-21.3772,,1991
2.5377,7.0406,14.0537,50.2033,0.0953,0.0866,12.07356,1.4234,0.2332,12.03188,1.88452768581407,370.758093698837,171.076603836501,45.2655598863134,59.4572815258776,16.7852312267642,68.9397793672622,34.1136268521883,68.246739650135,2.42704131580462,2.37779703616598,7.01981838268839,1.2952985077626,7.6131769226068,2.9144120809617,1.08176602552343,4.29930417110181,0.745153690038179,5.1093785564532,1.13983089932074,3.55192035416666,3.48344795644724,0.537847729356852,1.815157251308,0.160883802860491,0.179477573282371,BACK-ARC_BASIN,-177.32,-15.84,,2012
2.67,8.39,15.9,49.7,0.12,0.1,11.32,1.27,0.15,8.52,1.0,,308.0,,94.0,32.0,146.0,30.0,89.0,2.0,3.0,9.0,,,,,,,,,,,,,,0.0,BACK-ARC_BASIN,137.44,29.328,,1980
3.18,5.5,15.48,52.45,0.12,0.45,10.42,1.17,0.17,,6.5,260.0,7.0,33.0,25.0,80.0,360.0,,,,,,,,,,,,,,,,,,,,BACK-ARC_BASIN,174.196,-21.387,,1991
3.17,7.73,15.73,49.93,0.19,0.9,10.4,1.72,0.16,,,220.0,330.0,35.0,120.0,75.0,190.0,34.0,120.0,,6.0,15.0,,10.0,4.5,1.5,4.9,,5.1,1.05,4.3,4.3,,,,,BACK-ARC_BASIN,151.855,-9.9255,,1997
2.52,7.12,14.48,50.0,0.1,0.21,11.45,1.79,0.18,,4.5,300.0,232.0,43.0,104.0,20.0,117.0,,,,,,,,,,,,,,,,,,,,BACK-ARC_BASIN,173.615,-18.2007,,1991
3.13,7.58,17.1,50.46,0.13,0.17,11.48,1.05,,7.84,2.63,251.0,318.0,44.1,196.0,30.9,224.0,28.1,80.3,2.99,4.32,11.9,1.77,9.55,3.0,1.2,3.93,0.71,4.47,0.96,2.8,2.69,0.41,2.12,0.184,0.423,BACK-ARC_BASIN,144.61,19.19,,1998; 2005
3.05,6.65,15.08,48.91,0.16,0.24,11.71,1.85,0.21,11.36,0.63,,252.0,,164.0,11.8,123.0,15.4,62.9,1.33,2.81,8.71,1.41,7.83,2.58,0.95,,0.41,3.34,0.67,1.76,1.28,0.19,1.73,,0.09,BACK-ARC_BASIN,-176.63,-15.205,,2012; 2011
2.72,6.62,15.1,49.97,0.23,0.39,11.12,1.82,0.23,10.58,12.1,309.0,195.0,39.6,66.3,96.3,167.0,32.0,135.0,10.6,11.6,25.4,3.41,15.4,4.25,1.42,5.11,0.902,5.79,1.16,3.42,3.3,0.492,2.91,0.617,1.46,BACK-ARC_BASIN,-176.06,-14.7,,2012
1.71496062992126,6.96879643387816,15.4902948490231,51.312096607923,0.141787234042553,0.543048648648649,12.2523076923077,0.667173913043478,0.221052631578947,9.7758470894874,10.9261541791066,307.949916993248,110.139166965299,38.5796229570198,47.652472244602,37.2753835105055,189.236188134755,17.2713968704573,23.3243977631714,0.496917393772101,3.02981213733425,7.84034584757424,1.2925797396827,6.55133240767364,1.86604585912691,0.647085241820866,2.3380610260775,0.402521426454515,2.7327912040271,0.610080819886481,1.79125651275032,1.84293433855966,0.298696806807357,0.693276774246865,0.046385169173125,0.264181045853383,BACK-ARC_BASIN,-174.425,-17.112,,2012
2.95,9.32,15.51,49.4,0.2,0.39,10.39,1.81,0.17,,7.0,256.0,286.0,43.0,190.0,60.0,240.0,,,,,,,,,,,,,,,,,,,,BACK-ARC_BASIN,174.147,-21.034,,1991
2.26,7.48,14.28,51.67,0.089,0.046,11.52,1.18,0.2,11.18,0.79,341.0,100.0,46.1,58.0,7.6,71.0,30.8,60.9,0.83,1.73,6.05,1.12,6.48,2.41,0.9,0.69,3.81,4.83,1.08,3.12,3.18,0.5,1.71,0.066,0.075,BACK-ARC_BASIN,-176.131,-20.053,,2009
2.47,8.18,16.93,49.25,0.18,0.32,11.03,0.99,0.18,9.01,,261.0,0.0,,102.0,33.0,242.0,22.0,67.0,,,,,,,,,,,,,,,,,,BACK-ARC_BASIN,139.79,31.315,,1990
2.72,6.73,15.3,49.2,0.14,0.33,13.98,1.13,0.12,7.58,7.0,,270.0,,100.0,52.0,173.0,28.0,84.0,4.0,2.0,12.0,,,,,,,,,,,,,,2.0,BACK-ARC_BASIN,136.057,28.984,,1980
2.54,8.33,17.02,49.93,0.11,0.12,11.76,1.15,0.14,8.3,1.0,,202.0,,81.0,49.0,170.0,23.0,84.0,1.0,,10.0,,,,,,,,,,,,,,,BACK-ARC_BASIN,-177.862,-18.5676,,1994
2.61,8.24,16.3,49.64,0.09,0.17,11.87,1.08,0.15,9.1,3.0,249.6,356.3,,123.0,24.0,137.1,26.1,74.5,0.6,4.07,9.82,1.57,8.84,2.83,1.07,4.17,,4.56,,2.67,2.22,,1.97,0.0,0.0,BACK-ARC_BASIN,-176.431,-18.621,,1992; 1993
2.48,7.52,14.8,49.1,0.17,0.36,11.87,1.57,0.14,9.64,5.0,,252.0,,111.0,37.0,170.0,33.0,117.0,5.0,4.0,13.0,,,,,,,,,,,,,,0.0,BACK-ARC_BASIN,137.44,29.328,,1980
2.71,6.99,17.1,49.91,0.11,0.16,12.32,1.26,0.15,,3.0,,281.0,,108.0,24.0,164.0,26.0,96.0,1.0,,7.0,,,,,,,,,,,,,,,BACK-ARC_BASIN,-177.862,-18.568,,1994
3.46,6.65,17.25,49.26,0.13,0.38,11.16,1.4,0.16,,3.17,228.0,227.0,,81.0,20.06,170.0,37.0,117.0,7.0,,,,,,,,,,,,,,,,,BACK-ARC_BASIN,144.967,17.747,,1985
1.78,8.66,16.37,48.96,0.05,0.04,14.32,0.77,0.13,8.14,0.0,233.0,352.0,,118.0,16.0,187.0,17.0,45.0,1.0,,6.0,,,,,,,,,,,,,,,BACK-ARC_BASIN,-176.5,-20.1418,,1994; 1992
1.37,6.85,15.25,52.71,,0.35,11.5,0.42,,9.28,6.2,277.0,26.0,46.0,46.0,50.0,149.0,12.0,18.0,0.43,1.9,4.7,0.76,3.7,1.3,0.5,1.8,,2.2,,1.5,1.5,0.23,0.63,0.028,0.19,BACK-ARC_BASIN,-174.517,-17.1,,2008
2.57,5.52,13.15,51.12,0.14,0.09,9.92,1.88,0.26,15.11,1.28,,9.0,,26.9,11.38,85.82,49.38,117.0,1.86,3.23,10.48,1.94,12.22,4.13,1.29,,1.28,7.85,1.74,5.08,5.59,,,0.11,0.13,BACK-ARC_BASIN,-176.605,-18.863,,2008
4.13,7.05,16.5,51.0,0.24,0.27,7.57,1.68,0.17,,0.0,,138.0,32.0,,,180.0,40.0,156.0,,9.3,20.0,,,2.9,1.43,,1.6,4.8,,,3.0,0.46,3.3,0.0,0.0,BACK-ARC_BASIN,12.993,39.728,MIOCENE,1977
4.37,4.8,15.66,51.91,0.2,0.32,9.23,1.95,0.19,10.54,3.6,344.0,6.0,,15.0,47.0,219.0,44.0,175.0,4.8,7.06,20.0,3.35,16.81,5.06,1.78,6.23,1.11,6.9,1.52,4.39,4.15,0.66,4.22,0.34,0.5,BACK-ARC_BASIN,-58.4,-62.4,QUATERNARY,2002
2.99,5.63,15.25,48.4,0.14,0.2,11.87,1.59,0.18,10.05,13.0,240.0,150.0,160.0,45.0,,160.0,,,,,,,,,,,,,,,,,,,,BACK-ARC_BASIN,136.057,28.9833,,1980
2.61,7.24,17.35,49.65,0.18,0.38,11.45,1.05,0.17,,,300.0,0.0,,67.0,36.0,249.0,23.0,74.0,,,,,,,,,,,,,,,,,,BACK-ARC_BASIN,139.79,31.315,,1990
2.65,7.2,15.67,49.94,0.19,0.38,11.96,1.56,0.19,9.57,10.2,263.0,230.0,36.1,67.5,93.2,185.0,27.8,106.0,9.22,8.88,19.3,2.76,12.8,3.55,1.29,4.53,0.739,4.79,1.03,2.8,2.7,0.409,2.64,0.563,1.05,BACK-ARC_BASIN,-175.966,-14.689,,2012
2.51,7.49,13.79,49.5,0.12,0.09,11.6,1.88,0.2,,3.0,340.0,224.0,42.0,83.0,10.0,95.0,,,,,,,,,,,,,,,,,,,,BACK-ARC_BASIN,173.458,-19.27,,1991
2.67,7.71,14.95,49.75,0.15,0.16,11.37,1.85,0.18,,3.5,292.0,262.0,40.0,104.0,25.0,118.0,40.0,103.0,3.3,3.8,,,12.0,,1.5,,,6.3,,3.8,3.7,,,,,BACK-ARC_BASIN,173.461,-19.2573,,1991; 1994
3.93,11.65,17.33,49.27,0.21,0.38,3.13,1.79,0.45,,95.0,480.0,294.0,40.9,160.0,8.21,70.0,35.0,121.0,,21.6,13.6,,4.12,1.52,0.86,,3.65,,,,0.522,3.11,0.333,0.25,0.22,BACK-ARC_BASIN,134.536,38.616,,1992
2.9,7.45,15.14,49.16,0.21,0.19,10.68,2.01,0.18,10.78,3.21,358.0,278.0,,153.0,31.0,152.0,41.0,139.0,4.0,,5.0,,14.09,4.68,,,,,,,,,,,,BACK-ARC_BASIN,-178.495,-15.658,,1993
1.86,7.58,17.0,48.71,0.1,0.24,12.86,0.8,0.18,9.69,,370.0,188.0,,63.0,25.0,233.0,17.0,41.0,,,,,,,,,,,,,,,,,,BACK-ARC_BASIN,139.973,31.11,,1990
2.0743,8.1476,15.51854,49.75382,0.06544,0.03678,13.20796,1.0539,0.18392,9.76706,0.785590262739656,315.842511450594,313.378366582928,46.6195965946864,102.710561545739,5.72467544822884,54.3171011076504,27.0205618851971,38.4955467181954,1.05346772114122,1.11299516222792,3.76919022033003,0.779247253236605,5.09200333675579,2.21051820860549,0.873501293550267,3.61458410999233,0.660896086470081,4.51077156181471,0.953926239874171,2.71035370303222,2.61037832833765,0.40406315468227,1.45365164282623,0.0723155236256473,0.0860095140811519,BACK-ARC_BASIN,-177.27,-15.8,,2012
2.32,8.3,17.0,48.59,0.21,0.26,10.22,1.12,,9.73,0.1,,,,107.0,14.0,237.0,33.0,90.0,2.3,5.1,,,,,,,,,,,,,,,,BACK-ARC_BASIN,139.87,30.916,,1992
2.63,5.67,16.84,52.61,0.24,1.05,10.38,1.02,0.15,8.33,24.3,281.0,73.0,27.9,33.0,283.0,394.0,24.3,78.6,4.17,9.27,23.21,3.0,13.58,3.69,1.24,4.09,0.66,4.06,0.83,2.33,2.28,0.36,2.01,0.27,1.9,BACK-ARC_BASIN,-30.3085,-56.1567,,2000
2.59,8.63,18.1,49.26,0.19,0.12,10.47,1.08,,8.92,2.1,,,,129.0,13.0,245.0,21.0,70.0,1.8,4.0,,,,,,,,,,,,,,,,BACK-ARC_BASIN,139.87,30.916,,1992
3.17,6.26,17.1,47.87,0.34,1.17,10.32,1.67,0.13,,16.9,230.0,200.0,,,119.0,282.0,33.5,135.0,17.0,11.2,24.9,3.02,14.9,4.12,1.43,4.89,0.82,5.13,1.12,3.15,2.93,0.42,3.16,1.06,1.25,BACK-ARC_BASIN,138.066,26.624,,2009
3.14,7.56,16.5,48.9,0.4,0.95,10.46,2.27,0.14,,23.0,225.0,190.0,34.0,105.0,235.0,305.0,29.1,163.0,30.2,21.7,,,24.4,,1.66,,,5.4,,2.4,2.35,,,,,BACK-ARC_BASIN,173.92,-17.0,,1994
2.69,6.87,15.0,51.7,0.17,0.38,10.2,1.46,0.16,,7.17,253.0,242.0,41.4,110.0,69.3,175.0,30.9,109.0,8.82,6.94,17.0,2.5,12.5,3.89,1.39,4.59,0.8,5.42,1.19,3.16,2.99,0.433,2.77,0.54,0.75,BACK-ARC_BASIN,114.923,13.2072,,2018
2.97,6.67,13.92,51.5,0.12,0.2,10.98,1.44,0.21,,5.0,273.0,109.0,46.0,40.0,33.0,113.0,,,,,,,,,,,,,,,,,,,,BACK-ARC_BASIN,173.873,-17.155,,1991
2.2,7.8,14.8,49.6,0.311,0.307,12.5,2.09,0.292,,5.38,653.0,4.43,57.3,10.5,114.0,333.0,58.8,140.0,3.36,14.3,27.7,4.03,19.6,5.73,1.9,7.98,1.4,9.24,2.04,6.08,6.24,1.03,4.19,0.197,1.5,BACK-ARC_BASIN,149.015,-3.528,,2023; 2012
2.64,6.75,15.48,49.73,,0.32,11.41,1.1,,8.95,8.7,244.0,222.0,41.0,68.0,37.0,141.0,23.3,64.0,2.1,3.5,9.7,1.58,8.1,2.9,1.06,3.9,,4.6,,2.9,2.9,0.41,1.8,0.14,0.34,BACK-ARC_BASIN,-174.817,-15.6,,2008
2.54,7.09,16.37,51.76,0.11,0.22,11.97,1.13,0.16,8.62,3.0,,158.0,,55.0,35.0,159.0,25.0,81.0,2.0,,9.0,,,,,,,,,,,,,,,BACK-ARC_BASIN,-177.856,-18.5675,,1994
2.86,5.77,16.5,50.1,0.18,0.16,12.79,1.58,0.35,8.22,2.0,,244.0,,60.0,38.0,165.0,37.0,114.0,3.0,4.0,13.0,,,,,,,,,,,,,,0.0,BACK-ARC_BASIN,137.44,29.328,,1980
3.02,5.47,16.13,52.92,0.1,0.46,10.04,0.6,0.16,,5.24,363.0,22.53,33.76,22.46,127.2,416.75,11.46,30.17,0.4365,2.95,7.275,1.0725,5.56,1.6135,0.61,1.787,0.2947,2.072,0.452,1.34,1.361,0.2077,0.8565,0.02645,0.2595,BACK-ARC_BASIN,152.173,-3.528,,1998; 2003; 2004; 2012; 2020
2.78,7.43,16.5,49.6,0.14,0.1,11.78,1.33,0.15,9.07,1.0,,262.0,,101.0,24.0,161.0,30.0,98.0,2.0,4.0,10.0,,,,,,,,,,,,,,1.0,BACK-ARC_BASIN,137.44,29.328,,1980
3.19,7.5,16.52,49.0,0.4,1.02,10.36,2.35,0.14,,22.0,237.0,190.0,35.0,109.0,235.0,313.0,29.7,163.0,32.4,22.5,,,24.7,,1.71,,,5.3,,2.4,2.38,,,,,BACK-ARC_BASIN,173.92,-17.0,,1994
2.55,6.6,17.05,50.41,0.12,0.63,11.75,0.64,0.16,,8.2,265.0,100.0,,34.0,110.0,356.0,14.0,29.0,,2.8,6.6,,5.8,1.8,0.69,2.6,0.38,,0.55,,1.56,0.25,0.3,0.1,0.2,BACK-ARC_BASIN,157.99,-8.9923,,1987
2.67,4.96,17.2,50.0,0.17,0.44,10.0,1.09,0.21,,,410.0,12.0,,9.0,47.0,278.0,23.0,67.0,,,,,,,,,,,,,,,,,,BACK-ARC_BASIN,139.717,30.173,,1990
2.45,7.33,17.07,50.29,0.16,0.48,12.82,0.82,,6.93,8.48,,,,,137.0,331.0,,,,9.67,20.0,,11.6,2.9,1.05,3.32,,3.25,,1.9,1.8,,,,,BACK-ARC_BASIN,143.36,21.31,,1998; 2003
2.19,6.96,16.49,52.5,0.07,0.32,11.73,0.51,0.14,,3.5,237.0,118.0,,64.0,68.0,183.0,11.0,29.0,0.6,2.0,5.0,,,1.38,0.5,1.6,,,,,1.56,0.24,0.7,,3.0,BACK-ARC_BASIN,151.463,-3.705,,2003
2.63,8.37,16.3,48.0,0.06,0.09,9.95,1.08,0.16,,1.06,209.0,270.0,62.5,138.0,6.2,105.0,27.5,56.8,1.59,2.28,7.01,1.23,6.68,2.36,0.96,3.41,0.65,4.42,0.99,2.81,2.76,0.44,1.67,0.12,0.13,BACK-ARC_BASIN,117.0,15.3923,,2025
3.48,11.46,17.86,51.46,0.19,0.67,5.8,1.18,0.16,,7.3,297.0,364.0,,165.0,154.0,255.0,17.0,83.0,4.0,,16.0,,,,,,,,,,,,,,,BACK-ARC_BASIN,138.23,40.19,,1992
2.78,7.43,16.5,49.6,0.14,0.1,11.78,1.33,0.15,,1.0,,262.0,,101.0,24.0,161.0,30.0,98.0,2.0,4.0,10.0,,,,,,,,,,,,,,1.0,BACK-ARC_BASIN,137.441,29.3275,,1980
3.44,5.55,16.82,50.0,0.25,0.78,10.14,1.37,0.15,,10.01,255.0,115.0,,53.0,77.38,239.0,34.0,121.0,,,18.49,,12.83,3.77,1.3,4.64,,5.02,,3.08,2.96,,,,,BACK-ARC_BASIN,144.777,17.954,,1985
2.78,8.28,16.2,48.0,0.096,0.09,10.85,1.26,0.15,,5.0,265.0,280.0,43.0,98.0,,130.0,8.8,,,1.9,7.3,,,,,,,,,,,,,,,BACK-ARC_BASIN,137.441,29.3275,,1980
5.0,6.2,17.1,48.63,0.259,0.063,9.82,2.44,0.172,9.99,0.148,265.0,177.0,38.2,89.1,1.53,241.0,39.8,206.0,1.21,6.25,24.2,3.82,18.6,5.37,1.96,6.51,1.15,7.12,1.52,4.35,4.25,0.653,4.03,0.107,0.091,BACK-ARC_BASIN,156.454,-8.7565,,2023; 2003
2.47,8.36,17.47,50.45,0.12,0.5,11.42,0.94,0.13,,6.89,212.0,234.0,33.5,122.0,56.4,217.0,19.8,62.2,2.42,4.86,11.6,1.74,8.99,2.69,1.01,2.9451825,0.59,3.78,0.8,2.35,2.35,0.34,1.93,0.24,0.5,BACK-ARC_BASIN,144.698,18.185,,2019
3.05,6.94,15.97,50.99,0.29,0.28,11.61,1.12,0.18,7.86,2.28,,202.0,36.2,104.0,67.6,171.0,16.0,70.7,3.47,3.28,8.7,1.38,6.91,2.21,0.846,2.69,0.48,3.13,0.648,1.83,1.7,0.251,1.78,0.218,0.253,BACK-ARC_BASIN,-30.08,-59.779,,2002
2.37,5.54,16.5,49.6,0.21,0.37,12.66,1.24,0.15,,6.0,,57.0,,43.0,24.0,211.0,33.0,94.0,2.0,4.0,16.0,,,,,,,,,,,,,,2.0,BACK-ARC_BASIN,136.057,28.9833,,1980
2.52,7.46,17.92,49.87,0.11,0.02,12.44,1.2,0.12,7.59,1.0,193.0,304.0,36.3,100.0,16.0,162.0,25.0,93.0,1.0,2.65,8.66,,,2.83,1.03,,0.61,,,,2.25,0.36,2.12,0.08,,BACK-ARC_BASIN,-177.862,-18.568,,1994
3.35,9.81,17.7,51.65,0.2,0.73,7.18,1.13,0.14,,11.0,259.0,259.0,,132.0,160.0,260.0,17.5,90.0,5.0,,26.0,,,,,,,,,,,,,,,BACK-ARC_BASIN,138.23,40.19,,1992
2.94,5.37,13.21,51.13,0.18,0.12,10.23,1.99,0.26,14.5,1.47,,40.0,,46.7,12.75,81.28,32.03,116.5,1.97,3.21,10.33,2.1,11.19,4.07,1.29,,1.02,7.39,1.4,4.95,4.94,,,0.19,0.21,BACK-ARC_BASIN,-176.527,-19.29,,2008
2.79,6.37,15.5,52.1,0.12,0.4,10.9,1.19,0.17,,8.97,213.0,292.0,42.6,120.0,47.0,158.0,28.9,99.8,6.05,5.28,13.4,2.03,10.4,3.4,1.19,4.09,0.72,5.02,1.11,2.97,2.85,0.415,2.52,0.38,0.59,BACK-ARC_BASIN,115.047,12.9196,,2018
2.86,5.56,16.3,49.8,0.23,0.33,12.17,1.59,0.18,9.28,5.0,,207.0,,71.0,39.0,178.0,39.0,115.0,5.0,4.0,14.0,,,,,,,,,,,,,,0.0,BACK-ARC_BASIN,136.057,28.984,,1980
2.6,6.13,16.71,47.9,0.17,0.22,10.68,1.32,0.24,12.62,2.55,406.1,7.8,42.1,,31.47,264.0,24.8,41.3,1.1,2.95,8.21,1.49,8.2,2.72,1.07,3.52,0.62,3.93,0.88,2.47,2.24,0.34,1.19,0.11,0.25,BACK-ARC_BASIN,139.48,32.41,,2010
2.72,7.74,14.59,50.0,0.15,0.15,11.11,1.58,0.19,,4.0,270.0,290.0,44.0,105.0,66.0,116.0,,,,,,,,,,,,,,,,,,,,BACK-ARC_BASIN,173.461,-19.2573,,1991
2.65,8.38,16.49,49.61,0.109,0.088,12.09,1.24,0.177,9.79,0.816,291.0,334.0,46.4,155.0,8.43,120.0,22.9,62.1,1.55,2.43,8.07,1.37,7.21,2.47,0.989,3.55,0.623,4.09,0.886,2.38,2.42,0.363,1.73,0.099,0.108,BACK-ARC_BASIN,174.273,-16.612,,2023; 1993
2.07,8.25,18.1,50.9,0.18,0.61,8.9,0.63,0.18,,14.0,220.0,105.0,,58.0,116.0,350.0,12.0,46.0,2.0,,,,,,,,,,,,,,,,,BACK-ARC_BASIN,120.68,8.6782,,1991
1.91584780906616,6.60813816496081,17.2323851061459,50.7136184752806,0.0717162281468615,0.317600438936101,12.6937723819945,0.665936404220857,0.184413158091929,9.59657183315633,5.3025304496124,309.012097868217,80.5786244186046,42.1031686046512,34.68735,178.804019476744,208.970880813953,15.9410222868217,37.8401736434109,0.740072279069767,2.28994455910853,6.14698399224806,0.977296705426357,5.10859641472868,1.70456899224806,0.65574826807755,2.19948541588004,0.393316715116279,2.66535465116279,0.571596705426357,1.60664276162791,1.64678032945736,0.258279941860465,1.01552665770349,0.0571940685562015,0.275152658914729,BACK-ARC_BASIN,179.345,-34.572,,2021
1.5,8.7,16.0,51.7,0.06,0.08,13.8,0.4,0.13,,0.07,257.0,286.0,51.95,227.43,12.9,67.0,9.2,5.3,0.45,1.1,2.9,0.555,2.0,0.7,0.9,0.9,0.511,1.2,0.839,1.0,0.8,0.421,0.5,0.023,0.08,BACK-ARC_BASIN,149.967,-3.87,,2012; 2003
3.39,6.79,15.19,52.63,0.28,0.81,7.77,2.02,0.25,,13.5,363.0,125.0,29.6,19.0,145.0,317.0,35.0,159.0,,14.0,34.7,,18.0,5.25,1.6,,0.98,,,,3.7,0.531,4.17,0.483,1.74,BACK-ARC_BASIN,134.536,38.616,,1992
2.3,8.17,16.55,48.91,0.19,0.52,10.15,1.11,0.18,,8.0,316.0,185.0,49.0,100.0,,240.0,24.0,69.0,,,11.2,,9.54,2.69,0.97,3.21,,3.55,,2.14,1.97,0.29,,,,BACK-ARC_BASIN,140.0,31.25,,1989
2.93,10.4,14.15,47.8,0.15,0.24,9.56,1.72,0.13,,4.0,227.0,302.0,55.0,358.0,18.0,215.0,31.9,119.0,3.5,6.2,,,13.6,,1.19,,,5.2,,2.9,2.88,,,,,BACK-ARC_BASIN,173.97,-16.733,,1994
3.18,5.25,16.94,52.96,0.26,1.94,9.88,0.73,0.17,,40.5,228.0,37.6,31.1,20.5,604.0,547.0,24.6,142.0,6.46,27.2,50.2,6.1,23.3,4.55,1.29,4.11,0.7,3.84,0.8,2.28,2.31,0.37,3.0,0.33,7.08,BACK-ARC_BASIN,142.0,23.25,,2001
2.54,7.95,16.25,49.9,0.19,0.42,12.0,1.37,0.16,,8.0,268.0,295.0,41.0,112.0,69.0,176.0,28.0,95.0,8.5,7.3,14.69,2.29,13.0,3.07,1.15,3.32,0.65,4.8,0.79,3.0,2.5,0.37,2.18,0.92,,BACK-ARC_BASIN,173.545,-16.305,,1994; 1994
2.59,5.47,13.04,51.2,0.13,0.1,9.82,1.44,0.22,,1.0,426.0,25.0,,42.0,8.0,82.0,38.0,89.0,1.0,,,,,,,,,,,,,,,,,BACK-ARC_BASIN,150.358,-3.113,,2003
2.37,6.94,14.19,50.4,0.08,0.08,12.07,1.25,0.18,10.19,1.8,328.4,103.5,38.0,69.2,11.0,110.0,28.3,70.0,1.8,2.5,6.0,,8.0,2.0,0.92,3.1,,5.7,1.1,3.8,4.0,,3.5,,,BACK-ARC_BASIN,-175.961,-19.515,,1992; 1993; 1997; 2009
2.12,8.81,16.32,49.18,0.16,0.25,11.33,1.04,0.19,9.21,3.36,289.0,286.2,42.2,105.7,31.68,236.0,21.5,52.2,1.13,3.38,9.16,1.54,8.01,2.48,0.92,3.09,0.54,3.43,0.73,2.07,1.91,0.29,1.32,0.08,0.529,BACK-ARC_BASIN,139.53,31.76,,2010
,6.66,15.15,51.34,0.11,0.36,11.99,0.68,0.18,,5.21,322.0,37.7,42.1,34.1,91.6,186.0,17.4,30.0,0.36,2.54,6.84,1.1,5.56,1.83,0.68,2.35,0.42,2.74,0.61,1.69,1.76,0.28,0.93,0.028,0.24,BACK-ARC_BASIN,-176.55,-22.18,,2009
2.36,8.35,16.7,49.4,0.09,0.09,11.7,0.9,0.1,7.42,1.3,89.0,268.0,30.0,80.0,36.0,206.0,21.0,56.0,,,,,,,,,,,,,,,,,,BACK-ARC_BASIN,144.532,18.013,,1982
2.79,7.91,16.0,50.76,0.18,0.21,11.02,1.35,0.16,8.34,2.65,251.0,341.0,39.0,168.0,24.0,156.0,30.0,98.0,1.0,4.39,,,10.05,3.21,,,,,,,,,,0.16,0.23,BACK-ARC_BASIN,144.83,18.2,,1990
1.783,8.998,15.657,50.604,0.062,0.077,12.871,0.673,0.148,8.184,1.2683,251.459,399.883,41.733,121.537,14.5186,95.246,18.531,38.496,0.428,1.212,4.167,0.762,4.403,1.586,0.628,2.386,0.435,2.979,0.658,1.882,1.885,0.297,1.069,0.038,0.063,BACK-ARC_BASIN,-176.167,-20.4163,,2013
3.34,7.33,17.56,50.52,0.09,0.06,8.8,0.91,0.3,7.06,4.1,179.0,345.0,41.0,87.0,8.0,234.0,17.0,60.0,,,,,,,,,,,,,,,,,,BACK-ARC_BASIN,134.536,38.616,CENOZOIC,1996
1.88,7.25,13.99,50.01,0.1,0.15,12.01,1.35,0.2,11.18,1.54,,248.0,44.3,78.0,18.3,88.9,35.5,76.0,3.2,2.19,6.2,,7.84,3.0,1.19,,0.751,,,,3.3,,2.11,0.146,0.142,BACK-ARC_BASIN,-176.4,-18.58,,1990
2.22,7.94,16.0,51.23,0.09,0.63,11.22,0.56,0.15,,10.6,271.0,146.0,,60.0,110.0,308.0,13.0,26.0,,2.0,5.0,,,,,,,,,,,,,,,BACK-ARC_BASIN,157.967,-9.1333,,1987
2.51,6.51,13.45,51.09,0.11,0.06,10.98,1.39,0.21,,0.5,391.0,84.0,55.0,55.0,8.0,71.0,31.0,75.0,1.3,,,,,,,,,,,,,,,,,BACK-ARC_BASIN,150.128,-3.29,,2003
2.93,5.55,16.4,50.4,0.14,0.3,11.4,1.29,0.16,,3.69,233.0,287.0,38.1,70.9,51.5,181.0,30.6,109.0,6.57,5.59,14.7,2.2,11.3,3.58,1.28,4.32,0.76,5.27,1.19,3.19,3.07,0.447,2.62,0.41,0.55,BACK-ARC_BASIN,115.047,12.9196,,2018
2.34,7.89,14.54,50.0,0.1,0.09,12.68,1.47,0.18,,2.0,290.0,197.0,44.0,75.0,15.0,1.04,,,,,,,,,,,,,,,,,,,,BACK-ARC_BASIN,173.38,-19.936,,1991
2.45,7.18,15.9,50.7,0.07,0.04,12.19,1.18,0.17,9.72,0.0,359.0,328.0,40.0,74.0,,94.0,,,,,,,,,,,,,,,,,,,,BACK-ARC_BASIN,-176.561,-18.883,,1994
2.7787,6.8154,16.4961,49.6177,0.1405,0.1337,11.7915,1.5826,0.1603,9.93,1.52881274554754,294.070421496333,275.368606451291,,,7.81968984159078,124.808269474037,37.3309621478873,98.6731538430798,1.52150973115417,3.21437030945945,10.8403448343927,1.75383167738224,10.4090446635432,3.74728425993023,1.45515351359779,5.46560466533982,1.00704817646611,6.54131891903642,1.44477078628762,4.20008974796568,3.85166724358037,0.584707324872994,2.60378465814488,0.160793113896648,0.139866425651478,BACK-ARC_BASIN,139.612,19.912,NEOGENE,2010
2.64,7.88,17.57,49.51,0.1,0.06,11.82,1.21,0.13,7.7,1.0,,313.0,,95.0,22.0,167.0,25.0,96.0,2.0,,11.0,,,,,,,,,,,,,,,BACK-ARC_BASIN,-177.856,-18.5675,,1994
1.84,7.56,16.03,50.32,0.07,0.1,13.7,0.71,0.14,8.23,2.78,,318.0,,77.4,20.63,190.99,22.35,42.3,0.48,1.9,6.51,1.26,7.0,2.49,0.97,,0.6,4.22,0.98,2.77,2.55,,,0.04,,BACK-ARC_BASIN,-175.95,-19.7517,,2008
2.25,6.4,13.15,50.32,0.105,0.05,10.65,1.39,0.225,12.87,0.72,419.0,87.0,48.5,50.0,8.842,73.57,35.64,73.96,1.33,2.31,7.84,1.43,7.95,3.02,1.19,4.59,0.83,6.09,1.31,3.84,3.93,0.59,1.849,0.055,0.14,BACK-ARC_BASIN,150.297,-3.1455,,2015
2.71,7.46,16.5,47.59,0.11,0.39,11.96,1.92,0.18,2.85,2.5,,,,,64.0,149.0,17.0,78.0,4.6,4.6,12.3,1.9,8.2,2.5,0.9,3.2,0.51,3.2,,2.3,2.2,,1.9,,0.4,BACK-ARC_BASIN,-178.0,-16.5,,1976
3.08,5.38,16.4,50.4,0.21,0.32,12.26,1.65,0.16,9.1,7.0,,59.0,,57.0,34.0,189.0,38.0,129.0,4.0,4.0,19.0,,,,,,,,,,,,,,0.0,BACK-ARC_BASIN,136.057,28.984,,1980
2.28,8.59,16.15,48.56,0.16,0.44,11.93,0.98,0.16,8.78,9.3,261.1,248.6,,81.4,76.4,245.9,22.9,61.0,2.3,,,,,,,,,,,,,,,,,BACK-ARC_BASIN,127.119,27.5735,,1990
2.29,5.83,17.64,48.92,0.13,0.21,14.59,0.86,0.13,,3.77,263.0,100.0,,67.1,8.48,228.0,27.1,45.5,0.76,4.37,6.72,1.4,7.8,2.42,1.03,3.57,0.64,4.03,0.9,2.66,2.28,0.37,1.26,0.097,0.11,BACK-ARC_BASIN,137.981,27.972,,2009
3.92,7.69,16.5,46.7,0.26,2.06,8.1,1.43,0.15,7.52,16.0,,245.0,,182.0,151.0,280.0,25.0,145.0,24.0,12.3,26.0,,,,1.29,,0.57,,,,,,2.74,,2.0,BACK-ARC_BASIN,137.684,28.638,,1980; 1981
3.01,6.18,13.9,47.4,0.42,0.69,10.08,3.45,0.19,,10.0,,147.0,,76.0,161.0,385.0,36.0,243.0,22.0,23.0,50.0,,,,2.86,,1.1,,,,,,5.77,,3.0,BACK-ARC_BASIN,132.775,24.7007,,1980; 1980
2.84,7.49,17.12,49.44,0.12,0.25,11.01,1.15,,9.79,2.34,248.0,,,175.0,38.4,147.0,28.0,91.0,,,11.2,,8.36,2.73,1.08,,,4.72,,3.28,3.18,0.4,,,,BACK-ARC_BASIN,144.72,17.39,,2003; 1987
3.54,6.14,17.68,52.88,0.06,0.47,10.3,0.64,0.13,,11.0,,130.0,,40.0,77.0,332.0,10.0,58.0,1.0,2.0,7.92,,5.47,1.56,0.65,1.9,,2.02,,1.25,1.15,,,,2.0,BACK-ARC_BASIN,-57.93,-62.1,,1979
2.99,6.94,15.12,50.12,0.07,0.16,11.82,1.39,0.21,10.79,0.84,367.0,113.0,47.0,56.0,10.0,115.0,53.0,120.0,1.0,,,,13.05,4.78,,,,,,,,,3.53,0.07,,BACK-ARC_BASIN,-176.5,-17.0,,1977; 1988
3.08,5.22,17.03,47.59,0.24,0.61,10.78,1.44,0.22,,14.77,438.1,7.9,47.3,8.2,52.22,370.0,29.9,68.3,2.05,7.12,17.77,2.96,14.85,4.32,1.45,4.69,0.78,4.8,1.02,2.85,2.55,0.38,1.73,0.17,0.763,BACK-ARC_BASIN,139.333,31.75,0.54,2000; 2001; 2010
2.98,5.13,14.58,52.28,0.22,0.46,9.01,1.24,0.19,,10.5,410.0,49.0,,17.0,300.0,255.0,30.0,88.0,2.0,,,,,,,,,,,,,,,,,BACK-ARC_BASIN,149.478,-3.528,,2003
3.13,5.73,13.64,51.17,0.21,0.24,10.34,2.06,0.22,13.51,2.99,,123.0,,54.2,26.65,87.35,28.58,143.3,4.53,3.98,10.83,2.0,10.68,3.79,1.36,,0.9,6.23,1.31,3.66,3.75,,,,0.28,BACK-ARC_BASIN,-176.552,-19.175,,2008
2.76,7.43,14.44,50.75,0.1,0.13,11.98,1.41,0.17,,4.0,254.0,162.0,40.0,49.0,25.0,123.0,,,,,,,,,,,,,,,,,,,,BACK-ARC_BASIN,173.816,-17.325,,1991
2.48,9.48,15.61,50.59,0.14,0.48,10.45,1.11,0.157,8.51,7.27,257.0,487.0,40.0,223.0,25.0,164.0,31.0,82.0,4.59,3.51,9.3,,,,1.01,,0.59,,,,,,2.02,0.16,0.39,BACK-ARC_BASIN,144.532,18.013,,1982
2.68,5.66,15.48,47.32,0.12,0.23,12.72,1.27,0.15,,4.83,263.0,284.0,,,4.17,155.0,29.2,93.0,1.42,3.17,10.3,1.61,9.05,2.94,1.21,4.05,0.74,4.93,1.05,3.17,2.9,0.42,2.19,0.13,0.09,BACK-ARC_BASIN,136.242,31.407,,2009
3.03,7.53,17.03,50.99,0.12,0.24,11.05,1.03,0.17,7.81,4.32,275.0,275.0,,147.0,53.0,188.0,25.0,76.0,6.0,,,,8.84,2.87,,,,,,,,,,,,BACK-ARC_BASIN,144.715,15.871,,1985; 1987; 1995
3.24,5.94,16.41,51.61,0.17,0.38,10.44,1.25,0.19,8.52,4.68,296.0,170.0,,77.0,58.0,179.0,29.0,85.0,6.0,,,,10.39,3.29,,,,,,,,,,,,BACK-ARC_BASIN,144.715,15.871,,1985; 1987
2.23,7.67,16.15,51.86,0.09,0.77,11.72,0.6,0.15,,11.8,264.0,170.0,,62.0,105.0,316.0,13.0,27.0,,3.0,3.0,,,,,,,,,,,,,,,BACK-ARC_BASIN,157.99,-8.9923,,1987
2.92,6.84,14.27,51.3,0.12,0.17,11.22,1.55,0.19,,4.5,285.0,129.0,40.0,50.0,30.0,130.0,35.1,87.0,2.3,4.4,,,11.0,,1.05,,,5.5,,3.0,3.28,,,,,BACK-ARC_BASIN,173.917,-16.9778,,1991; 1994
2.31,9.82,15.7,48.7,0.12,0.13,10.71,1.14,0.15,8.5,3.0,,311.0,,144.0,33.0,136.0,26.0,84.0,1.0,5.0,11.0,,,,,,,,,,,,,,0.0,BACK-ARC_BASIN,137.44,29.328,,1980
2.97,5.69,16.28,51.78,0.17,0.42,10.64,1.26,0.17,8.16,6.1,247.0,60.0,50.0,50.0,58.0,216.0,27.0,84.0,0.0,,,,,,,,,,,,,,,,,BACK-ARC_BASIN,144.83,18.2,,1990
3.17,7.17,15.61,50.95,0.22,0.64,10.62,1.35,0.16,,5.0,254.0,273.0,,99.0,42.21,196.0,35.0,130.0,,,,,,,,,,,,,,,,,,BACK-ARC_BASIN,144.785,17.947,,1985
2.32,7.9,14.44,49.63,0.07,0.07,12.54,0.97,0.18,,0.5,309.0,114.0,,77.0,14.0,81.0,24.0,50.0,0.9,,,,,,,,,,,,,,,,,BACK-ARC_BASIN,149.478,-3.528,,2003
2.69,6.33,13.0,49.6,0.34,0.27,9.88,3.61,0.17,,1.0,,141.0,,72.0,121.0,367.0,31.0,194.0,19.0,18.0,42.0,,,,,,,,,,,,,,,BACK-ARC_BASIN,132.775,24.7007,,1980
3.06,6.75,16.2,52.52,0.17,0.46,10.61,1.38,0.15,,5.83,268.0,211.0,31.7,69.3,44.2,183.0,28.8,97.3,3.9,5.99,15.1,2.32,12.4,3.81,1.35,4.2467481,0.82,5.3,1.14,3.34,3.33,0.47,2.86,0.35,0.5,BACK-ARC_BASIN,144.818,18.187,,2019
3.51,4.54,16.82,51.44,0.34,0.47,9.13,1.73,0.24,11.8,6.27,328.2,4.8,29.0,3.6,47.88,290.0,35.8,97.1,2.17,5.92,17.17,2.96,15.67,4.75,1.72,5.61,0.95,6.01,1.27,3.6,3.21,0.49,2.34,0.16,0.369,BACK-ARC_BASIN,139.62,31.57,,2010
2.4,6.42,15.53,50.2,0.05,0.14,12.02,1.64,0.18,,2.5,306.0,129.0,41.0,55.0,10.0,110.0,39.0,85.0,2.1,2.5,,,11.0,,1.4,,,5.7,,3.6,3.6,,,,,BACK-ARC_BASIN,173.419,-18.2268,,1991; 1994
2.42,6.28,17.0,47.52,0.1,0.42,11.18,1.05,0.16,,6.0,250.0,340.0,36.0,176.0,43.0,130.0,22.0,,,,,,,,,,,,,,,,,,,BACK-ARC_BASIN,136.536,18.031,,1981
1.96,7.68,16.11,48.94,0.06,0.15,14.85,0.79,0.12,,3.0,,318.0,,139.0,14.0,288.0,18.0,53.0,1.0,,4.0,,,,,,,,,,,,,,,BACK-ARC_BASIN,-176.5,-20.142,,1994
2.69,7.23,15.35,50.6,0.16,0.56,11.16,1.23,0.148,8.08,7.9,250.0,245.0,32.0,106.0,20.0,169.0,33.0,85.0,3.47,3.5,8.3,,,,1.21,,0.63,,,,,,2.2,0.17,0.4,BACK-ARC_BASIN,144.532,18.013,,1982
2.54,7.55,14.04,49.2,0.1,0.14,12.3,1.8,0.19,,2.5,308.0,241.0,44.0,72.0,23.0,111.0,,,,,,,,,,,,,,,,,,,,BACK-ARC_BASIN,173.385,-19.8783,,1991
2.43,7.87,16.33,51.39,0.12,0.34,12.62,0.91,,9.05,9.6,277.0,228.0,,54.0,36.0,240.0,19.0,56.0,1.1,,11.0,,8.5,2.5,0.9,3.1,,3.2,,2.0,1.9,,,,,BACK-ARC_BASIN,139.887,30.852,,1990; 2010
2.54,7.79,14.7,49.3,0.17,0.32,11.6,1.6,0.13,,3.0,,234.0,,124.0,31.0,167.0,36.0,116.0,4.0,4.0,19.0,,,,1.4,,0.81,,,,,,3.07,,0.41,BACK-ARC_BASIN,137.441,29.3275,,1980; 1980
2.53,7.89,14.93,48.75,0.1,0.07,12.17,1.58,0.18,,2.0,291.0,295.0,44.0,93.0,35.0,97.0,,,,,,,,,,,,,,,,,,,,BACK-ARC_BASIN,173.518,-18.5437,,1991
2.23,7.79,15.84,50.3,0.06,0.1,12.47,0.83,0.19,,2.0,298.0,278.0,39.0,87.0,18.0,166.0,21.3,39.6,0.63,1.97,5.48,0.91,5.1,1.87,0.77,2.84,0.53,3.65,0.8,2.32,2.36,0.37,0.94,0.04,0.12,BACK-ARC_BASIN,-176.53,-18.973,,1995
1.42,7.38,15.36,49.46,0.07,0.19,12.45,0.56,0.19,9.26,,227.0,128.0,34.0,42.0,,172.0,,36.0,,,,,,,,,,,,,,,,,,BACK-ARC_BASIN,-176.68,-22.17,,1990
2.88,5.38,16.7,47.4,0.08,0.29,10.7,1.1,0.15,,5.47,204.0,519.0,71.7,291.0,6.96,129.0,26.8,58.4,1.63,2.36,7.21,1.26,6.81,2.32,0.95,3.31,0.63,4.3,0.96,2.76,2.73,0.44,1.68,0.12,0.14,BACK-ARC_BASIN,117.0,15.3923,,2025
1.37,6.96,18.06,48.77,0.06,0.11,13.22,0.62,0.18,,1.4,,,,30.1,42.9,162.6,10.3,16.4,0.5,,,,,,,,,,,,,,,,,BACK-ARC_BASIN,140.3,30.5,,2007
3.4,8.23,16.86,51.03,0.13,0.41,10.82,1.16,0.15,,48.2,234.0,363.0,,128.0,82.0,335.0,25.0,97.0,3.0,4.0,16.0,,,,,,,,,,,,,,,BACK-ARC_BASIN,177.25,-36.25,,1984; 1994
2.6,8.44,15.66,49.94,0.06,0.09,12.43,1.13,0.17,9.48,2.37,,,,,24.6,122.9,23.67,70.93,2.256,3.305,9.493,1.545,8.036,2.651,0.981,3.508,0.658,4.078,0.9,2.609,2.397,0.354,1.792,,0.212,BACK-ARC_BASIN,-174.817,-15.612,,1993; 2002; 2007; 2009
1.73,7.97,16.27,52.17,0.08,0.34,11.83,0.7,0.16,,4.9,277.0,540.0,39.0,92.0,49.8,166.0,15.4,35.0,0.38,2.53,6.14,1.12,5.68,2.01,0.7,2.41,0.45,2.69,0.61,1.62,1.54,0.23,0.98,0.025,0.21,BACK-ARC_BASIN,-176.775,-20.709,,1994
2.19,7.44,14.11,50.75,0.08,0.09,12.04,1.29,0.21,11.24,,288.0,243.0,40.0,746.0,,111.0,,,,,,,,,,,,,,,,,,,,BACK-ARC_BASIN,-176.125,-18.625,,1990
3.11,8.05,16.57,48.03,0.22,0.04,9.5,1.43,0.15,,132.0,192.0,249.0,51.0,96.0,23.0,140.0,,72.0,,,,,,,,,,,,,,,,,,BACK-ARC_BASIN,117.0,15.3923,,2015
1.953425,9.80025,18.377975,48.75035,0.065625,0.059925,12.7338,0.75065,0.156425,8.05925,1.67082914010805,173.689499521979,320.045914814054,47.222193037596,239.198637379257,12.1734116962745,99.9075958822273,16.0429706699331,37.9629074221514,1.23476861344992,1.56479499079987,4.73359574265268,0.85853933860644,4.340468567457,1.46943113405048,0.603328148319588,2.10873675604245,0.418975711184607,2.5490276083546,0.580740176400522,1.70422035369244,1.5660439590691,0.235597427187675,1.13816077322282,0.0756098174650606,0.102850052178195,BACK-ARC_BASIN,-176.15,-15.07,,2012
2.8,5.0,13.0,50.6,0.41,0.61,9.37,3.92,0.16,12.04,9.0,,81.0,,46.0,196.0,388.0,36.0,258.0,30.0,27.0,57.0,,,,,,,,,,,,,,3.0,BACK-ARC_BASIN,132.775,24.701,,1980
1.82,6.98,15.42,51.33,,0.37,12.3,0.59,,8.69,6.5,236.0,23.0,40.0,47.0,40.0,224.0,13.2,22.0,0.36,2.2,6.0,1.02,4.9,1.7,0.63,2.1,,2.5,,1.6,1.6,0.24,0.74,0.022,0.18,BACK-ARC_BASIN,-174.5,-17.017,,2008
2.2,7.5,14.84,51.16,0.07,0.06,12.06,1.0,0.17,,1.9,,,,,13.5,84.0,27.1,51.0,1.3,2.0,6.6,1.1,6.7,2.5,0.93,3.7,,4.9,,3.2,3.2,0.47,1.6,0.09,0.12,BACK-ARC_BASIN,-175.961,-19.514,,1993; 2020
2.52,7.12,14.48,50.0,0.1,0.21,11.45,1.79,0.18,,4.5,300.0,232.0,43.0,104.0,20.0,117.0,,,,,,,,,,,,,,,,,,,,BACK-ARC_BASIN,173.599,-18.194,,1991
2.59,6.86,16.75,52.09,0.14,0.22,12.1,1.39,0.15,8.23,4.0,,137.0,,53.0,42.0,160.0,25.0,83.0,1.0,,8.0,,,,,,,,,,,,,,,BACK-ARC_BASIN,-177.856,-18.5675,,1994
2.93,7.87,15.48,49.53,0.24,0.43,10.94,2.05,0.19,10.29,3.53,356.0,278.0,,146.0,37.1,140.0,51.0,139.1,4.78,5.89,16.0,2.53,11.21,4.76,1.89,6.74,1.24,8.06,1.67,4.69,4.12,0.66,3.6,0.35,0.4,BACK-ARC_BASIN,-178.495,-15.658,,1993; 2014
4.28,7.95,16.9,50.5,0.22,0.28,7.3,1.57,0.16,,0.0,,133.0,32.0,,58.0,205.0,39.0,140.0,6.5,9.1,20.2,,,3.4,1.24,,0.0,5.6,,,3.4,0.49,3.2,1.08,0.63,BACK-ARC_BASIN,12.993,39.728,MIOCENE,1977
2.52,7.46,17.92,49.87,0.11,0.02,12.44,1.2,0.12,7.59,1.0,,304.0,,100.0,16.0,162.0,25.0,93.0,1.0,,11.0,,,,,,,,,,,,,,,BACK-ARC_BASIN,-177.856,-18.5675,,1994
2.3,7.13,13.96,51.21,0.11,0.04,11.34,1.19,0.2,,0.5,429.0,165.0,51.0,78.0,,65.0,32.0,60.0,0.7,,,,,,,,,,,,,,,,,BACK-ARC_BASIN,150.056,-3.361,,1997
3.98,6.02,16.21,51.68,0.21,0.31,10.26,1.61,0.18,8.65,3.76,307.0,200.0,,76.0,45.0,172.0,34.0,125.0,8.0,,,,13.35,4.18,,,,,,,,,,,,BACK-ARC_BASIN,144.788,17.953,,1985; 1987
1.8,10.89,14.14,49.14,0.44,2.1,11.53,0.67,0.14,,54.0,298.0,580.0,,160.0,245.0,599.0,23.0,125.0,4.3,,,,,,,,,,,,,,,,,BACK-ARC_BASIN,143.63,21.6,,1997
2.24,7.97,16.22,49.98,0.17,0.47,11.8,0.98,0.16,9.02,8.7,268.4,216.4,,73.1,84.8,253.2,23.1,69.7,2.8,,,,,,,,,,,,,,,,,BACK-ARC_BASIN,127.1,27.57,,1990
1.71261384674824,7.25681051416146,15.6721168719565,51.7487300760496,0.174767282262272,0.647574202572486,12.5840761027541,0.664076060994149,0.169911697452263,8.31332723238624,14.6535440352348,242.167827214993,410.552215750667,42.0505179386679,150.079170593193,97.2362377009168,213.17559631312,14.9734307918059,35.2592852207069,2.42290244884477,4.47312232023602,10.3704629670598,1.51522882817787,7.35869179981434,2.01958288817287,0.713469410233786,2.37937825203271,0.394346674155753,2.47049410263666,0.536475551334322,1.50378162070282,1.50071792262325,0.235150339744542,0.947989983400945,0.144872702649909,0.565889916397296,BACK-ARC_BASIN,-174.6,-15.937,,2012
3.86,6.25,16.21,50.26,0.39,2.31,8.59,1.94,0.15,7.16,16.0,,127.0,,26.0,177.0,391.0,38.0,209.0,31.0,19.3,42.0,,,,1.95,,0.86,,,,,,4.05,,4.0,BACK-ARC_BASIN,137.684,28.638,,1980; 1981
2.73,7.35,15.08,51.12,0.13,0.09,11.37,1.48,0.18,9.61,0.68,292.0,,,87.0,19.0,97.0,42.0,100.0,1.0,,,,9.54,3.54,,,,,,,,,,,,BACK-ARC_BASIN,144.915,17.785,,1990
3.26,4.93,17.0,48.44,0.6,1.16,8.99,1.65,0.16,,19.6,222.0,98.5,,,228.0,330.0,33.4,170.0,37.1,25.0,47.6,5.28,23.6,4.94,1.7,5.23,0.88,5.38,1.08,3.22,3.09,0.47,3.77,2.51,3.11,BACK-ARC_BASIN,135.827,31.533,11.3,2009
2.94,7.11,15.55,49.23,0.18,0.23,11.58,1.37,0.18,,4.0,,319.0,,68.0,30.0,165.0,30.0,98.0,2.0,7.0,11.0,,,,,,,,,,,,,,1.0,BACK-ARC_BASIN,-65.963,-58.1927,,1980
2.81,7.95,18.71,47.07,0.1,0.27,10.52,0.844,0.108,,14.0,149.0,279.0,31.0,88.0,82.0,214.0,21.0,68.0,1.0,4.0,26.0,,,,,,,,,,,,,,,BACK-ARC_BASIN,12.993,39.728,MIOCENE,1978
2.28,9.02,17.46,48.22,0.04,0.02,12.52,0.79,0.19,9.29,1.0,250.0,177.0,50.0,114.0,17.0,191.0,24.0,95.0,2.0,,,,,,,,,,,,,,2.28,0.11,,BACK-ARC_BASIN,-175.44,-15.28,,1977
2.72,7.74,14.59,50.0,0.15,0.15,11.11,1.58,0.19,,4.0,270.0,290.0,44.0,105.0,66.0,116.0,,,,,,,,,,,,,,,,,,,,BACK-ARC_BASIN,173.458,-19.27,,1991
2.51,8.2,18.01,49.88,0.12,0.32,12.15,0.95,0.13,,3.3,197.0,257.0,35.0,115.0,31.0,195.0,19.0,59.9,2.09,3.88,9.84,1.56,8.18,2.58,0.97,2.78,0.57,3.69,0.79,2.29,2.25,0.35,1.74,0.16,0.28,BACK-ARC_BASIN,144.758,18.178,,2019
3.01,6.02,16.86,51.8,0.18,0.56,10.34,1.16,0.15,,7.63,257.0,81.0,29.5,43.2,70.5,242.0,25.2,81.5,3.54,7.26,16.5,2.44,12.4,3.59,1.28,3.7863,0.72,4.63,0.98,2.87,2.84,0.41,2.42,0.29,0.72,BACK-ARC_BASIN,144.714,18.214,,2019
2.9,6.9,15.2,50.04,0.1,0.14,11.59,1.34,0.2,10.55,0.75,,283.0,,52.0,13.0,88.0,25.9,70.5,3.29,2.44,6.95,1.16,6.35,2.24,0.87,,0.58,3.46,0.76,2.28,2.49,0.38,1.95,,0.15,BACK-ARC_BASIN,-175.567,-15.4767,,2011
2.69,6.29,16.72,50.78,0.18,0.32,12.0,1.05,,7.96,6.3,242.0,142.0,34.7,53.0,51.0,306.0,22.5,65.8,2.41,4.86,12.04,1.92,9.23,2.83,1.02,3.28,0.55,3.63,0.77,2.18,2.12,0.32,1.7,0.162,0.399,BACK-ARC_BASIN,144.85,16.5285,,2003; 2005
3.08,6.73,16.15,50.94,0.15,0.3,11.3,1.36,0.12,8.95,3.0,,32.0,,54.0,62.0,204.0,28.0,104.0,2.0,,11.0,,,,,,,,,,,,,,,BACK-ARC_BASIN,-177.856,-18.5675,,1994
2.89,6.93,14.2,51.2,0.1,0.18,11.08,1.57,0.19,,1.87,293.0,128.0,40.0,53.0,25.0,93.0,35.1,88.0,2.4,4.4,8.46,1.36,10.6,2.69,1.03,3.37,0.68,5.6,0.98,3.2,3.69,0.41,1.74,0.3,,BACK-ARC_BASIN,173.917,-16.9778,,1991; 1994; 1994
2.83,7.05,16.75,51.08,0.18,0.33,11.39,1.23,0.16,7.86,3.0,244.0,,,,29.0,203.0,27.0,91.0,1.0,,,,11.05,3.29,,,,,,,,,,,,BACK-ARC_BASIN,144.72,18.15,,1990
2.78,8.56,16.89,50.12,0.31,0.44,11.2,1.11,0.15,7.23,1.19,,305.0,36.3,76.1,15.1,127.0,27.8,94.3,2.26,2.98,9.22,1.69,8.97,3.15,1.15,4.18,0.762,4.99,1.07,3.0,2.86,0.422,2.48,0.154,0.138,BACK-ARC_BASIN,-29.825,-58.17,,2002
2.55,7.47,14.14,50.5,0.1,0.1,11.77,1.66,0.19,,2.0,303.0,235.0,43.0,70.0,20.0,107.0,,,,,,,,,,,,,,,,,,,,BACK-ARC_BASIN,173.371,-19.959,,1991
2.63,7.38,15.9,49.8,0.12,0.24,12.29,1.24,0.14,8.55,3.0,,304.0,,119.0,28.0,193.0,29.0,89.0,4.0,3.0,9.0,,,,1.3,,0.61,,,,,,2.03,,0.0,BACK-ARC_BASIN,137.44,29.328,,1980; 1981
2.36,7.84,14.51,49.75,0.1,0.08,12.55,1.38,0.18,,2.0,263.0,198.0,44.0,78.0,23.0,104.0,,,,,,,,,,,,,,,,,,,,BACK-ARC_BASIN,173.385,-19.8783,,1991
3.74,6.41,15.85,49.25,0.21,0.68,10.93,2.04,0.16,10.13,15.4,286.0,430.0,,159.0,211.9,216.0,39.2,159.9,25.6,19.4,38.2,4.57,18.65,4.76,1.84,6.08,1.04,6.37,1.28,3.42,2.94,0.45,3.85,1.7,2.36,BACK-ARC_BASIN,174.477,-13.543,,1989; 1990; 1993; 2014
3.26,4.53,15.87,51.54,0.25,0.43,9.82,1.68,,12.19,8.91,458.0,17.0,,5.0,64.37,291.0,30.1,81.0,2.29,4.18,10.97,1.83,9.3,2.76,0.92,3.07,0.52,3.36,0.75,2.16,2.0,0.3,2.09,,0.73,BACK-ARC_BASIN,139.88,31.068,,1990; 1993; 2010
4.17,5.27,15.62,52.91,0.23,0.41,9.12,1.72,0.18,9.5,3.3,244.0,35.0,,16.0,35.0,192.0,47.0,207.0,5.1,7.92,23.85,3.95,18.53,5.62,1.76,6.47,1.18,7.53,1.62,4.82,4.54,0.7,5.09,0.36,0.51,BACK-ARC_BASIN,-59.0,-62.6,QUATERNARY,2002
1.73574803149606,7.32719167904903,16.0022877442274,52.6708281380394,0.147744680851064,0.524356756756757,12.0563532763533,0.576195652173913,0.143684210526316,7.42762814943527,8.52071222888096,252.693492826043,606.228654478915,38.8388155810412,151.671742410689,63.8018245297247,206.421697395531,16.3814675761103,27.7475747083754,0.46318473961323,2.27752698868308,5.92326005688278,0.996848437601735,5.22963826700211,1.7331393741032,0.638606306536406,2.32862066131275,0.395540905091574,2.61275640584579,0.570921202427136,1.66172433940888,1.64640923873028,0.267781798029536,0.818969246162505,0.0542056462407409,0.208489280623949,BACK-ARC_BASIN,-174.455,-17.116,,2012
2.48,6.02,13.5,46.1,0.46,0.86,9.57,4.5,0.22,,8.0,,36.0,,42.0,206.0,442.0,41.0,307.0,34.0,31.0,68.0,,,,,,,,,,,,,,,BACK-ARC_BASIN,132.775,24.7007,,1980
2.86,5.77,16.5,50.1,0.18,0.16,12.79,1.58,0.35,,2.0,,244.0,,60.0,38.0,165.0,37.0,114.0,3.0,4.0,13.0,,,,,,,,,,,,,,,BACK-ARC_BASIN,137.441,29.3275,,1980
2.42,7.81,15.0,49.5,0.1,0.13,11.97,1.49,0.21,,3.4,260.0,258.0,42.0,68.0,60.0,122.0,,,,,,,,,,,,,,,,,,,,BACK-ARC_BASIN,174.171,-21.1715,,1991
2.52,7.46,17.92,49.87,0.11,0.02,12.44,1.2,0.12,,1.0,,304.0,,100.0,16.0,162.0,25.0,93.0,1.0,,11.0,,,,,,,,,,,,,,,BACK-ARC_BASIN,-177.862,-18.568,,1994
2.86,7.24,14.73,50.15,0.2,0.29,11.64,1.77,0.17,,6.0,275.0,204.0,41.0,76.0,27.0,184.0,,,,,,,,,,,,,,,,,,,,BACK-ARC_BASIN,173.818,-16.6742,,1991
2.85,5.35,16.6,50.6,0.15,0.27,11.5,1.24,0.16,,5.76,217.0,276.0,46.1,98.8,26.1,187.0,27.0,87.9,5.46,4.49,11.9,1.82,9.6,3.22,1.2,3.85,0.68,4.7,1.04,2.76,2.6,0.377,2.25,0.34,0.42,BACK-ARC_BASIN,115.047,12.9196,,2018
2.77,5.74,16.8,49.9,0.14,0.26,11.3,1.18,0.17,,4.72,203.0,304.0,42.5,107.0,25.6,185.0,24.5,78.8,5.24,4.13,10.7,1.66,8.7,2.93,1.14,3.58,0.63,4.36,0.95,2.5,2.35,0.34,2.09,0.33,0.4,BACK-ARC_BASIN,115.047,12.9196,,2018
2.65,6.43,14.34,52.17,0.106,0.102,10.33,1.34,0.21,11.55,2.05,352.0,31.0,43.4,38.0,13.0,79.0,34.1,66.3,1.29,2.06,6.89,1.28,7.42,2.73,1.05,0.78,4.32,5.35,1.2,3.45,3.48,0.55,1.95,0.096,0.113,BACK-ARC_BASIN,-175.984,-19.625,,2009
1.84,6.9,15.78,52.97,0.07,0.3,12.51,0.68,0.14,8.82,4.66,,,,,48.5,156.0,15.0,26.2,0.3,2.01,5.4,0.82,4.73,1.72,0.58,2.12,0.34,2.24,0.55,1.47,1.45,0.22,0.78,0.38,0.17,BACK-ARC_BASIN,-176.775,-20.709,,1994
2.39,7.64,14.41,51.2,0.1,0.1,11.68,1.42,0.18,,3.5,314.0,283.0,41.0,76.0,10.0,93.0,,,,,,,,,,,,,,,,,,,,BACK-ARC_BASIN,173.491,-18.1488,,1991
2.93,5.99,15.47,50.9,0.12,0.37,10.62,1.26,0.14,,10.4,253.0,,,,38.3,135.0,21.4,53.0,1.96,3.25,9.3,1.43,7.0,2.49,0.91,3.23,,3.89,,2.42,2.37,0.36,1.47,0.13,0.32,BACK-ARC_BASIN,-174.817,-15.6138,,1993; 2003; 2020
2.61,5.87,13.2,49.4,0.32,0.45,8.97,3.8,0.15,,22.0,240.0,64.0,48.0,61.0,,665.0,,,,,,,,,,,,,,,,,,,1.9,BACK-ARC_BASIN,132.775,24.7007,,1980
4.42,6.19,14.34,52.53,0.33,1.17,5.27,2.18,0.18,,15.0,306.0,11.0,,14.0,242.0,265.0,45.0,231.0,8.0,,41.0,,,,,,,,,,,,,,,BACK-ARC_BASIN,134.536,38.616,,1992
2.84,7.03,16.52,52.72,0.14,0.32,10.81,1.27,0.15,7.6,4.44,247.0,255.0,32.3,85.0,54.0,153.0,29.9,98.0,5.74,5.33,14.22,2.15,10.47,3.35,1.17,3.92,0.72,4.86,1.03,2.89,2.82,0.43,2.5,0.34,0.5,BACK-ARC_BASIN,-29.5,-56.295,,2000
2.4,7.1,13.95,50.89,0.12,0.04,11.29,1.29,0.21,,0.6,421.0,131.0,51.0,71.0,,71.0,34.0,71.0,1.3,,,,,,,,,,,,,,,,,BACK-ARC_BASIN,150.048,-3.378,,1997
3.18,7.5,16.52,48.8,0.4,1.03,10.28,2.38,0.14,,22.0,227.0,185.0,37.0,100.0,245.0,316.0,29.5,165.0,31.7,23.0,,,25.2,,1.75,,,5.3,,2.5,2.36,,,,,BACK-ARC_BASIN,173.92,-17.0,,1994
2.59,7.84,17.67,49.96,0.12,0.05,12.15,1.25,0.13,8.09,0.0,,285.0,,96.0,15.0,168.0,25.0,99.0,1.0,,8.0,,,,,,,,,,,,,,,BACK-ARC_BASIN,-177.856,-18.5675,,1994
2.68,6.31,16.4,49.8,0.18,0.15,11.78,1.56,0.23,,1.0,,216.0,,49.0,43.0,155.0,34.0,112.0,4.0,6.0,14.0,,,,,,,,,,,,,,,BACK-ARC_BASIN,137.441,29.3275,,1980
2.26,5.55,18.73,48.1,0.09,0.47,11.48,0.74,0.17,9.75,6.9,309.0,46.0,,,137.0,288.0,12.0,38.0,,3.2,8.11,,6.47,2.04,0.81,2.94,,3.36,,1.98,1.86,,,,,BACK-ARC_BASIN,145.57,15.5833,,1989
2.11,6.57,15.9,51.1,0.08,0.16,11.25,0.97,0.17,9.34,0.0,371.0,114.0,36.0,56.0,,113.0,,,,,,,,,,,,,,,,,,,,BACK-ARC_BASIN,-176.143,-20.583,,1994
3.0,6.78,16.26,51.72,0.15,0.18,11.21,1.37,,8.68,,269.0,,,94.0,,167.0,29.0,97.0,,,,,,,,,,,,,,,,,,BACK-ARC_BASIN,144.7,18.01,,1987
2.32,7.9,14.44,49.63,0.07,0.07,12.54,0.97,0.18,,0.5,309.0,114.0,,77.0,14.0,81.0,24.0,50.0,0.9,,,,,,,,,,,,,,,,,BACK-ARC_BASIN,149.015,-3.528,,2003
2.7,7.24,16.68,51.41,0.11,0.19,11.91,1.19,0.16,,0.94,255.0,217.0,39.0,61.0,28.8,154.0,23.2,81.8,0.91,2.85,8.55,1.71,8.3,3.1,1.23,4.0,0.86,4.84,1.14,3.24,2.67,0.55,2.01,0.07,0.28,BACK-ARC_BASIN,-177.862,-18.568,,1994
2.58,7.51,14.13,50.5,0.1,0.09,11.7,1.67,0.19,,2.0,294.0,213.0,44.0,74.0,17.0,106.0,39.0,84.0,2.0,2.4,,,10.5,,1.35,,,6.1,,3.7,3.6,,,,,BACK-ARC_BASIN,173.368,-19.9533,,1991; 1994
2.5,7.86,14.38,50.1,0.1,0.07,12.01,1.55,0.2,,2.0,281.0,289.0,43.0,89.0,10.0,112.0,,,,,,,,,,,,,,,,,,,,BACK-ARC_BASIN,173.368,-19.9533,,1991
3.37,7.4,15.0,51.26,0.32,0.15,11.41,1.59,0.2,9.56,1.39,,262.0,37.7,85.3,16.3,151.0,30.7,112.0,2.32,3.76,11.3,1.99,10.4,3.58,1.3,4.62,0.849,5.59,1.19,3.41,3.24,0.481,2.89,0.15,0.159,BACK-ARC_BASIN,-29.52,-59.03,,2002
2.94,6.7,15.99,51.45,0.17,0.48,10.96,1.31,0.16,,6.24,252.0,109.0,32.7,52.3,52.6,200.0,26.5,91.8,4.3,5.62,14.2,2.17,11.4,3.49,1.29,3.85841709,0.77,5.0,1.06,3.09,3.04,0.44,2.71,0.33,0.45,BACK-ARC_BASIN,144.681,18.22,,2019
2.72,7.28,14.8,49.5,0.18,0.33,11.67,1.7,0.13,9.55,5.0,,228.0,,103.0,36.0,171.0,39.0,122.0,7.0,5.0,18.0,,,,,,,,,,,,,,1.0,BACK-ARC_BASIN,137.44,29.328,,1980
2.69,8.07,15.37,49.09,0.09,0.53,10.87,0.97,0.14,,5.0,229.0,278.0,,128.0,45.0,190.0,30.0,83.0,,,,,,,,,,,,,,,,,,BACK-ARC_BASIN,144.715,15.871,,1985
3.01,6.32,15.42,49.04,0.24,0.59,11.88,1.59,0.15,,11.8,277.0,177.0,,,103.0,246.0,32.4,127.0,11.8,9.62,22.8,2.95,14.4,3.9,1.46,4.61,0.81,5.09,1.05,3.03,2.81,0.4,3.04,0.81,0.9,BACK-ARC_BASIN,135.208,31.521,15.25,2009
2.55,7.54,16.02,49.8,0.1,0.36,12.22,1.59,0.15,,6.0,246.0,308.0,46.0,128.0,70.0,190.0,,,,,,,,,,,,,,,,,,,,BACK-ARC_BASIN,173.535,-16.308,,1991
2.58,5.09,13.1,51.1,0.4,0.9,8.34,3.82,0.15,12.44,15.0,,46.0,,34.0,215.0,377.0,37.0,258.0,32.0,27.0,62.0,,,,,,,,,,,,,,3.0,BACK-ARC_BASIN,132.775,24.701,,1980
2.85,9.33,14.9,50.4,0.2,0.26,9.26,1.93,0.1,,3.0,,246.0,,115.0,60.0,154.0,40.0,138.0,7.0,5.0,18.0,,,,1.66,,0.91,,,,,,3.61,,0.47,BACK-ARC_BASIN,137.441,29.3275,,1980; 1980
2.2,5.9,17.52,50.6,0.11,0.54,11.71,0.84,0.21,11.32,8.8,333.0,10.0,,23.0,150.0,270.0,21.0,50.0,,4.43,10.47,,7.54,2.27,0.83,3.0,,3.37,,2.08,2.01,,,,,BACK-ARC_BASIN,145.57,15.5833,,1989
2.81,6.95,14.25,51.04,0.12,0.09,11.63,1.41,0.17,,0.89,,,,,8.4,86.0,34.5,73.0,1.19,2.43,8.42,1.51,8.13,3.36,1.23,4.8,,6.28,,3.98,3.93,0.59,2.2,0.09,0.11,BACK-ARC_BASIN,-176.426,-18.6097,,1993; 2020
2.11,7.48,16.57,48.19,0.16,0.6,13.7,1.13,0.17,8.78,17.2,,246.0,,113.0,81.7,276.0,18.4,49.5,3.34,3.79,10.6,1.61,8.02,2.22,0.81,,0.49,2.8,0.58,1.66,1.76,0.21,1.37,,0.18,BACK-ARC_BASIN,-176.783,-14.8167,,2012; 2011
2.49,8.22,18.04,50.04,0.11,0.33,12.12,0.91,0.13,,3.87,193.0,252.0,34.4,112.0,32.4,202.0,18.4,59.1,3.37,3.77,9.47,1.48,7.78,2.43,0.92,2.72846061,0.55,3.5,0.73,2.16,2.15,0.31,1.79,1.33,0.27,BACK-ARC_BASIN,144.758,18.178,,2019
1.66,8.72,15.75,51.5,0.06,0.12,12.55,0.7,0.15,7.63,0.0,288.0,398.0,39.0,112.0,,116.0,,,,,,,,,,,,,,,,,,,,BACK-ARC_BASIN,-176.133,-20.057,,1994
3.36,5.34,16.8,51.1,0.24,0.6,9.63,1.38,0.19,,14.0,309.0,22.0,34.0,18.0,114.0,324.0,28.2,85.0,4.0,9.54,22.43,3.15,14.39,3.81,1.36,4.24,0.72,4.49,0.96,2.78,2.64,0.41,2.06,0.26,1.06,BACK-ARC_BASIN,126.627,27.0215,,1999
1.86,6.87,14.74,51.54,0.11,0.26,11.37,0.97,0.19,10.72,,315.0,216.0,38.0,42.0,9.0,169.0,,50.0,,,,,,,,,,,,,,,,,,BACK-ARC_BASIN,-176.635,-22.29,,1990
3.15,7.57,17.22,50.88,0.16,0.19,10.74,1.27,0.15,8.11,2.65,219.0,277.0,38.0,157.0,16.0,183.0,29.0,98.0,1.0,5.32,,,10.18,3.19,,,,,,,,,,0.16,0.2,BACK-ARC_BASIN,144.68,18.28,,1990
3.4,4.6,16.5,51.6,0.4,1.2,8.0,1.49,0.17,10.17,26.0,261.0,10.0,26.0,21.0,344.0,426.0,32.0,182.0,6.2,23.1,55.8,7.4,32.4,7.76,2.26,8.29,1.29,7.67,1.5,4.39,3.95,0.6,5.3,0.44,2.6,BACK-ARC_BASIN,126.0,36.0,MIOCENE,2012
2.75,6.17,13.51,50.97,0.119,0.081,10.84,1.67,0.215,12.95,1.29,367.0,42.3,42.9,38.2,12.8,84.9,44.2,97.6,1.97,3.2,10.5,1.95,10.8,4.05,1.43,6.21,1.13,7.58,1.63,4.76,4.63,0.744,2.97,0.137,0.155,BACK-ARC_BASIN,-176.562,-18.883,,2023; 2003
2.7,10.04,15.73,46.3,0.08,0.12,12.48,1.35,0.14,,3.5,189.0,336.0,52.0,276.0,26.0,220.0,25.3,88.0,1.2,3.3,,,9.0,,0.98,,,4.3,,2.2,2.22,,,,,BACK-ARC_BASIN,173.97,-16.733,,1994
2.6,7.03,15.9,49.8,0.12,0.26,12.4,1.27,0.15,8.69,6.0,,310.0,,96.0,32.0,173.0,30.0,91.0,3.0,4.0,11.0,,,,,,,,,,,,,,0.0,BACK-ARC_BASIN,137.44,29.328,,1980
1.83066037594808,7.04804244740009,17.4624659194603,50.3329900031502,0.0915330187974038,0.315280398079947,13.6994418133448,0.701753144113429,0.16272536675094,8.35510751295493,6.48975800888889,278.995814814815,141.110900148148,38.4730702222222,55.3363751111111,152.851306666667,229.105851851852,15.6802711111111,41.4634835555555,1.14582372444444,3.67596011851852,8.99931367407407,1.30857940740741,6.57174666666667,1.98644622222222,0.73335170584754,2.37509084774801,0.41026162962963,2.67804148148148,0.562269333333333,1.57865173333333,1.5540997037037,0.237163851851852,1.10074966,0.0805792041481481,0.560343371851852,BACK-ARC_BASIN,179.238,-34.491,,2021
3.27,6.83,16.41,51.87,0.18,0.26,11.19,1.43,0.2,8.42,3.0,,210.0,,106.0,,184.0,29.0,,4.0,5.2,,,12.0,3.55,,,,,,,,,,0.224,0.31,BACK-ARC_BASIN,144.7,18.2,,1990
1.47,6.83,15.82,51.77,0.09,0.27,12.65,0.66,0.17,8.98,4.58,,77.7,70.4,38.7,82.9,158.0,14.6,22.1,0.276,1.81,4.64,0.789,4.31,1.61,0.62,2.12,0.39,2.66,0.57,1.63,1.61,0.245,0.851,0.02,0.23,BACK-ARC_BASIN,-176.742,-22.858,,
3.02,7.19,17.18,51.26,0.13,0.28,11.46,1.23,0.14,7.89,2.3,257.0,222.0,33.0,109.0,31.0,213.0,29.0,91.0,1.0,5.21,,,12.0,3.15,,,,,,,,,,0.193,0.37,BACK-ARC_BASIN,144.7,18.2,,1990
2.65,7.5,14.64,50.61,0.1,0.05,12.24,1.24,0.19,,0.8,,,,,8.0,98.0,30.4,65.0,1.0,2.1,7.3,1.3,8.0,3.0,1.2,4.4,,5.7,,3.6,3.5,0.5,1.9,0.08,0.1,BACK-ARC_BASIN,-176.436,-18.6225,,1993; 2020
2.154475,8.363575,15.5214,49.5333,0.0763,0.03705,13.312775,1.11355,0.2049,9.7295,0.968095168199926,301.61583586528,304.394896676999,43.5690323444098,98.1819397118115,8.67663807702181,62.2702668825232,28.0784647854632,49.7345638039835,1.22627924568015,1.33944686163637,4.69494927807704,0.912408770824664,5.801220802156,2.37826565654276,0.903293408417993,3.6290671735786,0.624069175194989,4.53215744107584,0.909760337247025,2.62772671810987,2.76122088768274,0.423483307087897,1.63185711975727,0.0869568142603782,0.103545162301447,BACK-ARC_BASIN,-177.26,-15.79,,2012
2.66,6.9,17.2,50.68,0.14,0.27,11.44,1.14,,7.89,3.52,252.0,,,97.0,48.4,166.0,27.0,97.0,,,16.6,,9.52,2.91,1.08,,,4.64,,2.94,2.67,0.4,,,,BACK-ARC_BASIN,144.92,18.01,,2003; 1987
2.36,7.12,16.33,50.61,,0.32,12.43,0.91,,,4.5,235.0,392.0,41.6,152.0,123.0,239.0,18.6,50.3,1.53,5.71,11.99,1.78,8.24,2.31,0.86,2.75,0.48,3.03,0.64,1.81,1.79,0.27,1.37,0.077,0.756,BACK-ARC_BASIN,143.1,21.78,,2005; 1990
1.57,6.35,18.24,49.16,0.07,0.12,12.34,0.7,0.2,,2.0,,,,23.8,41.0,179.0,12.1,16.4,0.6,,,,,,,,,,,,,,,,0.6,BACK-ARC_BASIN,140.242,30.4511,,2007
2.44,5.73,13.1,46.1,0.48,0.27,11.08,4.91,0.21,,,,12.0,,23.0,131.0,443.0,40.0,299.0,30.0,29.0,69.0,,,,,,,,,,,,,,3.0,BACK-ARC_BASIN,132.775,24.7007,,1980
4.39,6.89,16.27,50.47,0.18,0.52,9.31,1.66,0.18,,3.3,286.0,209.0,,90.0,95.0,330.0,33.0,119.0,3.0,6.0,23.0,,,,,,,,,,,,,,,BACK-ARC_BASIN,177.25,-36.25,,1984; 1994
2.94,9.11,15.82,50.52,0.17,0.34,10.65,1.18,0.15,7.69,5.0,203.0,320.0,33.0,160.0,53.0,223.0,25.5,106.0,5.8,6.35,15.4,2.01,10.3,3.26,1.25,3.74,0.7,4.54,0.98,2.91,2.63,0.387,2.3,0.3,0.45,BACK-ARC_BASIN,144.479,19.425,,2016
4.08,5.12,18.25,49.78,0.22,0.34,10.17,1.57,0.18,,3.0,283.0,,,27.0,39.0,182.0,37.0,127.0,4.0,,,,,,,,,,,,,,,,,BACK-ARC_BASIN,-177.862,-18.568,,1994
2.59,8.48,16.34,49.25,0.1,0.12,11.84,1.16,0.16,11.56,1.6,378.0,166.5,40.0,65.8,11.0,130.0,38.5,80.0,1.7,3.08,9.05,,7.21,2.75,1.1,3.8,0.65,4.2,0.84,3.2,2.49,0.38,1.56,,0.0,BACK-ARC_BASIN,-174.817,-15.612,,1992; 1997
2.54,7.09,16.37,51.76,0.11,0.22,11.97,1.13,0.16,,3.0,,158.0,,55.0,35.0,159.0,25.0,81.0,2.0,,9.0,,,,,,,,,,,,,,,BACK-ARC_BASIN,-177.862,-18.568,,1994
2.87,7.58,15.2,50.0,0.11,0.23,13.08,1.43,0.17,8.2,2.0,,118.0,,274.0,23.0,134.0,31.0,89.0,2.0,5.0,10.0,,9.0,,,,,,,,,,,,0.0,BACK-ARC_BASIN,140.789,18.0,,1980
2.23,5.34,15.62,51.49,,0.39,10.28,1.13,0.18,12.32,6.5,474.0,,32.9,,166.0,240.0,22.7,53.0,1.11,3.76,9.8,1.6,8.09,2.54,0.94,3.31,0.56,3.98,0.82,2.47,2.42,0.35,1.45,0.07,0.39,BACK-ARC_BASIN,139.394,34.724,,2016
2.67,6.45,16.78,48.55,0.17,0.41,12.35,1.07,0.14,9.53,7.5,,,,125.0,11.0,369.0,22.0,74.0,0.8,5.6,,,,,,,,,,,,,,,,BACK-ARC_BASIN,139.87,30.916,,1992
3.01,6.18,13.9,47.4,0.42,0.69,10.08,3.45,0.19,11.3,10.0,,147.0,,76.0,161.0,385.0,36.0,243.0,22.0,23.0,50.0,,,,2.86,,1.1,,,,,,5.77,,3.0,BACK-ARC_BASIN,132.775,24.701,,1980; 1981
2.92,5.61,16.1,49.9,0.14,0.3,11.3,1.28,0.2,,4.47,238.0,292.0,38.6,75.2,48.8,181.0,30.4,106.0,6.4,5.55,14.9,2.21,11.2,3.56,1.26,4.24,0.75,5.24,1.17,3.18,3.07,0.443,2.61,0.4,0.57,BACK-ARC_BASIN,115.047,12.9196,,2018
2.2,8.2,14.8,50.4,0.05,0.06,12.6,0.9,0.17,,,,307.0,,,6.0,57.0,21.2,15.2,0.92,1.2,4.2,,4.6,2.0,1.7,2.2,,2.7,,2.1,1.9,,1.2,,0.48,BACK-ARC_BASIN,150.081,-3.332,,2012
2.55,6.65,15.2,48.7,0.18,0.24,13.88,1.62,0.13,,3.0,,219.0,,86.0,31.0,176.0,38.0,122.0,3.0,6.0,18.0,,,,,,,,,,,,,,1.0,BACK-ARC_BASIN,137.441,29.3275,,1980
2.6,6.32,13.0,49.6,0.34,0.45,9.87,3.58,0.17,11.79,3.0,,139.0,,72.0,139.0,368.0,30.0,194.0,20.0,20.0,39.0,,,,,,,,,,,,,,0.0,BACK-ARC_BASIN,132.775,24.701,,1980
2.58,7.47,17.84,51.45,0.13,0.27,11.41,1.17,0.14,7.63,3.3,222.0,256.0,34.0,131.0,33.0,211.0,27.0,89.0,113.0,4.94,,,9.77,2.94,,,,,,,,,,0.183,0.33,BACK-ARC_BASIN,144.68,18.27,,1990
2.59,6.57,15.66,52.12,0.1,0.21,11.23,1.04,0.15,10.33,3.37,,,,,36.8,138.0,23.3,39.0,0.56,1.81,5.3,0.86,5.54,2.01,0.83,3.1,0.48,3.67,0.74,2.31,2.22,0.37,1.26,0.28,0.13,BACK-ARC_BASIN,-177.303,-18.5008,,1994
3.09,7.19,16.24,50.7,0.13,0.18,11.04,1.33,0.13,9.11,1.0,,41.0,,40.0,49.0,187.0,27.0,102.0,1.0,,13.0,,,,,,,,,,,,,,,BACK-ARC_BASIN,-177.862,-18.5676,,1994
3.55,7.21,16.73,50.42,0.2,0.44,10.88,1.45,0.16,,6.0,,269.0,,67.0,78.0,217.0,30.0,129.0,8.0,10.0,14.0,,,,,,,,,,,,,,,BACK-ARC_BASIN,-29.95,-60.07,,1979
2.96,7.06,17.17,50.43,0.14,0.51,10.9,1.31,0.14,,4.93,234.0,260.0,33.0,103.0,29.6,192.0,24.6,99.0,7.84,4.86,13.0,2.1,11.0,3.37,1.23,3.71,0.75,4.76,1.0,2.92,2.84,0.44,2.6,0.53,0.32,BACK-ARC_BASIN,144.738,18.091,,2019; 2021
2.35,7.86,14.86,50.55,0.1,0.08,12.72,1.38,0.18,,2.0,282.0,201.0,43.0,80.0,23.0,105.0,,,,,,,,,,,,,,,,,,,,BACK-ARC_BASIN,173.385,-19.8783,,1991
2.61,8.91,16.83,49.09,0.16,0.05,12.46,1.29,0.11,9.59,0.5,,,,,4.7,123.9,32.1,68.3,1.01,2.17,6.69,1.14,6.75,2.75,1.1,3.85,0.73,4.9,1.08,3.01,2.66,0.42,1.8,0.08,0.08,BACK-ARC_BASIN,174.273,-16.612,,1993; 2014
2.27,7.6,14.38,50.69,0.07,0.04,12.41,0.97,0.19,,1.0,309.0,115.0,,80.0,12.0,73.0,24.0,50.0,0.7,1.3,4.6,,,2.15,0.82,2.9,,,1.0,,2.65,0.44,1.0,,2.0,BACK-ARC_BASIN,149.015,-3.528,,2003
3.21,5.03,17.6,49.0,0.19,0.28,10.4,1.44,0.18,,2.73,244.0,214.0,43.5,98.6,33.9,186.0,31.9,111.0,6.08,4.77,14.4,2.18,11.5,3.72,1.33,4.35,0.8,5.52,1.24,3.29,3.25,0.471,2.77,0.39,0.37,BACK-ARC_BASIN,115.047,12.9196,,2018
2.03,6.89,16.62,50.67,0.19,0.3,12.59,0.85,0.15,,3.0,246.0,,,79.0,28.0,139.0,24.0,51.0,0.5,,,,,,,,,,,,,,,,,BACK-ARC_BASIN,-177.303,-18.501,,1994
1.94,8.21,16.1,49.23,,0.15,12.78,0.78,,7.87,4.1,205.0,335.0,44.0,105.0,23.0,123.0,17.7,44.0,1.21,2.1,6.0,1.02,5.4,2.1,0.8,2.9,,3.5,,2.2,2.2,0.31,1.3,0.079,0.18,BACK-ARC_BASIN,-174.85,-15.867,,2008
3.41,5.94,15.0,50.9,0.23,0.553,10.1,1.77,0.18,9.53,4.21,,,35.8,35.0,163.0,272.0,31.0,156.0,5.76,11.2,26.6,3.73,17.3,4.77,1.58,5.62,0.949,5.93,1.23,3.56,3.29,0.483,3.9,0.37,146.0,BACK-ARC_BASIN,134.536,38.616,MIOCENE,2015
3.21,7.46,13.69,49.93,0.13,0.77,10.83,1.3,0.26,,14.9,342.0,184.0,50.8,82.7,143.0,211.0,25.0,86.7,3.86,4.8,12.2,1.7,8.95,2.77,0.99,3.08,0.73,4.52,0.96,2.57,2.74,0.42,2.37,0.37,0.25,BACK-ARC_BASIN,137.969,8.841,,2025
1.17,6.62,16.74,51.09,0.08,0.31,12.84,0.6,0.18,9.15,8.0,230.0,146.0,37.0,661.0,17.0,220.0,,,,,,,,,,,,,,,,,,,,BACK-ARC_BASIN,-176.553,-22.179,,1990
2.94,6.41,13.66,51.0,0.12,0.1,10.53,1.62,0.21,,5.0,266.0,116.0,46.0,42.0,49.0,118.0,40.0,105.0,4.3,4.8,,,13.0,,1.5,,,6.2,,4.0,3.7,,,,,BACK-ARC_BASIN,173.81,-17.3203,,1991; 1994
2.57,9.04,15.9,48.6,0.06,0.17,11.16,1.14,0.16,,3.0,,299.0,,147.0,29.0,172.0,26.0,82.0,1.0,2.0,12.0,,,,,,,,,,,,,,,BACK-ARC_BASIN,137.441,29.3275,,1980
2.74,7.34,16.4,48.85,0.22,0.44,11.75,1.58,0.17,,8.0,290.0,290.0,38.0,89.0,74.0,196.0,35.0,123.0,8.65,9.0,,,16.0,,1.35,,,5.5,,3.2,3.2,,,,,BACK-ARC_BASIN,173.393,-15.972,,1994
3.05,5.94,14.61,49.64,0.2,0.36,11.04,2.07,0.21,11.53,5.28,,119.0,,51.0,73.0,171.0,34.2,159.0,14.0,8.41,22.2,3.29,17.1,4.9,1.63,,0.94,6.11,1.26,3.57,3.3,0.61,3.6,,0.59,BACK-ARC_BASIN,-174.578,-15.4267,,2012; 2011
2.6,6.57,13.61,52.2,0.12,0.13,10.91,1.51,0.22,,1.37,436.0,82.0,49.0,52.0,16.3,81.0,43.2,98.8,1.52,3.0,10.03,1.71,10.61,3.94,1.34,5.39,1.04,7.17,1.61,4.55,4.58,0.74,2.55,0.08,0.12,BACK-ARC_BASIN,-176.562,-18.883,,1995
2.98,5.67,16.17,52.75,0.17,0.6,10.25,1.08,0.16,8.42,9.93,263.0,30.2,33.2,27.5,64.9,233.0,24.8,81.3,2.98,7.05,16.0,2.41,11.5,3.3,1.2,3.95,0.675,4.16,0.883,2.5,2.36,0.364,2.03,0.183,0.668,BACK-ARC_BASIN,144.7,18.2,,2021
2.93,5.99,15.47,50.9,0.12,0.37,10.62,1.26,0.19,10.35,7.6,314.0,303.0,42.0,37.0,57.5,154.0,32.0,81.2,3.46,4.41,12.2,1.92,9.86,3.07,1.08,3.92,0.72,4.91,1.07,3.11,3.04,0.46,2.22,0.22,0.43,BACK-ARC_BASIN,-174.816,-15.614,,2007
2.71,6.89,15.9,49.7,0.21,0.17,11.27,1.57,0.16,9.03,2.0,,238.0,,59.0,65.0,160.0,37.0,130.0,8.0,8.0,22.0,,,,,,,,,,,,,,0.0,BACK-ARC_BASIN,137.684,28.638,,1980
2.97,8.16,16.34,50.26,0.26,0.13,11.21,1.23,0.16,7.82,2.34,,302.0,36.3,130.0,20.2,129.0,22.0,70.6,2.45,3.12,9.26,1.59,8.17,2.82,1.05,3.71,0.665,4.53,0.925,2.59,2.59,0.371,2.27,0.152,0.177,BACK-ARC_BASIN,-30.728,-56.538,,2002
2.51,8.68,15.41,49.18,0.17,0.3,11.58,1.39,0.19,,5.0,269.0,400.0,,149.0,50.0,164.0,28.0,84.0,7.0,5.5,14.1,1.9,9.5,2.67,0.98,3.45,,4.57,,2.85,2.66,,,,2.0,BACK-ARC_BASIN,173.408,-15.837,,1990
2.73,6.3,17.06,51.22,0.17,0.51,11.33,1.07,,8.04,10.4,,,,,103.0,284.0,,,,6.53,14.8,,10.6,3.05,1.1,3.66,,4.01,,2.42,2.4,,,,,BACK-ARC_BASIN,144.853,16.407,,1996
3.0,6.35,15.98,50.6,0.3,0.65,10.87,1.95,0.16,9.95,17.6,,,,,207.7,247.3,38.8,159.5,26.4,19.4,38.4,4.59,20.1,5.34,1.85,6.1,1.03,6.25,1.27,3.42,2.92,0.45,3.84,1.73,2.25,BACK-ARC_BASIN,174.477,-13.543,,1993; 2014
3.55,6.15,16.8,50.79,0.26,0.49,9.59,1.83,0.16,,4.0,230.0,160.0,27.0,70.0,100.0,250.0,,150.0,3.0,,,,,,,,,,,,,,4.6,,,BACK-ARC_BASIN,151.813,-9.9193,,1997
2.97,5.68,14.07,51.11,0.22,0.3,11.29,2.05,0.22,10.07,4.0,499.0,144.0,,67.0,62.0,185.0,51.0,126.0,4.0,,11.0,,,,,,,,,,,,,,,BACK-ARC_BASIN,177.687,-14.48,,1993
2.1,7.39,15.8,50.24,0.09,0.11,13.37,0.76,0.21,9.13,2.0,282.0,300.0,,94.0,10.8,166.0,21.0,40.0,0.0,,,,,,,,,,,,,,,,,BACK-ARC_BASIN,-175.953,-18.76,,1977
2.84,6.24,16.47,50.82,0.17,0.5,11.18,1.06,0.17,,13.1,276.0,80.0,38.0,26.0,87.0,360.0,23.8,69.0,2.9,8.25,19.02,2.65,11.98,3.11,1.15,3.48,0.6,3.76,0.81,2.4,2.28,0.35,1.78,0.28,1.13,BACK-ARC_BASIN,126.861,27.5047,,1999
3.19,5.99,16.08,52.55,0.12,0.34,10.54,1.45,0.19,8.43,3.7,282.0,169.0,62.0,72.0,43.0,122.0,32.0,109.0,2.0,5.88,,,10.0,3.72,,,,,,,,,,,,BACK-ARC_BASIN,144.83,18.2,,1990
1.842,6.885,15.183,51.762,0.089,0.186,11.594,0.895,0.18,10.065,6.5559,305.108,17.991,35.512,29.4451,74.9762,159.663,24.747,50.117,0.736,3.095,8.407,1.384,7.359,2.432,0.9,3.416,0.601,3.986,0.875,2.526,2.547,0.399,1.463,0.058,0.279,BACK-ARC_BASIN,-176.612,-22.1334,,2013
2.31,7.48,14.84,50.91,0.09,0.08,12.77,1.12,0.22,10.25,0.79,,339.0,,77.9,10.18,81.34,25.79,59.9,1.38,2.01,5.77,1.1,6.97,2.23,0.76,,0.56,4.07,0.99,2.75,2.64,,,0.12,0.14,BACK-ARC_BASIN,-176.348,-18.4967,,2012; 2008
3.46,5.15,16.1,51.5,0.24,0.45,9.8,1.48,0.2,9.9,,370.0,30.0,,25.0,36.0,258.0,28.0,100.0,,,,,,,,,,,,,,,,,,BACK-ARC_BASIN,139.808,31.08,,1990
1.86,7.58,17.0,48.71,0.1,0.24,12.86,0.8,0.18,,,370.0,188.0,,63.0,25.0,233.0,17.0,41.0,,,,,,,,,,,,,,,,,,BACK-ARC_BASIN,139.973,31.11,,1990
3.93,5.71,16.63,51.85,0.26,0.4,9.34,1.71,0.16,,3.0,180.0,180.0,26.0,80.0,140.0,260.0,,140.0,,,,,,,,,,,,,,,,,,BACK-ARC_BASIN,151.827,-9.907,,1997
2.64,8.21,17.2,49.9,0.07,0.16,10.3,0.95,0.12,,2.59,153.0,378.0,63.0,220.0,10.9,124.0,20.8,48.1,2.01,2.05,5.87,1.03,5.63,2.04,0.86,2.89,0.53,3.45,0.75,2.07,2.01,0.31,1.5,0.14,0.17,BACK-ARC_BASIN,117.0,15.3923,,2025
2.62,5.54,12.6,49.3,0.45,0.53,9.36,3.92,0.26,13.01,13.0,,112.0,,69.0,179.0,373.0,39.0,280.0,32.0,31.0,64.0,,,,,,,,,,,,,,7.0,BACK-ARC_BASIN,132.775,24.701,,1980
2.56,6.42,14.7,50.6,0.18,0.51,10.8,1.58,0.16,,8.05,284.0,261.0,86.2,122.0,66.1,167.0,32.2,114.0,9.4,7.44,18.2,2.76,13.5,4.06,1.43,5.18,0.88,5.58,1.16,3.18,2.92,0.45,2.97,0.58,0.8,BACK-ARC_BASIN,114.923,13.2072,,2025
2.76,6.31,16.54,51.97,,0.59,11.22,1.15,,,9.0,228.0,346.0,37.9,184.0,102.0,302.0,22.0,84.8,5.34,8.67,17.44,2.48,11.22,2.95,1.04,3.34,0.58,3.59,0.75,2.13,2.11,0.33,2.05,0.327,0.884,BACK-ARC_BASIN,143.173,21.7,,2005; 1990
2.3,8.23,14.98,50.18,0.08,0.08,12.58,0.95,0.17,,0.6,301.0,254.0,43.6,87.9,6.25,79.2,25.0,56.0,0.932,1.58,5.11,1.05,6.32,2.24,0.89,3.07,0.547,3.98,0.92,2.65,2.69,0.395,1.5,0.097,0.068,BACK-ARC_BASIN,149.797,-3.608,,2003; 2010
1.27,7.41,18.16,48.61,0.05,0.1,13.55,0.57,0.18,,1.4,,,,33.0,31.4,159.0,10.5,15.2,0.5,,,,,,,,,,,,,,,,0.8,BACK-ARC_BASIN,140.3,30.5,,2007
2.3019534648388,5.78199632728556,14.727134659493,52.5234138004409,0.193912152823647,0.88632322659823,11.0106494933021,0.841579032976052,0.229042504609739,11.503995337632,21.2979111507064,364.867161941538,7.98647287123606,39.0087431530673,16.9829239912595,547.018344501446,251.193291862914,18.9837517162642,47.4456203778638,0.798999744860535,7.24201524724225,15.509872218153,2.25732397880194,10.696393588948,2.95658705517105,0.934542477612734,3.33348545258197,0.524031906622735,3.45169295677508,0.69162885030773,2.10891534469946,2.09746868573969,0.295350417083041,1.33070639057839,0.0552294015343781,1.19773059712431,BACK-ARC_BASIN,179.286,-34.675,,2021
1.91,9.02,15.89,50.74,0.14,0.48,11.33,0.75,0.16,,8.29,,,,104.8,100.7,368.0,18.3,44.9,1.23,6.07,13.82,1.88,9.15,2.55,0.91,2.92,0.48,2.79,0.59,1.77,1.69,0.24,1.22,0.132,0.534,BACK-ARC_BASIN,144.827,14.5887,,2011
4.23,4.78,17.65,48.37,0.76,3.16,6.77,1.91,0.12,,30.8,146.0,61.9,,,475.0,636.0,28.2,263.0,64.1,39.5,74.7,7.84,30.2,5.82,1.86,5.15,0.79,4.54,0.9,2.56,2.43,0.36,5.74,5.09,5.89,BACK-ARC_BASIN,136.242,31.407,,2009
2.2,7.2,14.5,50.5,0.06,0.09,12.3,0.9,0.18,,,,194.0,,,11.4,81.0,20.8,14.3,0.59,1.4,4.4,,4.9,1.5,1.6,2.0,,2.6,,1.9,1.6,,1.0,,0.08,BACK-ARC_BASIN,149.015,-3.528,,2012
2.23,9.35,13.8,50.69,0.09,0.04,11.87,1.05,0.18,,0.71,319.0,326.0,46.6,125.0,5.8,82.0,28.2,52.6,1.14,1.75,5.76,1.04,6.28,2.35,0.86,3.37,0.66,4.44,0.98,2.85,2.87,0.45,1.56,0.08,0.1,BACK-ARC_BASIN,133.29,18.0147,,2005
2.93,5.83,16.6,50.0,0.15,0.21,11.0,1.32,0.18,,2.06,227.0,262.0,42.9,98.0,28.6,177.0,28.3,92.0,5.69,4.39,12.5,1.88,9.9,3.29,1.22,3.92,0.7,4.91,1.1,2.87,2.7,0.386,2.42,0.35,0.4,BACK-ARC_BASIN,115.047,12.9196,,2018
2.85,5.41,14.11,50.45,0.13,0.08,10.17,1.93,0.25,13.29,1.1,,11.0,,37.0,10.0,63.01,30.88,73.6,1.05,2.13,6.74,1.32,7.81,2.69,1.1,,0.8,5.07,1.11,3.29,3.53,,,0.14,0.18,BACK-ARC_BASIN,-176.585,-18.855,,2008
3.13,10.54,14.9,49.9,0.1,0.17,11.97,0.95,0.1,7.72,1.0,,228.0,,114.0,41.0,178.0,23.0,63.0,1.0,6.0,12.0,,8.0,,,,,,,,,,,,1.0,BACK-ARC_BASIN,144.532,18.013,PLEISTOCENE,1980
2.62,7.33,14.99,50.13,0.066,0.05,12.56,1.26,0.18,10.75,0.715,286.0,277.0,39.6,66.7,8.38,89.6,30.8,62.8,1.12,1.92,6.34,1.25,7.3,2.81,1.08,4.47,0.801,5.43,1.2,3.38,3.3,0.516,1.97,0.08,0.088,BACK-ARC_BASIN,-176.562,-18.883,,2023; 2003
4.22,5.14,16.93,51.9,0.22,0.44,9.74,1.96,0.18,9.39,9.42,306.9,,,31.7,101.0,198.2,36.0,132.2,3.56,6.69,18.41,2.96,13.51,4.38,1.61,5.65,,5.77,,3.42,3.22,0.51,3.02,0.215,0.581,BACK-ARC_BASIN,177.36,-36.225,,2006; 2011
3.37,5.36,17.03,49.4,0.14,0.38,11.88,1.26,0.12,,6.12,308.0,232.0,,56.5,16.3,173.0,34.2,84.1,1.22,6.27,10.72,2.2,11.84,3.49,1.27,4.65,0.85,5.17,1.12,3.29,3.02,0.42,2.01,0.11,0.28,BACK-ARC_BASIN,137.885,28.347,,2009
3.02,6.35,16.26,50.88,0.34,0.59,10.82,1.48,0.18,7.88,11.7,,169.0,29.6,80.2,143.0,237.0,28.2,109.9,4.43,5.98,15.54,2.42,12.05,3.7,1.29,4.55,0.8,5.18,1.11,3.14,3.03,0.45,2.92,0.29,0.65,BACK-ARC_BASIN,-30.5,-57.034,,2002; 2006
2.81,7.36,17.28,51.27,0.13,0.2,11.8,1.13,,7.72,,228.0,,,153.0,,185.0,24.0,92.0,,,,,,,,,,,,,,,,,,BACK-ARC_BASIN,144.7,18.01,,1987
2.88,6.87,13.9,50.1,0.1,0.19,11.06,2.47,0.2,,5.0,316.0,93.0,43.0,42.0,25.0,114.0,38.0,89.0,3.4,4.0,,,11.0,,1.35,,,6.0,,4.1,3.5,,,,,BACK-ARC_BASIN,173.874,-17.1528,,1991; 1994
1.31,7.28,18.01,48.59,0.05,0.1,13.48,0.57,0.18,,1.8,,,,31.5,40.6,157.4,10.3,15.2,0.4,,,,,,,,,,,,,,,,,BACK-ARC_BASIN,140.3,30.5,,2007
2.12,8.15,17.36,50.88,0.04,0.12,11.96,0.71,0.14,7.87,2.39,261.97,292.0,37.63,111.0,20.16,87.76,15.09,34.813,0.777,1.31,3.77,0.687,3.95,1.42,0.557,1.823,0.37,2.353,0.513,1.507,1.497,0.23,1.03,0.057,0.147,BACK-ARC_BASIN,-29.47,-55.32,,2004
2.44,7.0,17.5,50.09,0.16,0.41,11.55,1.13,0.16,8.22,5.43,300.4,130.3,34.9,68.9,34.6,260.0,21.4,62.3,1.42,3.76,10.16,1.7,8.62,2.56,0.95,3.16,0.55,3.49,0.76,2.17,1.97,0.3,1.52,0.1,0.304,BACK-ARC_BASIN,140.02,30.69,,2010
1.95264549904025,7.21055030635177,17.1975184316514,50.3111316862091,0.0915302577675119,0.335610945147544,13.5057980350284,0.722072033499261,0.162720458253355,8.51042234705141,6.94429551981169,276.334499803845,124.431612710867,40.9851125931738,63.1379813260102,149.406257355826,217.084757944292,16.2274970576697,42.987265751275,1.17300656257356,3.77598851314241,9.27668271479011,1.34689219301687,6.78116594743036,2.05303177716752,0.755290552021271,2.46063237013378,0.425909690074539,2.77844958807375,0.585302863868184,1.63091810906238,1.60585641428011,0.247039544919576,1.12959000847391,0.087266570184386,0.586805373087485,BACK-ARC_BASIN,179.238,-34.491,,2021
2.12,7.03,16.07,52.1,0.43,2.12,10.77,0.79,0.16,,49.0,284.0,200.0,,75.0,432.0,612.0,23.0,128.0,5.4,29.0,62.0,,,,,,,,,,,,,,,BACK-ARC_BASIN,143.58,21.67,,1997
2.77,7.66,16.0,49.7,0.11,0.23,11.7,1.27,0.13,,3.0,,301.0,,145.0,31.0,150.0,29.0,91.0,4.0,3.0,10.0,,,,1.08,,0.55,,,,,,2.23,,0.17,BACK-ARC_BASIN,137.441,29.3275,,1980; 1980
2.19,7.13,13.65,50.03,0.089,0.06,11.22,1.17,0.21,11.71,0.66,384.0,92.0,45.9,61.0,15.838,80.85,30.07,60.9,1.05,1.87,6.51,1.21,6.87,2.6,1.0,3.93,0.71,5.16,1.13,3.4,3.4,0.52,1.563,0.028,0.122,BACK-ARC_BASIN,150.441,-3.0719,,2015
2.94,7.28,15.5,49.0,0.14,0.2,11.6,1.63,0.18,11.39,3.89,326.0,262.0,50.2,77.7,41.3,211.0,27.1,97.0,4.08,5.07,14.01,2.31,11.8,3.62,1.37,4.42,0.731,4.83,0.974,2.89,2.99,0.385,2.48,0.225,0.384,BACK-ARC_BASIN,176.588,-15.148,,2012
2.46,7.61,15.64,49.97,0.12,0.28,12.26,1.02,0.16,8.62,6.06,276.6,257.5,32.0,79.4,39.6,127.0,22.3,60.38,2.43,3.241,8.975,1.426,7.398,2.404,0.874,3.166,0.577,3.601,0.793,2.296,2.097,0.308,1.609,0.0,0.247,BACK-ARC_BASIN,-174.842,-15.662,,1992; 1993; 1997; 2007
2.09,11.83,14.9,47.6,0.12,0.11,9.38,0.91,0.18,,,,412.0,,201.0,14.0,135.0,21.0,67.0,6.0,5.0,13.0,,,,0.9,,0.53,,,,,,1.71,,0.12,BACK-ARC_BASIN,136.057,28.9833,,1980; 1980
2.866,7.688,16.13,48.55,0.1302,0.3279,11.85,1.273,0.1713,9.744834,5.1,282.7,231.5,,93.8,46.5,189.0,33.1,78.5,1.8,,,,,,,,,,,,,,,,,BACK-ARC_BASIN,169.475,-18.094,,2017
2.17,7.77,14.58,51.52,0.068,0.052,12.09,0.99,0.19,9.92,0.97,304.0,236.0,43.8,77.0,7.4,61.0,26.4,46.5,0.88,1.37,4.71,0.89,5.23,2.0,0.78,0.6,3.24,4.15,0.93,2.7,2.76,0.43,1.38,0.068,0.067,BACK-ARC_BASIN,-175.971,-19.55,,2009
2.17,7.71,15.72,51.22,0.19,0.17,12.27,0.8,0.12,,2.0,,130.0,40.1,70.0,,129.0,25.0,51.0,2.0,1.94,6.0,,,2.22,0.83,,0.57,,,,2.2,0.4,1.36,0.0,,BACK-ARC_BASIN,-177.303,-18.501,,1994; 2007
2.66,7.64,14.8,49.1,0.13,0.52,12.5,1.08,0.13,8.25,9.0,,282.0,,118.0,35.0,164.0,25.0,79.0,6.0,2.0,10.0,,,,,,,,,,,,,,0.0,BACK-ARC_BASIN,136.057,28.984,,1980
2.35,6.5,15.25,50.5,0.1,0.13,11.9,1.68,0.18,,2.5,304.0,134.0,40.0,52.0,15.0,108.0,,,,,,,,,,,,,,,,,,,,BACK-ARC_BASIN,173.419,-18.2268,,1991
3.07,8.93,15.27,48.2,0.25,0.43,10.08,2.25,0.18,,7.0,250.0,298.0,41.0,174.0,60.0,252.0,,,,,,,,,,,,,,,,,,,,BACK-ARC_BASIN,174.147,-21.034,,1991
2.11,7.7,16.06,50.84,0.08,0.23,12.68,0.6,0.14,,3.0,230.0,224.0,,93.0,40.0,169.0,14.0,33.0,0.6,,,,,,,,,,,,,,,,,BACK-ARC_BASIN,150.693,-3.813,,2003
3.32,8.53,15.2,51.6,0.13,0.34,11.53,1.04,0.13,8.17,0.0,,178.0,,114.0,134.0,239.0,25.0,72.0,1.0,7.0,8.0,,7.0,,,,,,,,,,,,0.0,BACK-ARC_BASIN,144.532,18.013,PLEISTOCENE,1980
2.2,7.46,13.78,50.47,0.11,0.06,11.87,1.35,0.21,11.96,,331.0,255.0,48.0,67.0,,103.0,,55.0,,,,,,,,,,,,,,,,,,BACK-ARC_BASIN,-176.508,-18.6993,,1990
1.79,7.65,16.43,50.14,0.12,0.24,12.58,1.15,0.17,9.22,4.0,274.0,170.0,,69.0,41.0,135.0,23.0,45.0,1.0,,9.0,,,,,,,,,,,,,,,BACK-ARC_BASIN,-177.303,-18.5008,,1994; 1992
2.73,6.67,15.1,51.5,0.18,0.34,10.3,1.49,0.16,,5.85,262.0,241.0,42.2,106.0,64.4,180.0,32.0,115.0,9.25,7.27,17.8,2.6,13.1,4.08,1.42,4.8,0.83,5.6,1.24,3.28,3.09,0.448,2.91,0.57,0.8,BACK-ARC_BASIN,114.923,13.2072,,2018
3.19,5.99,16.08,52.55,0.12,0.34,10.54,1.45,0.19,8.43,3.7,282.0,169.0,62.0,72.0,43.0,122.0,32.0,109.0,2.0,5.88,,,10.0,3.72,,,,,,,,,,,,BACK-ARC_BASIN,144.72,18.22,,1990
3.48,7.23,15.88,52.79,0.18,0.23,10.37,1.62,,9.48,2.3,273.0,211.0,39.0,118.0,27.0,184.0,37.8,123.4,4.5,5.36,15.26,2.45,12.42,4.13,1.46,5.42,0.96,6.09,1.31,3.71,3.6,0.54,3.03,0.294,0.354,BACK-ARC_BASIN,144.54,19.45,,1998; 2005
2.58,7.33,16.33,50.32,0.12,0.19,11.83,1.35,0.14,,3.0,,139.0,,52.0,36.0,165.0,25.0,81.0,1.0,,13.0,,,,,,,,,,,,,,,BACK-ARC_BASIN,-177.862,-18.568,,1994
3.01,4.8,15.54,51.14,0.16,0.49,9.23,1.41,,9.81,6.2,342.0,22.0,30.8,33.0,134.0,272.0,33.6,106.2,1.96,7.02,16.9,2.71,13.0,3.91,1.43,4.55,0.86,5.43,1.16,3.42,3.34,0.52,2.83,0.126,0.636,BACK-ARC_BASIN,143.05,21.83,PROTEROZOIC,1983; 1990; 2005
3.27,10.19,16.2,51.57,0.21,0.56,8.15,1.43,0.12,,4.0,289.0,216.0,,88.0,133.0,279.0,22.0,100.0,11.0,,35.0,,,,,,,,,,,,,,,BACK-ARC_BASIN,138.231,40.19,,1992; 1992
2.7,7.61,16.26,49.53,0.14,0.11,11.76,1.31,0.15,9.16,2.0,,275.0,,110.0,18.0,158.0,30.0,95.0,3.0,3.3,12.0,,,,1.29,,0.74,,,,,,2.44,,1.0,BACK-ARC_BASIN,137.44,29.328,,1980; 1981
2.8,6.94,16.2,49.9,0.14,0.14,12.01,1.4,0.14,,1.0,,263.0,,102.0,23.0,165.0,34.0,101.0,4.0,5.0,13.0,,,,,,,,,,,,,,2.0,BACK-ARC_BASIN,137.441,29.3275,,1980
2.5,7.26,17.65,51.94,0.12,0.3,11.32,0.92,0.14,7.33,3.03,275.0,215.0,37.3,84.0,40.0,166.0,33.1,110.8,3.99,4.72,13.89,2.19,10.85,3.57,1.25,4.23,0.79,5.37,1.14,3.27,3.18,0.49,2.7,0.26,0.38,BACK-ARC_BASIN,-29.5,-56.5,,2000
3.12,6.0,18.14,48.06,0.7,1.95,8.85,1.97,0.14,,21.7,206.0,132.0,,,319.0,555.0,34.9,167.0,40.1,27.4,46.7,5.79,25.1,5.44,1.94,5.62,0.91,5.23,1.12,3.24,2.99,0.47,3.71,2.86,2.95,BACK-ARC_BASIN,136.378,30.347,,2009
2.7,6.12,16.2,49.6,0.18,0.26,13.46,1.24,0.14,7.79,4.0,,220.0,,45.0,37.0,186.0,33.0,84.0,3.0,3.0,10.0,,,,1.22,,0.64,,,,,,2.23,,0.0,BACK-ARC_BASIN,136.057,28.983,,1980; 1981
3.1,7.46,16.52,49.3,0.4,1.0,10.43,2.28,0.15,,22.0,226.0,193.0,35.0,109.0,250.0,314.0,28.8,161.0,30.3,22.5,32.93,3.96,23.2,4.12,1.69,4.46,0.7,5.3,0.74,2.5,2.35,0.26,2.85,2.36,,BACK-ARC_BASIN,173.92,-17.0,,1994; 1994
2.88,9.42,15.37,49.0,0.25,0.37,10.47,1.8,0.18,,6.2,250.0,299.0,42.0,184.0,80.0,250.0,,,,,,,,,,,,,,,,,,,,BACK-ARC_BASIN,174.147,-21.034,,1991
2.53,8.24,16.0,48.9,0.11,0.1,11.86,1.2,0.15,,3.0,,299.0,,127.0,29.0,199.0,27.0,83.0,2.0,3.0,10.0,,,,,,,,,,,,,,1.0,BACK-ARC_BASIN,137.441,29.3275,,1980
2.93,7.03,18.7,49.2,0.17,0.3,10.5,1.08,0.11,,0.0,,199.0,32.0,,,250.0,28.0,81.0,,5.6,10.9,,,1.9,1.04,,0.0,3.0,,,1.0,0.26,0.0,0.0,0.0,BACK-ARC_BASIN,12.993,39.728,MIOCENE,1977
2.61,9.16,15.8,48.8,0.12,0.06,10.9,1.18,0.15,,,,293.0,,122.0,23.0,142.0,26.0,85.0,1.0,2.0,13.0,,,,,,,,,,,,,,1.0,BACK-ARC_BASIN,137.441,29.3275,,1980
2.89,5.33,17.4,48.18,0.18,0.16,12.06,1.62,0.17,,0.0,346.0,244.0,36.0,80.0,,136.0,41.0,125.0,0.0,3.9,10.0,1.7,10.0,4.1,1.3,5.2,1.0,7.9,1.5,4.1,3.7,0.6,2.7,,,BACK-ARC_BASIN,139.68,17.145,,1978
3.21,5.59,16.26,52.36,0.24,0.69,10.07,1.19,0.15,7.59,15.4,258.0,79.0,27.0,43.0,228.0,281.0,27.5,92.0,6.94,8.36,20.69,2.9,13.51,3.73,1.27,4.12,0.73,4.55,0.94,2.68,2.64,0.41,2.38,0.43,1.15,BACK-ARC_BASIN,-30.278,-56.114,,2000
1.56,7.34,16.0,50.6,0.06,0.16,12.7,0.77,0.16,11.2,2.94,,,,53.0,56.0,137.0,15.4,27.5,0.4,1.7,4.7,0.76,4.3,1.5,0.61,2.1,0.39,2.6,0.59,1.7,1.7,0.26,0.93,0.03,0.14,BACK-ARC_BASIN,-176.611,-22.1402,,1998; 1990
2.25,5.35,17.08,50.16,0.15,0.51,10.4,0.85,0.18,,14.8,335.0,8.3,38.8,8.9,126.0,284.0,19.3,53.8,2.34,7.1,15.8,2.1,9.4,2.48,0.91,2.85,0.482,2.96,0.623,1.83,1.78,0.268,1.39,0.135,1.47,BACK-ARC_BASIN,123.75,25.0,,2017
2.38,7.1,13.96,50.74,0.11,0.05,11.29,1.29,0.2,,,422.0,135.0,52.0,70.0,,72.0,34.0,69.0,1.3,,,,,,,,,,,,,,,,,BACK-ARC_BASIN,150.034,-3.389,,1997
1.9,11.64,14.8,49.85,0.06,0.08,12.94,0.61,0.17,8.72,,201.0,619.0,47.0,822.0,,147.0,,,,,,,,,,,,,,,,,,,,BACK-ARC_BASIN,-176.125,-18.625,,1990
2.33,7.7,17.21,51.26,0.15,0.61,11.18,0.76,0.14,,11.09,,,,92.2,120.3,309.0,18.0,57.7,1.89,6.61,14.43,1.97,9.74,2.53,0.91,2.97,0.5,3.12,0.66,1.84,1.79,0.27,1.79,0.14,0.763,BACK-ARC_BASIN,144.775,14.5998,,2011
2.42,7.81,15.0,49.5,0.1,0.13,11.97,1.49,0.21,,3.4,260.0,258.0,42.0,68.0,60.0,122.0,,,,,,,,,,,,,,,,,,,,BACK-ARC_BASIN,174.177,-21.175,,1991
1.14,10.51,14.45,52.3,0.06,0.2,11.68,0.6,0.18,9.3,8.0,288.0,945.0,,166.0,55.0,139.0,13.0,28.0,1.0,,6.0,,,,,,,,,,,,,,,BACK-ARC_BASIN,-176.775,-20.709,,1994; 1992
3.3,8.39,14.5,50.2,0.14,0.31,12.14,1.2,0.18,8.41,0.0,,254.0,,99.0,22.0,184.0,27.0,95.0,1.0,8.0,7.0,,6.0,,,,,,,,,,,,0.0,BACK-ARC_BASIN,145.18,17.912,,1980
2.86,6.79,17.61,50.02,0.17,0.16,11.73,1.05,0.15,,2.0,224.0,,,56.0,37.0,154.0,26.0,82.0,2.0,,,,,,,,,,,,,,,,,BACK-ARC_BASIN,-177.862,-18.568,,1994
1.4,8.79,15.72,48.56,0.07,0.07,12.37,1.12,0.18,,0.6,,309.0,46.6,140.0,,101.2,29.3,63.0,1.2,0.85,4.2,,6.39,2.5,1.01,,0.616,,,,2.8,,1.63,0.068,0.072,BACK-ARC_BASIN,-176.372,-18.6738,,1990
2.56,6.79,14.21,50.59,0.15,0.09,11.28,1.75,0.2,12.62,,349.0,206.0,,85.0,24.0,84.0,31.0,98.0,,3.0,9.29,,10.23,3.35,1.28,5.46,,6.7,,4.38,3.92,0.64,2.7,,,BACK-ARC_BASIN,177.476,-16.313,,1990
2.6,7.17,16.1,49.7,0.1,0.21,12.34,1.23,0.13,,5.0,,304.0,,117.0,28.0,167.0,27.0,88.0,4.0,4.0,9.0,,,,,,,,,,,,,,5.0,BACK-ARC_BASIN,137.441,29.3275,,1980
2.27,5.37,15.31,52.15,0.11,0.33,10.53,1.18,0.2,11.45,5.0,,15.0,,27.0,53.0,148.0,27.0,60.0,1.0,,13.0,,,,,,,,,,,,,,,BACK-ARC_BASIN,-176.5,-20.1418,,1994
2.52,7.33,18.07,51.51,0.04,0.32,11.95,0.69,0.12,6.9,5.5,195.0,174.0,,63.0,44.0,277.0,16.0,48.0,0.7,2.5,6.73,1.17,5.66,1.89,0.74,2.18,0.39,2.53,0.55,1.61,1.47,0.23,1.49,0.07,0.51,BACK-ARC_BASIN,-57.0417,-62.15,,2002
3.89,10.28,14.51,46.14,0.45,1.68,7.68,2.13,0.17,10.46,17.0,170.0,330.0,50.0,280.0,145.0,,,,,,,,,,,,,,,,,,,,,BACK-ARC_BASIN,-33.942,-56.0,,1983
3.39,8.17,16.64,51.13,0.16,0.42,9.99,1.03,0.16,8.91,5.5,251.0,333.0,14.0,138.0,126.0,248.0,9.3,88.0,1.89,4.96,12.8,1.98,9.73,2.79,1.07,3.47,0.59,3.81,0.81,2.41,2.29,0.35,2.2,0.13,0.65,BACK-ARC_BASIN,178.02,-35.97,,2010
3.27,7.33,16.38,52.3,0.18,0.35,10.6,1.61,,8.38,4.1,260.0,288.0,39.1,174.0,42.0,200.0,32.9,128.5,7.72,7.15,18.01,2.65,12.73,3.91,1.34,4.9,0.85,5.35,1.13,3.22,3.09,0.48,2.99,0.491,0.552,BACK-ARC_BASIN,144.48,19.44,,1998; 2005
2.59,7.2,15.5,50.4,0.05,0.14,12.51,1.4,0.17,,3.0,268.0,231.0,41.0,75.0,36.0,113.0,,,,,,,,,,,,,,,,,,,,BACK-ARC_BASIN,174.177,-21.175,,1991
2.76,5.47,15.9,50.1,0.22,0.47,12.04,1.62,0.17,,10.0,,64.0,,41.0,29.0,179.0,39.0,124.0,1.0,6.0,19.0,,,,,,,,,,,,,,,BACK-ARC_BASIN,136.057,28.9833,,1980
3.36,6.28,15.86,51.42,0.18,0.36,10.72,1.49,,9.62,3.93,296.0,,,76.0,75.2,182.0,32.0,118.0,,,16.1,,12.3,3.82,1.38,,,5.6,,3.48,3.27,0.5,,,,BACK-ARC_BASIN,144.72,17.39,,2003; 1987
2.7,6.7,14.3,50.2,0.13,0.13,11.6,1.5,0.2,,0.51,306.0,106.0,48.15,101.53,18.1,91.0,32.1,29.8,3.24,3.2,9.6,0.949,8.5,2.6,2.6,3.7,0.64,4.3,0.916,2.9,2.5,0.387,2.2,0.062,0.14,BACK-ARC_BASIN,149.015,-3.42,,2012; 2003
2.83,4.79,17.95,52.33,0.12,0.33,10.27,0.87,0.15,,5.0,,106.0,,23.0,72.0,162.0,22.0,74.0,1.0,,,,,,,,,,,,,,,,1.0,BACK-ARC_BASIN,-30.007,-59.475,,1979
2.67,7.18,16.83,52.79,0.13,0.24,10.99,1.15,,7.89,4.083,261.3,237.9,37.52,125.7,34.7,170.1,22.96,68.56,2.339,3.804,10.39,1.627,8.325,2.903,1.048,3.449,0.593,3.939,0.787,2.502,2.389,0.346,1.827,0.124,0.295,BACK-ARC_BASIN,144.532,18.013,,2012; 2003
2.62,8.89,15.8,50.4,0.14,0.54,10.3,0.84,0.15,7.54,7.55,235.0,391.0,120.0,178.0,104.0,275.0,20.6,78.1,4.73,7.6,17.0,2.38,10.8,3.0,1.05,3.53,0.58,3.73,0.82,2.26,2.21,0.33,1.92,0.38,0.89,BACK-ARC_BASIN,143.173,21.7,,2019
3.46,6.65,17.25,49.26,0.13,0.38,11.16,1.4,0.16,,3.0,228.0,227.0,,81.0,20.06,170.0,37.0,117.0,7.0,,,,,,,,,,,,,,,,,BACK-ARC_BASIN,144.748,18.122,,1985
2.02,6.52,16.29,49.61,0.13,0.23,12.32,1.15,0.18,,3.25,398.0,193.0,38.0,60.0,36.0,190.0,20.0,46.0,,,7.69,,6.99,2.37,0.9,3.27,,3.26,,1.83,1.75,0.28,,,,BACK-ARC_BASIN,139.9,31.1,,1989
1.45,7.58,16.03,50.74,0.07,0.16,13.02,0.73,0.18,9.25,,169.0,180.0,28.0,51.0,,158.0,,38.0,,,,,,,,,,,,,,,,,,BACK-ARC_BASIN,-176.611,-22.1402,,1990
2.59,4.66,16.3,49.1,0.32,0.5,12.12,1.6,0.19,,8.0,,194.0,,67.0,36.0,181.0,40.0,120.0,3.0,4.0,17.0,,,,,,,,,,,,,,,BACK-ARC_BASIN,136.057,28.9833,,1980
2.21,7.83,14.71,50.2,0.1,0.08,12.74,1.37,0.18,,2.0,287.0,200.0,42.0,79.0,30.0,105.0,,,,,,,,,,,,,,,,,,,,BACK-ARC_BASIN,173.38,-19.936,,1991
2.63,5.97,17.69,50.14,0.18,0.2,11.66,1.17,0.13,9.4,5.3,,,,62.0,7.0,254.0,28.0,76.0,2.0,4.9,,,,,,,,,,,,,,,,BACK-ARC_BASIN,139.87,30.916,,1992
2.49,5.58,15.3,48.6,0.17,0.38,9.97,0.94,0.28,10.69,4.0,,37.0,,174.0,99.0,455.0,25.0,42.0,0.0,11.0,20.0,,11.0,,,,,,,,,,,,0.0,BACK-ARC_BASIN,143.276,18.015,,1980
3.16,6.6,13.92,50.18,0.22,0.05,10.02,2.04,0.2,11.92,1.4,339.0,54.0,44.0,58.0,12.9,107.0,47.6,131.5,4.74,5.0,14.54,2.49,12.97,4.51,1.62,5.52,1.07,6.72,1.49,4.33,4.49,0.68,3.43,0.178,0.311,BACK-ARC_BASIN,175.804,-26.819,OLIGOCENE,2007
2.464,9.377,16.451,48.99,0.205,0.341,11.964,1.273,0.152,8.289,9.2178,258.138,447.097,43.995,189.224,105.11,193.243,25.52,101.266,14.807,9.359,20.749,2.806,12.643,3.147,1.163,4.033,0.684,4.31,0.908,2.58,2.488,0.39,2.328,0.831,1.068,BACK-ARC_BASIN,-176.206,-20.5344,,2013
2.54,5.93,14.21,51.68,0.13,0.11,10.46,1.58,0.24,12.27,1.93,,76.0,,44.4,14.15,102.61,34.87,94.7,1.73,2.87,9.58,1.61,9.6,3.24,1.28,,0.82,5.47,1.21,3.71,3.77,,,0.15,0.16,BACK-ARC_BASIN,-176.11,-20.22,,2012; 2008
2.45,9.85,14.9,49.0,0.22,0.43,11.3,1.17,0.16,,9.0,255.0,320.0,44.0,220.0,98.0,193.0,23.0,83.0,8.5,7.8,,,12.0,,1.0,,,3.4,,2.2,2.1,,,,,BACK-ARC_BASIN,173.592,-16.442,,1994
1.99,8.5,16.85,48.78,0.15,0.25,11.23,0.95,0.19,,5.0,320.0,177.0,52.0,82.0,,217.0,17.0,52.0,,,,,,,,,,,,,,,,,,BACK-ARC_BASIN,140.0,32.5,,1989
3.13,5.73,13.64,51.17,0.21,0.24,10.34,2.06,0.22,13.51,2.99,,123.0,,54.2,26.65,87.35,28.58,143.3,4.53,3.98,10.83,2.0,10.68,3.79,1.36,,0.9,6.23,1.31,3.66,3.75,,,,0.28,BACK-ARC_BASIN,-176.552,-19.175,,2008
1.93,7.45,15.46,51.7,0.08,0.03,11.99,0.96,0.17,9.43,0.56,340.0,280.0,43.0,70.0,6.9,66.0,25.4,52.3,0.71,1.52,5.01,0.91,5.38,2.08,0.81,2.94,0.58,3.87,0.86,2.42,2.53,0.41,1.48,0.04,0.06,BACK-ARC_BASIN,-176.133,-20.057,,1994; 2007
2.95,4.61,12.06,50.3,0.2,0.11,8.62,2.77,0.28,16.88,1.7,603.0,12.0,49.0,28.0,18.3,80.0,71.0,158.6,2.66,4.43,15.3,2.85,16.26,6.21,2.1,8.84,1.67,11.24,2.46,7.55,7.69,1.17,4.17,0.22,0.24,BACK-ARC_BASIN,-176.553,-19.115,,1994; 2007
3.78,5.87,15.15,50.23,0.24,0.38,9.86,2.03,0.19,,2.0,170.0,110.0,25.0,55.0,120.0,310.0,,150.0,,,,,,,,,,,,,,,,,,BACK-ARC_BASIN,151.667,-9.7812,,1997
2.3,8.86,15.89,51.21,0.08,0.14,12.06,0.7,0.14,,1.5,214.0,281.0,,158.0,26.0,171.0,13.0,42.0,1.0,,,,,,,,,,,,,,,,,BACK-ARC_BASIN,149.57,-3.523,,2003
2.48,6.02,13.5,46.1,0.46,0.86,9.57,4.5,0.22,12.99,8.0,,36.0,,42.0,206.0,442.0,41.0,307.0,34.0,27.4,68.0,,,,3.46,,1.26,,,,,,7.35,,0.0,BACK-ARC_BASIN,132.775,24.701,,1980; 1981
3.59,6.47,16.63,48.54,0.24,0.44,8.62,1.77,0.3,10.01,2.71,316.0,281.0,44.5,108.0,178.0,388.0,39.6,177.0,7.7,12.7,30.0,4.59,22.0,5.71,1.94,6.44,1.13,7.74,1.64,4.58,4.23,0.65,4.9,0.51,1.66,BACK-ARC_BASIN,134.536,38.616,CENOZOIC,2015
3.27,6.06,18.36,48.16,0.63,1.81,9.09,1.95,0.14,,22.1,204.0,178.0,,,297.0,560.0,29.3,182.0,41.1,25.6,47.6,5.43,23.3,5.15,1.75,5.2,0.84,4.82,0.97,2.7,2.52,0.38,3.89,2.95,2.85,BACK-ARC_BASIN,136.378,30.347,,2009
3.38,6.07,16.11,51.7,0.26,0.31,10.31,1.57,0.19,,3.49,310.0,200.0,,75.0,43.0,177.0,36.0,121.0,7.0,,,,13.04,4.09,,,,,,,,,,,,BACK-ARC_BASIN,144.778,17.953,,1987
2.33,6.43,13.2,50.13,0.106,0.05,10.66,1.4,0.225,12.92,0.62,430.0,88.0,47.1,45.3,8.493,72.3,35.44,73.14,1.18,2.4,8.1,1.43,8.56,3.31,1.2,4.91,0.9,6.23,1.37,4.16,4.01,0.63,1.861,0.084,0.163,BACK-ARC_BASIN,150.301,-3.1401,,2015
1.96,7.98,17.08,47.5,0.15,0.2,12.38,1.0,0.2,,2.82,360.0,169.0,38.0,72.0,31.8,214.0,19.0,47.0,,,7.09,,6.23,2.11,0.82,2.74,,2.94,,1.63,1.56,0.24,,,,BACK-ARC_BASIN,139.9,31.1,,1989
2.97,6.38,13.68,51.15,0.12,0.26,10.47,1.59,0.21,,5.0,290.0,115.0,46.0,41.0,66.0,120.0,40.0,109.0,4.3,4.1,,,11.5,,1.3,,,6.2,,3.8,3.8,,,,,BACK-ARC_BASIN,173.81,-17.3203,,1991; 1994
2.59,7.91,14.99,49.76,0.09,0.06,12.1,1.25,0.19,,1.8,230.0,300.0,39.0,110.0,12.0,70.0,27.0,60.0,0.8,3.4,12.0,,8.0,2.9,1.29,4.2,,4.8,0.73,3.6,2.6,,,,,BACK-ARC_BASIN,-176.426,-18.6197,,1997; 1992
2.35,6.94,14.95,50.24,0.11,0.04,11.02,1.31,0.21,,,459.0,86.0,53.0,53.0,,70.0,37.0,75.0,1.3,,,,,,,,,,,,,,,,,BACK-ARC_BASIN,150.281,-3.1628,,1997
2.82,6.87,16.11,50.25,0.23,0.16,11.36,1.61,0.17,9.13,2.0,,245.0,,53.0,71.0,160.0,40.0,141.0,7.0,6.2,20.0,,,,1.56,,0.81,,,,,,3.39,,2.0,BACK-ARC_BASIN,137.684,28.638,,1980; 1981
2.65,7.11,16.3,49.9,0.14,0.07,12.11,1.36,0.16,,,,263.0,,94.0,17.0,164.0,30.0,98.0,1.0,2.0,12.0,,,,,,,,,,,,,,,BACK-ARC_BASIN,137.441,29.3275,,1980
1.44,8.06,16.53,46.66,0.15,0.25,13.65,0.93,0.2,10.91,3.5,371.5,170.6,48.4,54.4,16.09,339.0,17.5,26.2,0.62,3.72,9.36,1.61,8.08,2.38,0.82,2.7,0.45,2.8,0.61,1.66,1.49,0.22,0.78,0.04,0.349,BACK-ARC_BASIN,139.13,31.64,,2010
2.41,7.36,14.45,50.74,0.08,0.13,11.98,1.06,0.19,,1.5,324.0,52.0,,66.0,6.0,81.0,23.0,52.0,1.1,,,,,,,,,,,,,,,,,BACK-ARC_BASIN,149.678,-3.547,,2003
3.21,9.96,14.8,50.9,0.09,0.22,11.37,0.91,0.12,7.5,0.0,,211.0,,151.0,34.0,221.0,23.0,62.0,0.0,9.0,10.0,,7.0,,,,,,,,,,,,0.0,BACK-ARC_BASIN,144.532,18.013,PLEISTOCENE,1980
2.72,5.53,13.2,50.9,0.42,0.86,8.92,3.97,0.16,,10.0,,27.0,,35.0,174.0,430.0,37.0,290.0,27.0,27.0,65.0,,,,3.27,,1.18,,,,,,6.76,,1.0,BACK-ARC_BASIN,132.775,24.7007,,1980; 1980
2.94,7.92,16.79,50.36,0.15,0.27,10.97,1.25,0.15,,4.13,233.0,265.0,35.5,119.0,40.0,192.0,26.0,86.8,3.81,5.09,12.7,1.97,10.5,3.27,1.24,3.68344962,0.73,4.76,1.0,2.94,2.91,0.42,2.54,0.36,0.43,BACK-ARC_BASIN,144.735,18.219,,2019
2.47,8.93,16.67,48.46,0.1,0.06,12.16,1.16,0.173,9.52,0.4,264.0,335.0,48.8,174.0,4.88,121.0,22.0,57.2,1.06,1.95,7.1,1.22,6.69,2.35,0.957,3.41,0.613,4.08,0.861,2.46,2.48,0.346,1.59,0.068,0.071,BACK-ARC_BASIN,174.273,-16.612,,2023; 1993
3.44,6.07,16.48,50.5,0.16,0.51,10.95,1.32,0.16,,7.0,265.0,193.0,,72.0,41.0,170.0,38.0,95.0,,,,,,,,,,,,,,,,,,BACK-ARC_BASIN,144.835,18.67,,1985
3.3,8.57,14.7,45.9,0.16,0.58,5.79,1.08,0.32,13.03,7.0,,13.0,,3.0,144.0,322.0,23.0,56.0,0.0,11.0,17.0,,11.0,,,,,,,,,,,,2.0,BACK-ARC_BASIN,143.682,17.907,MIOCENE,1980
2.61,5.97,15.34,52.81,0.09,0.25,10.46,0.88,0.17,,3.5,298.0,54.0,,51.0,34.0,106.0,21.0,52.0,1.1,,,,,,,,,,,,,,,,,BACK-ARC_BASIN,151.158,-3.75167,,2003
2.42,6.85,14.64,51.29,0.12,0.08,11.62,1.17,,10.94,1.58,388.0,81.0,46.4,54.0,13.4,83.0,32.7,65.4,1.72,2.15,6.82,1.25,7.33,2.62,1.0,4.03,0.75,5.12,1.12,3.27,3.29,0.52,1.95,0.123,0.137,BACK-ARC_BASIN,-175.993,-19.688,,2003; 2001
2.3,6.65,14.44,48.52,0.12,0.32,12.67,1.12,0.18,,6.25,296.0,342.0,50.0,172.0,30.4,137.0,27.0,70.5,5.83,4.62,11.5,1.66,8.72,2.64,0.93,3.5,0.64,4.25,0.92,2.71,2.7,0.42,1.84,0.37,0.45,BACK-ARC_BASIN,127.831,12.8072,,2005
2.6,8.92,15.32,49.66,0.13,0.44,10.92,0.81,0.15,9.58,7.9,293.0,487.0,,139.0,150.0,273.0,19.5,49.0,2.45,5.26,12.0,1.77,8.37,2.36,0.86,2.66,0.46,2.79,0.62,1.71,1.65,0.25,1.24,0.15,0.71,BACK-ARC_BASIN,177.94,-35.84,,2010
1.46,9.26,14.64,51.67,0.17,0.31,11.32,0.62,0.16,8.83,6.0,,,,132.0,,144.0,19.0,38.0,1.0,,,,,,,,,,,,,,,,,BACK-ARC_BASIN,-176.775,-20.709,,1994
1.93,11.78,14.25,49.74,,0.66,12.18,0.63,0.19,,7.12,235.0,404.0,57.3,178.0,30.3,136.5,17.5,27.8,0.28,0.63,2.46,0.51,3.2,1.4,0.59,2.09,0.4,2.93,0.66,1.87,1.94,0.29,0.9,0.029,0.019,BACK-ARC_BASIN,134.318,27.3836,,2018
3.37,7.02,15.44,51.72,0.3,0.17,10.46,1.69,0.18,8.3,2.5,,207.0,34.2,82.5,19.0,143.0,32.1,113.0,2.91,4.9,14.3,2.45,12.4,4.07,1.41,5.22,0.929,6.23,1.3,3.6,3.61,0.52,3.55,0.194,0.228,BACK-ARC_BASIN,-30.118,-57.488,,2002
3.12,5.48,14.95,49.0,0.34,0.19,10.34,1.67,0.2,10.49,1.65,,134.0,34.8,57.7,34.7,187.0,24.5,79.3,1.08,3.1,9.69,1.78,9.66,3.28,1.22,4.18,0.72,4.78,1.01,2.85,2.69,0.4,2.39,0.08,0.14,BACK-ARC_BASIN,-177.111,-23.926,,2002
2.6,7.09,16.29,50.0,0.1,0.31,12.23,1.63,0.15,,5.0,239.0,306.0,43.0,120.0,70.0,211.0,,,,,,,,,,,,,,,,,,,,BACK-ARC_BASIN,173.535,-16.308,,1991
2.85,5.11,17.1,49.1,0.15,0.35,11.6,1.27,0.16,,9.13,219.0,282.0,38.6,83.1,22.8,190.0,28.1,88.4,5.44,4.69,12.0,1.89,9.8,3.22,1.22,3.98,0.7,4.84,1.07,2.86,2.73,0.394,2.29,0.35,0.41,BACK-ARC_BASIN,115.047,12.9196,,2018
2.33,7.32,16.74,49.6,0.2,0.26,10.67,1.05,0.22,,4.0,316.0,149.0,52.0,49.0,,219.0,21.0,64.0,,,,,,,,,,,,,,,,,,BACK-ARC_BASIN,140.0,32.5,,1989
2.36,7.81,14.59,50.2,0.1,0.1,12.62,1.42,0.18,,2.0,285.0,197.0,42.0,78.0,20.0,104.0,,,,,,,,,,,,,,,,,,,,BACK-ARC_BASIN,173.38,-19.936,,1991
2.83,7.58,15.9,49.9,0.13,0.25,11.69,1.32,0.12,,3.0,,293.0,,97.0,33.0,161.0,30.0,98.0,2.0,2.0,8.0,,,,1.22,,0.64,,,,,,2.24,,0.19,BACK-ARC_BASIN,137.441,29.3275,,1980; 1980
2.35,7.46,14.08,50.33,0.08,0.09,12.14,1.22,0.22,11.85,,307.0,278.0,43.0,68.0,,98.0,,48.0,,,,,,,,,,,,,,,,,,BACK-ARC_BASIN,-176.125,-18.625,,1990
2.71,7.22,14.4,49.6,0.14,0.08,11.8,1.7,0.21,,1.13,365.0,109.0,43.9,57.0,13.1,96.0,41.1,96.0,2.1,3.2,10.1,1.8,10.3,3.8,1.3,5.5,1.0,6.9,1.5,4.7,4.2,0.67,2.9,0.14,0.18,BACK-ARC_BASIN,173.502,-18.833,,2019
2.33,5.75,17.77,50.55,0.07,0.45,11.34,0.8,0.19,,11.0,315.0,35.0,,20.0,200.0,257.0,20.0,52.0,1.0,4.0,18.0,,,,,,,,,,,,,,1.0,BACK-ARC_BASIN,177.0,-36.5,,1994
2.29,6.68,13.82,50.77,0.105,0.14,11.07,1.13,0.204,11.07,1.69,360.0,114.0,41.4,62.0,20.663,91.67,30.81,66.0,1.21,2.5,8.1,1.4,7.4,2.9,1.0,4.1,0.75,5.3,1.1,3.5,3.4,0.54,1.73,0.043,0.225,BACK-ARC_BASIN,150.359,-3.1135,,2015
2.6,8.27,17.12,49.95,0.11,0.03,11.84,1.28,0.12,8.11,0.0,,254.0,,96.0,9.0,150.0,27.0,94.0,1.0,,7.0,,,,,,,,,,,,,,,BACK-ARC_BASIN,-177.856,-18.5675,,1994
2.4,7.45,15.22,49.5,0.14,0.04,12.59,1.19,0.29,,0.0,290.0,233.0,37.0,74.0,13.0,146.0,31.0,80.0,347.0,2.83,7.6,,,,0.98,,0.56,,,,,,1.82,0.15,0.21,BACK-ARC_BASIN,145.18,17.912,,1982
3.01,5.82,13.4,46.9,0.61,1.33,9.93,4.17,0.17,,14.0,,48.0,,38.0,334.0,673.0,26.0,191.0,27.0,29.0,61.0,,,,3.06,,0.94,,,,,,4.54,,2.0,BACK-ARC_BASIN,132.775,24.7007,,1980; 1980
2.56,6.19,13.3,49.6,0.37,0.28,10.86,3.17,0.23,,11.0,,175.0,,94.0,102.0,426.0,33.0,229.0,24.0,26.0,50.0,,,,,,,,,,,,,,,BACK-ARC_BASIN,132.775,24.7007,,1980
2.65,8.5,17.04,50.27,0.1,0.12,11.66,1.1,0.15,8.3,1.0,183.0,148.0,37.3,90.0,50.0,183.0,23.0,84.0,1.0,2.51,8.16,,,2.58,0.95,,0.6,,,,2.0,0.27,1.86,0.0,,BACK-ARC_BASIN,-177.862,-18.568,,1994
1.82,7.67,16.47,50.35,0.11,0.28,12.9,1.09,0.16,8.46,5.0,,179.0,,78.0,42.0,130.0,22.0,44.0,1.0,,,,,,,,,,,,,,,,,BACK-ARC_BASIN,-177.3,-18.5,,1977
2.98,6.1,16.14,51.18,0.1,0.14,11.41,1.33,0.19,9.08,1.46,,,,,29.0,169.0,27.0,79.0,0.95,,,,,,,,,,,,,,,,,BACK-ARC_BASIN,-177.862,-18.568,,1977
2.56,6.68,13.76,51.1,0.12,0.1,11.02,1.65,0.21,12.08,0.0,469.0,159.0,42.0,57.0,,74.0,,,,,,,,,,,,,,,,,,,,BACK-ARC_BASIN,-176.553,-18.922,,1994
3.08,7.61,17.03,49.04,0.11,0.18,11.61,1.37,0.16,8.77,1.6,212.0,219.0,,61.0,20.0,204.0,30.0,106.0,2.4,4.02,12.17,2.22,10.81,3.44,1.3,3.92,0.74,4.67,1.02,2.9,2.71,0.4,2.6,0.19,0.22,BACK-ARC_BASIN,-58.405,-62.4383,,2002
2.58,7.33,16.33,50.32,0.12,0.19,11.83,1.35,0.14,8.24,3.0,,139.0,,52.0,36.0,165.0,25.0,81.0,1.0,,13.0,,,,,,,,,,,,,,,BACK-ARC_BASIN,-177.856,-18.5675,,1994
2.5,8.24,16.83,50.54,0.21,0.089,10.62,0.66,0.18,8.16,3.5,,,,109.0,,235.0,22.0,60.0,,,,,,,,,,,,,,,,,,BACK-ARC_BASIN,139.0,32.0,QUATERNARY,1992
2.24,6.16,17.0,51.2,0.11,0.32,10.6,0.73,0.2,,,325.0,55.0,,30.0,43.0,200.0,18.0,46.0,,,,,,,,,,,,,,,,,,BACK-ARC_BASIN,139.973,31.11,,1990
3.68,6.34,17.59,50.02,0.2,0.34,11.12,1.5,0.15,8.21,2.7,225.0,147.0,,44.0,60.0,376.0,27.0,139.0,5.0,7.92,20.17,3.03,14.63,3.93,1.41,4.36,0.75,4.48,0.94,2.62,2.42,0.39,3.03,0.36,0.5,BACK-ARC_BASIN,-59.85,-62.8,QUATERNARY,2002
2.41,7.27,16.38,48.92,0.13,0.16,15.99,0.96,0.112,6.93,2.16,207.0,248.0,32.0,106.0,31.0,1000.0,25.0,58.0,3.73,2.5,6.0,,,,0.93,,0.47,,,,,,1.45,0.11,0.31,BACK-ARC_BASIN,144.532,18.013,,1982
2.89,6.74,17.1,51.32,0.15,0.4,11.36,1.22,,8.4,5.95,,,,,50.7,204.0,,,,4.34,13.3,,10.1,3.08,1.13,4.16,,4.56,,2.82,2.72,,,,,BACK-ARC_BASIN,144.07,20.04,,1998
2.75,7.0,17.3,50.75,0.18,0.4,11.39,1.11,0.15,7.56,6.39,224.0,284.0,327.0,122.0,60.7,226.0,21.8,79.5,4.83,5.88,14.2,2.12,10.1,2.95,1.1,3.65,0.62,3.91,0.84,2.36,2.23,0.33,1.95,0.89,0.57,BACK-ARC_BASIN,144.67,18.33,,2019
2.96,8.94,15.88,50.54,0.16,0.35,10.71,1.18,0.15,,6.0,217.0,330.0,35.0,170.0,58.0,239.0,27.3,112.0,6.2,6.32,15.4,2.02,10.2,3.24,1.25,3.82,0.69,4.56,0.98,2.93,2.7,0.401,2.4,0.31,0.46,BACK-ARC_BASIN,144.479,19.4244,,2016
3.13,5.46,16.16,50.24,0.2,0.38,12.13,1.59,0.19,9.34,14.0,,60.0,,63.0,34.0,186.0,38.0,123.0,3.0,4.6,15.0,,,,1.41,,0.83,,,,,,3.1,,3.0,BACK-ARC_BASIN,136.057,28.984,,1980; 1981
2.55,7.76,14.49,50.2,0.1,0.09,12.04,1.54,0.18,,2.0,294.0,278.0,44.0,91.0,25.0,110.0,,,,,,,,,,,,,,,,,,,,BACK-ARC_BASIN,173.368,-19.9533,,1991
2.97,6.38,13.68,51.15,0.12,0.26,10.47,1.59,0.21,,,290.0,115.0,46.0,41.0,66.0,120.0,,,,,,,,,,,,,,,,,,,,BACK-ARC_BASIN,173.816,-17.325,,1991
3.75,6.56,16.31,51.12,0.34,0.2,10.03,1.6,0.2,8.75,2.46,,205.0,33.4,89.1,25.1,155.0,33.8,134.0,3.2,4.83,14.2,2.43,12.3,4.02,1.44,5.22,0.934,6.11,1.31,3.69,3.59,0.53,3.3,0.216,0.265,BACK-ARC_BASIN,-30.133,-57.488,,2002
1.79,7.78,15.77,52.4,0.08,0.2,12.5,0.7,0.16,,,258.0,216.0,38.0,69.0,44.0,116.0,21.0,36.0,,,,,,,,,,,,,,,,,,BACK-ARC_BASIN,-176.38,-21.4815,,1990
1.9,7.51,15.18,50.62,0.12,0.13,12.83,1.02,0.18,9.54,6.0,338.0,342.0,43.0,103.0,8.0,111.0,26.0,57.0,1.0,,,,,,,,,,,,,,1.55,0.08,,BACK-ARC_BASIN,-176.0,-19.54,,1977
2.52,8.57,15.8,49.1,0.12,0.09,11.07,1.24,0.16,8.67,1.0,,299.0,,103.0,31.0,137.0,28.0,92.0,1.0,3.0,10.0,,,,,,,,,,,,,,3.0,BACK-ARC_BASIN,137.44,29.328,,1980
2.85,5.41,14.11,50.45,0.13,0.08,10.17,1.93,0.25,13.29,1.1,,11.0,,37.0,10.0,63.01,30.88,73.6,1.05,2.13,6.74,1.32,7.81,2.69,1.1,,0.8,5.07,1.11,3.29,3.53,,,0.14,0.18,BACK-ARC_BASIN,-176.585,-18.858,,2008
1.96,7.68,16.11,49.94,0.06,0.15,14.85,0.79,0.12,8.27,3.0,,318.0,,139.0,14.0,288.0,18.0,53.0,1.0,,,,,,,,,,,,,,,,,BACK-ARC_BASIN,-176.5,-20.142,,1977
2.74,6.94,16.32,52.03,0.15,0.5,10.86,1.14,0.14,7.58,6.73,247.0,244.0,33.6,85.9,39.6,208.0,26.2,93.1,3.26,5.38,13.6,2.14,10.6,3.18,1.17,3.94,0.697,4.33,0.933,2.64,2.52,0.385,2.24,0.207,0.427,BACK-ARC_BASIN,144.75,18.033,,2021
2.88,7.58,17.06,51.11,0.14,0.24,11.62,1.21,0.17,8.01,1.4,222.0,323.0,36.0,167.0,24.0,159.0,24.0,84.0,1.0,4.41,,,7.93,2.46,,,,,,,,,,0.167,0.27,BACK-ARC_BASIN,144.72,18.22,,1990
2.82,6.71,14.9,50.7,0.17,0.52,10.5,1.48,0.15,,9.19,258.0,245.0,44.4,127.0,52.5,190.0,31.3,113.0,8.97,7.17,17.4,2.55,12.8,3.97,1.39,4.71,0.8,5.48,1.2,3.18,2.99,0.435,2.8,0.55,0.79,BACK-ARC_BASIN,114.923,13.2072,,2018
3.08,5.06,17.51,49.78,0.15,0.26,12.71,1.4,0.15,,5.0,,267.0,,53.0,41.0,245.0,28.0,120.0,2.0,,22.0,,,,,,,,,,,,,,,BACK-ARC_BASIN,-177.862,-18.568,,1994
2.3,7.3,14.7,51.1,0.06,0.08,12.4,0.9,0.18,,,,196.0,,,11.1,83.0,21.5,13.7,0.5,1.4,4.1,,4.6,1.6,1.6,2.0,,2.6,,1.9,3.5,,1.1,,0.06,BACK-ARC_BASIN,149.963,-3.4467,,2012
2.39,6.49,16.41,52.84,0.2,0.76,11.91,0.99,0.15,7.86,13.1,298.0,193.0,36.0,99.0,224.0,402.0,22.0,74.0,5.8,11.19,23.9,3.29,14.4,3.53,1.13,3.6,0.58,3.43,0.74,2.05,2.01,0.3,1.88,0.35,1.59,BACK-ARC_BASIN,178.36,-34.6,,2011
2.52,8.11,16.1,49.4,0.11,0.05,11.88,1.23,0.13,,1.0,,308.0,,105.0,24.0,151.0,29.0,86.0,2.0,2.0,13.0,,,,,,,,,,,,,,,BACK-ARC_BASIN,137.441,29.3275,,1980
1.82,7.99,16.65,50.1,0.05,0.07,12.84,0.78,0.14,7.74,0.0,278.0,385.0,40.0,88.0,,83.0,,,,,,,,,,,,,,,,,,,,BACK-ARC_BASIN,-176.173,-19.277,,1994
2.74,7.82,15.49,50.38,0.12,0.11,11.61,1.5,0.16,,0.5,242.0,265.0,,113.0,3.2,119.0,31.0,100.0,1.5,3.0,10.6,,11.0,3.65,1.36,,0.86,,1.25,,3.52,0.53,1.7,0.2,,BACK-ARC_BASIN,155.419,-9.499,,1987
2.55,7.64,15.78,50.1,0.1,0.42,12.08,1.57,0.17,,9.0,230.0,300.0,45.0,114.0,58.0,178.0,,,,,,,,,,,,,,,,,,,,BACK-ARC_BASIN,173.535,-16.308,,1991
2.4,11.22,12.3,46.2,0.11,0.06,12.55,1.26,0.29,9.2,0.0,,276.0,,74.0,67.0,141.0,24.0,82.0,1.0,7.0,12.0,,9.0,,,,,,,,,,,,,BACK-ARC_BASIN,145.18,17.912,,1980
2.91,6.2,17.59,50.96,0.13,0.32,13.45,1.0,0.125,7.31,5.34,236.0,260.0,29.0,75.0,27.0,176.0,29.0,70.0,3.09,2.65,7.4,,,,0.99,,0.51,,,,,,1.63,0.13,0.45,BACK-ARC_BASIN,144.532,18.013,,1982
2.6,7.65,17.6,48.85,0.16,0.36,11.9,0.94,0.14,8.01,,273.0,362.0,,114.0,16.0,230.0,23.0,75.0,,,,,,,,,,,,,,,,,,BACK-ARC_BASIN,140.133,30.045,,1990
3.27,12.0,17.08,51.35,0.23,1.4,5.28,1.26,0.1,,8.8,262.0,236.0,,69.0,142.0,238.0,21.7,101.0,8.0,,21.0,,,,,,,,,,,,,,,BACK-ARC_BASIN,138.23,40.19,,1992
3.23,7.41,16.79,49.33,0.2,0.11,12.36,1.13,0.16,8.77,1.52,212.0,,,74.0,29.5,168.0,24.6,70.1,0.78,2.45,7.65,1.29,7.91,2.57,1.08,3.58,0.52,3.83,0.83,2.51,2.16,0.45,1.71,0.09,0.13,BACK-ARC_BASIN,-177.862,-18.568,,1994
2.54,8.0,16.5,48.6,0.19,0.49,10.8,1.08,0.19,,,303.0,248.0,,104.0,40.0,242.0,23.0,70.0,,,,,,,,,,,,,,,,,,BACK-ARC_BASIN,139.775,30.94,,1990
2.26,6.8,16.46,52.59,0.08,0.32,11.61,0.52,0.14,,3.5,237.0,101.0,,65.0,62.0,181.0,12.0,31.0,0.8,,,,,,,,,,,,,,,,,BACK-ARC_BASIN,151.463,-3.705,,2003
2.65,6.32,16.96,51.92,0.24,0.44,10.18,1.16,0.18,,8.3,254.0,137.0,34.0,50.0,95.0,242.0,27.1,93.0,4.1,8.55,20.59,2.88,13.25,3.56,1.25,3.98,0.68,4.28,0.92,2.69,2.56,0.4,2.15,0.25,0.77,BACK-ARC_BASIN,127.0,28.25,,2017
2.81,6.88,15.47,51.38,0.13,0.31,11.14,1.16,0.19,,6.6,300.2,178.0,,67.8,42.0,137.9,31.2,76.8,2.8,,,,,,,,,,,,,,,,,BACK-ARC_BASIN,-174.842,-15.6615,,1992
2.39,6.53,14.59,50.6,0.1,0.13,11.67,1.66,0.19,,3.0,314.0,136.0,40.0,56.0,25.0,109.0,40.0,99.0,1.8,2.4,,,11.5,,1.4,,,6.3,,3.8,3.75,,,,,BACK-ARC_BASIN,173.419,-18.2268,,1991; 1994
2.24,6.16,17.0,51.2,0.11,0.32,10.6,0.73,0.2,9.9,,325.0,55.0,,30.0,43.0,200.0,18.0,46.0,,,,,,,,,,,,,,,,,,BACK-ARC_BASIN,139.973,31.11,,1990
2.59,8.48,16.24,49.25,0.1,0.12,11.84,1.16,0.16,,1.6,210.0,370.0,40.0,110.0,30.0,130.0,26.0,80.0,1.7,6.4,17.0,,10.0,4.1,1.5,3.8,0.65,4.2,0.71,3.2,2.9,0.38,4.0,,,BACK-ARC_BASIN,-174.817,-15.612,,1997; 1992
1.9,7.29,13.67,52.95,0.19,0.9,11.3,0.38,0.15,,13.0,255.0,168.0,,39.0,185.0,565.0,9.0,21.0,0.6,,,,,,,,,,,,,,,,,BACK-ARC_BASIN,151.984,-3.778,,2003
2.44,7.85,14.61,49.8,0.1,0.1,11.21,1.48,0.19,,2.4,300.0,315.0,45.0,102.0,10.0,95.0,,,,,,,,,,,,,,,,,,,,BACK-ARC_BASIN,173.518,-18.5437,,1991
2.98,5.89,14.5,49.87,0.2,0.37,11.0,2.03,0.2,11.54,7.79,,134.0,,66.0,87.9,224.0,35.3,175.0,12.0,10.1,25.9,4.07,18.9,5.56,1.8,,1.11,7.6,1.5,4.2,3.61,0.77,3.87,,0.49,BACK-ARC_BASIN,-174.578,-15.4267,,2012; 2011
4.25,7.06,16.18,50.43,0.18,0.47,9.36,1.62,0.18,,6.0,282.0,217.0,,96.0,88.0,210.0,34.0,119.0,3.0,5.0,28.0,,,,,,,,,,,,,,2.0,BACK-ARC_BASIN,177.25,-36.25,,1994
2.83,9.32,15.38,49.2,0.25,0.4,10.44,1.99,0.17,,6.6,250.0,231.0,41.0,184.0,70.0,246.0,,,,,,,,,,,,,,,,,,,,BACK-ARC_BASIN,174.147,-21.034,,1991
2.07,7.676,15.173,50.522,0.084,0.088,12.371,0.987,0.164,9.366,1.3015,292.263,333.252,43.904,118.195,15.2387,86.285,25.447,52.277,0.74,1.706,5.634,1.024,5.853,2.133,0.798,3.247,0.592,3.991,0.897,2.558,2.571,0.402,1.466,0.058,0.088,BACK-ARC_BASIN,-176.136,-20.3162,,2013
2.05,4.67,18.38,52.7,0.19,0.53,9.98,0.82,0.16,,8.0,,,,16.0,,190.0,24.0,51.0,2.0,,,,,,,,,,,,,,,,,BACK-ARC_BASIN,-176.775,-20.709,,1994
3.38,6.42,15.71,50.9,0.18,0.36,10.58,1.48,,9.46,3.93,296.0,,,76.0,75.2,182.0,32.0,118.0,,,16.1,,12.3,3.82,1.38,,,5.6,,3.48,3.27,0.5,,,,BACK-ARC_BASIN,144.75,17.48,,1987
3.16,7.72,15.17,50.35,0.29,0.13,11.27,1.52,0.2,9.1,1.06,,292.0,38.2,116.0,15.4,141.0,29.5,108.0,2.43,3.61,11.0,1.93,10.0,3.46,1.21,4.52,0.826,5.51,1.19,3.35,3.25,0.482,2.78,0.17,0.147,BACK-ARC_BASIN,-30.039,-57.71,,2002
2.86,6.56,16.2,50.7,0.14,0.17,11.2,1.24,0.16,,1.53,223.0,284.0,40.2,85.3,42.0,183.0,29.5,103.0,6.3,5.55,14.2,2.16,11.0,3.48,1.24,4.15,0.73,5.12,1.14,3.09,2.94,0.434,2.48,0.39,0.53,BACK-ARC_BASIN,115.047,12.9196,,2018
3.06,4.65,15.71,48.37,0.45,2.18,10.32,2.2,0.09,,45.72,259.0,114.0,21.6,73.0,446.6,373.0,32.3,193.6,51.37,30.52,58.95,6.86,29.49,6.17,1.94,7.1,0.97,5.6,1.1,2.99,2.75,0.42,4.36,3.15,4.96,BACK-ARC_BASIN,131.536,22.579,,2005
3.35,6.25,15.31,50.63,0.2,0.31,10.52,1.75,,9.81,,325.0,,,75.0,,149.0,35.0,122.0,,,,,,,,,,,,,,,,,,BACK-ARC_BASIN,144.75,17.48,,1987
2.45,8.46,16.71,48.94,0.08,0.28,11.96,0.81,0.17,10.14,5.5,277.0,179.0,,96.0,116.0,259.0,18.8,67.0,5.59,6.04,13.7,2.01,9.14,2.58,0.86,2.65,0.44,2.83,0.61,1.72,1.64,0.24,1.4,0.31,0.75,BACK-ARC_BASIN,177.79,-35.87,,2010
2.77,6.53,15.9,49.9,0.15,0.38,11.47,1.23,0.13,8.69,7.0,,233.0,,49.0,27.0,189.0,29.0,86.0,1.0,6.0,19.0,,,,,,,,,,,,,,0.0,BACK-ARC_BASIN,136.057,28.983,,1980
1.96,8.45,17.25,50.52,0.04,0.14,11.88,0.7,0.14,7.82,2.493,251.0,299.0,39.2,125.0,21.217,119.247,14.483,33.8,0.753,1.227,3.937,0.633,3.63,1.31,0.533,1.713,0.35,2.233,0.48,1.427,1.403,0.207,0.98,0.05,0.127,BACK-ARC_BASIN,-29.47,-55.32,,2004
2.42,7.39,15.89,50.6,0.07,0.04,12.12,1.16,0.18,9.66,0.77,318.0,335.0,38.0,79.0,10.2,102.0,28.1,61.6,1.06,1.77,6.36,1.15,7.04,2.67,0.99,3.52,0.67,4.61,1.04,2.91,3.04,0.46,1.81,0.06,0.07,BACK-ARC_BASIN,-176.561,-18.883,,1994
2.29,10.25,14.11,52.77,0.13,0.79,9.84,0.41,0.16,8.38,12.5,,,,185.0,151.0,434.0,10.5,32.0,0.54,4.35,9.12,1.34,6.54,1.71,0.58,1.76,0.29,1.75,0.38,1.08,1.02,0.15,0.83,,0.45,BACK-ARC_BASIN,151.96,-3.69,,2001; 2012
2.27,6.75,17.3,48.4,0.13,0.24,12.5,1.05,0.17,,,319.0,164.0,,52.0,24.0,239.0,21.0,59.0,,,,,,,,,,,,,,,,,,BACK-ARC_BASIN,139.883,31.062,,1990
2.11,6.5,15.93,51.3,0.08,0.17,11.29,0.96,0.17,9.28,2.8,376.0,116.0,35.0,55.0,40.7,119.0,23.0,47.0,0.69,,,,,,,,,,,,,,1.41,0.04,,BACK-ARC_BASIN,-176.06,-20.54,,1977
3.34,10.37,14.5,49.3,0.09,0.09,8.66,1.25,0.17,9.06,0.0,,305.0,,90.0,109.0,146.0,24.0,80.0,1.0,6.0,11.0,,10.0,,,,,,,,,,,,,BACK-ARC_BASIN,145.18,17.912,,1980
2.21,8.63,16.44,49.88,0.08,0.23,12.57,0.55,0.14,,2.15,231.0,239.0,36.7,107.0,42.0,271.0,12.7,23.4,0.5,1.99,4.84,0.789,4.36,1.47,0.646,1.87,0.338,2.28,0.504,1.43,1.47,0.227,0.741,0.021,0.111,BACK-ARC_BASIN,150.43,-3.858,,2003; 2010
2.66,7.43,16.02,49.1,0.2,0.31,12.13,1.61,0.15,,5.0,237.0,303.0,46.0,119.0,45.0,191.0,31.0,92.0,7.4,6.0,,,13.0,,1.25,,,4.8,,3.3,2.65,,,,,BACK-ARC_BASIN,173.518,-16.3128,,1991; 1994
2.17,8.06,16.44,48.99,0.15,0.23,10.94,1.02,0.2,,2.97,339.0,234.0,,88.8,34.4,218.0,18.5,45.3,0.94,2.49,7.39,1.28,6.58,2.1,0.815,2.77,,3.08,,1.86,1.82,,1.27,0.057,0.222,BACK-ARC_BASIN,139.63,32.3,,2000; 2001; 2010
2.84,7.49,17.12,49.44,0.12,0.25,11.01,1.15,,9.79,2.34,248.0,,,175.0,38.4,147.0,28.0,91.0,,,11.2,,8.36,2.73,1.08,,,4.72,,3.28,3.18,0.4,,,,BACK-ARC_BASIN,144.75,17.48,,1987
2.49,7.46,15.6,49.1,0.2,0.22,12.67,1.38,0.17,9.02,2.0,,325.0,,114.0,62.0,380.0,34.0,128.0,7.0,5.9,16.0,,,,1.45,,0.76,,,,,,2.96,,0.0,BACK-ARC_BASIN,137.684,28.638,,1980; 1981
3.02,8.82,17.41,49.17,0.17,0.51,9.73,1.03,,9.21,7.5,,,,108.0,96.0,246.0,21.0,66.0,5.1,4.7,,,,,,,,,,,,,,,,BACK-ARC_BASIN,139.845,30.916,,1992
2.45,7.56,15.28,50.75,0.09,0.12,11.92,1.04,0.16,,1.0,299.0,180.0,,81.0,12.0,118.0,21.0,59.0,0.8,,,,,,,,,,,,,,,,,BACK-ARC_BASIN,150.43,-3.859,,2003
2.51,7.8,14.93,49.75,0.1,0.07,12.15,1.56,0.18,,2.0,287.0,295.0,43.0,93.0,23.0,96.0,,,,,,,,,,,,,,,,,,,,BACK-ARC_BASIN,173.52,-18.554,,1991
2.82,7.27,14.71,49.5,0.1,0.26,11.66,1.87,0.2,,6.0,268.0,200.0,41.0,84.0,27.0,185.0,34.0,108.0,3.7,5.1,,,13.5,,1.0,,,5.1,,3.3,3.0,,,,,BACK-ARC_BASIN,173.818,-16.6742,,1991; 1994
2.86,6.91,15.3,49.7,0.18,0.41,11.07,1.68,0.14,9.25,17.0,,233.0,,79.0,49.0,168.0,39.0,124.0,5.0,5.0,16.0,,,,,,,,,,,,,,0.0,BACK-ARC_BASIN,137.44,29.328,,1980
3.03,6.46,16.0,50.2,0.14,0.33,11.98,1.19,0.11,,8.0,,222.0,,42.0,28.0,187.0,29.0,85.0,3.0,3.0,12.0,,,,,,,,,,,,,,,BACK-ARC_BASIN,136.057,28.9833,,1980
2.66,10.51,15.16,49.86,0.06,1.26,6.91,0.47,0.15,,12.0,201.0,143.0,,143.0,39.0,86.0,12.0,38.0,,,,,,,,,,,,,,,,,,BACK-ARC_BASIN,147.615,15.745,,1983
2.51,7.49,13.79,49.5,0.12,0.09,11.6,1.88,0.2,,3.0,340.0,224.0,42.0,83.0,10.0,95.0,,,,,,,,,,,,,,,,,,,,BACK-ARC_BASIN,173.461,-19.2573,,1991
2.69,8.12,16.34,49.94,0.14,0.09,11.67,1.13,0.2,,3.0,262.0,,,,25.4,140.0,24.2,66.2,2.1,3.5,10.0,1.6,8.6,2.7,1.0,3.7,,4.5,,2.8,2.8,0.4,1.8,0.14,0.23,BACK-ARC_BASIN,-174.817,-15.612,,1997; 2009; 2003
2.51,7.85,14.58,50.2,0.1,0.1,12.26,1.53,0.18,,2.0,280.0,298.0,44.0,93.0,30.0,112.0,,,,,,,,,,,,,,,,,,,,BACK-ARC_BASIN,173.371,-19.959,,1991
2.88,6.84,14.3,50.9,0.1,0.17,11.21,1.58,0.19,,5.0,295.0,123.0,43.0,50.0,30.0,129.0,35.0,86.0,2.8,4.3,,,11.2,,1.04,,,5.6,,3.1,3.28,,,,,BACK-ARC_BASIN,173.917,-16.9778,,1991; 1994
2.82,7.0,14.54,49.6,0.2,0.37,11.54,1.74,0.18,,8.0,263.0,225.0,40.0,92.0,30.0,181.0,33.0,108.0,3.8,4.9,,,13.0,,1.1,,,4.9,,3.2,3.0,,,,,BACK-ARC_BASIN,173.818,-16.6742,,1991; 1994
3.39,6.47,16.4,52.15,0.2,0.55,10.1,1.55,0.19,8.58,3.51,291.0,265.0,,147.0,45.0,169.0,35.0,116.0,8.0,,15.46,,12.99,3.76,1.35,4.96,,5.5,,3.43,3.22,,,,,BACK-ARC_BASIN,144.788,17.953,,1985; 1987
1.87,7.4,13.94,49.96,0.09,0.09,11.99,1.29,0.2,11.28,1.01,,99.0,45.4,65.0,,89.6,32.5,74.0,2.7,1.76,7.0,,7.52,2.85,1.13,,0.701,,,,4.1,,1.81,0.097,0.128,BACK-ARC_BASIN,-176.48,-18.68,,1990
3.02,7.19,17.18,51.26,0.13,0.28,11.46,1.23,0.14,7.89,2.3,257.0,222.0,33.0,109.0,31.0,213.0,29.0,91.0,1.0,5.21,,,12.0,3.15,,,,,,,,,,0.193,0.37,BACK-ARC_BASIN,144.68,18.27,,1990
3.32,7.78,16.27,49.04,0.12,0.58,12.23,1.06,0.14,,7.04,244.0,337.0,,149.0,38.31,181.0,,91.0,,,,,,,,,,,,,,,,,,BACK-ARC_BASIN,144.822,18.075,,1985
1.4,6.44,14.49,52.53,,0.38,10.97,0.49,,9.97,5.6,263.0,24.0,44.0,48.0,45.0,142.0,11.2,17.0,0.41,1.7,4.4,0.71,3.4,1.2,0.45,1.7,,2.0,,1.4,1.4,0.22,0.57,0.026,0.17,BACK-ARC_BASIN,-174.533,-17.083,,2008
1.75,7.18,16.34,50.99,0.09,0.23,12.17,0.76,0.18,9.43,7.0,231.0,91.0,39.0,47.0,,171.0,,44.0,,,,,,,,,,,,,,,,,,BACK-ARC_BASIN,-176.59,-22.1878,,1990
2.57,8.75,15.9,49.0,0.12,0.15,11.0,1.52,0.17,10.52,3.72,208.0,382.0,79.7,528.0,30.8,202.0,15.7,83.3,5.19,5.97,13.63,2.25,10.5,2.84,1.11,3.34,0.598,3.65,0.758,2.07,1.82,0.243,2.25,0.316,0.51,BACK-ARC_BASIN,-176.195,-14.938,,2012
2.75,6.71,16.2,49.81,0.17,0.76,11.28,1.41,0.16,,8.0,291.0,232.0,,88.0,30.0,162.0,34.0,97.0,7.0,,,,,,,,,,,,,,,,,BACK-ARC_BASIN,144.629,17.948,,1985
2.67,6.02,16.59,52.01,0.1,0.43,11.03,0.56,0.15,,4.0,269.0,20.0,,28.0,100.0,449.0,9.0,28.0,0.9,,,,,,,,,,,,,,,,,BACK-ARC_BASIN,152.173,-3.715,,2003
1.84,6.9,15.03,52.31,,0.48,11.3,0.61,,9.24,6.9,253.0,52.0,40.0,47.0,71.0,186.0,12.1,24.0,1.14,2.7,6.4,1.01,4.9,1.6,0.59,2.1,,2.3,,1.5,1.5,0.23,0.78,0.073,0.31,BACK-ARC_BASIN,-174.617,-16.367,,2008
2.09,11.83,14.9,47.6,0.12,0.11,9.38,0.91,0.18,8.89,0.0,,412.0,,201.0,14.0,135.0,21.0,67.0,6.0,2.3,13.0,,,,0.9,,0.53,,,,,,1.71,,0.0,BACK-ARC_BASIN,136.057,28.984,,1980; 1981
1.68,7.18,16.6,49.2,0.1,0.67,13.5,0.56,0.19,9.72,13.0,346.0,124.0,,44.0,149.0,471.0,13.0,33.0,0.0,12.0,73.0,,15.0,,,,,,,,,,,,4.0,BACK-ARC_BASIN,143.276,18.015,,1980; 1988
3.6,6.05,16.12,50.31,0.25,0.19,10.71,1.72,0.17,,1.0,288.0,,,41.0,35.0,176.0,43.0,142.0,5.0,,,,,,,,,,,,,,,,,BACK-ARC_BASIN,-177.862,-18.568,,1994
2.49,6.63,16.36,51.09,,0.33,11.74,0.92,,,4.5,225.0,386.0,39.2,144.0,121.0,237.0,17.8,48.0,1.46,5.37,11.42,1.68,7.85,2.2,0.82,2.63,0.46,2.9,0.61,1.74,1.71,0.26,1.3,0.074,0.683,BACK-ARC_BASIN,143.1,21.78,,2005; 1990
2.95,6.78,13.78,51.5,0.1,0.2,11.05,1.47,0.21,,2.08,275.0,110.0,46.0,43.0,22.0,86.0,38.0,89.0,2.8,3.8,9.39,1.49,11.5,2.91,1.4,3.87,0.84,6.2,1.11,4.0,3.55,0.51,1.79,0.33,,BACK-ARC_BASIN,173.874,-17.1528,,1991; 1994; 1994
2.76,7.19,16.22,49.84,0.18,0.34,10.92,1.19,0.19,10.22,,322.0,186.0,,74.0,41.0,245.0,23.0,69.0,,,,,,,,,,,,,,,,,,BACK-ARC_BASIN,139.915,31.122,,1990
2.73,8.01,15.21,50.44,0.13,0.14,12.39,1.3,0.2,,2.0,267.0,258.0,,71.0,30.0,144.0,28.0,74.0,5.0,3.7,10.2,1.39,8.2,2.1,0.8,3.18,,4.14,,2.61,2.37,,,,3.0,BACK-ARC_BASIN,173.913,-17.065,,1990
2.32,7.28,15.43,51.15,0.14,0.33,11.46,1.06,0.15,8.37,4.39,265.0,222.0,29.0,57.0,,122.0,29.0,77.0,4.25,,,,,,,,,,,,,,,,,BACK-ARC_BASIN,144.532,18.013,,1982
3.4386,5.8862,16.6044,49.4466,0.1616,0.2555,11.307,1.5389,0.1203,8.2,3.65633422736215,237.541776502729,380.120179112199,,,14.6048743570598,162.39786618665,35.0482068513861,113.345677893532,3.226265092523,4.58583461807207,14.0140544752174,2.20527459439201,12.4545824012082,4.39894407283791,1.75817935953909,6.48688658089964,1.1008010865473,7.13499195127922,1.50966729801746,4.39989129168911,3.52716800144693,0.585824570157058,2.97143224013794,0.291788906598984,0.252460979458413,BACK-ARC_BASIN,139.649,20.926,NEOGENE,2010
2.37,7.88,14.66,49.8,0.1,0.1,12.53,1.36,0.18,,2.0,280.0,199.0,44.0,83.0,17.0,104.0,,,,,,,,,,,,,,,,,,,,BACK-ARC_BASIN,173.38,-19.936,,1991
3.56,7.89,16.2,47.1,0.29,1.8,8.77,1.43,0.15,7.6,14.0,,234.0,,172.0,135.0,284.0,27.0,149.0,23.0,14.0,31.0,,,,,,,,,,,,,,0.0,BACK-ARC_BASIN,137.684,28.638,,1980
2.72,8.19,15.8,49.8,0.13,0.2,10.97,1.19,0.11,7.64,0.0,,247.0,,82.0,28.0,193.0,28.0,83.0,4.0,4.0,12.0,,,,,,,,,,,,,,0.0,BACK-ARC_BASIN,136.057,28.984,,1980
2.36,7.33,13.94,50.73,0.1,0.05,11.66,1.22,0.2,,1.0,355.0,150.0,,75.0,8.0,71.0,27.0,64.0,1.3,1.85,5.7,,,2.7,0.97,3.6,,,1.05,,3.3,0.52,1.4,,2.0,BACK-ARC_BASIN,150.027,-3.378,,2003
2.51,8.68,15.41,49.18,0.17,0.3,11.58,1.39,0.19,,5.0,269.0,400.0,,149.0,50.0,164.0,28.0,84.0,7.0,5.5,14.1,1.9,9.5,2.67,0.98,3.45,,4.57,,2.85,2.66,,,,2.0,BACK-ARC_BASIN,173.408,-15.837,,1990
2.5,7.69,15.92,50.0,0.1,0.29,12.04,1.54,0.17,,5.0,239.0,292.0,41.0,104.0,64.0,175.0,,,,,,,,,,,,,,,,,,,,BACK-ARC_BASIN,173.535,-16.308,,1991
2.88,7.24,14.67,50.16,0.16,0.23,11.8,1.59,0.22,,4.0,310.0,164.0,,57.0,25.0,156.0,33.0,102.0,2.0,4.1,12.4,1.95,10.7,2.81,1.14,4.19,,5.31,,3.4,3.22,,,,2.0,BACK-ARC_BASIN,173.913,-17.065,,1990
3.71,5.01,14.3,49.31,0.4,0.81,9.39,2.64,0.2,,10.26,306.0,74.0,48.1,28.0,163.3,323.0,39.4,212.8,26.38,21.21,47.86,6.18,28.43,6.83,2.2,7.79,1.17,6.88,1.37,3.66,3.37,0.52,5.08,1.69,2.34,BACK-ARC_BASIN,127.831,12.8072,,2005
2.49,5.55,12.9,47.5,0.47,0.55,9.71,4.16,0.21,13.67,6.0,,40.0,,39.0,184.0,409.0,41.0,281.0,30.0,29.0,68.0,,,,,,,,,,,,,,4.0,BACK-ARC_BASIN,132.775,24.701,,1980
3.46,7.28,17.0,50.98,0.17,0.35,10.4,1.36,,7.75,4.71,228.0,249.0,38.0,179.0,49.6,268.0,29.2,107.7,5.38,6.19,15.6,2.36,11.0,3.24,1.25,4.15,0.73,4.66,0.98,2.85,2.74,0.43,2.51,0.345,0.566,BACK-ARC_BASIN,144.4,19.73,,1998; 2005
2.75,7.0,17.3,50.75,0.18,0.4,11.39,1.11,0.15,7.56,6.06,230.0,247.0,32.0,108.0,33.0,221.1,25.0,84.0,3.0,6.09,,,10.15,2.97,,,,,,,,,,0.29,0.54,BACK-ARC_BASIN,144.7,18.3,,1990; 1994; 2000
2.74,7.13,16.7,51.64,0.17,0.3,11.06,1.22,,7.96,4.02,,,,,56.1,185.0,,,,4.77,12.5,,9.55,3.01,1.12,3.97,,4.45,,2.78,2.63,,,,,BACK-ARC_BASIN,144.85,16.534,,1996
2.73,7.21,16.16,51.65,0.2,0.42,7.79,0.99,0.18,9.21,7.28,,,,,55.6,243.0,16.2,75.8,3.2,7.37,14.9,2.41,11.36,3.18,1.13,3.21,0.63,3.67,0.84,2.31,2.25,0.34,1.96,0.18,0.8,BACK-ARC_BASIN,127.33,27.67,,2018
2.09,5.57,17.18,52.32,0.08,0.19,11.01,0.73,0.21,,2.8,,,,16.7,54.1,172.5,15.6,24.4,0.5,,,,,,,,,,,,,,,,,BACK-ARC_BASIN,140.3,30.5,,2007
2.73,7.06,15.31,50.58,0.13,0.3,1.19,1.23,0.18,,3.0,300.0,190.0,34.0,92.0,43.0,120.0,25.0,70.0,2.9,5.2,16.0,,9.0,3.4,1.36,4.5,,4.9,0.7,3.5,3.0,,2.29,,0.43,BACK-ARC_BASIN,-174.817,-15.6192,,1997; 1992
1.98,8.18,14.9,51.34,0.08,0.04,13.21,0.93,0.17,9.26,1.44,,327.0,,93.39,10.67,135.92,38.86,52.8,0.65,1.07,3.61,0.66,3.5,1.27,0.56,,0.39,2.84,0.66,1.97,2.21,,,,,BACK-ARC_BASIN,-176.058,-19.9083,,2008
2.32,7.77,14.22,50.5,0.08,0.09,11.73,1.58,0.19,,3.5,307.0,272.0,40.0,98.0,20.0,84.0,35.0,76.0,2.0,2.1,,,9.0,,1.15,,,5.8,,3.6,3.4,,,,,BACK-ARC_BASIN,173.492,-18.812,,1991; 1994
2.26,4.92,18.54,49.09,0.17,0.54,11.39,0.84,,11.41,11.0,512.0,14.0,37.4,30.0,247.0,588.0,26.8,66.2,1.96,9.75,19.4,2.49,11.6,2.91,1.11,3.21,0.65,3.21,0.9,2.18,2.16,0.42,1.91,0.106,1.896,BACK-ARC_BASIN,142.17,23.0,,1998; 2005
2.96,6.65,16.03,50.88,0.16,0.28,10.68,1.31,,8.42,,312.0,,,46.0,,165.0,36.0,111.0,,,,,,,,,,,,,,,,,,BACK-ARC_BASIN,144.75,17.48,,1987
3.82,5.92,17.16,50.8,0.35,1.1,10.21,1.19,0.12,,20.0,190.0,290.0,28.0,65.0,460.0,620.0,17.0,170.0,3.5,25.0,40.0,,28.0,5.6,1.4,5.2,,4.3,0.96,2.5,2.1,,4.6,,,BACK-ARC_BASIN,150.974,-9.7755,,1997
2.7,6.54,16.0,49.6,0.14,0.23,12.8,1.18,0.12,,3.0,,233.0,,60.0,29.0,185.0,28.0,84.0,2.0,3.0,16.0,,,,,,,,,,,,,,2.0,BACK-ARC_BASIN,136.057,28.9833,,1980
