NA2O(WT%),MGO(WT%),AL2O3(WT%),SIO2(WT%),P2O5(WT%),K2O(WT%),CAO(WT%),TIO2(WT%),MNO(WT%),FEOT(WT%),RB(PPM),V(PPM),CR(PPM),CO(PPM),NI(PPM),BA(PPM),SR(PPM),Y(PPM),ZR(PPM),NB(PPM),LA(PPM),CE(PPM),PR(PPM),ND(PPM),SM(PPM),EU(PPM),GD(PPM),TB(PPM),DY(PPM),HO(PPM),ER(PPM),YB(PPM),LU(PPM),HF(PPM),TA(PPM),TH(PPM),TECTONIC SETTING,longitude,latitude,AGE,PUBLICATION_YEAR
2.23,8.78,16.56,50.41,0.31,1.02,10.55,0.71,0.16,,22.0,,689.0,38.0,104.0,403.0,772.0,19.0,93.0,11.0,29.0,54.0,,24.0,4.0,1.3,,0.51,,,,1.8,0.27,1.6,0.5,4.7,Continental arc,11.366,38.55,PLEISTOCENE,1998
2.39,8.51,15.24,50.11,0.24,0.48,9.57,1.33,0.19,9.81,10.0,220.0,396.0,49.0,123.0,192.0,396.3,19.2,104.4,9.6,16.2,,,,,,,,,,,,,,,2.7,Continental arc,129.7,33.1,CENOZOIC,2009
1.79,5.88,17.14,52.12,0.18,0.26,10.75,0.76,0.13,,11.0,219.0,184.0,29.0,78.0,177.0,302.0,17.0,51.0,5.0,8.0,20.0,,,,,,,,,,,,,,2.0,Continental arc,8.75,39.8,NEOGENE,1994
2.79,7.43,14.91,52.82,0.14,0.96,9.89,0.86,0.16,7.99,11.0,249.0,216.0,,58.0,298.0,362.0,15.0,80.0,1.0,0.0,14.0,,8.0,,,,,,,,,,,,,Continental arc,160.63,56.05,HOLOCENE,1994
3.045,4.714,17.006,50.724,0.285,1.287,8.569,1.114,0.149,8.98,29.9298763,,64.0525131,,24.0349712,460.783905,453.31778,29.2120686,128.016388,3.78738046,11.3206129,27.3379269,3.91811109,19.1553936,4.99997902,1.56257343,5.31927299,0.797917306,4.91271782,0.858775437,2.721596,2.83838463,0.435980767,3.20258832,0.22832112,1.02726209,Continental arc,160.464,55.784,,2015
3.72,7.8,16.1,48.7,0.46,1.68,8.4,1.62,0.19,,22.0,212.0,255.0,38.0,133.0,238.0,626.0,30.0,155.0,,,,,,,,,,,,,,,,,,Continental arc,158.07,53.93,,2000
2.14,8.23,15.33,48.04,0.12,0.48,8.62,0.98,0.16,,9.0,,,,,139.0,315.0,,,,6.04,13.5,,9.07,2.85,1.14,3.66,,3.46,,1.78,1.42,0.197,,,,Continental arc,135.75,34.1,PERMIAN,1977; 1979
3.97,5.0,17.59,51.36,0.37,1.06,8.17,1.52,0.11,8.02,7.0,165.0,195.0,,109.0,,582.0,26.0,184.0,11.0,,,,,,,,,,,,,,,,,Continental arc,139.75,39.75,OLIGOCENE,2000
2.78,9.56,16.01,52.5,0.17,0.51,9.18,0.78,0.14,,11.0,173.0,528.0,,182.0,187.0,377.0,21.0,78.0,10.0,,,,,3.7,,4.18,,,,,,,,,,Continental arc,131.05,33.5,,2008
3.03,6.1,16.4,50.4,0.3,1.48,9.32,1.4,0.19,10.17,36.6,323.0,196.0,37.1,52.0,297.0,304.0,26.1,,,16.8,35.4,4.46,19.1,4.65,1.37,4.84,0.769,4.7,0.955,2.62,2.58,,,,5.69,Continental arc,109.166,-7.233,,2022
2.52,5.75,17.63,51.81,0.13,0.43,11.25,1.02,0.13,7.38,7.0,256.0,192.0,37.0,27.0,176.0,462.0,24.0,111.0,3.0,9.9,24.4,,,2.76,1.25,,,,,,1.98,0.32,2.36,,2.19,Continental arc,134.75,35.325,,2002
3.45,5.91,17.41,50.08,0.23,0.09,10.86,1.7,0.17,,1.0,242.0,290.0,45.0,102.0,26.0,217.0,36.0,118.0,3.0,4.03,14.2,,12.3,4.38,1.47,5.52,,4.76,,2.98,2.59,0.5,,,,Continental arc,134.952,32.355,,1993
3.78,9.11,14.7,48.9,0.42,1.94,6.42,1.74,0.22,,47.39,,,,,661.92,721.44,25.21,216.08,47.4,30.27,59.08,7.02,34.28,7.82,2.52,6.93,0.98,4.95,0.87,2.13,1.71,0.24,4.62,2.43,3.69,Continental arc,139.0,47.5,CENOZOIC,2002
3.02,8.97,16.08,50.22,0.29,0.57,8.81,1.28,0.17,9.36,6.8,220.0,487.0,44.0,187.0,127.0,475.0,23.5,116.0,4.9,13.3,25.9,3.94,18.0,4.05,1.52,4.13,0.79,4.65,0.84,2.4,2.13,0.33,2.96,0.31,1.18,Continental arc,137.5,35.75,PLEISTOCENE,1999; 2002
1.93,10.81,13.84,46.46,0.27,0.96,11.48,1.82,0.17,10.2,30.3,292.0,457.0,57.0,140.0,418.0,506.0,17.7,99.8,25.4,27.0,51.4,5.9,23.6,4.84,1.61,4.59,0.67,3.9,0.75,2.0,1.68,0.36,2.82,1.52,5.46,Continental arc,129.9,33.1,CENOZOIC,2009; 2014
3.03,5.52,17.6,51.0,0.22,2.03,10.44,0.89,0.13,7.83,29.0,290.0,61.0,30.0,25.0,878.0,1073.0,18.5,91.0,3.3,41.5,76.0,,38.0,6.5,1.81,4.8,,3.25,,1.8,1.55,,,,9.5,Continental arc,95.25,20.92,QUATERNARY,2004
3.14,7.13,18.6,51.08,0.31,1.45,8.51,1.11,0.11,,42.0,,130.0,,110.0,400.0,470.0,22.0,190.0,17.0,26.0,55.0,,16.0,3.9,1.2,,,,,,2.1,0.26,,,5.4,Continental arc,132.65,34.85,,1992
1.59,5.76,18.33,51.76,0.04,0.2,11.74,0.61,0.17,,1.55,,96.0,,13.0,63.8,163.0,14.4,21.1,0.687,1.85,4.77,0.7,1.18,3.68,0.522,1.63,0.329,2.3,0.504,1.41,1.54,0.227,0.719,,0.489,Continental arc,141.0,38.0,QUATERNARY,1997; 2004
1.98,6.0,16.68,50.17,0.12,0.39,10.74,0.765,0.178,8.79,9.0,275.0,,,,172.0,305.0,20.0,48.0,1.0,8.3,17.5,2.33,10.3,2.7,0.88,3.1,0.5,3.3,0.7,2.2,2.1,0.3,1.4,0.1,1.6,Continental arc,139.69,37.354,PLIOCENE,2021
1.84,6.2,16.75,49.54,0.6,2.94,10.26,1.15,0.12,8.06,69.0,,312.0,34.0,61.0,990.0,777.0,24.0,140.0,7.0,17.0,32.0,,,6.2,1.6,,,,,,3.3,0.4,4.9,0.4,2.4,Continental arc,136.5,36.5,MIOCENE,1997
3.66,6.9,17.7,49.6,0.36,0.96,9.27,1.55,0.17,9.45,10.0,238.0,88.0,39.0,82.0,305.0,602.0,25.0,157.0,8.6,12.62,30.52,4.18,18.5,4.49,1.54,4.83,0.75,4.73,0.95,2.72,2.47,0.38,3.34,0.62,0.95,Continental arc,159.815,57.235,QUATERNARY,2010
2.65,5.86,18.2,50.29,0.24,0.77,10.45,1.19,0.18,10.16,,,,,,193.877,615.194,16.97,54.352,,7.055,17.54,,12.273,3.078,1.067,3.175,0.501,2.915,0.617,1.627,1.498,0.224,,,0.802,Continental arc,138.3,36.1,,2009
2.17,4.77,19.0,48.9,0.11,0.4,12.0,0.75,0.19,9.5,7.0,283.69,12.16,29.62,12.28,358.65,457.13,15.26,33.18,1.2,2.99,7.66,1.32,6.2,1.96,0.74,2.27,0.38,2.51,0.53,1.53,1.48,0.22,1.0,0.07,0.34,Continental arc,-86.7,12.5,HOLOCENE,1986; 2009
3.3,6.73,17.3,48.6,0.13,0.73,10.9,1.58,0.16,9.18,10.8,,266.0,,67.0,327.0,497.0,27.9,131.0,11.4,10.8,27.2,,15.9,4.01,1.37,4.64,,4.81,,2.87,2.04,,,,,Continental arc,-90.15,14.25,,1995
1.58,5.84,15.95,50.84,0.06,0.15,9.79,0.99,0.2,11.49,3.17,,,,,,178.0,,,,,,,5.2,1.85,,,,,,,,,,,,Continental arc,140.065,40.175,PLIOCENE,2006; 2008
2.71,6.76,13.39,46.25,0.48,0.77,7.94,5.72,0.18,,3.52,,,,,395.54,303.67,36.84,206.36,22.86,23.73,51.66,6.15,29.92,7.49,2.24,8.19,1.26,7.5,1.47,3.77,3.57,,5.06,1.52,3.12,Continental arc,132.89,42.83,CENOZOIC,2002
2.96,7.21,17.14,47.94,0.21,0.31,10.63,0.86,0.11,7.61,5.0,,192.0,31.0,0.0,0.0,330.0,27.0,60.0,8.0,8.4,24.7,,,2.6,0.8,,0.5,,,,1.6,0.4,1.7,0.7,1.3,Continental arc,133.17,35.58,MIOCENE,1994
1.47,9.35,14.67,52.69,0.19,0.31,9.54,0.81,0.13,,22.0,220.0,420.0,38.0,124.0,199.0,212.0,25.0,86.0,5.0,13.0,33.0,,,,,,,,,,,,,,4.0,Continental arc,8.75,39.8,NEOGENE,1994
2.85,7.33,17.0,51.23,0.31,0.6,8.83,1.31,0.18,9.35,4.2,214.0,279.0,40.0,96.0,134.0,419.0,24.7,126.0,5.5,12.5,26.7,4.23,19.0,4.35,1.58,4.38,0.86,4.92,0.94,2.6,2.54,0.37,3.32,0.35,1.32,Continental arc,137.5,35.75,PLEISTOCENE,1999; 2002
3.21,5.18,17.09,52.83,0.17,1.22,8.8,0.81,0.15,8.27,23.0,236.0,68.1,29.5,18.1,458.0,581.0,18.3,104.0,2.44,9.96,22.1,3.2,13.8,3.27,0.99,3.24,0.52,3.13,0.64,1.77,1.73,0.26,2.74,0.15,2.29,Continental arc,-91.298,14.654,,2012
2.22,7.52,16.06,49.2,0.044,0.109,12.55,1.059,0.193,10.45,6.0,,66.0,,40.0,355.0,688.0,16.0,54.0,,,,,,,,,,,,,,,,,,Continental arc,-84.733,10.467,QUATERNARY,1998; 2001; 2006
4.19,5.94,15.96,52.58,0.22,1.1,6.93,1.65,0.12,,28.0,,,,,,476.0,20.0,,23.0,,,,,,,,,,,,,,,,,Continental arc,8.67,40.58,NEOGENE,1976
3.81,7.81,16.31,51.69,0.1,0.92,2.81,1.16,0.43,8.77,15.0,,,,,268.0,256.0,27.0,98.0,3.7,,,,12.0,3.29,,,,,,,,,,,,Continental arc,139.0,38.0,MIOCENE,1997
2.28,10.74,13.92,52.42,0.13,0.66,10.12,0.84,0.16,8.74,9.07,239.0,660.0,,160.0,220.0,253.0,16.31,62.08,1.33,4.14,10.76,1.68,8.18,2.39,0.79,2.73,0.48,2.95,0.61,1.68,1.73,0.26,1.72,0.14,0.43,Continental arc,160.63,56.05,,2013
3.45,4.57,16.59,52.52,0.27,1.17,8.09,1.12,0.15,7.34,105.0,,105.0,26.0,42.0,363.0,426.0,23.0,177.0,14.0,20.6,46.9,,,4.9,1.4,,0.9,,,,1.8,0.5,4.0,0.8,3.7,Continental arc,133.17,35.58,MIOCENE,1994
3.16,5.92,17.01,52.16,0.25,1.2,8.95,1.15,0.2,,15.0,250.0,56.0,32.0,30.0,442.0,345.0,,,,6.5,16.2,,11.2,3.38,1.06,4.3,0.71,,,,2.76,0.4,2.6,0.13,0.51,Continental arc,160.63,56.05,,2000
2.36,5.61,17.91,52.88,0.095,0.39,9.7,0.75,0.166,9.09,10.5,240.0,63.0,,32.0,129.0,297.0,15.0,42.0,1.13,3.29,8.42,1.22,6.01,1.8,0.59,1.95,0.41,2.24,0.48,1.49,1.63,0.25,1.23,0.09,0.9,Continental arc,140.912,40.648,,2009
2.95,4.81,17.53,52.4,0.31,1.78,9.55,0.95,0.14,,52.0,219.0,52.0,,24.0,522.0,524.0,28.0,147.0,14.0,,,,,,,,,,,,,,,,,Continental arc,15.21,38.79,PLEISTOCENE,1980; 1988; 1989
1.52,4.944,18.848,52.554,0.087,0.132,7.642,0.854,0.156,,2.767,271.103,113.263,28.128,33.084,79.453,325.518,15.55,37.329,1.573,,,,,,,,,,,,,,,,,Continental arc,141.003,39.842,,2017
3.26,6.0,15.22,48.91,0.95,3.33,9.62,1.99,0.18,,87.0,142.0,180.0,34.0,138.0,1232.0,1036.0,19.0,300.0,75.0,65.0,124.0,13.0,51.0,9.0,2.75,7.33,0.98,4.29,0.7,1.95,1.23,0.17,6.42,4.3,6.94,Continental arc,131.5,43.67,MIOCENE,2008
2.74,8.43,15.34,52.82,0.16,0.72,9.73,0.97,0.16,8.93,9.42,246.0,322.0,,87.0,241.0,286.0,17.67,74.44,1.68,4.86,12.68,1.94,9.64,2.68,0.89,3.04,0.52,3.28,0.68,1.82,1.89,0.29,2.0,0.17,0.47,Continental arc,160.63,56.05,,2013
2.12,6.17,17.17,50.63,0.1,0.55,11.34,0.83,0.17,,15.0,256.0,55.0,,14.0,201.0,318.0,19.0,82.0,2.0,6.33,15.94,,10.45,2.83,0.97,,0.5,,,,1.87,0.3,1.87,0.17,1.64,Continental arc,176.6,-39.003,,1993
5.27,6.78,15.68,52.06,0.28,0.37,6.75,1.34,0.13,8.21,9.0,161.0,508.0,35.3,111.0,891.0,280.0,21.0,136.0,17.0,12.0,28.3,,,3.4,1.4,,,,,,1.5,0.24,3.2,0.7,1.8,Continental arc,137.0,35.75,JURASSIC,
2.74,7.45,16.79,51.58,0.31,0.75,8.46,1.15,0.16,9.4,15.2,219.0,354.0,39.0,117.0,198.0,398.0,21.8,112.0,5.6,12.5,26.3,4.38,19.3,4.47,1.61,4.39,0.8,4.8,0.84,2.36,2.17,0.32,2.96,0.35,1.58,Continental arc,137.5,35.75,PLEISTOCENE,1999; 2002
2.51,7.23,14.19,50.93,0.12,2.06,11.38,0.67,0.18,9.63,55.0,229.0,161.0,29.7,43.0,625.0,1196.0,15.0,88.0,6.0,27.6,46.0,0.0,21.0,4.39,1.24,0.0,0.5,0.0,0.0,0.0,1.54,0.21,1.8,0.4,5.9,Continental arc,14.962,38.404,,2020
2.89,8.15,14.4,51.8,0.29,1.4,9.99,1.05,0.16,8.56,,310.0,256.0,,62.0,433.0,521.0,16.1,72.1,4.3,,,,,,,,,,,,,,,,,Continental arc,161.4,56.65,,1996
2.03,9.74,14.91,49.76,0.23,0.81,11.62,0.89,0.19,,18.0,,626.0,32.0,113.0,221.0,319.0,20.0,80.0,,7.0,19.2,,12.9,3.68,1.08,,0.66,,,,2.13,0.3,2.13,0.14,0.56,Continental arc,160.37,55.82,,2000
2.87,8.62,15.13,51.01,0.22,1.1,8.49,1.42,0.15,,29.0,199.0,106.0,,61.0,276.0,345.0,31.0,136.0,15.0,,,,,5.31,,22.5,,,,,,,,,,Continental arc,130.0,33.25,,2008
3.17,5.48,18.01,52.95,0.22,1.15,8.55,0.87,0.15,,20.0,231.0,121.0,34.0,60.0,493.0,641.0,18.0,79.0,3.1,7.89,21.26,2.8,12.41,3.04,0.95,2.6,0.39,2.32,0.48,1.44,1.34,0.2,2.04,0.15,0.69,Continental arc,158.63,55.97,,2001
3.48,7.16,17.2,48.2,0.23,0.82,9.42,1.43,0.14,8.56,27.0,176.0,180.0,39.0,36.0,246.0,644.0,22.0,117.0,10.7,14.2,32.0,,19.0,,1.35,,,3.7,,2.0,1.9,,,,,Continental arc,-1.47,35.3,,1995
3.24,4.87,16.5,50.9,0.53,1.77,8.11,1.7,0.18,10.08,,327.0,44.0,30.5,46.0,492.0,350.0,34.2,183.0,6.4,18.9,43.2,,31.9,6.5,1.91,7.2,1.06,6.1,,,3.6,0.59,6.5,0.35,1.893,Continental arc,160.63,56.2,PLEISTOCENE,1997; 1998
2.78,6.47,14.86,51.6,0.29,1.33,7.61,1.67,0.16,,20.2,,,,,402.9,733.0,16.8,133.0,7.4,14.49,32.63,4.96,21.7,4.92,1.78,4.68,0.64,3.25,0.54,1.34,1.09,0.16,3.16,0.44,1.48,Continental arc,132.36,43.33,CENOZOIC,2002
1.84,8.75,16.81,49.89,0.08,0.39,11.11,0.67,0.15,,6.1,,301.0,49.93,103.0,93.88,163.9,19.0,47.0,2.43,4.07,9.66,1.34,6.45,2.0,0.67,2.47,0.45,3.01,0.64,1.87,1.78,0.28,1.32,0.14,0.54,Continental arc,140.702,37.793,MIOCENE,1985; 2013
3.85,5.59,17.92,49.34,0.63,1.3,8.57,1.93,0.15,8.94,28.0,,93.0,31.0,43.0,358.0,922.0,17.0,209.0,,37.0,72.0,,,6.7,2.8,,0.7,,,,2.2,0.2,,,3.2,Continental arc,134.7,35.5,,1990
3.7,6.79,17.5,50.5,0.43,1.07,9.37,1.49,0.17,9.36,13.0,243.0,153.0,42.0,74.0,372.0,619.0,24.0,142.0,9.0,14.83,35.08,4.77,20.87,4.87,1.57,5.01,0.75,4.67,0.93,2.68,2.4,0.37,3.17,0.5,1.24,Continental arc,160.095,57.391,QUATERNARY,2010
4.48,7.91,15.7,48.82,0.65,0.85,8.76,2.59,0.16,10.07,41.0,199.0,208.1,38.9,143.0,706.0,672.0,28.0,216.0,61.0,40.6,78.9,,34.3,7.7,2.4,,1.4,,,,2.2,0.3,4.9,3.9,6.2,Continental arc,130.273,33.696,CENOZOIC,1993; 2003
2.46,6.58,17.0,48.6,0.38,1.91,11.8,1.05,0.19,,60.0,277.0,50.0,35.0,44.0,886.0,777.0,27.0,150.0,19.0,50.0,89.0,,41.0,,,,,,,,,,,,16.0,Continental arc,15.21,38.79,,2004
1.89,9.44,14.23,48.81,0.37,0.72,8.69,2.1,0.19,,47.8,202.0,117.0,,72.0,450.0,262.0,23.0,186.0,23.0,32.1,57.1,6.67,27.5,5.57,1.72,5.63,0.89,5.11,0.98,2.61,2.23,0.37,4.86,2.1,6.64,Continental arc,130.25,33.25,,2009
3.092,5.387,16.233,51.113,0.539,1.776,8.945,1.61,0.162,10.26,57.4806213,,113.152657,,43.4806366,460.22876,394.139008,41.9339218,250.904297,5.08571148,17.7427711,43.4361916,6.07001972,28.8612862,7.23116827,2.01357985,7.62671137,1.14163899,6.98816061,1.2373054,3.92573261,4.08926678,0.633058012,4.87031507,0.235164002,1.88353252,Continental arc,160.391,55.783,,2015
2.67,4.88,16.96,52.11,0.57,3.55,9.16,0.91,0.15,7.44,130.0,244.0,38.9,27.2,30.4,1445.0,676.0,27.3,184.0,22.7,48.5,99.3,,46.3,9.07,2.24,,0.99,,,,2.5,0.39,4.86,1.42,20.6,Continental arc,15.221,38.812,,2011
3.03,6.2,17.02,52.75,0.36,0.91,7.72,1.18,0.15,8.87,14.4,,328.0,37.9,111.0,148.0,413.0,27.3,134.0,5.8,12.4,30.6,,,4.4,1.5,,0.78,,,,2.4,0.35,3.04,0.46,1.44,Continental arc,137.5,35.75,NEOGENE,1993; 1999
2.41,8.15,15.36,49.92,0.3,0.21,8.77,1.3,0.19,,,228.5,345.0,,187.0,,232.7,,,,,,,,,,,,,,,,,,,,Continental arc,130.25,33.25,,2005
1.974,5.766,16.785,52.033,0.078,0.245,10.049,0.867,0.171,,4.284,309.471,90.812,36.305,20.764,117.326,251.661,26.461,50.393,2.082,,,,,,,,,,,,,,,,,Continental arc,140.858,39.931,,2017
2.4,9.3,16.15,49.95,0.08,0.3,10.37,0.72,0.16,8.69,5.95,249.0,,,,97.2,248.0,17.2,41.6,1.4,3.44,8.51,1.27,6.23,1.81,0.734,2.25,0.408,2.64,0.582,1.64,1.8,0.281,1.18,0.091,0.442,Continental arc,140.85,37.75,MIOCENE,2015
3.49,6.05,15.53,51.29,0.42,1.4,7.98,2.01,0.15,,29.0,182.0,19.0,,3.0,384.0,654.0,19.0,187.0,20.0,,,,,5.74,,17.7,,,,,,,,,,Continental arc,131.45,33.25,,2008
2.83494753833737,4.70137207425343,15.4358353510896,50.90799031477,0.262308313155771,1.22074253430186,9.46327683615819,1.14003228410008,0.232041969330105,12.42,27.0,399.0,18.0,46.0,2.0,827.0,409.0,24.0,97.0,4.0,14.0,23.0,4.0,,,,,,,,,,,,,4.0,Continental arc,-86.0,12.0,HOLOCENE,2020
2.2,6.37,17.97,49.61,0.13,0.31,11.78,0.93,0.18,8.05,5.16,300.07,,70.01,,105.28,295.45,22.4,57.74,3.82,5.67,13.59,1.94,9.2,2.58,0.91,3.21,0.55,3.6,0.77,2.26,2.09,0.33,1.58,0.24,0.52,Continental arc,140.5,37.5,,2013
3.315,4.585,16.654,50.238,0.536,1.808,7.901,1.696,0.156,10.79,87.6992722,,30.935606,,57.8376732,527.434875,296.538788,55.1853981,424.04422,8.76980114,23.7514591,58.8890648,8.14548779,38.6559448,9.46138859,2.52564096,10.0799627,1.4872061,9.07310009,1.57802606,4.97347069,5.15418053,0.797940433,7.57905865,0.510195971,2.91823602,Continental arc,160.233,55.77,,2015
2.718,9.302,14.814,51.349,0.152,0.583,9.411,0.942,0.168,8.94,10.771,252.276,446.704,40.634,127.955,206.167,270.795,20.914,71.982,1.668,4.801,12.56,1.989,9.762,2.809,0.95,3.269,0.544,3.418,0.725,2.077,1.923,0.297,1.975,0.106,0.45,Continental arc,160.812,56.118,,2017
3.82,7.3,15.2,50.24,0.51,2.03,7.6,1.88,0.16,,43.0,,270.0,44.0,140.0,650.0,660.0,25.0,200.0,,34.7,60.4,,26.3,5.91,1.97,,0.85,,,,2.27,,5.19,3.0,4.94,Continental arc,130.0,33.25,CENOZOIC,1989
2.38,8.79,18.05,50.25,0.15,0.68,11.08,0.78,0.15,7.64,19.19,241.86,249.0,,104.3,203.8,352.36,20.58,57.6,2.7,,,,,,,,,,,,,,,,,Continental arc,140.225,42.78,,2011
4.16,7.65,16.0,51.0,0.59,1.45,8.1,1.52,0.14,7.98,18.8,215.0,265.0,,170.0,420.0,1125.0,25.0,200.0,17.0,30.5,64.0,,33.0,,1.85,,,4.3,,2.6,2.15,,,,,Continental arc,167.5,61.75,PLIOCENE,1997
2.46,5.34,16.98,52.6,0.68,3.84,9.48,0.93,0.15,7.43,115.0,247.0,40.0,21.0,30.0,1828.0,846.0,26.0,172.0,38.0,60.0,122.0,14.4,50.0,10.1,2.6,8.4,1.2,5.9,1.0,2.7,2.3,0.35,4.5,1.8,18.7,Continental arc,15.215,38.799,HOLOCENE,2014
2.37,5.2,18.4,50.29,0.23,0.97,9.64,0.86,0.2,9.22,19.0,,,,,196.0,620.0,,,,,,,,,,,,,,,,,,,,Continental arc,8.65,40.4,MIOCENE,1975
3.68431713023086,4.51459971746258,18.6333621394351,52.079203141426,0.216724537072403,1.28748229557624,8.12766494509429,1.03711102672091,0.136566146648364,7.45,21.7,209.1,0.0,31.0,9.1,306.6,714.2,20.7,99.3,11.3,14.3,23.3,5.10437933561883,17.4,3.89890411867355,1.33723439302874,2.84845172763421,0.498184123139567,3.46749488383252,0.655738064764942,2.10663189277048,2.06684857458385,0.290980371772084,7.3,0.576446177182035,21.8,Continental arc,27.17,36.57,,
1.97,5.49,17.98,51.98,0.09,0.28,9.73,0.8,0.19,9.98,6.1,,,39.6,20.8,102.0,247.0,26.4,45.9,1.47,6.63,14.1,2.29,11.2,3.31,1.11,4.33,0.74,4.72,1.0,2.95,2.7,0.414,1.44,0.081,0.171,Continental arc,140.46,38.125,,
1.96,7.88,16.96,51.4,0.08,0.1,10.41,0.78,0.17,9.4,1.66,265.96,,,,60.7,289.0,13.4,27.9,1.21,2.25,6.21,0.96,5.0,1.43,0.642,1.88,0.348,2.1,0.458,1.27,1.36,0.193,0.75,0.064,0.227,Continental arc,140.98,39.88,QUATERNARY,2015
2.89,5.05,15.3,52.6,0.47,1.67,7.93,2.12,0.16,,,276.5,380.0,,204.0,,344.5,,,,,,,,,,,,,,,,,,,,Continental arc,130.25,33.25,,2005
2.38,6.35,17.87,48.7,0.49,1.88,11.95,0.89,0.15,8.05,55.0,259.0,36.0,33.0,37.0,848.0,721.0,25.0,141.0,15.0,42.0,84.0,9.9,39.0,7.9,2.2,6.4,0.92,4.88,0.88,2.21,2.19,0.31,3.2,1.03,11.9,Continental arc,15.21,38.79,,2012
3.04,5.09,18.58,48.92,0.22,1.28,10.13,1.27,0.19,11.16,25.2,450.0,30.0,,,414.0,519.0,21.1,74.0,3.0,10.6,23.6,3.32,14.5,3.68,1.27,4.29,0.63,3.81,0.78,2.41,2.07,0.34,2.0,0.2,2.13,Continental arc,113.67,-8.18,HOLOCENE,
3.74,4.9,13.47,52.56,0.34,0.24,3.17,2.61,0.15,,6.5,,,,,407.0,257.0,,,,36.7,80.6,,43.4,9.78,2.88,9.59,,8.39,,3.83,2.86,0.364,,,,Continental arc,138.75,36.0,PERMIAN,1977; 1979
4.05,7.51,14.68,47.29,0.78,1.13,9.15,2.55,0.16,9.45,24.0,208.0,260.0,41.0,170.0,755.0,826.0,,,,50.3,99.2,,44.1,8.5,2.58,,1.05,,,,1.77,0.25,5.4,,16.7,Continental arc,-1.15,37.67,NEOGENE,1986
2.82,7.9,17.47,48.7,0.21,0.74,9.44,0.9,0.16,8.24,21.0,,183.0,34.0,103.0,0.0,333.0,15.0,64.0,8.0,8.3,18.6,,,2.6,0.9,,0.6,,,,2.0,0.4,1.9,0.4,1.0,Continental arc,133.17,35.58,MIOCENE,1994
3.21,6.28,12.6,48.1,0.124,0.062,10.0,1.4,0.224,15.12,4.76,430.0,63.9,45.0,90.6,13.0,77.0,27.9,46.0,3.89,5.05,13.1,1.97,10.2,3.22,1.29,4.45,0.771,5.35,1.14,3.41,3.16,0.45,2.14,0.3,,Continental arc,137.65,36.2,,2017
2.43,11.5,15.3,47.0,0.14,0.69,11.65,0.82,0.17,8.64,10.6,255.0,547.0,46.0,250.0,424.0,595.0,19.5,69.0,2.25,18.6,37.0,,18.5,3.65,1.25,3.6,,3.3,,1.85,1.84,,,,3.5,Continental arc,95.25,20.92,QUATERNARY,2004
2.36,4.9,18.9,50.0,0.13,0.43,10.61,0.78,0.21,7.76,10.6,293.2,14.42,,15.8,399.4,562.1,16.93,60.56,3.0,5.37,12.22,,9.05,2.53,0.88,3.06,,2.72,,1.46,1.3,,,,,Continental arc,-87.767,13.23,,1981; 1997
3.27,6.63,17.8,51.41,0.23,0.67,8.82,0.9,0.17,,13.0,207.0,179.0,31.0,69.0,275.0,526.0,21.0,94.0,2.7,7.9,20.1,3.2,14.8,3.8,1.18,3.2,0.53,3.1,0.62,1.82,1.76,0.26,2.09,0.18,0.75,Continental arc,158.07,53.93,,2000
3.02,9.28,14.5,52.19,0.22,1.21,9.05,0.84,0.16,8.485114,23.0,242.0,566.0,41.0,118.0,290.0,399.0,22.0698,79.0,0.0,0.0,0.0,0.0,,,,,,,,,,,,,23.0,Continental arc,160.789,56.355,,2018
2.95,7.41,16.77,50.66,0.21,0.75,8.36,1.16,0.17,,15.0,,197.0,35.0,135.0,,,,,,,,,,,,,,,,,,,,,,Continental arc,132.0,34.75,PALEOCENE,1986
2.77,5.27,17.53,52.05,0.38,2.59,9.52,0.88,0.15,,74.0,251.0,43.0,32.0,36.0,920.0,635.0,27.0,162.0,16.0,52.0,102.0,,37.0,,,,,,,,,,,,,Continental arc,15.21,38.79,,1993
2.41,5.92,16.9,49.54,0.1,0.37,9.72,1.4,0.13,9.42,4.17,332.86,39.7,43.92,8.6,91.9,208.85,25.51,58.11,2.15,3.97,10.63,1.6,8.08,2.74,1.0,3.4,0.63,3.96,0.89,2.49,2.28,0.35,1.55,0.11,0.59,Continental arc,140.58499999999998,43.21,MIOCENE,2011
2.47,6.16,17.13,49.67,0.55,2.09,11.28,1.01,0.16,,61.0,256.0,52.0,34.0,40.8,920.0,795.0,27.0,156.0,22.0,44.99,97.2,11.8,39.0,8.45,2.2,7.21,0.892,5.23,0.98,2.65,2.47,0.36,3.94,1.291,14.76,Continental arc,15.216,38.794,HOLOCENE,2006
2.83,8.72,14.78,50.95,0.38,1.34,9.956,1.22,0.173,,30.05,293.7,563.0,46.92,,310.9,301.3,25.06,132.0,3.181,10.8,26.38,3.921,19.21,4.517,1.3451,4.681,0.7158,4.481,0.8873,2.597,2.432,0.365,3.18,0.204,1.131,Continental arc,160.333,55.785,,2021
2.57,6.2,18.39,48.96,0.36,2.05,10.95,1.0,0.17,,66.0,248.0,58.0,30.0,40.0,912.0,688.0,25.0,152.0,17.2,44.0,90.0,10.6,41.0,8.2,2.1,6.6,0.92,4.9,0.87,2.4,2.3,0.35,3.7,1.19,15.0,Continental arc,15.216,38.794,HOLOCENE,2006
2.6,8.53,15.46,52.0,0.12,0.94,9.95,0.68,0.14,,12.0,193.0,378.0,50.0,130.0,268.0,353.0,17.0,88.0,,,,,,,,,,,,,,,,,,Continental arc,141.25,41.0,,1994
2.63,5.56,17.76,52.28,0.21,0.45,8.77,0.74,0.19,8.72,8.54,192.94,,46.86,,159.91,348.26,20.55,74.4,5.12,8.34,18.84,2.54,11.03,2.78,0.95,3.11,0.52,3.22,0.69,2.08,2.02,0.31,1.91,0.3,0.8,Continental arc,140.5,37.5,,2013
3.08,6.24,16.88,50.11,0.21,0.4,10.57,1.31,0.18,,8.0,286.0,37.0,,33.0,145.0,347.0,30.0,147.0,4.0,8.36,19.87,,12.98,3.44,1.25,,0.64,,,,2.07,0.34,2.57,0.24,0.84,Continental arc,176.166,-38.466,,1993
2.37,6.55,17.47,49.75,0.35,1.82,11.29,0.89,0.16,,46.0,289.0,72.0,47.0,47.0,692.0,637.0,27.0,137.0,14.0,55.0,82.0,,39.0,,,,,,,,,,,,,Continental arc,15.21,38.79,,1993
2.934,9.019,17.21,47.63,0.1947,1.047,11.6,0.8967,0.1687,7.68,,209.9,296.2,,136.3,,,,96.3,,,,,,,,,,,,,,,,,,Continental arc,23.306,37.632,,2022
4.01,5.2,17.3,52.95,0.43,1.47,7.29,1.39,0.17,8.99,14.3,149.0,125.0,28.3,68.9,549.0,496.0,40.6,181.0,12.2,24.3,43.9,6.92,29.5,6.9,2.1,7.34,1.14,6.8,1.37,3.69,3.6,0.53,4.37,0.61,1.42,Continental arc,-89.564,14.824,,2012
2.27,6.15,18.47,50.95,,0.365,10.42,0.657,0.185,8.92,6.451,192.269,41.388,,31.192,291.276,549.759,15.077,30.25,,6.42,14.915,2.223,9.933,2.635,0.888,2.766,0.425,2.634,0.535,1.527,1.476,0.229,0.971,,0.357,Continental arc,-84.733,10.467,,2006
2.7,5.1,17.19,52.42,0.25,1.77,9.98,0.81,0.13,7.12,43.6,248.0,87.0,24.2,36.1,549.0,568.0,19.4,106.0,8.9,29.9,56.0,,24.8,4.96,1.41,4.27,0.62,,,,2.01,0.29,2.6,0.61,9.6,Continental arc,15.21,38.79,,
1.83,7.11,16.59,48.36,0.06,0.13,11.38,1.19,0.13,,1.6,,,,,23.1,267.0,,,,1.8,4.54,,5.23,2.02,0.694,3.11,,4.06,,2.44,2.23,0.37,,,,Continental arc,141.5,39.0,DEVONIAN,1977; 1979
1.95,6.92,16.31,49.34,0.41,2.43,11.87,0.98,0.16,,78.0,248.0,112.0,45.0,64.0,857.0,809.0,29.0,159.0,19.0,37.0,105.0,,40.0,,,,,,,,,,,,,Continental arc,15.21,38.79,,1993
2.15,7.03,16.05,49.9,0.23,1.92,10.51,1.09,0.14,,,,180.0,32.5,,570.0,,,,,19.8,50.8,,,6.2,2.02,,1.09,,,,2.8,0.47,2.4,,6.0,Continental arc,139.37,41.5,QUATERNARY,1978; 1979
4.09,6.28,17.2,50.4,0.61,1.59,7.82,1.8,0.17,9.65,17.0,209.0,116.0,32.0,84.0,380.0,634.0,26.0,177.0,18.2,19.48,44.85,6.07,25.96,5.98,1.89,5.96,0.87,5.1,1.01,2.8,2.46,0.38,3.94,0.97,1.9,Continental arc,159.963,57.356,QUATERNARY,2010
3.19,6.63,17.27,52.54,0.16,0.68,9.65,0.97,0.17,8.74,11.0,260.0,100.0,34.0,47.0,245.0,342.0,21.2,81.0,2.4,4.0,13.0,,9.0,2.6,,,,,,,2.1,,2.2,,1.2,Continental arc,160.484,55.974,,2013
2.15,6.7,17.7,50.72,0.86,5.89,6.7,1.8,0.15,,145.0,250.0,201.0,25.0,56.0,1643.0,653.0,25.1,481.0,8.3,54.2,107.0,,41.3,5.6,1.84,4.7,0.74,,,,2.02,0.28,11.0,0.39,14.4,Continental arc,156.5,56.5,,1994
1.7,5.78,15.79,51.69,0.06,0.1,10.61,0.97,0.21,11.52,0.56,411.0,,,,66.6,167.0,20.8,25.9,0.722,1.85,5.33,0.89,4.89,1.76,0.701,2.65,0.532,3.2,0.752,2.0,2.22,0.302,0.88,0.041,0.345,Continental arc,140.065,40.175,PLIOCENE,2015
2.5,7.42,16.48,51.6,0.21,1.15,10.81,0.72,0.16,,28.0,,480.0,31.0,73.0,396.0,690.0,16.0,90.0,8.0,20.8,40.3,,15.3,3.23,1.19,,0.51,,,,1.72,0.28,2.03,0.46,4.4,Continental arc,11.366,38.55,PLEISTOCENE,1992; 1998; 2004
3.68633,4.84787,18.94611,52.10044,0.23942,0.92604,9.09655,1.02532,0.14902,8.4,13.5357588608052,278.586742691613,47.7632621694964,29.9926573909426,19.4496631963028,509.852300591375,652.505337448292,19.6651657476625,100.632500810898,4.24790053263274,10.2449506773175,22.8917409789021,3.32040345383697,14.4502598670783,3.45642135431576,1.08832927140803,3.49367732606479,0.539692340127552,3.24175,0.6774,1.903,1.753,0.2621,2.51356053918738,0.2311,1.026,Continental arc,-91.55,14.76,,2011
3.14,6.29,16.73,47.92,0.53,2.53,7.44,2.31,0.17,,59.0,196.0,94.0,,61.0,683.0,579.0,23.0,274.0,41.0,,,,,5.64,,22.4,,,,,,,,,,Continental arc,130.0,33.25,,2008
3.44,6.83,15.92,51.93,0.17,0.17,8.0,1.41,0.13,11.43,1.2,191.0,220.0,54.0,183.0,100.0,474.0,19.11,71.0,4.59,4.92,12.29,1.96,10.22,3.28,1.21,3.58,0.54,3.08,0.6,1.59,1.29,0.19,1.74,0.31,0.68,Continental arc,140.2,49.0,MIOCENE,2005
2.66,6.27,15.7,47.9,0.655,3.74,11.2,0.962,0.176,7.88,198.0,284.0,168.0,32.9,42.7,836.0,1110.0,29.6,244.0,54.2,99.5,174.0,18.6,68.8,12.4,3.4,10.5,1.28,5.97,1.04,2.65,2.18,0.331,4.6,2.06,20.3,Continental arc,110.886,-6.448,,2022
2.07,5.52,17.9,50.58,0.3,0.8,10.34,1.03,0.19,,19.0,316.0,48.0,30.0,15.0,143.0,291.0,20.0,58.0,5.0,,26.0,,,,,,,,,,,,,,3.0,Continental arc,8.7,40.45,NEOGENE,1994; 2005
2.69,7.12,15.5,49.8,0.25,1.34,10.3,0.98,0.18,9.18,,307.0,141.0,,27.0,506.0,552.0,14.9,57.2,1.9,,,,,,,,,,,,,,,,,Continental arc,161.4,56.65,,1996
2.63,6.46,16.64,50.81,0.39,2.15,10.35,0.93,0.16,,57.0,291.0,107.0,52.0,52.0,817.0,544.0,25.0,151.0,15.0,46.0,104.0,,46.0,,,,,,,,,,,,,Continental arc,15.21,38.79,,1993
2.51,6.1,18.49,50.37,0.36,2.02,10.84,0.97,0.17,,68.0,262.0,59.0,33.0,44.0,944.0,703.0,26.0,158.0,18.1,45.0,92.0,10.8,41.0,8.2,2.1,6.8,0.93,4.9,0.89,2.4,2.3,0.35,3.6,1.18,15.0,Continental arc,15.216,38.794,HOLOCENE,2006
2.39,5.78,16.32,51.19,0.55,3.77,9.68,0.9,0.14,7.21,124.0,242.0,180.0,32.0,40.0,1462.0,701.0,26.0,166.0,29.0,51.0,103.0,12.1,42.0,8.6,2.2,7.6,1.1,5.4,1.0,2.6,2.3,0.34,4.2,1.3,17.6,Continental arc,15.211,38.806,HOLOCENE,2014
2.26,10.45,14.75,49.05,0.35,2.35,9.15,0.97,0.14,,90.0,193.0,600.0,,191.0,992.0,530.0,19.0,136.0,10.0,13.7,47.0,,,3.5,1.04,,0.53,,,,2.58,0.5,,,4.0,Continental arc,26.25,39.2,,1992
2.65,5.81,18.07,50.43,0.15,0.46,11.04,1.16,0.15,10.07,1.58,,,,,164.0,469.0,25.0,53.0,1.02,4.19,12.1,2.05,10.9,3.36,1.15,4.1,0.685,4.43,0.913,2.55,2.49,0.39,1.67,0.06,0.331,Continental arc,158.162,52.46,,2014
2.42,5.06,16.79,52.49,0.21,0.61,6.12,1.68,0.09,9.03,8.0,,,,,168.0,306.0,36.0,88.0,5.1,,,,,,,,,,,,,,,,,Continental arc,139.0,38.0,MIOCENE,1997
2.04,5.97,17.74,52.02,0.11,0.26,10.28,0.78,0.18,9.59,5.5,,,46.1,25.0,98.7,248.0,18.7,48.2,1.66,4.47,11.1,1.56,7.6,2.26,0.825,2.95,0.51,3.35,0.721,2.17,2.06,0.321,1.46,0.086,0.15,Continental arc,140.46,38.125,,
1.96,7.19,17.57,51.83,0.08,0.2,10.26,0.79,0.16,,,220.0,243.0,29.0,70.0,,,,,,,,,,,,,,,,,,,,,,Continental arc,140.98,39.88,,1982
3.82,4.53,18.1,52.9,,1.09,8.62,1.22,0.18,9.26,28.0,205.0,6.0,,14.0,183.0,305.0,32.0,185.0,16.9,16.5,39.7,4.85,21.9,5.12,1.45,5.06,0.87,5.3,1.08,3.17,2.96,,4.47,,3.9,Continental arc,109.21,-7.24,,1995
2.3,6.15,16.42,52.33,0.11,0.92,10.73,0.74,0.15,,20.0,212.0,182.0,48.0,53.0,,395.0,22.0,90.0,,,,,,,,,,,,,,,,,,Continental arc,141.25,41.0,,1994
1.805,6.608,17.214,52.174,0.075,0.254,10.88,0.69,0.168,,6.104,264.225,140.744,36.316,32.658,125.805,261.031,18.612,45.897,2.179,,,,,,,,,,,,,,,,,Continental arc,140.869,39.801,,2017
3.04982385505788,4.78107700050327,15.2893809763462,50.7297433316558,0.261701056869653,1.22798188223452,9.40110719677906,1.12732762959235,0.231504781077,12.51,29.0,407.0,4.0,46.0,3.0,846.0,404.0,21.0,83.0,,,29.0,2.0,,,,,,,,,,,,,26.0,Continental arc,-86.0,12.0,HOLOCENE,2020
3.37,5.177,17.229,52.911,0.2,1.03,8.395,1.133,0.167,8.57,16.686,274.592,48.437,32.59,28.656,397.979,353.395,24.47,90.696,,,,,,,,,,,,,,,,,,Continental arc,160.745,56.087,,2017
3.88,5.18,15.08,47.74,0.44,0.38,6.3,2.9,0.25,,,,,,,112.0,,,,,17.9,47.4,,33.7,9.45,3.21,10.8,,10.6,,,4.58,0.626,,,,Continental arc,135.75,34.1,,1977
3.067,4.696,17.223,51.514,0.277,1.274,8.711,1.134,0.155,9.03,26.8226967,,44.1479988,,18.7665024,484.266022,441.265808,27.7207108,114.512283,3.05185437,10.5766554,25.484663,3.7130363,18.3408165,4.93756008,1.55454254,5.25976992,0.797195256,4.89791536,0.857807934,2.70272279,2.78753829,0.430272609,3.06669426,0.184942305,0.935802102,Continental arc,160.393,55.771,,2015
4.31,4.86,18.04,52.53,0.19,0.76,7.78,0.9,0.14,8.41,39.0,175.0,56.0,20.0,31.0,231.0,720.0,33.0,161.0,11.0,19.08,47.04,5.12,19.54,4.34,1.25,4.25,0.64,4.64,0.91,2.5,2.04,0.29,3.4,0.7,8.9,Continental arc,10.0,44.5,OLIGOCENE,2012
2.5,10.0,17.2,46.67,0.19,0.08,10.24,1.29,0.14,,0.0,196.0,257.0,46.0,138.0,,180.0,28.0,103.0,2.0,,,,,,,,,,,,,,,,,Continental arc,134.952,32.355,,1993
1.84,7.1,17.19,51.58,0.137,0.99,11.08,0.63,0.165,,23.14333617,269.9207151,121.410545,33.37437039,46.28100614,285.2133971,619.9886763,16.23344717,43.70839349,2.688836689,13.63409775,25.56608408,3.37121768,13.86342384,3.112561734,0.96017259,3.056898612,0.483965317,2.867298595,0.59411244,1.616182775,1.779229746,0.269735951,1.235636516,0.135462692,2.407283811,Continental arc,14.856,38.573,,2016
1.88,7.82,17.2,50.73,0.1,0.05,10.46,0.83,0.17,9.74,0.688,,,,73.0,65.6,317.0,14.0,27.1,1.13,2.94,7.17,1.13,5.83,1.79,0.701,2.33,0.396,2.55,0.542,1.57,1.44,0.222,0.938,0.064,0.251,Continental arc,140.98,39.88,QUATERNARY,2006
2.29,11.11,14.19,50.84,0.14,0.57,9.74,0.83,0.16,8.61,10.0,,470.0,49.0,170.0,230.0,260.0,,,,5.0,10.1,,6.8,2.2,1.05,3.2,,,,,1.6,0.26,,,,Continental arc,160.1,56.01,QUATERNARY,1995
3.13,7.2,13.57,44.49,1.24,1.43,9.82,3.73,0.21,15.18,18.0,,136.6,,28.0,341.0,1033.0,35.0,241.0,40.0,51.7,124.3,,85.5,14.1,3.6,,,,,,2.6,0.4,5.1,2.7,2.9,Continental arc,130.25,33.5,CENOZOIC,2003
2.25,8.48,14.1,48.03,0.53,1.79,9.43,1.79,0.16,,65.0,,,,194.0,628.0,950.0,,,,,,,34.8,6.06,,,,,,,,,,,,Continental arc,134.0,34.75,CENOZOIC,1988
4.25,6.27,15.51,49.63,0.24,0.3,11.05,1.68,0.16,8.44,13.3,315000.0,88.0,33.4,41.5,93.0,623000.0,30.2,153000.0,2.0,8.1,22.1,3.34,15.3,4.29,1.54,5.01,0.81,5.13,1.1,3.02,2.83,0.42,3.12,0.17,0.49,Continental arc,97.077,3.492,MIOCENE,2021
3.03,9.52,14.8,49.04,0.29,1.07,9.63,1.82,0.17,,23.8,,290.0,47.9,140.0,490.0,420.0,41.9,140.0,,36.6,75.0,,24.51,7.14,2.6,,1.03,,,,3.84,,2.3,1.7,4.07,Continental arc,130.0,33.0,CENOZOIC,1990
2.68,9.78,14.09,46.46,0.24,2.14,9.79,2.04,0.16,11.36,33.2,271.3,585.9,49.5,252.3,406.6,154.8,22.5,117.9,20.0,,,,,,,,,,,,,,,,,Continental arc,130.55,32.4,MESOZOIC,2004
2.79,5.09,18.2,49.5,0.1,0.59,10.9,0.78,0.1,9.0,12.0,368.0,310.0,30.0,40.0,38.0,85.0,26.0,46.0,5.0,,,,,,,,,,,,,,,,,Continental arc,-1.905,35.908,MIOCENE,2008
3.42,4.75,18.52,52.3,0.16,1.016,8.93,0.978,0.134,7.92,22.0,210.0,36.3,,5.1,443.0,614.0,18.0,89.0,3.4,9.0,22.4,,11.7,,,,,,,,,,,,,Continental arc,-92.15,15.1,,2004
2.7,5.6,18.4,49.6,0.13,0.33,10.4,0.99,0.18,9.81,3.86,340.0,67.0,38.0,20.0,165.0,402.0,22.0,55.0,3.0,3.68,10.4,0.0,9.0,2.73,0.991,3.17,,3.49,,2.18,2.01,0.295,1.37,,0.182,Continental arc,158.137,52.473,PLEISTOCENE,2007
3.48,5.43,17.5,51.5,0.34,1.13,9.3,1.23,0.16,,18.0,217.0,130.0,,46.0,497.0,576.0,,,,,,,,,,,,,,,,,,,,Continental arc,-89.63,14.55,,1981
2.56,6.26,16.8,49.94,0.5,2.27,10.89,0.84,0.15,7.54,72.9,239.7,131.1,29.6,54.4,989.2,707.3,24.4,156.3,18.9,47.6,93.9,10.8,41.6,8.0,2.1,6.5,0.9,4.7,0.8,2.3,2.2,0.3,3.6,1.2,16.7,Continental arc,15.21,38.79,,2012
3.95,6.13,17.61,51.61,0.39,1.65,7.07,1.6,0.13,,47.0,172.0,107.0,,73.0,348.0,456.0,29.0,245.0,21.0,,,,,,,,,,,,,,,,,Continental arc,133.1,35.5,MIOCENE,1997
2.77,7.71,17.54,49.32,0.2,0.34,11.52,1.12,0.16,8.75,0.0,238.0,82.0,,63.0,78.0,330.0,24.0,99.0,6.0,0.0,24.0,,13.0,,,,,,,,,,,,1.0,Continental arc,176.25,-38.3,,2007
2.81,4.98,18.17,51.92,0.31,0.62,9.6,1.14,0.19,9.52,7.17,271.86,5.7,41.23,1.2,191.3,503.91,24.24,95.95,10.3,13.91,30.14,4.08,17.23,3.99,1.32,4.09,0.7,3.95,0.86,2.37,2.21,0.34,2.36,0.6,1.5,Continental arc,139.84,42.510000000000005,MIOCENE,2011
2.62,9.09,15.34,50.25,0.27,0.86,9.98,1.26,0.17,9.14,22.0,,481.0,41.9,122.0,166.0,435.0,23.0,132.0,6.7,12.2,29.0,,,4.3,1.4,,0.48,,,,2.0,0.29,2.03,0.37,1.73,Continental arc,137.5,35.75,NEOGENE,1993
1.93,6.41,17.33,49.9,0.16,0.6,12.64,0.71,0.18,9.56,11.7,277.0,102.0,35.1,30.8,369.0,477.0,17.6,53.3,1.57,5.42,12.6,2.03,9.69,2.63,0.87,2.86,0.48,3.0,0.61,1.72,1.7,0.25,1.51,0.1,0.57,Continental arc,-86.724,12.473,,2012
2.89629255989912,9.16,16.25,48.27,0.36,1.25,10.52,1.42,0.15,7.87334635004089,36.0,206.0,449.0,38.0,148.0,481.0,548.0,22.0,116.0,,,,,,,,,,,,,,,,,,Continental arc,-3.368,34.521,NEOGENE,2005
2.9,6.1,18.2,49.9,0.1,0.6,9.7,1.1,0.2,11.2,6.4,,,,,274.0,433.0,21.0,30.0,0.0,,,,,,,,,,,,,,,,,Continental arc,140.487,39.042,,2004
2.36,8.68,16.18,50.09,0.17,1.29,9.24,0.83,0.21,8.03,32.3,248.0,,,,559.0,473.0,21.0,61.3,2.64,15.5,31.6,4.0,16.7,3.74,1.07,3.78,0.548,3.29,0.738,2.1,1.91,0.304,1.74,0.133,5.25,Continental arc,139.73,39.95,QUATERNARY,2015
2.21,5.64,17.59,51.98,0.16,0.79,10.5,0.739,0.174,8.91,12.0,264.0,,,,277.0,314.0,19.0,53.0,1.0,9.2,19.5,2.61,11.8,3.0,0.95,3.4,0.6,3.5,0.7,2.1,2.2,0.35,1.5,0.1,2.7,Continental arc,139.696,37.355,PLIOCENE,2021
4.07,9.26,14.56,52.21,0.11,0.12,8.66,1.4,0.12,9.47,4.0,,107.0,37.0,47.0,105.0,94.0,39.0,91.0,8.0,,,,,,,,,,,,,,,,,Continental arc,78.2,34.9,PERMIAN,2007
2.48,9.08,15.91,52.16,0.11,0.76,9.12,0.9,0.16,,23.5,,,,220.0,,175.0,,,,,,,,,,,,,,,,,,,,Continental arc,140.75,37.5,MIOCENE,1986; 1993
2.4,5.72,18.0,49.2,0.39,2.09,11.2,1.02,0.18,,83.0,265.0,63.0,30.0,35.0,986.0,768.0,27.0,162.0,22.0,49.0,83.0,,40.0,,,,,,,,,,,,18.0,Continental arc,15.21,38.79,,2004
2.0,6.31,17.98,47.14,0.1,0.26,12.01,0.77,0.2,10.71,10.0,371.0,21.3,46.6,23.0,340.0,408.0,14.0,29.0,,3.39,8.0,,5.0,1.66,0.73,,0.4,,,,1.27,0.19,0.9,0.3,0.4,Continental arc,-86.308,12.135,QUATERNARY,2012
2.4,6.96,16.4,48.6,0.12,0.14,12.1,1.26,0.18,11.2,4.5,259.0,126.0,,76.0,104.0,290.0,21.0,72.0,3.6,2.8,9.4,,8.6,2.58,1.01,3.7,,3.92,,2.04,1.48,,1.84,,0.2,Continental arc,-85.98,11.97,,1984; 1990; 1994; 2001; 2004; 2017
2.4,7.16,14.62,51.37,0.12,0.88,9.62,0.79,0.17,9.49,26.97,279.02,508.0,67.22,159.0,295.16,237.18,22.71,72.77,2.44,9.99,22.21,2.68,11.36,3.05,0.86,3.31,0.55,3.51,0.78,2.3,2.21,0.34,1.98,0.18,3.43,Continental arc,141.25,41.0,,2013
1.799,6.806,18.378,50.436,0.068,0.16,11.382,0.652,0.16,,3.171,221.601,95.163,35.226,35.708,94.061,310.424,13.48,36.591,1.239,,,,,,,,,,,,,,,,,Continental arc,140.839,39.786,,2017
2.49,9.3,15.6,49.85,0.29,0.54,10.43,1.09,0.17,9.22,10.2,,,,159.0,176.0,320.0,19.4,110.0,4.15,11.6,27.8,3.73,16.5,3.98,1.31,4.19,0.7,3.96,0.82,2.35,2.21,0.34,2.74,0.14,1.39,Continental arc,175.94,-38.386,,2020
2.78,5.95,17.2,52.8,0.12,0.54,9.54,0.8,0.19,,8.0,269.0,87.0,35.0,46.0,199.0,257.0,19.0,73.0,1.1,4.2,12.7,1.78,8.49,2.56,0.85,2.69,0.47,3.06,0.69,2.08,2.08,0.32,1.99,0.07,0.6,Continental arc,160.68,54.97,,2001; 2021
3.57,7.38,16.81,47.4,0.47,1.22,9.83,1.85,0.17,,17.0,262.0,129.0,45.0,68.0,317.0,690.0,19.0,141.4,17.8,18.93,43.35,5.82,26.59,6.42,1.99,5.31,0.82,4.68,0.83,2.18,1.99,0.268,3.397,1.019,1.65,Continental arc,157.75,55.72,,2001; 2004; 2015
3.27,8.39,16.5,50.6,0.33,1.19,9.09,1.55,0.13,8.54,30.9,,,,139.0,409.0,704.0,24.1,144.0,17.7,28.9,54.7,,,5.4,2.0,,,,,,1.8,0.4,3.4,1.0,3.4,Continental arc,133.57,35.38,QUATERNARY,2000
2.63,5.14,17.49,51.55,0.32,1.95,10.11,0.93,0.16,,56.0,,,,32.0,851.0,703.0,24.0,138.0,17.0,,81.0,,,,,,,,,,,,,,,Continental arc,15.21,38.79,,1993
3.21,4.8,17.34,48.06,0.2,0.07,12.01,1.6,0.3,,2.0,254.0,295.0,52.0,121.0,24.0,220.0,34.0,116.0,2.0,5.28,16.8,,13.7,5.46,1.64,6.36,,6.1,,3.54,3.2,0.56,,,,Continental arc,134.952,32.355,,1993
3.09,8.27,16.64,48.41,0.32,1.08,9.42,1.31,0.15,,20.1,216.0,324.0,39.5,139.0,272.0,543.0,24.5,132.0,8.6,13.0,29.2,4.07,18.1,4.27,1.45,4.49,0.74,4.23,0.87,2.35,2.17,0.31,2.97,0.59,1.04,Continental arc,-89.706,14.06,PLEISTOCENE,2006; 2007
4.26,5.09,17.33,52.35,0.48,1.0,7.74,1.46,0.15,9.13,23.0,154.0,173.0,,98.0,430.0,457.0,20.0,155.0,20.0,22.0,52.0,,22.0,,,,,,,,,,,,,Continental arc,8.83,39.78,NEOGENE,1996
2.12,7.39,17.52,51.57,0.11,0.15,10.29,0.78,0.17,9.57,3.56,,,,76.0,72.9,285.0,13.0,32.8,1.46,3.06,7.88,1.17,5.92,1.82,0.713,2.26,0.388,2.44,0.514,1.48,1.39,0.217,1.1,0.081,0.316,Continental arc,140.98,39.88,QUATERNARY,2006
2.69,4.95,17.61,52.42,0.31,1.3,8.6,1.51,0.16,9.44,34.0,268.0,10.0,,7.4,246.0,563.0,25.0,110.0,5.9,,,,,,,,,,,,,,,,3.5,Continental arc,137.6,36.217,QUATERNARY,1995
2.96,7.74,14.65,50.26,0.21,0.8,8.34,1.52,0.16,11.63,12.2,144.0,316.0,41.5,257.0,195.0,543.0,15.9,87.4,10.8,10.7,24.6,3.28,15.6,4.21,1.6,4.26,0.61,3.4,0.61,1.48,1.18,0.16,2.33,0.66,1.21,Continental arc,133.589,43.503,MIOCENE,2022
3.8,5.0,17.7,52.1,0.17,0.82,8.2,0.92,,8.01,9.0,224.0,13.0,25.61,8.0,580.0,609.0,17.0,125.0,,9.08,17.0,,,3.25,1.1,,0.6,,,,,0.29,2.64,,0.6,Continental arc,-91.55,14.76,,1987
2.55,7.23,14.85,52.84,0.25,1.02,8.03,1.39,0.16,10.86,30.0,170.0,243.0,,139.0,,302.0,22.0,115.0,13.0,,,,,,,,,,,,,,,,,Continental arc,130.25,33.25,CENOZOIC,2004
3.76,7.63,16.42,50.51,0.57,1.49,9.67,0.92,0.12,6.6,20.0,167.0,208.0,,125.0,1265.0,2550.0,28.0,175.0,11.2,,,,78.5,9.39,,,,,,,,,,,,Continental arc,133.0,35.0,CENOZOIC,1990
3.41,6.23,18.24,50.59,0.35,0.85,8.58,1.77,0.17,8.83,,,,,,,,,,,13.52,35.35,,,4.15,1.39,,,,,,1.88,0.31,4.12,,1.57,Continental arc,140.25,41.5,,1987
2.02,11.43,14.03,50.41,0.09,0.5,10.12,0.69,0.17,,8.0,,,,,155.0,270.0,14.2,42.0,1.08,4.22,9.26,1.34,6.53,2.13,0.67,2.4,0.41,2.59,0.55,1.51,1.37,0.22,1.36,0.07,1.03,Continental arc,-155.16,58.3,HOLOCENE,2010
3.24,6.78,18.8,48.6,0.32,0.97,10.23,1.173,0.16,8.73,10.0,232.0,55.0,36.0,63.0,627.0,1127.0,22.0,96.0,3.7,18.7,43.95,5.96,25.3,5.1,1.56,4.56,0.64,3.81,0.77,2.17,1.93,0.29,2.3,0.325,2.11,Continental arc,160.53,57.516,QUATERNARY,2010
2.69,7.13,16.9,50.76,0.16,0.56,10.46,1.12,0.19,10.04,8.0,316.0,220.0,32.7,33.0,180.0,291.5,21.0,63.4,2.45,4.58,12.04,2.03,11.23,3.17,1.1,3.53,0.68,3.87,0.83,2.39,2.29,0.35,1.92,0.14,0.48,Continental arc,160.452,55.965,,2013
3.1,5.87,17.72,50.86,0.24,0.72,9.84,1.03,0.17,9.09,15.0,271.0,111.0,40.0,47.0,275.0,479.0,23.0,86.0,6.0,,31.0,0.0,,,,,,,,,,,,,0.0,Continental arc,157.544,52.514,,2018
3.06,5.08,16.9,49.6,0.26,0.97,9.0,1.3,0.2,11.8,22.8,271.0,60.0,,,180.0,322.0,28.2,130.0,9.5,13.2,28.9,3.9,16.2,4.73,1.35,4.97,0.82,4.96,1.06,3.05,2.65,0.41,3.1,0.7,3.31,Continental arc,109.21,-7.24,HOLOCENE,2021
2.4,6.71,17.6,47.3,0.37,1.59,10.31,0.97,0.2,10.63,21.0,350.0,47.0,39.0,35.0,866.0,946.0,18.0,54.0,1.0,10.03,23.08,3.43,16.34,4.14,1.31,4.22,0.6,3.68,0.72,2.05,1.86,0.29,1.73,0.09,1.32,Continental arc,160.855,57.576,NEOGENE,2010
2.4,6.05,18.0,49.4,0.38,2.06,11.3,0.98,0.17,,80.0,275.0,61.0,33.0,38.0,987.0,760.0,28.0,162.0,22.0,50.0,96.0,,39.0,8.7,2.19,,0.98,,,,2.3,0.55,3.5,1.2,18.0,Continental arc,15.21,38.79,,2004
3.26,7.34,15.34,46.19,0.82,2.02,9.23,2.66,0.18,,71.0,,170.0,41.0,96.0,960.0,900.0,27.0,270.0,,50.3,106.0,,40.6,8.84,2.51,,1.03,,,,2.0,,4.87,3.6,7.04,Continental arc,133.5,34.75,CENOZOIC,1989
2.84,11.48,12.37,52.54,0.24,1.42,8.5,0.86,0.16,,14.0,,906.0,45.9,186.0,756.0,710.0,18.0,79.0,3.0,9.46,25.7,,16.0,3.97,1.09,,0.52,,,,1.53,0.22,2.03,0.09,0.86,Continental arc,159.2,57.2,,1999; 2000
3.29,5.55,16.98,50.77,0.55,0.92,8.27,1.62,0.15,8.81,17.2,173.0,139.0,30.7,66.7,537.0,764.0,25.4,202.0,13.5,25.9,58.0,7.13,30.0,6.41,2.11,5.94,0.83,4.7,0.91,2.49,2.2,0.32,4.39,0.7,3.58,Continental arc,135.278,44.27,EOCENE,2022
2.03,5.74,18.77,51.06,0.07,0.27,10.39,0.64,0.19,9.98,4.38,272.0,43.5,,21.0,136.0,342.0,14.1,30.6,0.82,3.03,7.75,1.13,5.68,1.76,0.64,2.24,0.38,2.62,0.57,1.73,1.74,0.27,1.0,0.05,0.39,Continental arc,140.78,42.57,,2016
3.83,4.51,18.99,51.57,0.278,1.05,8.88,1.199,0.137,7.7945175,13.0600891821346,165.0,71.0,27.0,49.0,422.087357893837,528.365791701948,16.4032096830194,143.0,6.102813225058,14.7996664733179,34.6417307134571,4.76102088167053,20.6920497389791,4.62291545823666,1.56292648940792,5.129531612529,0.76112964037123,4.29471316705336,0.913355568445476,2.50001812645012,2.17800174013921,0.345435759860789,3.71214290893271,0.482852378190255,1.5666872099768,Continental arc,160.706,58.252,CENOZOIC,
2.39,9.28,16.15,49.82,0.08,0.3,10.44,0.73,0.16,8.78,5.29,255.0,,,,97.0,246.0,17.4,40.6,1.34,3.4,8.41,1.28,6.0,1.82,0.774,2.36,0.403,2.71,0.591,1.75,1.79,0.279,1.15,0.072,0.49,Continental arc,140.85,37.75,MIOCENE,2015
2.79,7.564,14.908,52.58,0.176,0.947,9.877,0.892,0.166,8.19,16.302,260.426,214.722,32.96,58.835,315.144,350.265,20.53,70.348,1.546,6.038,14.75,2.285,10.76,2.96,0.975,3.282,0.528,3.232,0.688,1.958,1.844,0.277,1.826,0.095,0.689,Continental arc,160.825,56.206,,2017
3.15,8.84,16.3,50.37,0.26,0.95,9.27,1.09,0.17,,25.0,254.0,360.0,41.0,152.0,382.0,512.0,20.0,91.0,3.4,10.5,24.7,3.6,16.6,4.3,1.28,3.9,0.62,3.7,0.72,2.07,1.88,0.28,2.44,0.18,1.75,Continental arc,158.07,53.93,,2000
2.22,5.47,17.83,51.12,0.08,0.39,11.67,0.89,0.19,9.3,13.98,220.62,134.71,37.97,79.28,401.36,421.25,20.81,89.04,10.5,5.77,14.4,2.38,11.05,3.48,1.1,3.85,0.6,3.7,0.72,1.94,1.74,0.25,2.47,0.62,0.78,Continental arc,-86.85,12.6,HOLOCENE,1986; 1990; 1994; 2009; 2017
3.16,6.57,16.37,49.86,0.24,0.41,10.48,1.33,0.18,9.56,5.0,249.0,35.0,,0.0,129.0,329.0,26.9,138.0,5.3,10.7,24.9,3.67,16.6,4.23,1.37,4.28,0.74,4.68,0.98,2.72,2.71,0.39,3.3,0.31,0.93,Continental arc,176.094,-38.509,,2014
3.12,8.6,14.64,46.51,0.77,2.1,9.23,2.68,0.15,9.43,62.0,213.0,302.0,44.0,185.0,745.0,788.0,23.0,233.0,60.0,48.1,92.96,10.85,42.47,8.18,2.58,6.78,0.93,4.82,0.83,2.07,1.71,0.25,5.43,4.29,15.0,Continental arc,-1.32,37.6,PLIOCENE,2009
3.68,6.62,17.16,49.63,0.69,1.69,8.47,2.19,0.15,9.7,32.5,,133.0,29.3,70.9,671.0,858.0,21.4,185.0,45.2,38.2,90.1,,30.2,6.01,2.13,,0.64,,,,2.43,0.24,5.89,1.81,4.95,Continental arc,134.75,35.25,QUATERNARY,1991
2.81,6.62,15.7,50.45,0.38,0.94,8.86,1.87,0.18,,20.6,154.0,184.0,,76.0,263.0,439.0,22.4,111.0,15.1,17.7,37.8,4.4,19.6,4.5,1.6,4.9,0.76,4.4,0.84,2.3,1.9,0.31,2.7,1.6,2.3,Continental arc,129.45,33.35,,2009
3.24,5.22,17.7,51.8,0.13,1.08,9.0,1.03,0.16,9.2,22.4,,80.0,,40.0,783.0,589.0,26.1,103.0,5.7,13.8,29.4,,17.6,3.69,1.31,4.36,,4.1,,2.5,2.22,,,,,Continental arc,-90.15,14.25,,1995
2.34,6.31,17.75,51.06,0.1,0.55,11.86,0.8,0.19,,11.0,248.0,70.0,,40.0,229.0,364.0,15.4,53.0,1.4,6.0,14.0,1.96,8.86,2.42,0.838,2.52,0.46,2.75,0.59,1.6,1.63,0.23,1.5,0.2,1.54,Continental arc,176.27,-38.083,,1996; 2017
3.23,7.23,17.92,49.67,0.35,0.83,9.58,1.21,0.16,9.15,10.7,204.0,290.0,34.1,76.7,335.0,537.0,23.5,137.0,6.75,12.2,27.5,3.87,16.7,3.98,1.33,4.17,0.65,3.89,0.79,2.14,2.1,0.31,2.93,0.35,1.14,Continental arc,-89.646,14.595,,2012
2.93,5.57,16.5,49.4,0.23,0.86,9.54,1.22,0.2,11.7,19.8,299.0,100.0,,,164.0,332.0,26.0,109.0,7.9,11.0,24.9,3.29,13.6,3.93,1.39,4.87,0.79,4.39,0.95,2.77,2.51,0.45,2.5,0.5,2.86,Continental arc,109.21,-7.24,HOLOCENE,2021
2.72,10.08,16.52,51.63,0.13,0.44,8.99,0.93,0.14,8.41,5.8,,625.0,,250.0,78.0,247.0,20.0,102.0,3.7,,,,,,,,,,,,,,,,,Continental arc,137.0,37.5,OLIGOCENE,1995
2.39,7.6,15.14,51.94,0.08,0.66,10.19,0.72,0.17,,20.0,271.0,281.0,,63.0,137.0,278.0,24.0,68.0,2.0,8.5,21.3,2.7,12.1,2.9,0.9,2.73,0.46,2.92,0.68,1.96,1.8,,1.7,,1.7,Continental arc,174.065,-39.296,,1992
2.58,5.91,18.09,49.8,0.53,2.21,11.46,0.88,0.15,,68.0,264.0,65.0,31.0,42.0,956.0,713.0,26.0,158.0,17.9,46.0,92.0,10.8,42.0,8.4,2.2,6.8,0.94,5.0,0.91,2.4,2.3,0.36,3.8,1.21,15.4,Continental arc,15.216,38.794,HOLOCENE,2006
2.35,5.15,17.76,51.56,0.207,1.33,11.34,0.76,0.168,,31.297,336.582,30.19,29.419,20.227,365.317,702.207,19.065,62.897,5.011,18.463,36.65,4.601,18.073,4.093,1.2245,3.958,0.569,3.199,0.653,1.807,1.866,0.284,1.669,0.277,3.227,Continental arc,14.579,38.558,,2016
3.8,6.02,17.1,51.8,0.61,1.24,8.51,1.35,0.17,8.38,19.0,215.0,119.0,27.0,70.0,584.0,624.0,28.0,166.0,17.1,21.07,48.13,6.55,27.82,6.11,1.81,5.81,0.84,5.05,1.01,2.85,2.57,0.4,3.92,1.08,1.65,Continental arc,160.601,57.595,QUATERNARY,2010
3.12,8.53,14.46,49.82,0.32,0.62,8.78,1.91,0.35,,11.0,196.0,321.0,68.0,165.0,81.0,333.0,27.0,147.0,6.0,7.0,15.0,,,,,,,,,,,,,,,Continental arc,175.1,-37.25,,1979
1.912,6.837,18.303,50.4,0.081,0.125,10.267,0.719,0.176,,2.219,224.162,109.374,38.693,53.133,65.513,279.506,14.26,32.279,1.55,,,,,,,,,,,,,,,,,Continental arc,141.004,39.849,,2017
3.25,7.26,16.37,52.87,0.13,0.61,9.15,0.85,0.15,8.2,8.22,310.0,,,148.0,239.0,338.0,18.3,74.3,0.985,4.83,12.3,1.88,9.37,2.72,0.943,3.05,0.535,3.26,0.664,2.04,1.93,0.288,1.98,,0.55,Continental arc,158.836,53.256,,
2.32,5.89,18.04,48.79,0.19,0.28,11.7,1.07,0.18,10.21,6.1,,,,20.0,99.0,391.0,17.9,64.0,2.48,7.85,18.2,2.71,12.8,3.31,1.14,3.55,0.61,3.58,0.75,2.16,1.99,0.31,1.78,0.17,0.85,Continental arc,176.028,-38.677,,2020
2.76,9.15,15.34,52.27,0.08,0.58,9.61,0.64,0.16,,12.0,245.0,375.0,,139.0,182.0,199.0,17.0,48.0,1.0,4.64,10.7,,8.2,1.95,0.6,,0.32,,,,1.67,0.28,1.48,0.36,1.09,Continental arc,175.57,-39.28,,1993
2.56,6.15,17.71,49.69,0.55,2.23,11.56,0.88,0.15,,63.0,247.0,58.0,30.0,39.0,922.0,677.0,24.0,150.0,16.9,44.0,89.0,10.5,41.0,8.2,2.2,6.6,0.92,5.0,0.89,2.4,2.3,0.35,3.7,1.19,14.79,Continental arc,15.216,38.794,HOLOCENE,2006
1.76,11.7,13.54,50.95,0.08,0.45,9.96,0.52,0.15,,7.0,197.0,1044.0,49.0,283.0,190.0,201.0,16.0,60.0,,,,,,,,,,,,,,,,,,Continental arc,141.379,41.124,MIOCENE,1988; 1993; 1994
2.66,7.84,17.02,50.72,0.19,1.3,9.56,1.04,0.18,7.78,33.3,,,,,884.0,,21.7,72.4,2.78,18.7,36.8,4.53,18.2,4.12,1.28,4.17,0.63,3.82,0.8,2.25,2.18,0.34,1.94,0.2,5.53,Continental arc,139.73,39.95,,2006
1.77,5.72,18.21,50.01,0.072,0.17,11.29,0.69,0.187,9.88,6.8,272.0,110.0,,27.0,64.0,281.0,13.0,28.0,1.33,2.61,6.65,0.93,4.65,1.42,0.59,1.56,0.33,1.79,0.31,1.17,1.25,0.18,0.75,0.08,0.38,Continental arc,140.931,39.983,,2009
2.83,6.97,16.54,49.1,0.25,0.4,11.14,1.33,0.16,9.12,7.0,280.0,146.0,,0.0,122.0,337.0,27.8,97.0,5.54,9.6,22.2,3.21,14.7,3.82,1.33,4.05,0.7,4.43,0.92,2.57,2.49,0.35,2.34,0.33,1.08,Continental arc,176.006,-38.685,,2014
2.94,8.88,16.03,50.67,0.3076,1.004,9.0,1.059,0.165,9.11,16.8305608210766,250.882693682605,323.590003632128,41.2603186875835,137.940676899421,316.552550961865,441.540444800552,23.2683943979356,104.357971905866,3.38137715592029,10.9231662577006,25.6285561468052,3.7027657904628,16.8075350168949,4.24887567365247,1.34044501127806,4.376480365028,0.714928604003823,4.23758503580254,0.864988527175327,2.53982505262841,2.34065656792898,0.360020494630014,2.60576520945383,0.260148040451768,1.16059759743244,Continental arc,158.12,52.45,,2016
3.65,6.93,17.3,50.3,0.55,1.08,8.82,1.42,0.17,9.17,,231.0,151.0,41.0,100.0,489.0,659.0,,150.0,,,,,,,,,,,,,,,,,,Continental arc,160.034,57.328,QUATERNARY,2010
3.13,5.16,17.7,52.38,0.36,2.51,9.27,0.94,0.16,,74.0,258.0,51.0,31.0,36.0,772.0,635.0,29.0,162.0,17.0,57.0,104.0,,43.0,,,,,,,,,,,,,Continental arc,15.21,38.79,,1993
2.4,5.8,18.3,50.0,0.1,0.6,10.2,1.0,0.4,11.2,6.8,,,,,255.0,446.0,16.5,45.5,1.0,,,,,,,,,,,,,,,,,Continental arc,140.489,39.038,,2004
2.43,5.76,17.08,50.18,0.55,2.16,10.87,0.95,0.14,7.56,69.0,274.0,80.0,25.0,30.0,939.0,718.0,25.0,155.0,20.0,41.0,79.9,9.1,36.8,7.6,2.03,6.3,1.0,4.6,0.8,2.4,2.1,0.32,3.7,1.1,14.9,Continental arc,15.21,38.79,,2011
2.91,5.14,17.69,48.61,0.12,1.45,9.78,1.14,0.24,11.63,22.0,,730.0,69.0,220.0,305.0,208.0,23.0,56.0,3.7,,,,,,,,,,,,,,,,3.0,Continental arc,137.25,36.15,,2009
2.8,9.05,15.74,48.44,0.8,2.4,9.81,1.26,0.12,,54.0,,310.0,,180.0,2000.0,1900.0,22.0,300.0,17.0,120.0,240.0,,100.0,14.0,3.4,,,,,,1.7,0.25,,,17.0,Continental arc,133.0,35.0,,1992
2.966,7.37,15.448,51.688,0.179,0.757,9.342,0.996,0.164,8.56,14.443,263.158,258.274,35.028,69.07,239.947,315.43,21.789,79.947,1.787,5.973,15.09,2.384,11.47,3.254,1.089,3.631,0.596,3.682,0.8,2.245,2.128,0.326,2.161,0.112,0.633,Continental arc,160.814,55.99,,2017
4.15,5.72,16.21,51.26,0.37,1.72,7.21,2.04,0.16,,33.0,,,,,,704.0,23.0,,30.0,,,,,,,,,,,,,,,,,Continental arc,8.5,40.5,NEOGENE,1975
3.6,6.56,16.36,51.07,0.3,0.24,7.89,2.0,0.15,,17.0,100.0,130.0,36.0,120.0,340.0,433.0,26.0,98.0,16.0,8.5,20.8,,17.7,5.44,1.84,6.3,0.79,,,,1.9,0.27,2.7,0.62,,Continental arc,139.0,47.5,MIOCENE,1995
2.01,6.67,18.6,50.45,0.06,0.22,9.97,0.67,0.2,10.46,,258.0,34.6,,39.7,,,,,,,,,,,,,,,,,,,,,,Continental arc,140.78,42.57,,2016
2.41,10.43,13.02,46.51,0.51,1.56,10.37,1.74,0.17,,51.0,,,,270.0,632.0,1005.0,,,,,,,32.6,6.51,,,,,,,,,,,,Continental arc,134.0,34.75,CENOZOIC,1988
4.02,7.88,15.45,48.18,0.66,1.33,8.38,2.27,0.15,,36.0,190.0,257.0,41.0,196.0,1117.0,887.0,22.0,244.0,53.0,44.0,102.0,,36.0,,,,,,,,,,,,,Continental arc,8.5,40.5,PLIOCENE,1990
3.57,7.95,15.92,46.37,0.49,0.47,6.31,2.29,0.17,14.8,11.0,,1060.0,81.0,392.0,156.0,325.0,26.0,207.0,22.0,,,,,,,,,,,,,,,,,Continental arc,136.05,35.65,,2002
3.16,8.09,16.7,51.23,0.23,0.91,9.01,1.02,0.17,4.23,17.0,242.0,301.0,41.0,125.0,313.0,468.0,23.0,90.0,3.8,14.5,29.5,,13.0,2.54,0.75,,0.36,1.6,,1.2,1.2,0.19,3.18,0.34,3.225,Continental arc,158.07,53.93,HOLOCENE / NEOGENE,1997; 1998; 2000
2.44,8.36,14.62,51.28,0.14,0.82,9.71,0.82,0.18,9.89,26.0,386.0,468.0,58.0,157.0,287.0,245.0,19.0,67.0,2.2,,,,,,,,,,,,,,,,3.7,Continental arc,141.25,41.0,MIOCENE / CENOZOIC,1988; 1990; 2006
2.37,9.65,13.2,49.7,0.18,0.75,12.1,0.92,0.19,9.18,,284.0,315.0,,98.0,263.0,296.0,17.8,65.4,2.8,6.5,16.4,,12.6,3.8,1.18,3.8,,3.4,,,1.8,0.26,1.5,,3.8,Continental arc,160.27,55.615,HOLOCENE,1996
2.17,6.93,17.69,44.72,0.15,0.7,11.87,1.24,0.18,11.18,17.0,,,,,107.0,455.0,,,,,,,,,,,,,,,,,,,,Continental arc,8.65,40.4,MIOCENE,1975
1.648,6.125,18.47,50.386,0.079,0.196,10.156,0.733,0.17,,4.546,258.452,100.947,35.628,28.212,125.047,306.782,16.917,46.749,2.156,,,,,,,,,,,,,,,,,Continental arc,140.839,39.787,,2017
4.51,4.58,17.27,52.76,0.57,2.02,6.48,1.87,0.13,8.73,23.2,163.0,124.0,30.6,65.0,328.0,628.0,20.5,182.0,29.0,20.9,43.4,5.52,22.3,4.96,1.76,4.59,0.69,3.72,0.67,1.72,1.49,0.21,3.7,1.47,2.75,Continental arc,162.514,57.886,QUATERNARY,2005
2.65,6.1,17.17,49.25,0.56,2.13,11.12,0.92,0.16,,65.9,257.0,50.6,30.5,41.0,925.0,698.0,25.1,155.0,17.7,44.5,88.0,,40.7,8.0,2.1,,0.9,,,,2.23,0.3,3.5,1.1,13.7,Continental arc,15.21,38.79,,2009
3.74,4.67,18.11,46.91,0.35,1.67,7.98,1.37,0.17,,,230.0,23.0,15.0,16.0,,,,122.0,,,,,,,,,,,,,,,,,,Continental arc,133.0,43.5,CRETACEOUS,2002
3.23,7.06,16.8,50.0,0.17,0.84,10.0,1.13,0.15,9.05,12.4,,259.0,,101.0,388.0,519.0,24.4,97.0,6.6,10.6,24.8,,16.4,3.57,1.31,4.22,,4.16,,2.3,2.18,,,,,Continental arc,-89.65,14.05,QUATERNARY,1995; 2009
1.68,10.13,15.09,51.48,0.14,0.44,10.62,0.81,0.16,9.47,17.0,,411.0,,194.0,,289.0,19.0,,2.0,6.4,,,,4.5,0.9,,2.1,,,,2.5,0.3,,,,Continental arc,140.0,37.5,MIOCENE,1993
2.1,8.92,15.84,51.19,0.3,1.38,10.57,0.67,0.15,,39.0,,741.0,32.0,144.0,479.0,719.0,24.0,77.0,8.0,27.7,47.9,,22.2,4.37,1.29,,0.52,,,,1.53,0.24,1.85,0.3,4.7,Continental arc,11.366,38.55,,1992
3.202,4.771,17.051,50.437,0.414,1.524,9.144,1.328,0.136,9.35,42.229248,,112.968681,,47.4891281,456.180817,383.035675,29.9786911,187.752106,4.78117132,14.7684898,35.9981384,5.16431808,24.628561,6.13905048,1.81087124,6.42678785,0.957444489,5.79786921,1.01902044,3.20957875,3.38524032,0.521601021,4.42356539,0.34462136,1.75180805,Continental arc,160.392,55.82,,2015
2.08,6.02,16.93,50.3,0.13,0.62,10.99,0.81,0.17,9.21,20.0,,,,0.0,,289.0,,56.0,,,,,,,,,,,,,,,,,,Continental arc,176.486,-38.288,,2014
3.23,6.09,14.62,50.08,1.21,3.42,8.75,2.06,0.11,,79.0,,130.0,,82.0,1600.0,2800.0,20.0,410.0,16.0,200.0,860.0,,200.0,21.0,4.9,,,,,,2.7,0.27,,,88.0,Continental arc,132.65,34.85,,1992
2.78,8.85,14.01,48.67,0.44,1.79,7.67,2.01,0.21,,32.0,170.0,350.0,60.0,260.0,699.0,459.0,10.9,124.0,30.11,28.18,50.44,5.98,28.81,5.87,1.95,5.7,0.77,3.95,0.65,1.42,0.89,0.13,3.35,2.23,,Continental arc,131.5,43.67,MIOCENE,2007
2.116,5.213,17.838,52.779,0.093,0.358,9.918,0.76,0.167,,8.521,235.035,49.47,29.346,16.33,128.991,272.513,18.028,56.778,3.344,,,,,,,,,,,,,,,,,Continental arc,140.999,39.836,,2017
2.81,8.7,15.16,52.99,0.16,0.76,9.66,0.91,0.17,8.68,12.84,252.0,400.0,39.0,107.0,269.0,278.0,18.18,82.0,1.61,6.25,13.41,2.05,10.35,2.8,0.96,3.43,0.54,3.49,0.7,2.1,1.95,0.29,2.34,0.09,0.5,Continental arc,160.5,55.997,,2013
2.97,8.65,16.33,50.9,0.21,0.82,9.61,1.019,0.182,9.45,13.0,275.0,354.0,41.0,119.0,352.0,499.0,21.7,84.0,3.7,6.0,16.0,,11.7,3.9,,,,,,,1.9,,2.2,,2.2,Continental arc,158.751,53.291,,2018
2.55,6.12,17.4,49.5,0.51,2.17,11.34,0.86,0.14,7.62,64.0,251.0,74.0,30.0,38.0,902.0,632.0,23.0,157.0,16.0,42.0,84.0,10.1,40.0,8.0,2.1,6.3,0.88,4.6,0.87,2.29,2.16,0.38,3.9,1.16,13.8,Continental arc,15.21,38.79,,2012
3.83,6.7,17.15,49.41,0.69,1.69,8.24,2.2,0.15,9.72,34.9,,124.0,29.8,66.2,612.0,849.0,21.4,186.0,44.0,41.0,80.7,,46.2,6.11,2.22,,0.79,,,,2.48,0.32,4.96,1.71,4.05,Continental arc,134.75,35.25,QUATERNARY,1991
3.29,4.66,18.05,52.21,0.26,0.94,9.3,1.31,0.16,,20.4,349.6,13.9,,8.8,211.2,681.6,18.3,80.4,4.4,10.05,24.32,3.6,17.42,4.3,1.45,4.79,0.69,4.14,0.82,2.03,1.96,0.31,2.91,1.38,1.26,Continental arc,138.37,35.97,,1997
2.95,7.46,17.78,49.43,0.2,0.31,11.68,1.15,0.15,,4.0,245.0,80.0,,58.0,104.0,357.0,24.0,99.0,4.0,7.3,19.3,,14.4,3.36,1.11,,0.55,,,,1.96,0.29,2.37,0.28,0.53,Continental arc,176.09,-38.508,,1993
2.85,11.95,14.15,50.87,0.19,1.0,9.67,0.87,0.16,8.85,11.7,244.0,826.0,,224.0,306.0,472.0,15.5,65.0,1.6,6.0,15.5,2.42,12.0,3.08,0.98,3.1,0.463,2.72,0.537,1.46,1.42,0.206,1.92,2.001,0.57,Continental arc,161.4,56.65,,2019
2.78,4.83,18.18,49.14,0.15,0.39,10.7,1.25,0.21,,8.0,429.0,25.0,,12.0,140.0,320.0,22.0,57.0,1.0,6.0,22.0,,,,,,,,,,,,,,1.0,Continental arc,178.0,-37.5,,1994
3.54,4.75,17.57,48.68,0.54,1.8,8.44,2.54,0.18,10.67,15.0,279.3,43.89,,22.25,244.1,555.7,45.1,271.5,38.4,25.7,53.8,,29.4,6.83,2.33,6.88,,7.04,,4.41,3.83,,,,,Continental arc,-87.9,14.98,,1997; 2004
3.2,8.29,13.94,46.96,0.31,0.89,8.8,2.29,0.32,,17.0,225.0,238.0,71.0,,,587.0,,,7.0,26.0,41.0,,,,,,,,,,,,,,,Continental arc,175.1,-37.25,,1979
1.87,8.55,14.23,48.58,0.08,0.06,12.2,1.08,0.17,,0.99,321.0,393.0,53.0,122.0,28.0,227.5,22.9,53.5,3.96,3.22,8.04,1.22,5.95,2.01,0.74,2.7,0.48,3.18,0.69,2.07,2.02,0.3,1.44,0.27,0.24,Continental arc,140.75,37.75,CENOZOIC,1974; 1980; 2000
2.45,7.86,14.59,51.3,0.14,0.89,9.83,0.81,0.17,9.65,29.0,,,,164.0,319.0,237.0,19.0,67.0,1.8,,,,,,,,,,,,,,,,3.7,Continental arc,141.25,41.0,MIOCENE / CENOZOIC,1988; 2006
2.92,5.71,17.73,51.06,0.21,0.52,9.8,1.42,0.21,10.42,2.79,,,,,174.0,511.0,29.1,57.0,1.11,4.63,13.9,2.51,13.6,4.13,1.36,4.95,0.818,5.22,1.07,3.01,2.88,0.455,1.87,0.063,0.278,Continental arc,158.148,52.492,,2014
3.15,6.52,17.56,52.26,0.31,0.96,9.32,1.07,0.15,,7.62,,,,,421.0,517.2,22.56,114.0,3.0,11.5,28.24,4.0,17.57,3.96,1.27,4.23,0.68,4.13,0.83,2.46,2.3,0.34,2.78,0.16,0.59,Continental arc,158.535,55.989,NEOGENE,2019
2.84,5.35,18.73,51.98,0.14,0.59,10.32,0.74,0.15,7.65,7.66,221.0,81.0,,26.0,165.0,466.0,15.61,74.0,1.3,5.17,11.5,1.66,8.26,2.42,0.91,2.69,0.45,2.89,0.6,1.66,1.45,0.23,1.62,0.11,0.52,Continental arc,159.62,54.02,,2004
1.7,6.06,18.3,52.6,0.07,0.25,10.59,0.66,0.16,9.23,3.71,,,,,86.0,207.0,11.6,30.7,2.0,3.64,8.07,1.12,4.98,1.4,0.57,1.74,0.32,1.98,0.44,1.2,1.29,0.2,0.94,0.14,0.58,Continental arc,140.25,37.65,,2006
2.53,5.19,18.93,50.5,0.34,0.66,10.27,1.05,0.14,,24.0,,,,,,136.0,22.0,,,12.7,27.2,,18.0,4.93,1.34,4.41,,3.98,,1.79,1.98,0.28,,,,Continental arc,8.68,39.17,NEOGENE,1997
2.26,8.83,15.5,50.6,0.19,1.7,10.83,0.89,0.16,,55.0,208.0,309.0,28.0,87.0,538.0,500.0,21.3,107.0,12.3,27.7,54.9,6.27,25.8,4.95,1.44,4.65,0.72,3.87,0.74,2.09,1.9,0.282,2.7,0.75,6.7,Continental arc,15.21,38.79,,2008
3.16,8.13,14.52,47.27,0.77,2.17,9.0,2.65,0.16,9.39,58.0,205.0,250.0,41.0,162.0,745.0,830.0,,,,51.0,101.0,,44.7,8.6,2.57,,1.1,,,,1.75,0.25,5.3,,17.1,Continental arc,-1.15,37.67,NEOGENE,1986
3.042,5.252,15.939,49.985,0.526,1.766,8.646,1.582,0.183,10.15,56.1007233,,101.335732,,39.66325,473.320099,377.565338,40.4805336,251.472122,5.9125061,17.8090782,43.9587364,6.17959404,29.3122845,7.35482597,2.06171632,7.9223609,1.17896426,7.13686037,1.25531816,3.97844076,4.18738842,0.643949628,5.10487938,0.340932012,1.91164076,Continental arc,160.331,55.801,,2015
2.82,9.53,15.1,49.42,0.32,0.76,9.22,1.24,0.18,10.01,21.8,233.0,599.0,46.0,184.0,133.0,422.0,24.2,106.0,6.6,16.3,28.8,4.81,21.1,4.76,1.67,4.88,0.85,4.95,0.86,2.36,2.17,0.31,2.88,0.41,1.84,Continental arc,137.5,35.75,PLEISTOCENE,1999; 2002
2.27,7.96,15.75,49.4,0.43,1.85,12.73,0.79,0.15,7.62,,,259.0,,75.0,920.0,,,,,45.0,,,,,2.0,,,,,,,0.3,,,,Continental arc,15.21,38.79,HOLOCENE,2006
2.22,9.13,13.83,49.15,0.07,0.08,11.79,1.07,0.19,,7.9,312.0,433.0,32.3,144.0,,93.0,,54.0,,9.74,20.2,,,3.18,1.07,,0.65,,,,2.37,0.35,,,1.2,Continental arc,140.75,37.75,CENOZOIC,1974; 1980; 2000
2.56,5.92,17.78,49.95,0.49,2.25,11.37,0.91,0.15,7.98,67.98,252.6,47.42,30.05,36.65,953.7,718.5,25.22,154.3,17.41,44.12,90.89,10.87,42.35,8.33,2.11,6.78,0.93,4.99,0.9,2.46,2.4,0.36,3.86,1.26,15.35,Continental arc,15.21,38.79,,2012
3.36,6.67,15.27,51.49,0.23,1.02,8.33,1.4,0.17,,,217.8,187.0,,116.0,,242.8,,,,,,,,,,,,,,,,,,,,Continental arc,130.25,33.25,,2005
2.5,4.66,17.95,51.2,0.67,3.63,9.95,0.92,0.143,,138.3483815,236.2944334,58.1089776,25.62701514,31.54597465,2107.095564,1136.019459,29.72374666,198.8354084,36.23405865,65.87747628,127.8569075,15.5495471,58.32866894,10.60757799,2.836351345,8.967677257,1.174001664,5.927837041,1.064853461,2.560875309,2.382530645,0.377902197,4.501342878,2.028104682,20.60620141,Continental arc,15.221,38.812,,2016
3.6,5.9,17.73,48.78,0.63,1.73,8.88,1.92,0.14,,14.0,125.0,26.0,31.6,35.0,485.0,740.0,,230.0,20.7,21.0,39.9,,22.0,4.56,1.55,4.6,0.77,,,,2.08,0.26,4.5,1.13,1.65,Continental arc,157.5,56.5,,1994; 1999
2.7,7.96,16.11,50.8,0.31,1.08,9.21,1.45,0.15,8.6,25.0,262.0,326.0,45.0,103.0,306.0,511.0,27.8,141.0,13.6,33.2,,,,,,,,,,,,,,,2.7,Continental arc,129.8,33.1,CENOZOIC,2009
3.61,4.8,16.97,51.16,0.55,1.85,8.06,1.72,0.17,,51.0,,,,32.0,404.0,351.0,33.0,206.0,4.1,,,,,,,,,,,,,,,,2.4,Continental arc,157.5,52.5,,1995
1.86,7.35,17.35,50.45,0.13,0.31,11.85,0.95,0.19,9.55,3.0,,118.0,,67.0,,200.0,22.0,,3.1,4.6,,,,4.6,1.0,,1.7,,,,2.6,0.3,,,,Continental arc,140.0,37.5,MIOCENE,1993
3.51,8.58,16.56,50.87,0.29,0.99,9.23,1.17,0.13,7.88,22.5,,,,133.9,362.0,838.0,16.4,120.0,9.2,,,,,,,,,,,,,,,,2.9,Continental arc,133.57,35.38,QUATERNARY,2000
2.60975116326118,4.52154562006878,15.9720817317419,50.2427675500708,0.283228808415942,1.13291523366377,9.60954885696945,1.26441432328545,0.22253692089824,12.72,24.0,384.0,18.0,48.0,6.0,806.0,419.0,26.0,106.0,3.0,14.0,22.0,4.0,,,,,,,,,,,,,4.0,Continental arc,-86.0,12.0,HOLOCENE,2020
2.5,5.8,17.66,51.03,0.48,2.22,10.62,0.94,0.15,,71.0,,,,43.0,1051.0,736.0,27.0,183.0,24.0,,102.0,,,,,,,,,,,,,,,Continental arc,15.21,38.79,,1988; 1989; 2005
2.27,5.79,16.19,50.4,0.7,4.05,10.13,0.9,0.15,7.64,124.6,251.2,91.98,29.49,39.99,1616.0,775.6,26.28,186.5,22.22,53.78,106.3,12.79,50.43,10.25,2.46,7.893,1.029,5.288,0.904,2.353,2.154,0.334,4.514,1.444,20.1,Continental arc,15.21,38.9,,
2.91,8.88,16.44,48.52,0.273,0.95,11.81,0.999,0.178,9.04,16.0,255.0,288.0,,126.0,633.0,833.0,24.0,92.0,6.5,33.0,70.0,,30.0,,,,,,,,,,,,10.0,Continental arc,94.948,22.23,,2018
2.64,6.32,17.71,50.11,0.36,1.91,10.96,0.92,0.16,,50.0,306.0,65.0,36.0,43.0,689.0,589.0,25.0,144.0,14.0,49.0,83.0,,42.0,,,,,,,,,,,,,Continental arc,15.21,38.79,,1993
2.73,9.38,13.68,50.53,0.428,1.47,9.062,1.38,0.185,,38.38,335.8,52.75,0.083,182.6,176.1,313.1,30.88,163.0,3.853,13.5,0.0,4.821,23.76,5.6,1.5853,5.667,0.8502,5.369,1.0279,3.03,2.892,0.41,3.9,0.235,1.445,Continental arc,160.237,55.666,,2021
2.81,7.55,18.0,48.76,0.49,0.28,9.53,1.66,0.18,9.66,1.5,,233.0,,93.0,199.0,661.0,25.2,184.0,12.4,,,,,,,,,,,,,,,,,Continental arc,137.5,35.75,,2000
3.35,6.3,17.16,48.27,0.56,2.25,8.32,1.61,0.17,8.8,38.98,152.0,173.0,29.9,74.0,506.0,556.0,27.3,189.0,69.46,34.43,61.77,6.93,27.02,5.25,1.75,5.21,0.81,4.7,0.96,2.7,2.49,0.37,3.73,3.7,4.63,Continental arc,-86.881,16.122,,2020
1.83,5.54,18.78,52.21,0.08,0.21,11.94,0.62,0.17,8.79,4.0,245.0,76.0,,16.0,58.0,169.0,17.0,29.0,0.5,6.6,,,,,,,,,,,,,,,0.7,Continental arc,141.0,38.0,QUATERNARY,1986
2.9,7.13,17.51,51.8,0.21,1.02,8.52,0.9,0.16,6.97,17.0,164.0,203.0,,177.0,204.0,684.0,17.0,115.0,5.7,13.32,31.49,4.14,17.02,3.52,1.18,3.46,0.5,2.84,0.58,1.63,1.47,0.22,2.6,,1.9,Continental arc,139.75,39.85,MIOCENE,2007
4.69,6.05,12.9,52.69,0.49,0.11,9.08,2.83,0.12,9.21,6.0,260.0,550.0,44.5,150.0,120.0,207.0,30.0,273.0,24.0,18.3,51.3,,,8.25,2.49,,,,,,2.2,0.335,6.57,1.38,2.03,Continental arc,135.75,35.05,PERMIAN,2008
3.39,5.81,17.94,51.64,0.31,1.02,9.51,1.06,0.17,8.28,20.0,255.0,129.0,35.0,49.0,349.0,563.0,24.0,103.0,5.0,,25.0,5.0,,,,,,,,,,,,,0.0,Continental arc,157.594,52.644,,2018
3.52,5.84,16.27,52.68,0.3,1.21,7.45,1.78,0.12,,32.0,,,,,,553.0,23.0,,24.0,,,,,,,,,,,,,,,,,Continental arc,8.5,40.5,NEOGENE,1975
2.77,6.78,17.19,51.82,0.31,2.13,8.6,0.89,0.16,,62.0,296.0,129.0,32.0,57.0,638.0,514.0,26.0,145.0,15.0,46.0,69.0,,29.0,,,,,,,,,,,,,Continental arc,15.21,38.79,,1993
2.39,7.46,14.14,52.06,0.12,0.33,9.65,1.5,0.17,,,,,,,17.9,68.0,,,,3.73,10.7,,10.1,3.6,1.31,5.11,,6.18,,3.7,3.03,0.508,,,,Continental arc,135.75,34.1,,1977
1.795,5.882,18.202,52.416,0.091,0.271,8.122,0.818,0.161,,3.141,230.353,74.617,32.222,31.678,178.722,314.925,21.788,74.137,2.76,,,,,,,,,,,,,,,,,Continental arc,140.965,40.0,,2017
2.17,10.19,13.81,50.4,0.26,1.11,8.41,1.08,0.13,7.59,25.0,,502.0,,207.0,244.0,387.0,17.0,101.0,19.0,,,,,,,,,,,,,,,,,Continental arc,130.0448,32.1584,,1992
2.05,7.96,15.6,51.6,0.12,0.68,11.5,0.66,0.17,8.92,,291.0,295.0,,36.0,243.0,742.0,11.8,33.0,2.1,5.3,12.7,,10.5,2.5,0.88,2.7,,2.5,,,1.4,0.24,1.7,,1.3,Continental arc,158.0,55.0,,1997
2.543,7.968,14.008,52.781,0.2,0.974,9.693,0.948,0.174,8.65,15.4700205558231,,253.712319412661,,64.4857549636428,283.453754648394,363.267316529141,17.3606339286018,76.1243973234279,1.85455573667343,6.50522766591292,16.5240825768943,2.59402776708202,13.2284530179875,3.46600009883269,1.14057752459002,3.93104979090906,0.598267794280362,3.70631701055031,0.747799537303402,2.12122051565171,1.96383124252678,0.300389712320646,2.11608471789664,0.093774262325258,0.646109026613945,Continental arc,160.366,55.896,,2015
2.33,6.98,16.06,49.74,0.4,2.15,11.93,1.02,0.16,,64.0,268.0,94.0,37.0,51.0,795.0,788.0,29.0,177.0,21.0,39.0,98.0,,40.0,,,,,,,,,,,,,Continental arc,15.21,38.79,,1993
3.16,7.27,15.32,52.7,0.22,1.3,9.63,0.9,0.16,8.260164,24.0,255.0,236.0,37.0,37.0,409.0,436.0,20.1832,80.0,0.0,0.0,0.0,0.0,,,,,,,,,,,,,26.0,Continental arc,160.842,56.433,,2018
2.92,7.125,16.58,51.385,0.315,1.0575,9.3125,1.14,0.17,9.03,15.625,266.25,222.525,,104.1,,455.6,,123.125,,,,,,,,,,,,,,,,,,Continental arc,158.12,52.45,,2016
2.52,6.68,13.72,51.82,0.24,0.38,10.55,2.09,0.18,12.14,3.2,203.0,107.0,24.4,55.0,99.0,299.0,24.0,52.3,4.9,5.52,13.89,,10.32,3.2,1.02,3.51,,3.73,,2.37,2.16,0.28,,,,Continental arc,140.28,37.62,QUATERNARY,1987; 1988; 1992
3.53,6.41,15.16,51.58,0.25,0.73,6.49,1.48,0.16,9.61,14.0,,,,,129.0,366.0,33.0,108.0,6.9,,,,14.7,4.02,,,,,,,,,,,,Continental arc,139.0,38.0,MIOCENE,1997
3.2,8.61,16.65,50.4,0.23,0.91,9.09,1.07,0.17,,18.0,249.0,337.0,42.0,170.0,318.0,494.0,20.0,86.0,,,,,,,,,,,,,,,,,,Continental arc,158.07,53.93,,2000
2.98,7.49,17.01,52.15,0.24,0.628,9.17,1.05,0.16,8.22,13.8,,312.0,,102.0,124.0,504.0,22.3,103.0,5.1,,,,,,,,,,,,,,,,,Continental arc,137.5,35.75,,2000
1.67,5.19,18.85,51.91,0.051,0.17,11.7,0.62,0.165,9.68,1.8,,77.0,,15.0,100.0,171.0,17.0,35.0,2.4,,,,,,,,,,,,,,,,,Continental arc,140.7,38.4,NEOGENE,1997
3.53,8.54,16.76,50.87,0.29,0.98,8.92,1.16,0.13,7.95,23.7,,,,131.4,397.0,831.0,16.8,121.0,9.1,22.7,50.1,,,4.1,1.6,,,,,,1.4,0.3,3.1,,3.3,Continental arc,133.57,35.38,QUATERNARY,2000
2.64,5.84,17.27,50.0,0.64,2.27,10.9,0.91,0.15,7.67,69.31,250.4,64.43,28.31,41.63,970.1,671.8,24.7,168.6,17.48,44.71,89.48,10.59,41.09,8.06,2.13,6.56,0.91,4.82,0.88,2.37,2.23,0.34,3.74,1.21,14.83,Continental arc,15.21,38.79,,2012
2.44,4.56,18.76,52.43,0.116,0.27,9.78,0.84,0.17,9.2,6.3,241.0,44.0,,23.0,130.0,348.0,21.0,47.0,2.07,4.19,10.57,1.62,8.19,2.5,0.93,2.6,0.55,2.96,0.64,1.92,1.95,0.31,1.41,0.18,0.53,Continental arc,140.943,40.658,,2009
2.68,10.74,15.45,48.97,0.2409,0.834,8.697,0.99,0.164,9.48,13.4531386220102,240.199299249478,447.029201962316,48.7503663402546,188.811852290607,285.515437233084,419.395271144796,18.7406351209855,88.7366526705253,2.85490880713724,7.82029376685416,19.033068994245,2.80102783516537,12.9712123381586,3.47126446177269,1.15938239366097,3.5543604918794,0.586324998321392,3.47356990118777,0.71150743762318,2.09952807894443,1.99124394239469,0.306825252135837,2.30288045103245,0.143417045287249,0.997654867266959,Continental arc,158.12,52.45,,2016
3.18,5.9,17.99,52.25,0.18,0.68,9.4,1.09,0.18,9.15,9.8,271.0,73.0,31.0,22.0,211.0,321.0,23.06,88.0,1.94,6.63,14.89,2.39,12.5,3.54,1.21,4.2,0.68,4.55,0.93,2.8,2.61,0.38,2.54,0.13,0.4,Continental arc,160.538,55.994,,2013
3.07,6.65,16.48,50.75,0.31,0.81,9.77,1.54,0.16,9.07,11.4,248.0,252.0,41.0,69.0,335.0,431.0,19.9,147.1,16.3,20.9,43.6,5.25,21.3,4.76,1.62,4.81,0.72,4.23,0.82,2.28,2.06,0.3,3.82,0.97,3.09,Continental arc,129.7,33.1,CENOZOIC,2009; 2014
2.7,4.81,18.41,50.33,0.31,1.56,9.56,0.99,0.15,,59.0,202.0,49.0,30.0,30.0,437.0,450.0,22.0,115.0,5.0,22.2,48.0,,21.3,5.0,1.36,4.03,,3.34,,1.92,1.87,0.34,,,,Continental arc,8.68,39.17,NEOGENE,1997
3.04,5.38,18.3,51.54,0.18,0.57,10.51,1.02,0.18,7.91,17.0,,103.0,29.0,34.0,143.0,472.0,22.0,0.0,5.0,13.4,30.5,,,2.9,0.9,,0.5,,,,1.4,0.2,2.4,0.5,2.1,Continental arc,133.17,35.58,MIOCENE,1994
2.68,9.01,14.85,50.83,0.15,0.53,8.8,1.16,0.16,10.55,12.7,194.0,360.0,49.0,121.0,132.0,267.0,18.9,69.9,5.75,10.2,20.4,2.94,12.7,3.38,1.21,4.05,0.65,3.95,0.79,2.24,2.04,0.29,2.06,0.34,1.75,Continental arc,129.7,33.1,CENOZOIC,2009; 2014
3.69,5.99,17.06,48.06,0.17,1.13,9.34,1.53,0.14,8.66,20.0,241.0,182.0,49.3,56.0,263.0,338.0,19.0,102.0,13.0,11.6,26.6,,,3.6,1.45,,,,,,1.03,0.236,3.24,0.611,,Continental arc,136.35,35.25,PERMIAN,2008
2.99,5.75,18.81,51.71,0.108,0.614,10.76,0.719,0.15,,16.8,204.0,49.1,27.9,32.6,138.5,223.4,20.61,78.1,3.3,7.4,16.28,2.1,9.52,2.57,0.77,2.97,0.53,3.47,0.72,2.2,2.14,0.34,2.13,0.2,3.13,Continental arc,25.4,36.6,,2009
3.56,7.61,14.84,46.41,0.26,0.93,11.01,2.14,0.16,11.77,20.1,273.3,513.7,48.6,228.8,365.3,355.1,24.5,127.5,21.0,,,,,,,,,,,,,,,,,Continental arc,130.55,32.4,MESOZOIC,2004
2.35,6.95,16.23,51.56,0.25,1.31,11.37,0.85,0.16,,31.0,280.0,97.0,38.0,48.0,390.0,586.0,25.0,99.0,10.0,33.0,49.0,,21.0,,,,,,,,,,,,,Continental arc,15.21,38.79,,1993
2.64,7.29,17.03,52.77,0.24,1.2,9.16,0.91,0.14,7.32,25.0,236.0,214.0,,112.0,196.0,393.0,23.0,86.0,6.0,,,,14.1,3.6,,,,,,,,,,,,Continental arc,139.125,37.75,MIOCENE,2006
3.2,6.06,17.8,52.27,0.18,0.66,9.35,1.09,0.18,9.2,8.0,262.0,72.0,31.0,24.0,201.0,313.0,25.3,91.0,2.8,8.0,14.0,,9.0,3.2,,,,,,,2.7,,2.3,,,Continental arc,160.656,55.938,,2013
2.56,6.0,17.53,49.85,0.52,2.33,11.08,0.92,0.15,8.04,75.0,282.3,55.4,33.7,45.0,1060.7,769.1,28.1,183.3,21.2,51.6,104.1,11.9,47.2,8.6,2.2,7.0,1.0,5.0,0.9,2.6,2.4,0.4,4.0,1.3,16.8,Continental arc,15.21,38.79,,2012
2.97,9.66,14.98,52.35,0.38,1.3,6.94,0.94,0.16,,,,473.0,41.6,114.0,383.0,443.0,,,,6.95,17.9,,13.1,3.35,0.97,,0.59,,,,1.87,0.27,2.17,0.13,0.68,Continental arc,161.4,56.65,,1999
2.95,5.68,18.29,52.92,0.12,0.78,10.31,0.92,0.17,8.13,23.0,265.0,94.0,33.0,32.0,140.0,228.0,19.0,106.0,4.0,10.0,19.0,,15.0,3.1,1.1,,,,,,2.7,0.44,2.7,,4.0,Continental arc,25.4,36.6,,1988
1.72,4.55,18.98,51.14,0.06,0.08,11.3,0.8,0.16,9.49,2.79,,,,,,214.0,,,,,,,5.56,1.8,,,,,,,,,,,,Continental arc,140.065,40.175,PLIOCENE,2006; 2008
3.31,9.47,14.67,44.8,0.44,1.18,10.0,2.16,0.18,10.47,16.0,225.12,264.81,,,517.68,890.0,23.7,164.0,35.35,31.63,57.81,6.81,27.85,6.01,1.92,6.1,0.84,4.58,0.81,2.13,1.78,0.25,4.09,2.0,2.65,Continental arc,-83.761,12.257,PLEISTOCENE,2011
2.43,9.61,13.2,49.85,0.32,0.99,9.33,1.85,0.17,,29.2,287.0,426.0,,217.0,367.0,422.0,22.9,180.0,32.3,27.8,55.3,6.44,26.5,5.74,1.95,5.78,0.86,4.89,0.94,2.46,2.03,0.31,4.36,1.96,4.0,Continental arc,130.25,33.25,,2009
2.48,6.03,17.39,50.6,0.44,2.27,10.87,0.88,0.16,8.05,69.61,265.6,53.21,32.81,39.23,1053.0,655.4,24.6,151.9,16.38,44.85,88.17,10.13,38.45,7.51,1.92,6.23,0.86,4.69,0.84,2.29,2.17,0.34,3.61,1.03,16.15,Continental arc,15.21,38.79,,2012
2.13,5.93,18.25,49.45,0.25,0.72,10.87,0.91,0.16,9.56,15.0,,80.0,,,150.0,320.0,,,,3.9,9.7,,,1.91,0.82,,0.46,,,,1.9,0.31,1.1,,0.7,Continental arc,138.0,37.0,QUATERNARY,1981; 1987
2.4,10.6,15.7,48.5,,0.4,11.1,1.0,0.2,,7.7,,541.0,45.3,180.0,84.0,369.0,,59.0,,3.9,11.5,,,2.0,0.78,,0.39,,,,1.5,,1.3,0.14,0.786,Continental arc,108.05,-7.25,HOLOCENE,1992
2.88,10.24,13.45,44.7,0.7,0.37,7.71,3.11,0.23,12.1,6.0,318.0,640.0,41.7,215.0,178.0,248.0,31.0,283.0,25.0,21.3,58.4,,35.3,8.2,2.78,,,,,,2.47,0.278,5.69,1.78,2.09,Continental arc,135.75,35.05,PERMIAN,2008
3.09,9.56,14.89,51.5,0.22,1.11,9.73,0.97,0.17,8.88,13.1,264.0,430.0,,107.0,335.0,447.0,16.8,73.0,1.71,6.5,16.5,2.58,12.6,3.26,1.05,3.32,0.502,2.95,0.586,1.58,1.54,0.226,2.14,1.531,0.6,Continental arc,161.4,56.65,,2019
1.88,7.75,17.56,47.88,0.28,0.67,11.6,0.9,0.17,,20.0,322.0,157.0,43.0,58.0,103.0,375.0,19.0,48.0,5.0,8.0,17.0,,,,,,,,,,,,,,4.0,Continental arc,8.7,40.45,NEOGENE,1994; 2005
2.8,6.66,17.09,52.12,0.24,1.03,9.01,0.87,0.16,,21.2,,,,,450.71,651.94,15.52,68.54,2.09,9.1,22.61,3.08,13.57,3.32,1.02,3.06,0.48,2.83,0.57,1.58,1.41,0.21,1.82,0.12,0.64,Continental arc,158.494,55.941,NEOGENE,2019
2.99,8.9,14.98,49.55,0.43,1.58,9.47,1.74,0.16,10.19,38.0,,473.5,,166.0,593.0,477.0,22.0,133.0,33.0,29.9,56.0,,25.8,5.8,1.7,,0.8,,,,2.1,0.3,3.5,1.9,4.7,Continental arc,130.25,33.5,CENOZOIC,2003
2.81,5.61,17.8,51.23,0.17,1.3,9.3,0.88,0.15,8.19,30.63,285.65,51.0,41.29,19.4,450.0,395.56,24.73,78.01,3.25,12.12,28.06,3.64,15.66,3.83,1.09,4.09,0.63,3.85,0.83,2.44,2.39,0.35,2.06,0.23,3.97,Continental arc,140.075,42.05,PLIOCENE,2011
3.115,7.846,16.88,52.54,0.2489,1.297,8.729,0.826,0.1527,7.07,44.65,177.1,271.4,29.91,108.3,303.4,342.6,17.18,98.97,6.318,16.73,37.53,4.364,16.94,3.63,1.131,3.304,0.5423,3.412,0.7007,2.059,2.085,0.3158,2.656,0.4113,6.402,Continental arc,23.291,37.647,,2022
2.39,11.38,16.21,48.05,0.161,0.72,11.1,0.879,0.173,8.93,14.0,262.0,462.0,,181.0,400.0,575.0,21.0,73.0,3.1,21.0,36.0,,19.0,,,,,,,,,,,,4.0,Continental arc,95.09,22.248,,2018
3.0,8.33,16.8,50.13,0.26,0.77,9.51,0.96,0.19,,21.0,235.0,317.0,40.0,121.0,194.0,531.0,24.0,96.0,2.3,8.9,23.2,3.7,17.4,4.5,1.32,4.0,0.66,4.0,0.81,2.34,2.23,0.34,2.48,0.11,0.95,Continental arc,158.07,53.93,,2000; 2021
2.76,7.64,16.57,51.58,0.33,1.01,10.45,0.69,0.16,,20.0,280.0,229.0,,86.0,342.0,611.0,27.0,76.0,11.0,24.0,,,,,,,,,,,,,,,,Continental arc,11.366,38.55,,1980
2.35,11.5,15.3,48.14,0.39,1.75,10.85,0.9,0.14,7.7,37.0,200.0,800.0,,160.0,820.0,540.0,16.0,100.0,0.0,,,,,,,,,,,,,,,,,Continental arc,23.43,37.75,,1988
1.93,11.39,15.56,46.91,0.21,0.28,11.79,0.74,0.2,9.9,5.0,261.0,738.8,49.79,226.2,35.3,409.3,14.65,22.8,1.05,3.08,8.04,1.31,6.88,2.14,0.78,2.45,0.41,2.55,0.53,1.52,1.46,0.23,0.78,0.08,0.37,Continental arc,8.87,39.63,NEOGENE,2009
2.38,7.13,17.33,49.03,0.12,0.34,12.11,0.98,0.18,9.52,7.0,280.0,140.0,43.0,35.0,82.0,329.0,21.0,64.0,2.0,6.15,14.15,,10.14,2.83,0.98,3.37,0.52,3.53,,2.09,2.02,0.31,1.82,0.26,0.9,Continental arc,175.9,-38.7,,2007
2.899,7.791,15.487,51.931,0.167,0.669,9.364,0.962,0.162,8.43,12.91,248.956,289.639,35.487,76.407,237.839,290.398,21.241,77.692,1.923,5.597,14.3,2.225,10.76,3.058,0.998,3.435,0.569,3.499,0.751,2.151,2.025,0.3,2.095,0.124,0.519,Continental arc,160.63,56.05,,2017
3.98,6.58,17.11,47.87,0.45,1.08,8.58,1.65,0.18,9.89,25.0,,179.0,41.0,82.0,308.0,509.0,25.0,221.0,,25.0,29.0,,,5.6,,,,,,,2.5,0.4,,,2.0,Continental arc,134.7,35.485,,1990
3.3,4.69,18.01,50.88,0.33,1.71,10.01,1.06,0.18,8.85,37.6,291.0,39.27,39.32,18.66,631.8,577.8,21.89,97.95,3.49,13.28,28.75,3.78,16.33,4.02,1.31,3.99,0.61,3.52,0.72,1.98,1.78,0.26,2.57,0.28,4.24,Continental arc,174.092,-39.061,,
2.5,6.62,17.28,50.32,0.44,2.14,11.35,0.81,0.15,7.76,67.1,260.3,104.2,32.2,47.5,928.2,705.9,24.5,146.2,17.2,45.4,90.2,10.4,40.4,7.9,2.0,6.4,0.9,5.0,0.9,2.3,2.2,0.3,3.5,1.2,16.5,Continental arc,15.21,38.79,,2012
3.22,4.57,16.82,51.0,0.32,1.41,9.36,1.17,0.17,,12.92,,,,,510.0,718.0,15.65,47.13,1.17,7.29,18.67,2.74,13.26,3.28,1.17,3.57,0.53,3.08,0.64,1.7,1.62,0.25,,0.09,0.58,Continental arc,158.293,56.022,NEOGENE,2019
2.38,8.26,15.39,48.16,0.22,0.24,8.59,1.31,0.15,,1.4,,,,,157.19,244.77,21.01,75.48,6.85,8.82,20.28,2.32,11.54,3.13,1.17,3.79,0.6,3.64,0.74,1.97,1.92,,2.04,0.49,1.37,Continental arc,132.89,42.83,CENOZOIC,2002
1.984,6.208,17.973,52.131,0.097,0.166,10.549,0.801,0.168,,3.136,240.115,116.323,34.099,44.585,86.997,289.857,14.668,35.164,1.364,,,,,,,,,,,,,,,,,Continental arc,141.007,39.85,,2017
2.19,6.22,16.56,51.29,0.16,1.14,11.44,0.62,0.17,,22.0,385.0,58.0,40.0,26.0,289.0,621.0,,55.0,,,,,,,,,,,,,,,,,,Continental arc,15.25,38.625,,2000
2.81,8.78,15.11,52.96,0.16,0.75,9.69,0.9,0.17,8.67,12.78,250.0,414.0,39.0,106.0,279.0,277.0,17.96,82.0,1.59,6.29,13.6,2.1,10.43,2.91,0.96,3.34,0.54,3.51,0.71,2.11,1.98,0.29,2.36,0.09,0.57,Continental arc,160.513,56.001,,2013
2.93,7.89,17.18,47.14,0.46,1.23,9.84,1.85,0.15,8.59319515918749,36.0,205.0,216.0,38.0,120.0,615.0,701.0,22.0,144.0,,,,,,,,,,,,,,,,,,Continental arc,-3.322,34.438,NEOGENE,2005
2.48,5.1,18.5,50.9,,0.64,10.4,0.78,0.15,,7.0,275.0,25.0,,18.0,508.0,558.0,,,,,,,,,,,,,,,,,,,,Continental arc,-87.85,13.283,,1981
2.26,6.64,16.42,49.6,0.43,2.37,11.5,1.0,0.15,,68.0,285.0,97.0,39.0,56.0,783.0,713.0,27.0,196.0,21.0,44.0,98.0,,48.0,,,,,,,,,,,,,Continental arc,15.21,38.79,,1993
3.26,7.41,14.42,50.04,0.62,2.46,6.9,2.05,0.13,9.96,62.9,154.0,249.0,44.6,215.0,924.0,723.0,21.5,204.0,56.2,42.0,83.9,9.53,38.0,7.44,2.52,6.74,0.86,4.75,0.81,1.98,1.44,0.2,4.77,3.06,5.81,Continental arc,131.795,43.82,MIOCENE,2022
3.15,5.85,18.07,51.42,0.32,1.1,9.24,0.94,0.18,8.31,20.0,230.0,10.0,,8.0,274.0,425.0,21.0,85.0,5.0,,,,,,,,,,,,,,,,,Continental arc,109.92,-7.2,QUATERNARY,2016
3.09,4.88,12.9,52.13,0.31,0.62,9.37,2.51,0.24,,12.6,137.0,84.0,48.0,29.0,154.0,191.0,41.0,175.0,22.0,15.4,41.0,,16.0,,2.18,,1.05,,,,,,4.48,1.45,1.62,Continental arc,-162.78,55.9,QUATERNARY,1978; 1979; 2010
1.87,7.37,14.96,49.54,0.31,2.2,11.95,0.69,0.21,7.25,39.89,,,,,545.0,1027.0,18.62,76.0,6.66,30.62,58.11,6.9,27.84,5.77,1.51,5.18,0.68,3.55,0.68,1.79,1.62,0.24,2.17,0.35,5.92,Continental arc,14.962,38.404,,2016
2.78443113772455,4.74051896207585,15.5389221556886,50.8582834331337,0.259481037924152,1.19760479041916,9.58083832335329,1.11776447105788,0.229540918163673,12.32,25.0,401.0,18.0,45.0,6.0,822.0,412.0,23.0,96.0,5.0,14.0,21.0,4.0,,,,,,,,,,,,,4.0,Continental arc,-86.0,12.0,HOLOCENE,2020
2.32,6.38,16.69,52.35,0.14,1.05,9.71,0.61,0.16,7.94,35.4,251.0,100.0,33.2,53.0,264.0,501.0,18.3,54.2,4.0,19.5,33.8,4.81,19.3,4.1,1.08,3.62,0.62,3.14,0.64,1.98,1.8,0.27,,,3.3,Continental arc,14.93,38.45,,
1.98,8.82,15.38,52.27,0.16,0.99,9.76,0.61,0.16,8.88,21.8,242.2,356.6,36.43,117.1,179.1,183.8,15.17,50.3,2.11,7.21,15.2,1.98,8.55,2.18,0.68,2.42,0.4,2.52,0.53,1.53,1.58,0.25,1.44,0.17,2.41,Continental arc,8.75,39.8,NEOGENE,2009
2.12,7.12,16.88,49.02,0.13,0.33,12.05,0.99,0.17,9.47,6.0,270.0,109.0,,0.0,84.0,334.0,19.1,54.0,2.51,5.7,14.0,2.04,9.5,2.54,0.94,2.79,0.49,3.1,0.64,1.87,1.78,0.27,1.59,0.15,0.88,Continental arc,176.029,-38.658,,2014
2.35,11.0,13.0,50.4,0.35,1.24,9.45,1.26,0.19,10.26,,303.0,724.0,44.6,202.0,357.0,314.0,24.8,115.0,2.7,13.6,31.7,,25.3,5.2,1.54,5.5,0.82,4.9,,,2.8,0.45,4.5,0.23,1.134,Continental arc,160.27,55.615,HOLOCENE,1997; 1998
2.94,5.83,17.34,52.71,0.17,0.77,8.8,1.02,0.17,8.91,12.0,271.2,77.7,,26.5,310.1,327.8,22.2,80.7,1.3,5.3,10.6,,10.7,,,,,,,,,,,,2.1,Continental arc,160.481,56.085,,
2.49,9.12,18.09,48.52,0.14,0.27,11.16,0.89,0.13,,4.0,191.0,85.0,,113.0,70.0,350.0,19.0,79.0,2.0,5.7,14.9,,12.7,2.7,0.91,4.38,0.4,,,,1.6,0.23,1.9,,1.0,Continental arc,174.065,-39.296,,1992
2.3,9.7,16.6,51.4,0.1,0.52,9.4,0.75,0.14,7.83,7.0,230.0,529.0,42.0,166.0,759.0,341.0,15.0,67.0,1.0,6.7,13.6,2.24,9.33,2.41,0.92,2.72,0.42,2.69,0.54,1.62,1.6,0.23,,,0.54,Continental arc,133.0,35.0,CENOZOIC,1990; 2002; 2008
3.24,5.33,17.27,51.53,0.5,1.76,9.06,1.44,0.18,9.66,51.4,296.0,45.0,31.9,32.5,383.0,374.0,30.8,156.6,4.1,16.0,37.0,5.21,24.4,5.91,1.7,6.15,0.93,5.45,1.15,3.31,3.0,0.48,4.4,0.3,1.8,Continental arc,160.473,55.875,HOLOCENE,2022
3.332,4.536,17.055,51.214,0.491,1.816,8.565,1.413,0.146,9.65,51.9408531,,98.79216,,37.7190056,523.228943,483.646515,34.3642387,213.439804,5.72599697,15.8946714,38.34272,5.39457846,25.6348438,6.36144829,1.84954011,6.70656538,0.991445541,6.06233215,1.05502343,3.3707273,3.53008556,0.542780399,4.54037189,0.369379967,1.78944635,Continental arc,160.362,55.804,,2015
2.43,6.66,16.6,49.4,0.41,2.11,11.5,1.0,0.18,,70.0,260.0,82.0,34.9,46.0,1055.0,722.0,29.0,176.0,22.0,49.7,106.0,,46.0,8.9,2.3,,0.87,,,,2.6,0.39,3.7,1.6,17.3,Continental arc,15.21,38.79,,1988
2.49,5.03,18.88,49.08,0.24,0.54,9.76,1.15,0.17,10.41,5.0,299.0,17.0,,17.0,205.0,650.0,19.0,38.0,2.0,,,,,,,,,,,,,,,,,Continental arc,138.37,35.97,QUATERNARY,1996
2.53,6.08,18.13,49.1,0.36,2.08,10.95,1.0,0.17,,65.0,238.0,56.0,29.0,39.0,913.0,687.0,24.0,149.0,16.9,44.0,88.0,10.5,40.0,8.2,2.1,6.6,0.9,4.9,0.9,2.4,2.3,0.35,3.6,1.18,14.75,Continental arc,15.216,38.794,HOLOCENE,2006
3.27,7.03,14.93,46.05,1.14,0.76,9.25,2.36,0.21,12.67,12.7,244.0,145.0,42.0,70.0,239.0,691.0,31.3,393.0,26.9,39.6,108.0,13.4,55.1,10.4,3.31,10.4,1.56,8.08,1.17,3.32,2.6,0.37,8.67,2.17,1.56,Continental arc,137.5,35.75,PLIOCENE,1999; 2002
2.68,11.89,12.79,51.51,0.348,1.87,8.4,0.793,0.16,8.04,39.0,218.0,819.0,44.0,241.0,476.0,470.0,19.2,87.0,4.0,9.0,21.0,,12.1,3.8,,,,,,,2.3,,2.7,,0.3,Continental arc,161.251,56.613,,2018
2.45,4.9,17.46,52.28,0.17,0.46,8.82,0.88,0.31,,8.0,,,,,190.0,270.0,,,2.0,,,,,,,,,,,,,,,,,Continental arc,140.706,42.61,NEOGENE,1998
2.39,6.24,17.75,51.21,0.09,0.2,10.3,0.88,0.18,,3.5,,75.6,37.4,44.1,141.0,318.0,16.8,37.8,2.4,,6.7,,,,,,,,,,,,,,,Continental arc,140.88,40.65,,1985
3.46,7.74,16.0,47.1,0.58,2.08,10.3,2.41,0.17,9.81,34.0,244.0,350.0,,115.0,430.0,768.0,1.8,167.0,48.3,29.4,56.6,,30.1,5.7,1.97,6.1,,4.6,,,2.2,0.34,4.9,,4.4,Continental arc,163.0,61.0,NEOGENE,1994; 1997
2.54,6.23,16.84,50.0,0.54,2.29,11.19,0.94,0.16,7.95,71.0,226.0,57.0,27.0,38.0,1100.0,775.0,27.0,158.0,21.0,51.9,103.0,10.5,43.0,8.7,2.2,7.3,1.0,5.3,0.9,2.7,2.4,0.36,4.0,1.1,15.6,Continental arc,15.21,38.79,,2011
2.55,5.95,18.48,49.04,0.36,2.03,10.92,1.0,0.17,,67.0,260.0,56.0,31.0,41.0,935.0,704.0,26.0,158.0,16.3,42.0,91.0,10.8,41.0,8.1,2.1,6.9,0.93,5.1,0.9,2.4,2.3,0.35,3.6,1.21,14.8,Continental arc,15.216,38.794,HOLOCENE,2006
3.03,5.64,17.57,51.82,0.47,0.98,9.13,0.99,0.16,,12.26,,,,,605.45,613.34,27.58,164.5,7.37,21.18,49.3,6.57,26.74,5.67,1.64,4.89,0.74,4.27,0.89,2.48,2.34,0.35,3.74,0.32,1.39,Continental arc,158.519,56.006,NEOGENE,2019
1.92,10.35,14.02,52.3,0.12,0.99,9.66,0.66,0.17,8.69,31.5,260.0,550.0,,164.0,197.0,190.0,19.6,64.0,3.6,8.8,21.1,,12.2,2.6,0.73,2.77,,2.6,,1.76,1.72,0.27,1.6,0.16,4.2,Continental arc,8.55,39.58,MIOCENE,2001
2.76,4.75,17.0,52.46,0.33,1.68,8.37,1.11,0.2,9.02,51.0,253.0,47.0,,11.0,585.0,418.0,29.0,122.0,5.7,14.88,35.19,4.6,19.92,4.95,1.29,4.89,0.78,4.63,1.0,2.77,2.59,0.39,2.9,,4.0,Continental arc,140.25,41.5,,2007; 2015
3.7,5.1,18.3,52.2,,0.88,8.0,0.85,,7.65,9.0,195.0,38.0,,29.0,,594.0,16.0,130.0,,,,,,,,,,,,,,,,,,Continental arc,-91.55,14.76,,1987
2.9,7.34,16.58,52.43,0.3,0.71,8.68,1.2,0.16,8.73,10.5,,352.0,,109.0,207.0,464.0,29.0,137.0,6.4,,,,,,,,,,,,,,,,,Continental arc,137.5,35.75,,2000
2.37617806296371,4.90274714257068,15.9414477641869,51.0527371165029,0.130338881090836,0.611590134349308,10.246641267295,1.05273711650291,0.2205734910768,12.12,10.3774495830174,392.766762699014,7.74696315390447,33.9604548900682,8.47079605761941,482.951281273692,358.535860500379,19.3080060652009,46.1499014404852,1.3011026838514,4.08220604852161,10.5956184609553,1.66325094768764,8.39941728582259,2.54152858225929,0.968,3.04876442451206,0.535282835481425,3.54962092494314,0.750288445792267,2.13504627748294,2.14397103866566,0.324942441243366,1.56771543593632,0.0857791250947688,0.613529037149356,Continental arc,-86.3,12.3,QUATERNARY,2019
3.59,7.9,15.52,48.7,0.5,1.89,8.17,1.8,0.14,,44.0,,260.0,41.0,140.0,550.0,570.0,21.0,180.0,,31.1,59.0,,25.3,5.88,1.71,,0.75,,,,1.74,,3.95,2.6,4.63,Continental arc,130.0,33.25,CENOZOIC,1989; 1990
1.96,5.69,17.44,47.67,0.19,1.82,12.24,0.99,0.13,8.0,35.2,268.0,25.0,29.1,21.2,691.0,820.0,20.9,89.1,3.02,33.4,66.3,8.2,32.7,6.39,1.85,5.0,0.72,3.7,0.72,2.0,1.75,0.26,2.4,0.17,8.45,Continental arc,95.21,20.911,QUATERNARY,2016
2.7,4.5,18.0,52.8,0.2,2.0,8.2,0.7,0.1,7.47,59.0,,,,,347.0,755.0,,,,36.0,71.9,,31.7,5.89,1.59,4.23,0.63,,0.88,,2.0,0.316,,,,Continental arc,8.65,40.4,MIOCENE,1975
2.06,6.05,17.28,49.06,0.2,1.9,10.92,1.0,0.14,8.08,32.5,255.0,33.2,28.6,24.1,712.0,749.0,18.1,81.3,3.19,32.8,69.1,8.0,31.8,6.1,1.76,4.76,0.69,3.51,0.69,1.9,1.67,0.25,2.26,0.19,5.9,Continental arc,95.21,20.911,QUATERNARY,2016
2.4,5.97,16.95,48.71,0.18,0.34,11.24,1.11,0.19,10.37,5.0,261.0,39.0,,0.0,93.0,391.0,21.7,59.0,2.78,7.3,17.8,2.59,11.9,3.05,1.07,3.09,0.56,3.55,0.73,2.09,2.05,0.3,1.77,0.17,0.84,Continental arc,176.028,-38.677,,2014
3.02,5.14,17.0,50.3,0.26,1.01,9.32,1.28,0.2,11.7,21.7,296.0,70.0,,,183.0,306.0,25.8,126.0,8.6,12.7,27.8,3.69,16.6,4.52,1.36,4.64,0.77,4.65,1.01,2.8,2.63,0.4,3.1,0.5,3.26,Continental arc,109.21,-7.24,HOLOCENE,2021
2.37,8.12,16.28,49.14,0.29,0.65,11.11,1.68,0.14,8.3,6.5,246.0,304.0,37.0,128.0,54.0,231.0,37.0,143.0,14.0,9.4,,,,,1.52,,0.73,,,,,,3.1,1.04,0.9,Continental arc,-90.942,12.689,MIOCENE,1982
2.52,6.89,17.5,47.1,0.26,1.37,10.5,0.9,0.19,10.57,,360.0,43.0,39.0,33.0,961.0,1153.0,,47.0,,,,,,,,,,,,,,,,,,Continental arc,160.855,57.576,NEOGENE,2010
3.3,6.44,16.62,50.3,0.4,1.83,9.2,1.51,0.18,,31.4,225.0,145.0,31.0,71.0,535.0,410.0,,279.0,4.8,,,,,,,,,,,,,,3.3,1.2,,Continental arc,160.27,55.615,HOLOCENE,1981
3.5,10.21,14.23,50.02,0.07,0.11,9.64,1.18,0.19,10.84,4.0,,389.0,41.0,124.0,128.0,801.0,24.0,91.0,6.0,,,,,,,,,,,,,,,,,Continental arc,78.2,34.9,PERMIAN,2007
2.85,7.78,16.29,51.38,0.22,1.2,9.25,0.94,0.18,,13.0,180.0,346.0,36.0,103.0,445.0,541.0,18.0,137.0,7.0,10.7,24.0,,13.0,3.05,0.95,3.4,0.55,,,,2.05,0.27,2.8,0.29,1.1,Continental arc,157.75,55.72,,1994
2.6,7.63,15.73,51.41,0.25,1.01,9.77,1.2,0.16,7.94,22.7,263.0,266.0,43.0,80.0,345.0,449.0,20.6,80.8,10.9,24.0,40.6,5.02,20.3,4.32,1.49,4.41,0.65,3.94,0.8,2.21,1.93,0.26,2.4,0.65,3.35,Continental arc,129.8,33.1,CENOZOIC,2009; 2014
2.58,6.45,17.37,50.37,0.42,2.25,11.37,0.8,0.14,7.51,69.2,242.6,127.8,31.1,51.2,989.8,738.5,24.1,150.6,18.5,47.9,95.1,11.0,42.2,8.0,2.0,6.4,0.9,4.7,0.8,2.2,2.2,0.3,3.6,1.2,17.4,Continental arc,15.21,38.79,,2012
2.94,5.37,18.3,49.3,0.16,0.63,10.2,1.06,0.21,9.65,4.39,,,,,112.0,375.0,17.2,47.5,,4.28,11.5,1.8,9.45,2.63,0.91,2.36,0.49,3.14,0.66,1.81,1.97,0.27,1.3,,0.3,Continental arc,171.1,60.8,CRETACEOUS,2023
2.82,7.22,16.48,47.87,0.24,0.09,11.33,1.57,0.15,,1.0,219.0,250.0,41.0,121.0,27.0,210.0,34.0,112.0,2.0,3.01,11.2,,9.58,3.32,1.14,3.78,,4.39,,2.6,2.41,0.38,,,,Continental arc,134.952,32.355,,1993
2.78,7.57,17.75,49.02,0.13,0.25,10.29,1.13,0.11,7.9,5.31,225.74,203.9,42.32,130.4,41.9,257.78,26.19,82.85,2.63,4.35,12.53,1.98,9.72,3.02,1.15,3.8,0.69,4.31,0.95,2.72,2.54,0.39,1.96,0.13,0.29,Continental arc,140.015,42.135,MIOCENE,2011
2.18,8.31,15.9,49.0,0.19,0.49,11.1,0.728,0.18,9.3,8.0,280.0,264.0,44.0,82.0,300.0,404.0,17.0,49.0,0.6,4.25,11.65,1.72,8.4,2.47,0.83,2.77,0.44,2.88,0.6,1.75,1.64,0.25,1.58,0.049,0.49,Continental arc,160.652,57.535,NEOGENE,2010
2.45,11.16,13.82,51.8,0.23,1.19,9.22,1.33,0.15,8.64,38.0,187.0,706.0,,270.0,282.0,332.0,23.0,121.0,14.0,,,,,,,,,,,,,,,,,Continental arc,130.0,33.25,MIOCENE,1994
2.69,6.34,14.73,52.57,0.3,1.03,8.12,1.99,0.14,10.52,19.8,174.0,190.0,43.0,179.0,281.0,495.0,20.6,127.0,11.0,11.8,29.1,4.05,19.6,5.37,1.94,5.48,0.82,4.21,0.75,1.92,1.53,0.21,3.26,0.69,1.25,Continental arc,132.38,43.323,MIOCENE,2022
3.25,6.37,15.19,52.99,0.53,1.46,7.77,1.93,0.16,9.32,30.0,188.0,177.0,,63.0,393.0,670.0,19.0,184.0,25.0,,,,,,,,,,,,,,,,4.0,Continental arc,131.45,33.25,,1992
2.23,8.78,15.74,51.73,0.2,0.93,10.55,0.65,0.16,,31.0,,,,114.0,263.0,547.0,14.0,81.0,5.2,22.0,39.0,,,,,,,,,,,,,,,Continental arc,15.21,38.79,,1993
3.4,4.92,17.2,51.4,0.47,1.72,8.56,1.45,0.16,9.31,41.8,287.4,50.0,36.0,42.0,417.0,354.4,30.7,168.3,3.9,15.2,37.5,,25.0,,,,,,,,,,,,1.8,Continental arc,160.28,55.714,,2015
2.68,7.63,16.96,48.86,0.24,0.08,10.32,1.58,0.13,,1.0,227.0,255.0,44.0,131.0,31.0,225.0,34.0,106.0,2.0,3.61,12.4,,10.4,3.96,1.22,4.72,,4.31,,2.62,2.45,0.44,,,,Continental arc,134.952,32.355,,1993
2.86,7.03,17.0,51.08,0.16,0.62,10.34,1.14,0.18,9.58,9.0,317.0,152.0,34.0,34.0,190.0,298.0,25.4,77.0,1.9,3.0,10.0,,10.5,3.3,,,,,,,2.5,,2.1,,0.5,Continental arc,160.452,55.965,,2013
2.8,8.89,14.6,50.53,0.38,1.39,10.05,1.27,0.18,9.87,41.5158806,,745.428101,,231.428329,252.16687,,28.4249725,208.813919,4.9272275,12.9171352,31.661274,4.57087946,22.2123375,5.61744404,1.53994954,5.86966419,0.86566478,5.16232252,0.890005291,2.75838494,2.77401567,0.425887048,4.14579296,0.313832313,1.35975397,Continental arc,160.306,55.787,,2015; 2017
2.56,9.13,15.58,50.97,0.25,0.56,10.68,1.04,0.16,9.15,10.8,222.0,475.0,46.0,138.0,,312.0,,104.0,,,,,,,,,,,,,,,,,1.23,Continental arc,175.0,-38.5,,1973
4.3,4.62,16.2,51.65,0.72,3.37,6.21,2.25,0.11,,66.0,,,,,,974.0,21.0,,59.0,,,,,,,,,,,,,,,,,Continental arc,8.67,40.58,NEOGENE,1976
4.06,6.94,17.08,47.52,0.47,0.99,8.85,1.87,0.2,10.75,21.0,,153.0,42.0,85.0,257.0,513.0,26.0,197.0,,23.0,49.0,,,5.8,4.7,,0.6,,,,2.2,0.3,,,1.5,Continental arc,134.7,35.485,,1990
3.58,4.99,17.74,49.45,0.5,1.19,8.29,1.85,0.16,9.92,30.0,,85.0,30.0,24.0,311.0,709.0,17.0,187.0,,31.0,66.0,,,6.1,2.3,,0.7,,,,1.7,0.3,,,3.8,Continental arc,134.7,35.5,,1990
4.48,8.0,14.75,48.64,0.46,0.87,5.79,2.24,0.23,,27.3,226.0,615.0,,180.0,147.0,388.0,30.2,257.0,45.2,37.3,70.0,,,6.8,2.0,,0.7,,,,2.0,0.37,,,,Continental arc,133.25,34.9,,1994
2.29,5.09,18.48,52.21,0.76,1.93,7.02,1.52,0.17,,31.0,150.0,78.0,24.0,34.0,650.0,679.0,8.0,178.0,17.0,,,,,,,,,,,,,,,,,Continental arc,140.28,48.97,CENOZOIC,1999
2.41,7.67,15.29,52.45,0.08,0.67,10.29,0.73,0.17,,20.0,271.0,281.0,,63.0,137.0,278.0,21.0,68.0,3.0,7.31,17.5,,9.93,2.6,0.88,,0.45,,,,1.91,0.32,1.71,0.23,2.23,Continental arc,176.0,-39.0,,1993
2.62,8.02,14.78,50.62,0.35,0.6,8.7,1.69,0.18,11.72,14.0,205.0,258.0,,150.0,,387.0,21.0,132.0,9.0,,,,,,,,,,,,,,,,,Continental arc,130.25,33.25,CENOZOIC,2004
3.77,7.01,17.0,50.8,0.62,1.64,8.48,1.5,0.15,8.53,22.0,215.0,169.0,36.0,94.0,435.0,693.0,20.0,206.0,18.1,21.27,45.7,5.74,23.22,4.89,1.54,4.77,0.67,3.96,0.78,2.17,1.92,0.29,4.2,1.08,2.47,Continental arc,157.914,56.488,QUATERNARY,2010
4.13,6.21,17.2,50.49,0.81,1.98,8.11,2.12,0.15,8.88,43.5,,126.0,29.5,82.9,776.0,884.0,22.4,213.0,52.5,43.8,104.0,,44.0,6.86,2.34,,0.7,,,,2.32,0.43,5.58,1.98,4.76,Continental arc,134.75,35.25,,1990
2.12,7.32,17.3,49.41,0.14,0.33,12.07,0.95,0.21,9.38,7.0,303.0,114.0,,38.0,113.0,340.0,19.0,59.0,3.0,6.0,7.0,,10.0,,,,,,,,,,,,3.0,Continental arc,176.05,-38.665,,1994
3.84,4.56,16.55,51.77,0.6,1.83,6.85,2.42,0.16,11.4,50.0,47.0,34.0,,35.0,485.0,489.0,34.0,235.0,42.0,,,,,,,,,,,,,,,,,Continental arc,130.0,33.25,MIOCENE,1994
3.21,10.86,13.16,45.1,0.62,1.4,10.81,2.3,0.17,10.365822851711,39.0,214.0,485.0,48.0,275.0,557.0,799.0,23.1,176.0,69.0,47.7890983680272,84.9968314774284,9.80286026378002,37.1555551568076,7.15390819650231,2.21530207625959,6.34932052335098,0.885705455144985,4.75441955010808,0.85873541690691,2.17561274460706,1.68830993683922,0.241592293917434,4.43657063821914,4.01666759189943,6.10802537075565,Continental arc,-3.527,34.442,NEOGENE,2005
2.689,9.265,14.936,51.79,0.132,0.582,9.94,0.824,0.168,8.5,12.338,242.859,375.192,38.606,106.859,211.978,290.788,19.385,63.841,1.223,4.456,11.42,1.852,8.961,2.593,0.864,2.984,0.493,3.056,0.654,1.891,1.769,0.27,1.656,0.082,0.505,Continental arc,160.809,56.018,,2017
3.35,5.48,16.78,50.82,0.56,0.98,8.18,1.62,0.16,8.95,16.7,174.0,131.0,29.9,65.2,524.0,740.0,24.7,195.0,12.7,25.2,55.8,6.82,28.5,6.2,2.04,5.73,0.81,4.58,0.88,2.43,2.08,0.3,4.16,0.7,3.26,Continental arc,135.278,44.27,EOCENE,2022
2.68,4.82,17.94,52.72,0.13,0.76,9.81,0.99,0.16,8.98,26.6,220.0,31.9,,24.7,134.0,209.0,26.8,70.0,3.29,9.81,21.9,2.9,12.1,3.29,0.95,4.08,0.635,4.29,0.95,2.6,2.81,0.49,2.82,0.3,5.18,Continental arc,25.45,36.4,QUATERNARY,2006
2.74,8.55,16.72,50.14,0.42,0.95,10.1,1.25,0.16,8.98,10.0,172.0,328.0,35.0,47.0,608.0,863.0,,72.0,,,,,,,,,,,,,,,,,,Continental arc,131.0,34.0,QUATERNARY,1986
2.93,5.35,18.1,50.97,0.38,2.0,10.11,0.97,0.16,,52.0,293.0,20.0,36.0,30.0,716.0,566.0,26.0,159.0,15.0,48.0,85.0,,41.0,,,,,,,,,,,,,Continental arc,15.21,38.79,,1993
2.2,6.55,17.95,50.7,0.1,0.21,10.2,0.8,0.177,9.92,6.9,268.0,80.0,,39.0,91.0,296.0,17.0,40.0,1.28,3.36,8.86,1.32,6.67,2.04,0.74,2.25,0.46,2.57,0.55,1.71,1.79,0.28,1.16,0.09,0.55,Continental arc,140.915,40.666,,2009
3.54,4.53,17.63,48.1,0.495,5.51,9.54,0.85,0.192,7.57,223.0,241.0,199.0,24.8,66.8,1340.0,2380.0,43.1,359.0,79.6,172.0,344.0,32.2,115.0,19.7,5.28,14.4,1.87,8.68,1.45,3.56,3.03,0.437,6.07,3.29,37.1,Continental arc,110.863,-6.656,,2022
2.43,6.36,17.45,48.63,0.61,1.87,11.92,0.91,0.16,7.95,58.0,278.0,36.0,34.0,41.0,859.5,730.0,25.0,146.0,16.0,41.0,84.0,10.0,40.0,7.9,2.2,6.6,0.91,4.87,0.89,2.37,2.21,0.34,3.4,1.05,12.0,Continental arc,15.21,38.79,,2005
2.63,6.42,17.08,50.88,0.3,2.14,10.41,0.88,0.15,,67.0,282.0,152.0,30.0,67.0,660.0,578.0,26.0,140.0,15.0,40.0,85.0,,28.0,,,,,,,,,,,,,Continental arc,15.21,38.79,,1993
2.47,9.61,15.1,49.0,0.08,0.07,10.9,1.04,0.18,8.49,0.62,257.0,387.0,42.0,99.0,3.79,87.0,23.9,67.0,0.7,1.77,5.93,1.08,6.45,2.41,1.01,3.57,0.67,4.19,0.92,2.76,2.59,0.38,1.53,0.11,0.04,Continental arc,-90.944,12.682,OLIGOCENE,2008
2.93,7.03,17.57,50.5,0.2,0.37,9.06,1.44,0.14,,5.1,,110.0,46.0,150.0,770.0,370.0,16.9,100.0,,10.4,23.2,,14.0,3.59,1.29,,0.62,,,,1.17,,2.3,0.7,1.27,Continental arc,134.0,35.0,CENOZOIC,1990
2.6,9.2,16.5,48.5,0.43,1.95,10.8,0.94,0.14,7.7,43.0,235.0,240.0,,120.0,920.0,595.0,18.0,110.0,0.0,,,,,,,,,,,,,,,,,Continental arc,23.43,37.75,,1988
2.15978402159784,4.87951204879512,18.5681431856814,49.0950904909509,0.15998400159984,0.57994200579942,11.978802119788,0.82991700829917,0.18998100189981,10.4,10.998900109989,293.970602939706,29.99700029997,44.995500449955,7.999200079992,416.958304169583,385.961403859614,20.997900209979,55.994400559944,1.999800019998,13.998600139986,9.99900009999,3.999600039996,,,,,,,,,,,,,3.999600039996,Continental arc,-86.3,12.3,QUATERNARY,2019
2.54,6.03,17.3,50.2,0.58,2.36,11.14,0.88,0.16,8.06,70.22,262.1,44.3,30.6,37.47,1025.0,669.3,24.13,158.5,16.33,44.42,89.52,10.59,40.82,8.2,2.12,6.66,0.93,4.88,0.88,2.36,2.24,0.34,3.66,1.1,15.62,Continental arc,15.21,38.79,,2012
4.13,5.54,17.12,50.11,0.76,2.9,6.88,2.26,0.09,,39.0,178.0,102.0,32.0,127.0,1646.0,1500.0,2.0,244.0,45.0,69.0,140.0,,47.0,,,,,,,,,,,,,Continental arc,8.5,40.5,PLIOCENE,1990
2.47714955916849,4.65097468252042,18.5634554719728,52.0808056297015,0.161773032435493,1.70872765509989,9.3322818086225,1.19813152147537,0.160761950982771,8.7,41.0,336.0,40.0,23.0,,349.0,350.0,23.9,108.0,10.5,17.9,37.4,4.69,20.8,4.84,1.23,4.29,0.73,4.37,0.89,2.54,2.4,0.379,2.8,0.41,3.21,Continental arc,8.392,40.34,CENOZOIC,2018
2.601,11.07,15.371,49.076,0.26,0.774,9.0,1.001,0.178,9.80341362730621,11.53846,245.7627,370.0,48.57143,210.5769,267.7419,423.0088,20.0,83.96226,2.49,8.490566,20.56075,3.065421,14.01869,3.555556,1.150943,3.816514,0.607477,3.636364,0.742857,2.1,2.018692,0.308411,2.222222,0.16,0.903846,Continental arc,158.137,52.528,,2022
3.1,9.45,13.95,47.89,0.5,0.95,8.87,2.58,0.32,,15.0,222.0,277.0,65.0,,,508.0,,,6.0,24.0,34.0,,,,,,,,,,,,,,,Continental arc,175.1,-37.25,,1979
3.18,4.64,17.99,52.54,0.38,2.64,8.73,0.95,0.15,,77.0,245.0,38.0,30.0,31.0,762.0,621.0,30.0,174.0,17.0,55.0,92.0,,35.0,,,,,,,,,,,,,Continental arc,15.21,38.79,,1993
3.0,4.9,17.65,51.7,0.2,1.82,10.3,0.88,0.13,7.65,25.5,288.0,19.0,28.0,17.0,800.0,870.0,18.0,76.0,3.2,35.0,69.0,,34.5,0.0,1.75,0.0,,3.2,,1.8,1.55,,,,8.4,Continental arc,95.25,20.92,QUATERNARY,2004
3.78,6.35,17.4,50.8,0.41,1.15,9.15,1.46,0.16,9.12,,243.0,134.0,34.0,59.0,404.0,634.0,,140.0,,,,,,,,,,,,,,,,,,Continental arc,160.073,57.417,QUATERNARY,2010
2.39,5.77,15.1,49.23,0.15,0.89,10.23,0.83,0.15,8.46,18.56,235.3,269.5,,68.8,149.0,575.02,19.26,58.41,6.12,,,,,,,,,,,,,,,,,Continental arc,139.25,42.15,MIOCENE,2011
2.37,10.54,14.36,48.78,0.29,2.12,10.31,0.84,0.17,9.088238,43.8466225431252,282.073542242076,427.512936591377,40.4989540504474,179.24794842759,264.43983407725,732.990707942504,17.1940839994042,118.637724983656,1.80451689706721,28.9164899664673,71.2523330575947,10.3643440618515,47.0112354069491,9.2612568192332,2.55731916913154,6.2439416950298,0.74135227799438,3.55473428988519,0.691108564360844,1.6960525532055,1.45990103259204,0.217864896565377,3.0975172528919,0.109814986145199,1.85501987300849,Continental arc,160.216,57.721,CENOZOIC,
2.69,5.54,15.6,49.6,0.26,1.1,10.2,1.08,0.22,11.6,24.0,398.0,,,,865.0,483.0,,,,,,,,,,,,,,,,,,,,Continental arc,-86.15,11.98,QUATERNARY,1993
3.18,5.43,17.3,49.2,0.26,1.01,9.6,1.32,0.21,12.2,21.2,286.0,60.0,,,180.5,314.0,26.2,130.0,8.9,12.8,27.1,3.68,16.6,4.33,1.32,4.72,0.76,4.65,0.94,2.82,2.59,0.38,3.0,0.5,3.24,Continental arc,109.21,-7.24,HOLOCENE,2021
3.23,8.66,16.31,50.15,0.29,1.12,9.25,1.35,0.14,8.43,29.3,,,,160.6,439.0,728.0,18.7,126.0,12.4,21.4,48.2,,,4.0,1.7,,,,,,1.2,0.3,2.9,0.8,3.4,Continental arc,133.57,35.38,QUATERNARY,2000
3.08,7.11,16.75,52.4,0.29,0.74,8.82,1.19,0.16,8.52,17.6,,304.0,,103.0,148.0,479.0,24.5,123.0,5.1,,,,,,,,,,,,,,,,,Continental arc,137.5,35.75,,2000
2.15,7.39,16.59,48.86,0.13,0.36,12.01,0.97,0.16,9.0,8.0,304.0,126.0,,0.0,94.0,321.0,18.9,57.0,2.39,6.3,14.8,2.17,10.1,2.69,0.92,2.74,0.48,3.1,0.64,1.82,1.83,0.26,1.52,0.14,0.89,Continental arc,176.006,-38.685,,2014
4.29,5.07,17.61,52.16,0.37,1.03,8.17,1.52,0.13,8.06,8.0,161.0,212.0,,114.0,,577.0,25.0,184.0,11.0,,,,,,,,,,,,,,,,,Continental arc,139.75,39.75,OLIGOCENE,2000
3.01,8.51,15.89,48.08,0.5,1.96,9.67,2.03,0.16,9.18,22.0,281.0,339.0,,136.0,448.0,667.0,22.0,162.0,32.1,25.0,49.3,,23.1,4.6,1.58,4.6,,3.9,,,2.0,0.3,3.7,,3.0,Continental arc,163.0,61.0,NEOGENE,1997; 2003
2.46,9.07,15.93,50.41,0.22,0.96,10.0,0.87,0.17,9.07,27.0,,,,,382.0,544.0,18.0,61.0,2.1,7.8,18.5,2.6,11.7,3.2,1.08,3.5,0.57,3.5,0.72,2.0,1.9,0.29,1.7,0.16,0.68,Continental arc,157.5,55.0,,2008
2.86,5.82,18.8,50.19,0.26,1.3,9.75,0.92,0.18,,12.77,,,,,521.4,760.3,17.64,55.39,1.33,7.23,18.5,2.82,13.42,3.46,1.17,3.76,0.55,3.34,0.65,1.99,1.75,0.27,1.73,0.08,0.56,Continental arc,158.578,56.066,NEOGENE,2019
2.42,6.04,15.93,50.88,0.69,3.65,10.1,0.9,0.15,,98.0,31.0,105.0,,37.0,1606.0,778.0,29.0,194.0,26.0,,,,,,,,,,,,,,,,,Continental arc,15.21,38.79,,1980; 1988; 1989
3.48,4.7,14.63,52.48,0.15,0.45,8.99,1.34,0.18,12.34,7.9,,53.0,,15.0,,275.0,37.0,60.0,,,,,,,,,,,,,,,,,,Continental arc,140.55,40.55,PLIOCENE,1990
2.69,10.31,14.77,51.03,0.39,1.75,8.27,0.86,0.163,8.51,34.0,206.0,453.0,16.0,73.0,495.0,532.0,20.0,117.0,2.0,,,,,,,,,,,,,,,,,Continental arc,161.32,56.63,,2015
3.08,6.1,16.93,51.29,0.52,0.76,8.9,1.49,0.18,9.67,17.6,,160.0,,62.0,155.0,582.0,27.4,172.0,10.6,,,,,,,,,,,,,,,,,Continental arc,137.5,35.75,,2000
1.57,7.03,17.09,51.33,0.05,0.13,10.93,0.64,0.18,9.58,1.63,286.0,,,,54.6,155.0,15.9,26.6,0.842,2.32,5.3,0.84,4.34,1.35,0.562,1.95,0.348,2.28,0.543,1.68,1.59,0.251,0.84,0.057,0.459,Continental arc,140.7,38.4,PLIOCENE,2015
3.055,6.649,15.815,52.848,0.182,0.942,9.164,0.958,0.164,8.12,25.742,255.871,216.822,32.13,52.37,337.005,316.503,20.623,80.122,,,,,,,,,,,,,,,,,,Continental arc,160.826,56.062,,2017
2.8,8.39,12.48,50.17,0.06,0.04,10.98,1.45,0.16,,,,,,,11.7,49.0,,,,2.98,8.08,,7.49,2.51,0.851,3.58,,4.22,,2.61,2.43,0.354,,,,Continental arc,133.25,33.35,,1977
3.28,6.07,18.85,52.1,0.33,1.8,8.17,1.06,0.13,,53.0,,140.0,,92.0,510.0,550.0,22.0,200.0,16.0,41.0,74.0,,32.0,5.0,1.4,,,,,,2.2,0.27,,,8.2,Continental arc,132.65,34.85,,1992
3.22,6.93,17.02,51.18,0.41,0.95,8.94,1.05,0.17,9.01,14.0,247.0,251.0,40.0,73.0,337.0,573.0,26.0,103.0,5.0,,47.0,4.0,,,,,,,,,,,,,0.0,Continental arc,157.565,52.633,,2018
2.93,9.52,16.57,51.58,0.1,0.38,9.41,0.93,0.15,8.44,4.4,,495.0,,232.0,71.0,224.0,23.0,91.0,3.0,,,,9.6,2.9,,,,,,,,,,,,Continental arc,137.0,37.5,OLIGOCENE,1995
3.02573381584238,4.67430639324487,15.3196622436671,51.0152794531564,0.271411338962605,1.23642943305187,9.24809006835545,1.12585444310414,0.231202251708886,12.46,29.0,397.0,10.0,46.0,9.0,838.0,402.0,21.0,85.0,,3.0,26.0,0.0,,,,,,,,,,,,,26.0,Continental arc,-86.0,12.0,HOLOCENE,2020
3.57,4.69,17.27,52.53,0.7,1.94,7.23,1.62,0.16,9.18,33.4,,,,,,744.0,,,,,,,,,,,,,,,,,,,,Continental arc,139.0,47.5,EOCENE,2005
2.17,6.23,18.54,50.22,0.15,0.38,10.85,0.77,0.16,,3.0,,85.0,,31.0,,345.0,24.0,55.0,2.0,,,,,,,,,,,,,,,,,Continental arc,139.72,37.37,PLIOCENE,1990
3.09,10.61,13.51,47.52,0.39,0.71,8.82,2.16,0.35,,10.0,202.0,340.0,66.0,204.0,122.0,475.0,26.0,167.0,6.0,16.0,39.0,,,,,,,,,,,,,,,Continental arc,175.1,-37.25,,1979
1.63,7.81,17.55,47.39,0.09,0.36,12.25,0.71,0.19,11.15,5.7,,,,,311.0,437.0,12.4,27.0,0.72,3.05,6.8,1.13,5.79,1.78,0.72,2.17,0.38,2.46,0.51,1.37,1.42,0.22,0.95,0.05,0.26,Continental arc,-86.682,12.52,,2012
2.97,7.25,15.0,51.1,0.43,1.49,9.15,1.4,0.18,9.88,36.9,299.1,237.0,41.0,83.8,374.1,295.4,30.6,160.6,3.6,12.5,35.4,,23.6,,,,,,,,,,,,1.5,Continental arc,160.274,55.706,,2015
3.69,5.05,16.17,51.39,0.83,3.1,6.32,2.1,0.16,8.5,64.0,163.0,71.0,,58.0,1239.0,968.0,22.0,250.0,52.0,,,,,,,,,,,,,,7.64,,6.46,Continental arc,8.65,40.4,NEOGENE,
2.3,9.78,13.37,49.83,0.33,0.81,9.58,1.88,0.18,,38.5,297.0,348.0,,189.0,441.0,433.0,26.3,225.0,33.2,31.7,62.8,7.3,30.3,6.47,2.14,6.51,0.97,5.49,1.06,2.75,2.28,0.34,5.4,2.02,4.82,Continental arc,130.25,33.25,,2009
1.87,10.29,13.88,45.61,0.07,0.31,9.05,0.92,0.2,,3.6,291.0,446.0,,133.0,122.0,123.0,20.3,54.36,2.6,3.88,10.24,1.53,7.51,2.23,0.79,2.51,0.46,3.4,0.75,2.2,1.95,0.31,1.6,0.18,0.37,Continental arc,175.642,-39.13,ARCHEAN,1999
3.05,9.3,15.76,49.7,0.39,1.35,9.33,1.16,0.16,,26.0,243.0,545.0,43.0,230.0,329.0,558.0,21.0,117.0,7.5,12.5,30.8,4.6,20.9,5.1,1.49,4.2,0.64,3.6,0.67,1.84,1.66,0.26,2.64,0.48,1.31,Continental arc,158.07,53.93,,2000; 2021
2.72190533373361,4.79335534874412,15.4408085659962,50.8355849094366,0.260182127489242,1.21084759331532,9.59671770239167,1.110777544281,0.230161112778945,12.42,26.0,403.0,18.0,48.0,3.0,782.0,413.0,24.0,95.0,4.0,21.0,46.0,4.0,,,,,,,,,,,,,4.0,Continental arc,-86.0,12.0,HOLOCENE,2020
2.99,6.4,16.39,49.54,0.26,1.53,11.09,1.17,0.17,,34.0,308.0,92.0,,25.0,665.0,552.0,22.9,73.0,2.8,11.6,24.7,3.1,14.6,4.2,1.21,3.95,0.64,3.97,0.75,2.18,2.05,,2.9,,4.2,Continental arc,174.065,-39.296,,1992
2.95,4.61,17.57,52.63,0.23,1.2,9.35,0.8,0.17,8.32,31.0,225.0,82.0,,28.0,496.0,561.0,13.0,89.0,0.0,16.0,,,,,,,,,,,,,,,,Continental arc,174.17,-39.57,PLEISTOCENE,
2.14,10.86,14.84,48.19,0.27,1.12,9.68,1.68,0.13,8.88,11.0,210.0,655.0,27.0,198.0,80.0,365.0,17.0,35.0,8.0,11.0,11.0,,,,,,,,,,,,,,,Continental arc,8.87,39.63,CENOZOIC,2000
2.5,6.1,17.23,49.94,0.56,2.19,11.04,0.92,0.16,,64.0,248.0,57.0,29.0,40.0,887.0,670.0,24.0,148.0,17.0,43.0,86.0,10.2,40.0,7.9,2.1,6.6,0.9,4.8,0.87,2.4,2.2,0.34,3.6,1.15,14.44,Continental arc,15.216,38.794,HOLOCENE,2006
3.3,5.56,18.26,52.59,0.2,0.78,8.85,1.07,0.18,9.21,10.0,263.0,38.0,31.0,20.0,243.0,304.0,26.2,90.0,2.5,7.0,16.0,,9.1,2.9,,,,,,,2.7,,2.4,,0.5,Continental arc,160.517,56.015,,2013
2.6,8.77,14.9,51.59,0.34,0.65,9.03,1.37,0.15,,7.39,207.0,267.0,,164.0,141.0,239.0,17.7,89.7,10.9,14.9,31.6,3.76,15.5,3.45,1.17,3.82,0.65,3.7,0.74,2.1,1.87,0.31,2.37,0.77,2.34,Continental arc,130.25,33.25,,2009
2.51,6.08,17.8,49.3,0.41,2.13,11.2,1.01,0.18,,82.0,274.0,67.0,34.6,42.0,988.0,740.0,28.0,161.0,22.0,47.0,98.0,,42.0,8.8,2.1,,1.1,,,,2.7,0.36,3.7,1.5,16.6,Continental arc,15.21,38.79,,1988
2.48,5.29,18.11,52.16,0.09,0.57,9.75,0.76,0.2,,7.0,260.0,59.0,42.0,27.0,,243.0,22.0,62.0,,,,,,,,,,,,,,,,,,Continental arc,141.25,41.0,,1994
3.14,4.71,18.22,52.65,0.23,1.37,9.2,1.04,0.18,8.33,27.0,330.0,23.0,,0.0,370.0,965.0,22.0,103.0,2.6,,,,,,,,,,,,,,,,,Continental arc,131.25,33.0,PLEISTOCENE,1991
3.15,6.67,13.98,50.38,0.31,0.43,8.3,3.21,0.16,11.07,0.0,,,,,,382.0,,205.0,,,,,,,,,,,,,,,,,,Continental arc,-83.837,12.305,PLEISTOCENE,2011
3.47,7.3,16.05,51.21,0.46,1.16,8.3,1.72,0.16,9.277176,15.1369940686974,242.003456129716,230.328450853928,36.6219565271345,107.039567258936,369.625594790657,607.870851873379,24.466243485778,149.240894527415,11.4258581383472,17.4352849327896,41.1798889092921,5.57767305442635,23.9250022862845,5.57199726147804,1.75277293443362,5.23559928414806,0.773887421872938,4.65012418082886,0.898775353997199,2.34357115578033,2.2317113853763,0.338060018698521,3.51002820945234,0.633848673002536,1.30876457765489,Continental arc,157.365,54.693,CENOZOIC,
3.79,7.02,17.18,47.39,0.44,0.94,8.94,1.86,0.19,10.78,20.0,,146.0,47.0,73.0,275.0,531.0,25.0,194.0,,22.0,47.0,,,5.7,1.9,,,,,,3.1,0.5,,,1.7,Continental arc,134.749,35.459,,1990
3.56,5.11,18.54,50.71,0.29,0.89,8.83,1.32,0.17,9.97,12.7,249.0,29.4,29.0,9.8,403.0,611.0,25.0,116.0,5.0,12.0,26.9,3.95,17.6,4.32,1.4,4.4,0.68,4.05,0.82,2.22,2.14,0.32,2.78,0.24,1.09,Continental arc,-89.75,14.511,,2012
2.44,4.82,16.73,48.53,0.24,1.97,9.64,1.08,0.11,,,240.0,50.0,20.0,21.0,,,,155.0,,,,,,,,,,,,,,,,,,Continental arc,133.0,43.5,CRETACEOUS,2002
2.94,7.35,14.53,47.57,0.25,0.15,11.21,1.66,0.18,,3.0,280.0,279.0,38.0,88.0,35.0,190.0,35.0,107.0,5.0,7.0,22.3,,18.4,6.31,1.66,7.8,,7.2,,4.11,3.7,0.65,,,,Continental arc,134.952,32.355,,1993
4.28,4.78,17.0,52.47,0.58,1.98,6.32,1.88,0.13,8.83,24.1,163.0,134.0,31.7,74.6,324.0,623.0,20.9,187.0,29.1,21.1,44.1,5.59,22.6,5.01,1.77,4.69,0.7,3.77,0.68,1.76,1.52,0.22,3.77,1.48,2.8,Continental arc,162.51,57.87,QUATERNARY,2005
2.11,7.79,16.03,51.94,0.24,0.7,10.75,0.73,0.17,9.13,14.6,,277.0,39.3,70.0,329.0,508.0,16.0,68.0,3.0,12.9,27.2,,19.1,4.41,1.26,3.9,0.51,,,,1.64,0.24,1.78,0.1,1.82,Continental arc,-154.56,58.59,,2004
2.98,5.97,16.53,50.68,0.46,1.41,9.46,2.44,0.15,9.91,32.0,317.0,121.0,,37.0,423.0,650.0,26.0,158.0,28.0,,,,,,,,,,,,,,,,,Continental arc,130.0,33.25,MIOCENE,1994
2.083,4.79,18.448,52.882,0.086,0.394,9.709,0.759,0.163,,11.357,223.669,34.02,29.918,14.767,140.11,268.946,18.201,59.029,3.659,,,,,,,,,,,,,,,,,Continental arc,140.999,39.834,,2017
2.99,5.56,17.49,51.8,0.34,2.38,9.75,0.93,0.16,,168.0,282.0,62.0,31.0,39.0,738.0,625.0,27.0,155.0,15.0,51.0,88.0,,42.0,,,,,,,,,,,,,Continental arc,15.21,38.79,,1993
2.59,5.88,17.22,49.47,0.55,2.17,11.18,0.94,0.15,8.69,70.0,258.0,35.0,27.0,37.0,982.0,748.0,24.0,148.0,21.0,50.0,101.0,10.3,42.0,8.6,2.27,7.3,1.05,5.21,0.91,2.73,2.31,0.36,4.02,1.04,15.6,Continental arc,15.21,38.79,,2009
2.79,9.18,13.59,48.47,0.3,0.91,8.62,2.17,0.18,,17.0,110.0,250.0,59.0,200.0,171.0,288.0,22.36,125.0,21.64,10.85,22.84,3.18,13.33,3.84,1.37,4.09,0.85,4.17,0.77,2.09,1.78,0.24,3.24,1.19,1.75,Continental arc,135.0,46.0,MIOCENE,2007
2.83,8.41,16.93,52.43,0.13,0.45,9.64,0.88,0.15,8.15,4.8,,649.0,,192.0,104.0,266.0,23.0,106.0,4.2,,,,,,,,,,,,,,,,,Continental arc,137.0,37.5,OLIGOCENE,1995
2.52,6.65,16.55,50.23,0.58,2.21,11.68,0.89,0.16,,63.0,283.0,110.0,42.0,53.0,1003.0,717.0,27.0,194.0,19.0,59.0,109.0,,44.0,,,,,,,,,,,,,Continental arc,15.21,38.79,HOLOCENE,1993; 1999
2.47,9.71,15.71,50.71,0.11,0.63,9.27,0.715,0.155,8.02,17.0,230.0,480.0,,,139.0,206.0,16.0,64.0,3.0,5.8,13.7,1.77,7.8,2.1,0.87,2.4,0.5,3.1,0.6,1.9,1.8,0.28,1.8,0.2,1.0,Continental arc,140.778,37.772,,2009
2.64,9.24,13.74,50.7,0.425,1.46,8.988,1.37,0.185,,36.63,307.4,49.23,0.109,176.1,206.6,298.2,29.23,155.0,3.626,12.7,0.07,4.715,22.17,5.327,1.5311,5.55,0.8365,5.066,1.0387,2.947,2.817,0.435,3.77,0.232,1.316,Continental arc,160.237,55.666,,2021
1.33,8.58,15.85,44.99,0.17,1.0,12.95,1.07,0.16,10.39,23.8,435.0,117.7,51.8,49.7,78.0,414.0,16.7,22.5,0.72,4.32,11.4,1.82,9.4,2.79,0.99,3.04,0.502,3.09,0.647,1.8,1.59,0.231,0.83,0.059,0.98,Continental arc,138.47,37.29,PLIOCENE-PLEISTOCENE,2021
2.42,5.94,17.57,50.6,0.37,2.32,10.99,0.83,0.14,7.78,74.1,283.7,79.2,33.5,42.3,1132.3,718.4,27.4,166.5,17.6,48.6,97.3,10.8,41.3,8.7,2.1,6.7,1.0,4.9,0.9,2.4,2.3,0.4,3.6,1.0,18.1,Continental arc,15.21,38.79,,2012
3.26,6.78,15.19,52.65,0.32,1.29,9.3,0.83,0.17,,23.0,262.0,188.0,34.0,28.0,324.0,525.0,18.0,74.76,1.37,7.01,16.91,2.75,13.12,3.65,1.11,3.28,0.53,3.11,0.67,1.86,1.86,0.301,2.219,0.09,0.8,Continental arc,161.32,56.63,,2001; 2004
2.63,7.25,16.0,50.1,0.275,1.02,10.13,1.31,0.17,9.54,25.7,287.0,151.0,40.3,51.8,188.0,349.0,27.3,118.0,9.7,15.0,33.7,,17.6,,,,,,,,,,,,3.7,Continental arc,109.22,-7.2,,
3.2453341740227,8.22,15.01,46.49,0.8,2.25,9.06,2.67,0.15,9.39402695936307,68.0,218.0,303.0,37.0,139.0,739.0,817.0,19.6,252.0,63.8478051337841,50.5055858386493,98.4397816844963,11.2012262584672,42.7371083002081,8.22819220785349,2.47210794640985,7.27425705728524,0.927874475701088,4.79634633442786,0.83167644599944,2.10318472778907,1.62302949295139,0.218400593061735,5.46646631155997,3.72973013769705,15.3422029205765,Continental arc,-1.15,37.659,NEOGENE,2005
1.54,6.72,16.84,50.64,0.06,0.11,10.51,0.8,0.19,10.22,3.59,,,,,,190.0,,,,,,,4.69,1.62,,,,,,,,,,,,Continental arc,140.065,40.175,PLIOCENE,2006; 2008
3.02,4.58,17.5,49.9,0.41,1.8,8.2,1.38,0.19,11.7,51.3,268.0,140.0,,,290.0,388.0,28.5,162.0,10.9,25.0,54.5,6.86,29.1,6.86,1.85,6.21,0.93,5.61,1.05,3.05,2.9,0.43,3.9,0.6,7.01,Continental arc,109.21,-7.24,HOLOCENE,2021
3.015,7.397,15.555,51.789,0.179,0.759,9.281,1.003,0.164,8.68,12.799,257.521,251.793,37.437,69.375,242.742,317.801,21.963,81.492,,,,,,,,,,,,,,,,,,Continental arc,160.836,55.991,,2017
1.758,6.145,18.111,52.539,0.09,0.27,8.165,0.798,0.166,,3.795,244.904,86.009,32.24,33.509,180.517,316.588,22.117,75.435,2.679,,,,,,,,,,,,,,,,,Continental arc,140.966,39.997,,2017
1.6,9.5,15.51,47.53,0.11,0.31,13.97,0.68,0.18,10.23,5.0,295.0,284.0,56.0,83.0,233.0,384.0,18.0,35.0,,,,,,,,,,,,,,,,,,Continental arc,-86.19,12.08,HOLOCENE,
3.34,7.48,13.65,48.56,0.18,0.47,9.55,1.96,0.15,10.23,6.0,357.0,325.0,51.6,71.0,50.0,372.0,35.0,150.0,10.0,8.91,25.0,,24.1,4.82,1.88,,,,,,2.44,0.322,3.68,,1.08,Continental arc,136.35,35.25,PERMIAN,2008
2.46,5.11,18.67,50.32,0.43,2.45,10.67,0.91,0.16,,67.0,271.0,17.0,32.0,27.0,992.0,774.0,27.0,169.0,18.0,69.0,110.0,,33.0,,,,,,,,,,,,,Continental arc,15.21,38.79,,1993
3.4310236021709,9.65290925154613,17.5317430266313,50.2759055913164,0.504859270478354,1.80840590685347,8.16963271488073,1.15309857377256,0.116117632210021,7.3563044301401,21.0,,,,245.524099656466,678.790769204159,1627.97106305636,12.52,100.9,11.23,44.01,83.52,9.421,34.25,5.106,1.588,4.174,0.4757,2.596,0.4722,1.165,1.11,0.1667,2.407,0.5644,5.049,Continental arc,133.088,35.188,QUATERNARY,2014
2.465,10.604,13.729,51.489,0.131,0.578,9.997,0.827,0.168,8.53,11.294,244.446,670.637,39.441,163.683,223.925,247.972,18.161,62.619,1.372,4.415,11.39,1.818,9.072,2.644,0.896,3.044,0.512,3.157,0.694,1.966,1.787,0.282,1.738,0.086,0.493,Continental arc,160.791,56.153,,2017
3.36,7.32,17.3,49.64,0.33,1.2,8.95,1.25,0.15,,18.2,217.0,243.0,35.7,116.0,364.0,571.0,25.0,141.0,7.98,14.1,31.6,4.35,19.3,4.59,1.46,4.62,0.75,4.34,0.88,2.42,2.29,0.33,3.24,0.53,1.23,Continental arc,-89.7,14.044,PLEISTOCENE,2006; 2007
2.07,8.14,12.53,49.6,0.24,2.51,13.67,0.85,0.23,8.72,56.16,,,,,555.0,1111.0,18.54,70.0,6.56,25.5,49.67,6.85,27.93,6.01,1.53,5.33,0.64,3.63,0.67,1.77,1.6,0.23,2.27,0.37,6.23,Continental arc,14.962,38.404,,2016
2.49,7.24,13.77,50.82,0.23,0.8,9.33,0.79,0.19,6.22,6.0,,,,,60.0,184.0,21.0,43.0,2.0,,,,,,,,,,,,,,,,,Continental arc,139.0,38.0,MIOCENE,1997
2.23,8.78,16.56,50.41,0.31,1.02,10.55,0.71,0.16,,22.0,,,,104.0,403.0,772.0,19.0,93.0,9.5,28.0,60.0,6.8,28.0,4.6,1.3,3.8,0.54,3.4,0.6,1.7,1.7,,1.8,,7.16,Continental arc,15.21,38.79,,1993; 2001; 2007
3.49,7.16,16.9,50.6,0.4,1.11,8.44,1.3,0.16,8.61,,218.0,190.0,32.0,115.0,430.0,690.0,,133.0,,,,,,,,,,,,,,,,,,Continental arc,160.453,57.61,QUATERNARY,2010
3.69,5.39,18.16,51.76,0.21,0.86,8.01,0.83,0.55,9.36,14.7256666666667,322.189666666667,62.0896666666667,60.174,12.1356666666667,233.134666666667,328.331666666667,17.4566666666667,46.92,1.29233333333333,8.178,14.8076666666667,1.93633333333333,8.698,2.36166666666667,0.732,2.65266666666667,0.434666666666667,3.11966666666667,0.694,1.99366666666667,2.11666666666667,0.282,1.387,0.685,0.703333333333333,Continental arc,-86.0,13.0,,2020
2.82717282717283,4.71528471528471,15.4445554445554,50.8991008991009,0.26973026973027,1.20879120879121,9.45054945054945,1.12887112887113,0.22977022977023,12.44,26.0,403.0,18.0,46.0,2.0,799.0,410.0,26.0,97.0,2.0,15.0,45.0,4.0,,,,,,,,,,,,,4.0,Continental arc,-86.0,12.0,HOLOCENE,2020
3.17821320621363,5.5527752297027,18.0670686777245,52.8516819801802,0.230389429414979,0.624500619056928,9.23891587342166,1.12579136528369,0.186338641683835,8.94433500253137,10.7795897626297,,42.5,,20.1,240.187532229057,365.067516251577,25.0894017720731,95.9033657182756,3.42185964132743,8.13981450415318,18.8197422437337,2.59964472965251,12.4481312482832,3.72315111761379,1.26937863842411,4.12607408235092,0.706694634978449,4.51568475933627,0.944719743547135,2.62113579438672,2.36078563217392,0.374287004205037,2.5464505676158,0.220468445850738,0.933433253815667,Continental arc,-161.759,55.441,HOLOCENE,2009
2.37,6.1,18.2,49.5,0.43,2.17,10.9,1.0,0.17,,78.0,271.0,60.0,32.8,33.0,1027.0,752.0,27.0,156.0,20.0,51.0,96.0,,37.0,9.0,2.17,,0.95,,,,2.4,0.43,3.8,1.4,16.0,Continental arc,15.21,38.79,,2004
2.25,6.11,17.28,51.94,0.12,0.65,11.13,0.8,0.17,9.09,14.0,291.0,24.0,,4.0,223.0,296.0,20.0,66.0,5.0,0.0,20.0,,11.0,,,,,,,,,,,,0.0,Continental arc,176.5,-38.12,,2007
0.94,10.1,18.1,52.5,0.2,3.03,4.37,1.17,0.18,9.39,21.2,366.0,,,18.0,304.0,372.0,24.3,96.0,5.72,9.8,22.22,3.17,14.14,3.93,1.2,4.12,0.66,4.11,0.85,2.39,2.36,0.37,2.58,0.62,1.91,Continental arc,-158.17,56.88,HOLOCENE,2005
4.36,6.73,12.63,50.14,0.22,0.22,7.05,2.24,0.16,11.3,7.0,409.0,333.0,51.9,75.0,160.0,155.0,38.0,159.0,13.0,11.7,33.7,,24.2,5.97,2.08,,,,,,2.43,0.353,4.86,0.69,1.16,Continental arc,136.35,35.25,PERMIAN,2008
2.47,11.59,13.49,52.08,0.33,1.84,7.94,0.83,0.16,8.34,36.0,215.0,596.0,,106.0,488.0,485.0,24.0,110.0,5.0,,,,,,,,,,,,,,,,,Continental arc,161.32,56.63,,2015
2.22,6.37,17.06,48.84,0.13,0.32,12.22,0.97,0.17,9.49,8.0,259.0,103.0,,0.0,85.0,336.0,20.2,53.0,2.44,6.4,14.8,2.23,10.8,2.81,1.01,2.98,0.53,3.4,0.69,1.98,1.94,0.29,1.58,0.15,0.88,Continental arc,176.029,-38.658,,2014
2.04,7.34,17.53,51.34,0.11,0.15,10.21,0.77,0.17,9.56,3.6,,,,66.0,83.0,275.0,13.0,34.0,1.5,,,,,,,,,,,,,,,,0.8,Continental arc,140.98,39.88,QUATERNARY,2006
2.7,4.89,16.8,52.38,0.56,3.65,9.25,0.92,0.15,7.35,120.0,242.0,43.2,27.3,32.9,1379.0,646.0,27.1,196.0,21.3,51.0,100.5,,44.5,8.78,2.25,,0.97,,,,2.4,0.38,4.68,1.37,20.5,Continental arc,15.221,38.812,,2011
3.1,5.68,18.99,49.25,0.1,0.98,10.36,1.15,0.18,,25.0,306.0,8.0,,17.0,244.0,618.0,19.0,84.0,7.0,,33.0,,,,,,,,,,,,,,,Continental arc,131.45,33.25,,1990; 1991
3.14,4.8,16.7,49.0,0.31,1.24,8.51,1.29,0.22,13.8,29.2,266.0,80.0,,,212.0,324.0,27.7,154.0,10.7,16.5,35.6,4.51,19.8,4.85,1.43,5.19,0.87,5.52,1.07,3.1,2.79,0.41,3.7,0.6,4.78,Continental arc,109.21,-7.24,HOLOCENE,2021
2.39,6.84,16.82,51.96,0.29,1.79,10.79,0.73,0.15,,55.0,257.0,129.0,31.0,68.0,689.0,477.0,21.0,115.0,11.0,12.0,45.0,,27.0,,,,,,,,,,,,,Continental arc,15.21,38.79,,1993
3.36,8.13,17.2,51.28,0.21,1.06,8.62,0.85,0.13,6.78,10.0,184.0,228.0,,208.0,600.0,2170.0,22.0,187.0,19.2,,,,,,,,,,,,,,,,,Continental arc,133.0,35.0,CENOZOIC,1990
2.5,6.01,18.18,49.19,0.56,2.19,11.13,0.93,0.16,,68.0,262.0,54.0,33.0,44.0,928.0,703.0,26.0,159.0,18.0,45.0,90.0,10.6,41.0,8.2,2.1,6.6,0.93,4.9,0.89,2.4,2.3,0.35,3.6,1.17,13.7,Continental arc,15.216,38.794,HOLOCENE,2006
2.83,6.86,16.63,52.77,0.17,0.74,9.29,1.03,0.17,8.86,11.1,271.7,145.6,,37.4,313.4,316.1,21.4,78.8,1.6,6.7,13.1,,9.3,,,,,,,,,,,,2.4,Continental arc,160.476,56.092,,
2.082,4.939,17.735,52.98,0.091,0.39,9.742,0.793,0.162,,9.963,229.62,44.357,27.82,10.89,135.874,260.653,17.032,55.223,3.235,,,,,,,,,,,,,,,,,Continental arc,140.923,39.824,,2017
2.3,9.87,14.4,51.85,0.17,1.02,9.81,0.65,0.12,,21.0,276.0,298.0,,104.0,282.0,575.0,26.0,75.0,17.0,25.0,,,,,,,,,,,,,,,,Continental arc,11.366,38.55,,1980
2.12,5.47,17.9,52.75,0.09,0.25,10.24,0.78,0.18,9.78,5.0,,,,17.0,129.0,255.0,16.0,43.0,1.6,,,,,,,,,,,,,,,,,Continental arc,140.46,38.125,,
2.39,10.42,14.08,49.31,0.21,0.72,9.1,1.2,0.17,9.48,15.4,209.0,478.0,54.0,194.0,233.0,336.0,16.6,84.3,10.1,14.5,29.5,3.57,14.8,3.48,1.18,3.75,0.57,3.47,0.69,1.88,1.69,0.24,2.37,0.58,2.55,Continental arc,129.7,33.1,CENOZOIC,2009; 2014
3.14,8.32,16.76,51.32,0.23,0.92,9.06,1.03,0.17,,19.0,240.0,315.0,43.0,134.0,312.0,463.0,21.0,91.0,3.6,9.6,23.0,3.4,15.9,4.1,1.28,3.8,0.62,3.7,0.74,2.1,2.03,0.3,2.46,0.23,1.76,Continental arc,158.07,53.93,,2000; 2021
3.29,6.99,15.89,48.45,0.53,1.78,8.78,1.94,0.15,,41.0,,300.0,49.0,160.0,580.0,570.0,23.0,170.0,,31.6,59.4,,25.5,6.04,1.85,,0.68,,,,2.09,,3.82,2.4,4.69,Continental arc,130.0,33.25,CENOZOIC,1989; 1990
4.26,6.96,16.73,48.99,0.62,2.28,7.32,1.9,0.16,9.16,71.7,146.0,240.0,35.0,148.0,747.0,829.0,25.87,234.0,61.16,45.08,78.25,8.51,34.15,7.2,2.23,6.01,0.94,5.25,0.97,2.45,2.12,0.32,5.43,3.94,6.87,Continental arc,140.16,48.55,MIOCENE,2005
2.99,4.89,18.11,52.93,0.12,0.81,9.59,1.0,0.2,9.36,28.0,272.0,21.0,33.0,8.0,177.0,258.0,22.0,120.0,6.0,13.0,27.0,,,3.6,1.1,,1.2,,,,2.7,0.53,3.1,,4.0,Continental arc,25.45,36.4,,
3.46229508196721,5.37,17.46,48.64,0.82,2.94,8.01,2.12,0.14,8.02631422198454,120.0,190.0,165.0,28.0,82.0,996.0,887.0,18.7,331.0,88.5871941670948,67.3354093530411,123.975232051535,13.2498538648382,47.3748168217207,8.06866381828242,2.34635187810314,6.91052809567843,0.861291099130538,4.47581695482749,0.799118561968936,2.08626263568549,1.75511399972731,0.240841043591669,6.47243980614947,5.30636063482591,24.7439976156977,Continental arc,-1.127,37.652,NEOGENE,2005
2.31,7.02,17.02,51.12,0.09,0.58,10.66,0.64,0.16,,23.0,,254.0,,109.0,203.0,206.0,,46.0,,5.08,14.17,,6.77,2.24,0.65,2.21,,2.5,,1.5,1.45,0.26,,,,Continental arc,8.55,39.58,CENOZOIC,1997
3.89,5.33,18.3,49.9,0.45,1.09,9.6,1.56,0.17,9.18,11.0,269.0,46.0,31.0,30.0,416.0,678.0,23.0,146.0,8.6,15.27,36.28,4.93,21.27,4.89,1.57,5.08,0.74,4.56,0.9,2.55,2.27,0.35,3.27,0.42,1.29,Continental arc,159.988,57.413,QUATERNARY,2010
4.5,5.21,16.6,45.3,,0.67,10.2,3.52,0.26,10.89,,365.0,36.4,48.5,50.2,1012.0,1211.0,29.1,381.0,,,,,,,,,,,,,,,,,,Continental arc,-1.8,34.6,NEOGENE,1985
3.37,6.74,14.97,47.72,0.92,1.85,8.91,3.11,0.18,12.23,31.0,,160.5,,38.0,367.0,979.0,25.0,189.0,27.0,40.8,101.6,,42.2,10.5,2.7,,1.1,,,,2.0,0.2,5.2,1.9,3.7,Continental arc,130.25,33.5,CENOZOIC,2003
2.69,6.14,18.53,50.06,0.24,0.58,10.14,1.18,0.18,10.25,,,,,,201.023,599.573,18.246,55.088,,7.242,17.63,,12.948,3.323,1.109,3.34,0.535,2.949,0.597,1.647,1.527,0.23,,,0.778,Continental arc,138.3,36.1,,2009
2.39,8.2,15.36,50.38,0.27,0.18,8.61,1.3,0.19,,3.69,229.0,345.0,,187.0,177.0,238.0,20.2,94.2,11.4,16.8,34.0,4.12,16.9,3.66,1.25,4.13,0.69,4.03,0.8,2.25,1.96,0.33,2.45,0.72,2.53,Continental arc,130.25,33.25,,2009
1.99,6.13,17.0,51.88,0.15,0.7,9.85,0.78,0.18,,17.0,204.0,107.0,24.0,19.0,301.0,313.0,14.0,108.0,5.0,13.1,26.2,,13.1,3.4,0.99,3.75,0.65,,,,2.5,0.4,,,,Continental arc,9.1,39.06,CENOZOIC,1997
3.17,6.91,17.3,50.6,0.29,0.81,9.48,1.03,0.17,9.11,14.0,270.0,227.0,42.0,78.0,381.0,541.0,25.0,88.0,4.0,,24.0,6.0,,,,,,,,,,,,,6.0,Continental arc,158.231,52.809,,2018
2.96,10.28,16.39,51.35,0.12,0.39,9.13,0.92,0.13,8.33,7.9,,585.0,,213.0,66.0,243.0,21.0,103.0,3.7,,,,,,,,,,,,,,,,,Continental arc,137.0,37.5,OLIGOCENE,1995
2.44,6.02,18.98,47.13,0.38,1.13,10.64,1.19,0.16,,39.0,287.0,28.0,27.0,39.0,329.0,556.0,28.0,89.0,4.0,16.2,45.3,,20.5,5.35,1.59,5.44,,4.11,,2.39,2.21,0.46,,,,Continental arc,8.68,39.17,NEOGENE,1997
2.92,7.88,14.69,50.28,0.2,0.78,8.31,1.51,0.16,11.46,12.1,146.0,321.0,41.3,259.0,195.0,550.0,15.8,89.7,10.9,10.7,24.9,3.35,15.9,4.25,1.62,4.46,0.63,3.39,0.59,1.5,1.19,0.17,2.45,0.66,1.24,Continental arc,133.589,43.503,MIOCENE,2022
3.67,6.47,12.97,52.69,0.64,0.12,5.27,2.97,0.17,11.63,3.0,255.0,428.0,43.3,114.0,135.0,303.0,45.0,266.0,31.0,18.8,58.5,,41.8,5.83,2.93,,,,,,2.71,0.335,5.78,1.5,2.39,Continental arc,135.75,35.05,PERMIAN,2008
3.15,7.01,18.06,49.69,0.41,0.89,8.17,1.87,0.16,,10.0,218.0,44.0,36.0,37.0,297.0,755.0,21.0,201.0,20.0,33.0,60.0,,,6.6,1.5,,1.1,,,,1.8,0.27,2.4,1.1,3.5,Continental arc,173.0,64.5,MIOCENE,1999
1.83,5.79,18.19,49.94,0.09,0.23,10.85,0.64,0.17,9.26,4.0,,,,,92.0,258.0,16.0,37.0,1.0,2.9,7.8,1.2,6.0,1.8,0.68,2.4,0.42,2.8,0.58,1.7,1.6,0.24,1.1,0.07,0.46,Continental arc,159.88,54.12,,2008
2.47,11.51,13.48,51.39,0.12,0.55,10.21,0.8,0.17,,9.3,242.0,770.0,,182.0,243.0,255.0,19.0,67.0,1.5,4.04,11.0,,0.0,2.55,0.831,,0.46,,,,1.75,0.251,1.82,0.35,0.341,Continental arc,160.63,56.05,HOLOCENE,1997; 2007; 2018
2.8,9.32,14.81,51.61,0.36,1.43,8.82,1.21,0.16,8.54,28.4,,423.0,,225.0,267.0,598.0,22.9,124.0,6.3,,,,,,,,,,,,,,,,,Continental arc,137.5,35.75,,2000
3.49,7.1,15.78,50.46,0.37,0.61,8.2,2.17,0.16,,12.0,110.0,140.0,23.0,130.0,400.0,297.0,,,,15.0,30.0,,21.8,5.89,,5.5,0.8,,,,2.07,0.33,3.33,0.96,,Continental arc,139.0,47.5,MIOCENE,1995
3.88,5.84,16.86,50.18,0.43,1.94,7.03,2.09,0.11,,39.0,,,,,,728.0,28.0,,34.0,,,,,,,,,,,,,,,,,Continental arc,8.7,40.0,NEOGENE,1975
2.6,10.26,15.2,47.68,0.38,1.37,8.55,1.75,0.18,,16.0,219.0,241.0,36.0,160.0,317.0,621.0,22.0,160.0,18.0,18.2,34.8,,19.6,4.9,1.65,5.4,0.87,,,,2.0,0.3,4.0,1.4,2.2,Continental arc,162.2,55.5,,1997
2.37,10.6,13.5,49.6,0.2,0.77,11.4,1.03,0.18,9.5,14.4,291.4,473.7,48.0,127.1,202.3,249.1,21.0,71.9,0.9,5.3,18.0,,14.8,,,,,,,,,,,,0.8,Continental arc,160.316,55.761,,2015
2.88,9.23,12.5,45.3,,2.93,12.4,2.96,0.17,9.36,,305.0,440.0,55.6,190.0,894.0,1063.0,23.2,296.0,,,,,,,,,,,,,,,,,,Continental arc,-1.8,34.6,NEOGENE,1985
3.60355,5.47366,18.63299,52.85093,0.2083,0.86564,8.40891,0.89994,0.15573,8.35,13.5,217.4,47.04,32.88,25.63,427.1,506.9,19.79,105.1,2.667,7.784,18.09,2.694,12.275,3.1695,1.00245,3.323,0.5556,3.30175,0.6995,1.991,1.884,0.2923,2.592,0.1479,0.844152657971953,Continental arc,-91.55,14.76,,2011
2.97,5.31,16.7,49.4,0.28,0.93,9.29,1.31,0.2,11.0,25.0,302.0,60.0,,,184.0,325.0,29.5,133.0,9.7,13.1,29.5,3.74,17.1,4.44,1.36,4.9,0.84,4.89,1.07,3.09,2.78,0.47,3.1,0.6,3.34,Continental arc,109.21,-7.24,HOLOCENE,2021
2.54,6.04,17.36,49.29,0.36,2.03,11.04,0.93,0.16,,70.0,279.0,55.0,32.0,41.0,935.0,723.0,26.0,163.0,18.3,45.0,91.0,10.7,42.0,8.3,2.1,6.8,0.93,5.0,0.9,2.4,2.3,0.35,3.7,1.18,13.9,Continental arc,15.216,38.794,HOLOCENE,2006
2.94,6.92,17.54,50.41,0.39,1.49,9.69,1.12,0.17,9.21,39.6,232.0,238.0,34.1,65.9,476.0,585.0,28.4,139.0,5.43,15.9,34.3,5.09,22.3,5.25,1.65,5.35,0.79,4.55,0.91,2.44,2.34,0.35,3.22,0.25,1.38,Continental arc,-89.611,14.443,,2012
3.2,6.65,17.32,52.46,0.16,0.67,9.67,0.96,0.17,8.73,10.58,264.0,92.0,34.0,48.0,243.0,345.0,19.01,81.0,1.55,6.34,13.73,2.15,10.85,3.07,1.05,3.55,0.56,3.78,0.75,2.23,2.04,0.3,2.29,0.09,0.49,Continental arc,160.483,55.972,,2013
3.27,5.9,18.37,51.87,0.33,1.1,9.11,0.94,0.18,8.22,19.0,237.0,5.0,,5.0,241.0,428.0,21.0,86.0,6.0,,,,,,,,,,,,,,,,,Continental arc,109.92,-7.2,QUATERNARY,2016
2.94,6.76,18.44,46.04,0.13,2.05,8.86,1.02,0.16,12.23,21.0,,1072.0,81.0,341.0,174.0,173.0,20.0,55.0,1.4,,,,,,,,,,,,,,,,0.0,Continental arc,137.25,36.15,,2009
2.12,4.97,17.35,50.45,0.47,2.03,10.86,0.96,0.11,7.06,48.0,255.0,70.0,26.0,40.0,973.0,718.0,22.0,159.0,19.0,35.8,70.6,8.0,32.3,6.7,1.88,5.6,0.8,4.1,0.7,2.1,1.8,0.28,3.6,1.1,14.4,Continental arc,15.21,38.79,,2011
3.4,8.93,14.9,46.6,0.86,2.57,8.0,1.97,0.34,,33.0,130.0,250.0,60.0,185.0,786.0,611.0,14.95,173.0,42.6,35.12,63.88,7.17,34.32,6.98,2.18,6.53,0.89,4.73,0.74,1.81,1.15,0.17,4.16,2.95,,Continental arc,131.5,43.67,MIOCENE,2007
2.88,6.23,15.72,52.01,0.27,0.9,8.34,1.64,0.16,,17.9,163.0,227.0,,67.0,187.0,397.0,26.6,110.0,11.2,22.3,36.5,7.2,30.6,7.1,2.2,6.4,1.02,5.7,1.1,2.8,2.4,0.36,3.0,1.3,2.4,Continental arc,129.45,33.35,,2009
2.894,7.868,15.364,51.869,0.165,0.658,9.393,0.953,0.162,8.44,12.244,243.085,305.357,34.92,76.902,226.849,283.66,20.706,75.019,1.667,5.379,14.61,2.175,10.58,3.005,0.992,3.404,0.571,3.565,0.755,2.15,2.049,0.307,2.066,0.105,0.589,Continental arc,160.63,56.05,,2017
2.5,6.38,17.57,49.64,0.5,2.17,11.37,0.88,0.16,7.85,68.48,273.0,58.64,32.68,43.17,938.3,740.2,26.15,162.4,17.64,45.01,91.0,10.73,41.56,8.23,2.1,6.59,0.93,4.91,0.93,2.52,2.34,0.35,3.65,1.2,15.95,Continental arc,15.21,38.79,,2012
3.27,5.07,17.17,52.94,0.21,1.1,8.37,1.13,0.17,8.58,15.0,264.0,25.0,,21.0,382.0,366.0,20.0,111.0,2.0,2.0,18.0,,12.0,,,,,,,,,,,,,Continental arc,160.63,56.05,HOLOCENE,1994
2.94,5.31,17.31,52.57,0.37,1.5,9.05,1.04,0.17,9.34,28.9,231.0,76.2,,59.71,783.2,626.1,43.2,136.0,7.17,28.3,53.4,,35.7,8.72,1.42,6.73,,7.78,,5.65,3.26,,,,,Continental arc,-87.331,14.081,,1997
3.38,6.5,17.5,51.6,0.33,1.27,8.49,1.162,0.15,8.59,,224.0,170.0,35.0,62.0,590.0,765.0,,114.0,,,,,,,,,,,,,,,,,,Continental arc,160.25,57.817,QUATERNARY,2010
2.84,7.8676,14.06,46.46,0.742,4.06,12.31,1.155,0.166,8.4,152.0,286.0,309.0,38.1,74.3,754.0,1120.0,28.9,252.0,45.0,94.0,185.0,20.6,78.5,14.4,3.87,10.8,1.35,6.13,1.01,2.4,1.94,0.28,5.06,1.89,18.1,Continental arc,110.858,-6.661,,2022
2.73,8.06,15.1,50.4,0.31,1.15,10.3,1.15,0.17,9.42,27.5,385.0,306.0,40.8,97.0,267.0,342.0,24.8,105.0,2.54,9.66,24.3,3.73,17.5,4.54,1.31,4.46,0.72,4.31,0.87,2.43,2.34,0.34,2.81,0.15,1.05,Continental arc,160.298,55.725,,2015
2.21,7.0,17.48,47.32,0.26,0.75,10.4,1.23,0.14,,25.0,277.0,58.0,32.0,44.0,319.0,458.0,23.0,80.0,4.0,14.0,30.0,,,,,,,,,,,,,,,Continental arc,8.68,39.17,NEOGENE,1997
3.25,6.89,17.39,52.82,0.16,0.7,9.25,0.91,0.16,8.46,10.81,238.0,162.0,34.0,65.0,242.0,340.0,18.44,82.0,1.58,6.48,13.78,2.13,10.69,2.93,1.01,3.45,0.52,3.56,0.7,2.11,1.91,0.28,2.34,0.09,0.55,Continental arc,160.526,55.968,,2013
3.31,6.81,14.81,47.14,0.9,1.39,9.12,3.05,0.18,13.29,21.0,,139.2,,40.0,346.0,967.0,22.0,179.0,28.0,49.7,115.4,,67.5,11.4,3.4,,1.2,,,,2.4,0.3,6.0,2.4,4.5,Continental arc,130.25,33.5,CENOZOIC,2003
3.7,5.92,17.8,51.5,0.56,1.03,8.98,1.44,0.16,8.62,,231.0,114.0,35.0,65.0,520.0,624.0,,160.0,,,,,,,,,,,,,,,,,,Continental arc,160.124,57.403,QUATERNARY,2010
1.69,5.93,18.34,52.09,0.09,0.16,10.71,0.66,0.18,9.06,2.44,,,41.1,22.1,98.3,264.0,12.4,34.7,1.78,3.68,8.51,1.16,5.39,1.55,0.608,1.97,0.342,2.27,0.484,1.46,1.4,0.216,1.05,0.095,0.573,Continental arc,140.14,37.435,,2013
3.28,6.5,18.89,49.33,,0.3,8.86,1.94,0.34,10.4,2.0,170.0,100.0,,105.0,385.0,325.0,32.0,146.0,,15.5,36.0,,12.5,3.5,0.95,3.0,,,,1.45,1.0,,3.9,0.25,0.8,Continental arc,173.0,64.5,EOCENE,1999
1.97,5.87,15.7,49.9,0.21,0.48,10.8,1.16,0.24,13.4,4.8,368.0,27.0,38.0,38.0,92.0,186.0,,45.0,,3.9,9.8,,7.1,2.3,0.91,,0.57,,,,2.43,0.39,1.5,0.07,0.28,Continental arc,162.5,55.5,,1994
3.33,5.57,17.58,51.54,0.32,0.6,9.24,1.35,0.08,8.35,5.5,191.0,203.0,48.6,113.0,232.1,398.7,27.3,166.6,3.55,9.5,20.5,2.46,10.01,2.1,0.64,2.13,0.33,2.01,0.43,1.25,1.15,0.18,1.91,0.18,1.28,Continental arc,137.1,37.35,MIOCENE,2016
2.54,6.09,18.23,50.2,0.36,2.04,11.21,0.93,0.17,,60.0,255.0,72.0,33.0,36.9473684210526,938.0,821.0,26.0,140.0,17.0,41.0,103.0,11.8,48.0,8.68,2.3,7.18,1.08,5.39,1.0,2.7,2.62,0.363,3.8,1.4,16.2,Continental arc,15.216,38.794,HOLOCENE,2006
2.22,7.71,16.43,49.71,0.13,0.28,10.04,0.96,0.21,8.72,,,318.0,67.0,,178.0,359.0,,,,5.9,15.3,,9.0,2.73,0.94,,,,,,2.12,0.22,1.65,1.45,0.6,Continental arc,140.25,39.5,MIOCENE,1988
3.21,7.25,15.62,47.66,0.49,1.75,8.6,1.9,0.15,,42.0,,290.0,51.0,160.0,570.0,600.0,23.0,170.0,,30.7,57.6,,24.4,5.71,1.86,,0.72,,,,2.22,,3.76,2.0,3.68,Continental arc,130.0,33.25,CENOZOIC,1989
2.36,11.3,13.87,51.48,0.14,0.56,9.78,0.81,0.17,8.55,8.5,242.5,807.2,,180.7,219.1,244.1,16.7,63.4,1.0,3.8,14.6,,10.1,,,,,,,,,,,,1.8,Continental arc,160.481,56.085,,
2.67,6.77,16.9,51.56,0.23,1.02,8.86,0.91,0.12,7.6,28.0,211.0,188.0,,98.0,206.0,342.0,23.0,93.0,7.5,11.741,26.499,3.396,14.4,3.5,1.159,3.754,0.62,3.665,0.793,2.33,2.23,0.342,,,,Continental arc,139.415,38.04,MIOCENE,2006
2.87,7.96,14.94,52.22,0.18,0.94,9.66,0.93,0.17,8.39,14.0,242.0,357.0,,81.0,295.0,334.0,19.0,88.0,1.0,3.0,18.0,,4.0,,,,,,,,,,,,,Continental arc,160.63,56.05,HOLOCENE,1994; 1995
4.15,4.74,16.63,50.85,0.41,2.3,6.93,2.38,0.13,10.34,47.0,,232.0,41.0,79.0,614.0,404.0,25.0,200.0,24.0,,,,,,,,,,,,,,,,,Continental arc,136.05,35.65,,2002
3.05,5.21,18.22,49.64,0.26,0.85,9.51,0.87,0.18,9.59,19.6,257.0,45.8,30.6,22.1,481.0,584.0,18.5,69.6,14.8,13.2,24.2,3.15,13.6,3.21,1.11,3.33,0.53,3.23,0.66,1.83,1.82,0.27,1.87,0.75,2.75,Continental arc,-87.642,13.29,,2012
2.81,9.54,14.76,46.05,0.62,1.8,9.86,2.37,0.17,,70.0,,320.0,52.0,190.0,570.0,710.0,28.0,230.0,,44.9,87.2,,34.8,7.6,2.21,,0.88,,,,2.53,,4.86,2.6,6.33,Continental arc,133.5,34.75,CENOZOIC,1989
2.21,9.49,16.66,47.37,0.241,0.63,13.27,0.98,0.166,8.99,14.0,299.0,294.0,,94.0,692.0,848.0,24.0,84.0,3.3,36.0,69.0,,28.0,,,,,,,,,,,,8.0,Continental arc,94.999,22.228,,2018
1.725,8.175,16.77,50.483,0.083,0.107,10.286,0.79,0.168,,2.46,252.108,245.413,39.356,83.976,68.671,300.137,13.959,33.793,1.315,,,,,,,,,,,,,,,,,Continental arc,140.999,39.83,,2017
2.469,10.55,13.769,51.602,0.13,0.582,10.029,0.823,0.168,8.5,11.292,241.476,679.089,40.624,161.864,225.609,247.41,18.223,61.496,,,,,,,,,,,,,,,,,,Continental arc,160.791,56.153,,2017
3.47936994325719,7.63355716945735,16.4442844580455,49.0320432925869,0.45121512232442,1.30150495283799,9.58180379762701,1.77578218141455,0.175472547570608,9.70623535180241,31.5713714514194,258.129399932953,98.0441640378549,37.8856382978723,107.656612529002,421.879194630872,675.833208787924,21.9504876219055,159.357898577162,16.1308677098151,19.5873629916183,43.6613272311213,5.76041666666667,24.4400527009223,5.47786458333333,1.76117496807152,5.49894736842105,0.792583436341162,4.52689486552567,0.859649122807018,2.30289279636982,1.99672131147541,0.299784250269687,3.68144252441773,0.715367146101438,2.2703818369453,Continental arc,157.512,55.628,CENOZOIC,
2.74,4.67,17.75,52.8,0.38,2.08,9.22,0.99,0.15,,72.0,267.0,14.0,28.0,20.0,941.0,668.0,24.0,154.0,18.0,43.0,85.0,10.2,38.0,7.5,2.0,6.7,0.86,4.86,0.85,2.28,2.34,0.31,3.5,1.15,17.3,Continental arc,15.21,38.79,HOLOCENE,2000; 2001
2.68,6.11,18.48,50.89,0.26,1.06,10.61,0.79,0.16,,24.0,,172.0,31.0,48.0,347.0,814.0,14.0,84.0,6.0,17.3,35.2,,15.0,3.23,1.15,,0.56,,,,1.86,0.32,1.69,0.34,2.9,Continental arc,11.366,38.55,PLEISTOCENE,1992; 1998; 2004
2.81,10.49,14.68,47.14,0.5,1.19,10.71,1.65,0.16,,20.0,190.0,439.0,42.0,119.0,484.0,665.0,,156.0,,,,,,,,,,,,,,,,,,Continental arc,131.0,34.0,QUATERNARY,1986
2.07,6.52,17.35,49.94,0.31,0.39,11.83,1.01,0.1,8.41,12.0,,189.0,,86.0,117.0,427.0,25.0,70.0,5.6,,,,13.5,3.5,,,,,,,,,,,,Continental arc,138.835,37.75,MIOCENE,2006
3.35,4.63,18.46,52.52,0.19,0.8,9.2,0.93,0.15,8.76,13.0,206.0,51.0,,18.0,322.0,545.0,17.0,111.0,,,,,,,,,,,,,,,,,,Continental arc,-91.55,14.76,HOLOCENE,1987
2.66,8.41,14.7,51.99,0.23,1.46,10.07,0.85,0.16,,25.0,243.0,346.0,39.0,92.0,443.0,503.0,18.0,95.0,3.7,9.03,22.24,3.3,15.19,3.82,1.11,3.31,0.52,3.1,0.61,1.73,1.67,0.25,2.5,0.42,1.45,Continental arc,157.75,55.72,,2001
2.49,7.78,15.91,52.28,0.35,0.86,8.72,1.23,0.21,9.16,22.0,,425.0,39.0,115.0,143.0,448.0,26.0,148.0,7.0,16.4,33.2,,20.0,4.5,1.5,,0.6,,,,2.1,0.3,3.0,0.3,2.2,Continental arc,137.5,35.75,PLEISTOCENE,2000
3.07,4.92,13.92,51.22,0.31,1.38,9.04,1.3,0.21,13.38,25.99,481.07,22.61,39.27,32.3,951.11,393.28,33.72,124.77,3.22,12.42,25.17,3.88,19.19,5.13,1.51,5.76,0.86,5.59,1.18,3.53,3.24,0.5,,,2.17,Continental arc,-86.0,12.0,,2021
2.13,9.2,15.32,51.03,0.08,0.41,10.1,0.63,0.18,,41.0,,524.0,,179.0,129.0,191.0,15.0,59.0,5.0,6.03,17.39,,7.77,2.5,0.65,2.42,,2.64,,1.49,1.46,0.3,,,,Continental arc,8.55,39.58,CENOZOIC,1997
3.83016393442623,6.09,16.26,46.41,0.82,2.96,8.47,2.53,0.16,8.82714602216013,92.0,215.0,181.0,31.0,90.0,923.0,924.0,27.0,307.0,,,,,,,,,,,,,,,,,,Continental arc,-1.113,37.568,NEOGENE,2005
4.12,4.54,17.44,49.8,0.67,1.99,7.38,2.06,0.18,,26.0,215.0,5.0,29.0,11.0,494.0,738.0,25.0,215.0,27.2,27.43,57.82,7.48,33.37,7.56,2.26,6.53,0.99,5.53,1.07,2.92,2.73,0.41,5.03,1.31,2.89,Continental arc,157.75,55.72,,2001
3.28,5.1,16.6,50.5,0.35,1.25,8.15,1.35,0.21,12.9,30.4,256.0,70.0,,,223.0,321.0,30.6,181.0,12.5,18.9,40.8,5.22,21.9,5.53,1.65,5.8,0.97,5.75,1.17,3.3,3.2,0.51,4.3,0.7,5.51,Continental arc,109.21,-7.24,HOLOCENE,2021
2.64379713003337,9.0130267718938,15.5003331888217,52.7887381912373,0.0971717731930374,0.568903524830544,9.63488442258864,0.655947558335282,0.154311710709978,8.64,12.1,256.2,366.3,,136.0,202.2,200.8,17.2846306971415,56.8,1.77380530366927,4.96888847319213,10.4225241436831,1.64253401065404,7.68623737657873,2.02253058141325,0.747536787057839,2.27216554010111,0.400521294783957,2.52290819217486,0.582440243101514,1.6255201298692,1.55075497823471,0.234517137555754,1.73199216319158,0.391654688165574,1.17955826214077,Continental arc,175.58,-39.285,,2017
1.75,5.14,18.35,48.71,0.16,1.0,10.73,0.83,0.18,,17.0,252.0,17.0,,16.0,240.0,385.0,18.0,64.0,7.0,9.8,21.2,,11.9,3.12,0.97,2.81,,3.08,,1.68,1.79,0.26,,,6.0,Continental arc,8.65,40.3,CENOZOIC,1997
2.93,6.22,17.12,49.7,0.22,0.42,10.38,1.33,0.18,9.4,12.0,,,,0.0,,303.0,,125.0,,,,,,,,,,,,,,,,,,Continental arc,176.094,-38.509,,2014
3.2,6.04,17.58,52.28,0.18,0.67,9.54,1.11,0.18,9.22,9.0,277.0,76.0,32.0,24.0,198.0,327.0,25.3,89.0,2.7,8.0,19.0,,13.3,3.5,,,,,,,2.2,,2.3,,1.0,Continental arc,160.547,55.996,,2013
2.45,7.02,17.86,49.67,0.34,1.65,9.61,0.99,0.17,9.03,34.9703333333333,269.681666666667,180.445333333333,46.7996666666667,74.367,244.517333333333,546.66,20.9626666666667,73.3893333333333,3.493,13.245,25.7656666666667,4.31966666666667,19.212,4.97733333333333,1.61233333333333,4.93966666666667,0.686333333333333,4.256,0.709666666666667,2.03433333333333,1.87933333333333,0.270333333333333,1.96666666666667,0.515,0.762666666666667,Continental arc,-86.0,13.0,,2020
2.339,7.001,17.029,52.318,0.269,1.804,10.95,0.77,0.146,7.27,59.9,,247.0,,87.4,728.0,515.0,19.3,102.0,10.9,26.7,53.7,6.38,25.9,5.14,1.38,5.07,0.686,3.94,0.775,2.16,2.03,0.308,,,11.3,Continental arc,15.21,38.79,,2012
3.19,9.28,14.25,50.3,0.05,0.28,10.18,0.81,0.18,11.47,7.0,,805.0,40.0,170.0,322.0,834.0,22.0,69.0,4.0,,,,,,,,,,,,,,,,,Continental arc,78.2,34.9,PERMIAN,2007
2.802,8.132,15.363,51.982,0.161,0.661,9.398,0.956,0.165,8.7,12.919,250.688,323.534,37.141,89.385,234.887,285.612,19.443,75.975,1.798,5.253,13.84,2.131,10.44,2.994,0.985,3.444,0.566,3.454,0.734,2.116,1.97,0.307,2.085,0.11,0.519,Continental arc,160.806,56.315,,2017
1.47,6.15,13.52,50.57,0.13,0.35,9.58,1.38,0.25,14.2,5.0,420.0,74.0,54.0,56.0,79.8,148.0,33.1,117.0,4.13,5.78,13.7,1.95,9.862,3.398,1.08,3.96,0.69,4.92,1.05,3.29,3.04,0.45,3.11,,0.723,Continental arc,140.43,38.15,ARCHEAN,1961; 1987; 1991; 1993; 1997
2.56,5.66,18.4,49.3,0.41,2.16,11.1,1.01,0.17,,83.0,269.0,75.0,33.9,36.0,989.0,757.0,27.0,160.0,21.0,48.5,97.0,,51.0,8.5,2.2,,0.94,,,,2.6,0.28,3.7,1.3,15.7,Continental arc,15.21,38.79,,1988
3.7,7.04,14.46,49.94,0.37,0.99,7.87,2.18,0.14,12.19,9.3,196.0,211.0,54.0,140.0,372.0,483.0,27.6,127.0,25.41,21.28,38.66,4.79,21.54,6.12,2.2,6.37,0.99,5.82,1.04,2.54,1.92,0.29,3.47,1.49,2.81,Continental arc,139.0,47.5,MIOCENE,2005
1.77,7.33,18.19,51.23,0.24,1.23,9.99,0.88,0.12,7.13,41.3,,200.0,43.94,93.0,,425.0,26.0,86.0,5.6,15.23,33.74,4.12,17.77,4.0,1.24,3.94,0.62,3.71,0.81,2.32,2.22,0.35,2.11,0.34,5.22,Continental arc,139.25,42.15,PLIOCENE,1991; 2011
2.53,6.19,17.21,49.91,0.55,2.15,11.16,0.91,0.17,,61.0,263.0,56.0,33.0,40.6,950.0,781.0,26.0,157.0,21.0,45.43,95.0,10.1,41.0,8.38,2.16,6.31,0.86,4.66,0.88,2.39,2.33,0.33,3.89,1.3,14.95,Continental arc,15.216,38.794,HOLOCENE,2006
2.921,9.251,17.34,48.27,0.1871,1.055,11.13,0.888,0.1588,7.7,49.24,290.4,325.2,45.6,173.3,269.7,452.7,19.18,91.14,5.579,14.16,31.34,3.801,15.34,3.418,1.113,3.246,0.5238,3.365,0.6825,1.967,1.936,0.2822,2.034,0.2695,4.448,Continental arc,23.306,37.632,,2022
2.85,4.89,17.41,50.04,0.14,0.57,9.34,0.942,0.177,10.2,14.0,239.0,0.0,,,166.0,206.0,26.0,76.0,4.0,7.5,17.3,2.25,11.0,3.2,1.07,3.8,0.7,4.2,0.9,2.6,2.7,0.4,2.4,0.2,0.8,Continental arc,140.759,37.803,,2009
3.72,6.34,15.31,51.6,0.42,1.61,7.64,2.04,0.09,,29.0,158.0,186.0,41.0,181.0,788.0,589.0,22.0,176.0,28.0,30.0,80.0,,29.0,,,,,,,,,,,,,Continental arc,8.5,40.5,PLIOCENE,1990
2.71,6.17,17.79,52.21,0.097,0.603,10.81,0.843,0.156,,17.5,268.4,97.6,31.9,43.5,118.1,200.0,22.65,82.9,3.0,6.77,15.43,2.12,9.67,2.7,0.83,3.09,0.58,3.64,0.79,2.33,2.32,0.35,2.41,0.15,3.18,Continental arc,25.4,36.6,,2009
2.26416647798613,6.48374945968754,17.4649568779203,49.7807875182677,0.154374987135418,1.26587489451043,11.2076240660313,1.21132906572258,0.163637486363543,9.0,37.1727822141136,365.6,55.0,26.6,8.0,312.041163699433,358.289354229057,24.2174845649965,98.2170592148748,6.42027602632668,21.0,33.6710090841545,4.63129862737072,19.6337772668794,4.703344309718,1.14,3.42917107459053,0.694012877022554,4.33960344829772,0.795346570976708,2.56425947958147,2.30346615310659,0.40464218393291,2.72461741335534,0.218092384967096,2.98505364615723,Continental arc,8.392,40.34,CENOZOIC,2018
3.04,8.77,15.25,49.44,0.7,1.4,10.94,1.01,0.11,6.28,30.0,162.0,166.0,,179.0,1318.0,3390.0,16.0,208.0,9.0,,,,86.4,13.6,,,,,,,,,,,,Continental arc,133.0,35.0,CENOZOIC,1990
2.142,5.441,18.135,52.348,0.111,0.232,8.189,0.903,0.2,,1.891,263.603,60.351,35.539,18.155,156.663,241.115,23.77,69.712,3.518,,,,,,,,,,,,,,,,,Continental arc,140.844,39.791,,2017
2.93,6.35,16.56,50.31,0.2,0.56,10.93,1.34,0.16,8.93,12.0,281.0,140.0,,0.0,146.0,334.0,24.8,104.0,6.44,9.8,22.1,3.26,14.6,3.76,1.28,3.83,0.67,4.24,0.87,2.42,2.39,0.34,2.54,0.38,1.4,Continental arc,176.006,-38.685,,2014
2.38,10.12,14.13,50.22,0.28,0.88,10.93,0.92,0.18,9.33,,,651.0,43.0,137.0,246.0,318.0,,,,6.91,18.2,,12.2,3.47,0.98,,0.63,,,,2.03,0.29,2.07,0.13,0.56,Continental arc,160.37,55.82,,2000
2.52,5.26,17.67,52.09,0.11,0.6,9.69,0.802,0.158,8.54,18.0,232.0,80.0,,,161.0,231.0,24.0,69.0,4.0,8.7,18.5,2.23,9.9,2.7,0.94,3.2,0.6,3.7,0.7,2.3,2.3,0.34,2.1,0.3,1.9,Continental arc,140.691,37.764,,2009
2.27,6.98,16.93,52.13,0.27,1.77,10.66,0.74,0.15,,53.0,240.0,139.0,35.0,65.0,712.0,464.0,23.0,116.0,12.0,16.0,54.0,,31.0,,,,,,,,,,,,,Continental arc,15.21,38.79,,1993
2.35,7.69,17.18,51.88,0.17,0.72,9.65,0.71,0.17,7.53,25.42,206.63,308.2,,105.4,239.8,402.23,21.22,63.91,2.1,,,,,,,,,,,,,,,,,Continental arc,140.225,42.78,,2011
2.32,6.95,17.47,49.52,0.3,0.67,11.53,0.81,0.14,9.04,16.0,299.0,66.0,,20.0,76.0,423.0,21.0,44.0,4.0,5.0,29.0,,,,,,,,,,,,,,,Continental arc,8.87,39.63,CENOZOIC,1997
2.75,7.17,17.91,49.94,0.14,0.31,10.16,1.2,0.1,7.75,4.55,226.05,204.1,,142.5,55.6,281.31,27.21,94.86,3.72,,,,,,,,,,,,,,,,,Continental arc,140.015,42.135,,2011
3.74,9.42,15.27,47.41,0.34,1.21,8.12,1.53,0.16,,19.0,210.0,442.0,41.5,218.0,227.0,545.0,20.0,138.0,21.0,14.3,30.6,,16.0,4.28,1.32,4.1,0.67,,,,1.6,0.21,2.8,1.1,1.25,Continental arc,162.2,55.5,,1997
2.09,9.2,16.37,49.93,0.35,1.28,8.84,1.03,0.13,,10.0,,,,118.0,482.0,1157.0,,,,,,,33.6,3.34,,,,,,,,,,,,Continental arc,134.0,35.25,CENOZOIC,1988
3.03,6.26,16.72,52.29,0.16,0.77,9.32,1.08,0.17,8.85,13.0,258.0,118.0,,30.0,288.0,338.0,21.0,96.0,2.0,2.0,12.0,,10.0,,,,,,,,,,,,,Continental arc,160.63,56.05,HOLOCENE,1994; 1995
2.75054672545544,8.07891028651949,16.6154032636858,51.1280473946575,0.480815365889382,1.13739097057026,9.72135941453658,1.23234190417027,0.150507330919155,8.70467734359611,20.09,,,,83.8536070180598,589.878843618442,1138.82636276595,15.98,86.43,18.52,35.94,65.03,7.72,28.63,5.066,1.611,4.219,0.5772,3.328,0.6242,1.62,1.553,0.2265,2.476,0.7849,4.89,Continental arc,131.0,34.0,QUATERNARY,2014
2.42,5.75,16.6,52.86,0.57,3.82,9.63,0.92,0.15,7.39,126.0,239.0,80.0,22.0,40.0,1455.0,702.0,26.0,168.0,30.0,51.0,105.0,12.4,43.0,8.7,2.2,7.5,1.1,5.6,1.0,2.7,2.4,0.36,4.4,1.3,17.9,Continental arc,15.225,38.81,HOLOCENE,2014
3.99,5.46,15.59,46.79,0.83,2.18,7.51,2.78,0.17,10.52,48.0,148.0,107.0,30.0,98.0,686.0,1000.0,30.3,407.0,79.5,59.0,114.0,14.0,55.5,11.1,3.59,8.91,1.33,6.77,1.12,3.07,2.43,0.325,9.4,5.91,8.7,Continental arc,-0.45,39.37,NEOGENE,2002
3.69,6.49,16.9,52.8,0.5,1.12,8.08,1.227,0.16,8.05,16.0,190.0,166.0,36.0,115.0,461.0,570.0,25.0,154.0,11.9,17.01,39.25,5.21,22.46,5.13,1.59,5.0,0.74,4.54,0.91,2.59,2.32,0.36,3.5,0.77,1.83,Continental arc,160.445,57.613,QUATERNARY,2010
1.72,6.03,17.04,50.68,0.05,0.09,11.01,0.77,0.18,10.19,1.75,,,,,,188.0,,,,,,,4.27,1.5,,,,,,,,,,,,Continental arc,140.065,40.175,PLIOCENE,2006; 2008
2.16,10.76,14.96,48.22,0.27,1.14,9.44,1.67,0.14,8.85,11.0,200.0,670.0,25.0,205.0,57.0,384.0,17.0,30.0,7.0,10.5,16.0,,,,,,,,,,,,,,,Continental arc,8.87,39.63,CENOZOIC,2000
2.76,5.08,18.2,49.4,0.17,1.09,10.6,0.86,0.15,9.017,13.7,,,,,586.0,350.0,17.6,46.2,1.32,5.42,12.6,1.89,8.92,2.67,0.98,3.01,0.51,3.14,0.66,1.87,1.81,0.25,1.43,,1.14,Continental arc,171.1,60.8,CRETACEOUS,2023
3.22,6.98,16.71,52.27,0.19,0.74,9.74,1.11,0.17,8.86,11.0,271.0,121.0,35.0,51.0,235.0,311.0,24.1,98.0,2.9,9.0,18.0,,11.7,3.1,,,,,,,2.5,,2.6,,0.8,Continental arc,160.516,56.006,,2013
2.82,7.35,15.01,46.08,0.82,2.06,9.24,2.64,0.2,,52.0,,200.0,43.0,96.0,1080.0,1660.0,26.0,280.0,,52.0,102.0,,44.1,8.64,2.42,,0.99,,,,2.42,,5.48,3.2,6.96,Continental arc,133.5,34.75,CENOZOIC,1989
3.25,5.47,17.3,47.65,0.4,2.7,10.95,1.38,0.15,,74.0,,,,,1180.0,900.0,,,,,,,,,,,,,,,,,,,,Continental arc,14.0,40.76,QUATERNARY,1984
3.04548186736125,4.79863754758565,15.2474454017231,50.6511721097976,0.250450811460629,1.21218192746944,9.5572029653376,1.11200160288519,0.230414746543779,12.5,29.0,408.0,7.0,48.0,0.0,852.0,403.0,19.0,81.0,,,55.0,,,,,,,,,,,,,,29.0,Continental arc,-86.0,12.0,HOLOCENE,2020
2.08,8.0,15.8,48.3,0.09,0.14,13.0,1.15,0.18,10.4,4.0,263.0,291.0,,82.0,126.0,289.0,20.0,54.0,3.3,3.6,11.2,,7.0,2.66,0.97,3.22,,3.68,,1.79,1.62,,,,,Continental arc,-85.98,11.97,,1990
2.39,5.34,16.3,50.4,0.34,2.49,10.1,0.865,0.164,8.18,85.3,277.0,183.0,29.5,56.0,338.0,596.0,26.3,125.0,4.1,36.7,78.1,9.84,40.3,8.61,2.17,7.54,1.01,5.03,0.919,2.4,2.09,0.325,2.8,0.231,10.1,Continental arc,107.36,-6.579,,2022
2.52,7.71,16.71,48.85,0.11,0.4,11.1,0.81,0.16,,5.0,262.0,244.0,38.0,74.0,118.0,339.0,15.0,47.0,1.6,5.66,13.56,1.81,8.21,2.2,0.75,2.51,0.43,2.54,0.53,1.51,1.44,0.22,1.37,0.14,0.84,Continental arc,159.6,54.07,NEOGENE,2009
4.37,7.31,15.85,47.42,0.52,1.85,8.38,1.78,0.16,,51.0,,220.0,29.0,140.0,630.0,560.0,21.0,160.0,,43.5,66.9,,29.5,6.88,2.44,,1.23,,,,2.42,,4.63,2.6,2.48,Continental arc,130.0,33.25,CENOZOIC,1989
2.8,6.65,16.4,48.87,0.44,1.32,9.59,2.14,0.16,9.65,34.0,336.0,149.0,44.0,59.0,459.0,657.0,25.0,163.0,25.3,38.6,,,,,,,,,,,,,,,6.0,Continental arc,129.9,33.1,CENOZOIC,2009
2.45,4.68,18.74,51.88,0.14,0.99,10.64,0.66,0.16,,19.0,381.0,27.0,27.0,11.0,284.0,661.0,16.0,49.0,,11.0,40.0,,,,,,,,,,,,,,,Continental arc,15.25,38.625,,1974; 2000
2.15,5.16,16.39,47.23,0.35,1.29,9.73,1.15,0.11,,,260.0,44.0,16.0,23.0,,,,93.0,,,,,,,,,,,,,,,,,,Continental arc,133.0,43.5,CRETACEOUS,2002
2.52,7.71,16.71,48.85,0.11,0.4,11.1,0.81,0.16,,5.0,262.0,244.0,38.0,74.0,118.0,339.0,15.0,47.0,1.6,5.66,13.56,1.81,8.21,2.2,0.75,2.51,0.43,2.54,0.53,1.51,1.44,0.22,1.37,0.14,0.84,Continental arc,158.85,53.885,,2008
3.51,4.67,18.63,52.41,0.23,0.64,8.96,1.08,0.17,8.82,,223.0,29.0,,17.0,120.0,246.0,,118.3,,,,,,,,,,,,,,,,,,Continental arc,108.05,-7.25,,2009
3.17,8.6,16.52,45.6,0.36,0.8,6.04,3.48,0.3,13.61,11.0,244.0,112.0,50.0,93.0,461.0,465.0,27.0,158.0,31.2,,,,,,,,,,,,,,,,,Continental arc,134.45,34.0,MESOZOIC,2004
2.51,6.05,17.41,48.89,0.36,2.03,11.17,1.0,0.17,,69.0,276.0,61.0,32.0,44.0,923.0,720.0,26.0,160.0,18.1,45.0,89.0,10.6,41.0,8.3,2.1,6.6,0.91,4.9,0.88,2.4,2.3,0.35,3.6,1.2,14.66,Continental arc,15.216,38.794,HOLOCENE,2006
2.44,9.44,14.0,49.9,0.33,1.16,10.2,1.15,0.18,9.54,,284.0,464.0,40.2,147.0,297.0,303.0,22.3,104.0,4.4,11.8,27.3,,21.3,4.7,1.41,4.9,0.79,4.4,,,2.5,0.39,4.0,0.21,1.031,Continental arc,160.63,56.2,PLEISTOCENE,1997; 1998; 2018
2.789,7.557,15.636,52.522,0.155,0.638,9.092,0.91,0.159,8.62,12.836,244.814,265.678,35.885,89.427,274.81,301.433,20.36,73.512,1.48,5.221,13.32,2.097,10.1,2.821,0.953,3.154,0.544,3.265,0.716,2.005,1.921,0.292,1.984,0.09,0.604,Continental arc,161.769,56.125,,2017
2.04,7.92,16.35,49.89,0.23,0.15,7.6,1.38,0.22,,16.2,299.0,320.0,,177.0,184.0,200.0,18.4,87.8,10.0,12.6,27.3,3.08,12.9,3.02,1.09,3.55,0.6,3.67,0.75,2.05,1.8,0.28,2.22,0.64,2.26,Continental arc,130.25,33.25,,2009
3.02,4.924,17.762,51.466,0.258,1.246,8.358,1.05,0.152,8.75,26.7175446,,32.9505272,,22.8312893,406.388733,439.863434,25.0967216,97.3827896,2.88284445,10.6510582,25.3578434,3.62065578,17.5278664,4.45254135,1.4115783,4.68767929,0.701089501,4.32075214,0.763789952,2.43371511,2.58084011,0.401237369,2.60223842,0.182302043,1.11809886,Continental arc,160.366,55.822,,2015
2.9,4.59,16.9,52.83,0.16,1.22,9.4,0.95,0.15,,41.0,281.0,132.0,41.0,54.0,,286.0,33.0,91.0,,,,,,,,,,,,,,,,,,Continental arc,141.25,41.0,,1988; 1994
2.79,8.48,16.48,52.89,0.12,0.5,9.33,0.87,0.17,8.37,16.0,,,,136.0,94.0,210.0,36.0,108.0,2.8,,,,,,,,,,,,,,,,,Continental arc,137.0,37.5,OLIGOCENE,1995
2.41,5.93,16.7,50.35,0.27,1.33,10.5,0.95,0.13,9.03,36.0,284.0,59.0,,15.0,145.0,322.0,25.0,71.0,6.0,9.0,34.0,,,,,,,,,,,,,,,Continental arc,8.87,39.63,CENOZOIC,1997
2.93,6.31,15.78,51.66,0.46,1.51,8.88,1.47,0.18,,44.0,,,,45.0,378.0,329.0,31.0,180.0,3.7,,,,,,,,,,,,,,,,2.1,Continental arc,157.5,52.5,,1995
3.38,6.76,15.59,52.42,0.16,0.98,8.98,0.93,0.17,8.01,14.0,237.0,211.0,,55.0,296.0,345.0,18.0,91.0,2.0,2.0,22.0,,1.0,,,,,,,,,,,,,Continental arc,160.63,56.05,HOLOCENE,1994
2.94,5.67,17.43,52.1,0.35,2.43,9.73,0.94,0.15,,67.0,2.64,73.0,28.0,36.0,687.0,565.0,25.0,161.0,15.0,50.0,77.0,,31.0,,,,,,,,,,,,,Continental arc,15.21,38.79,,1993
3.12,9.33,12.2,49.0,0.206,0.106,11.1,0.633,0.194,11.52,5.37,259.0,319.0,39.0,108.0,13.2,153.0,12.8,40.0,1.37,5.24,17.1,2.78,14.1,3.83,1.19,3.46,0.456,2.71,0.526,1.46,1.26,0.188,1.64,0.105,,Continental arc,137.65,36.2,,2017
3.53,9.09,16.44,51.02,0.31,1.13,8.9,1.17,0.13,7.72,27.7,,,,160.2,404.0,820.0,15.9,121.0,10.0,20.5,47.6,,,3.9,1.4,,,,,,1.6,0.3,2.9,0.5,2.6,Continental arc,133.57,35.38,QUATERNARY,2000
1.98,8.82,15.38,52.27,0.16,0.99,9.76,0.61,0.16,8.88,21.8,242.0,357.0,36.0,117.0,179.0,184.0,15.2,50.0,2.1,7.2,15.2,2.0,8.5,2.18,0.68,2.4,0.4,2.52,0.53,1.53,1.6,0.25,,,,Continental arc,8.75,39.8,CENOZOIC,2013
2.44,9.88,13.48,49.76,0.25,1.03,11.6,1.02,0.16,,11.6,250.0,265.0,42.0,120.0,330.0,315.0,24.0,70.0,2.7,,0.0,,,,,,,,,,2.6,,1.0,1.1,,Continental arc,160.27,55.615,HOLOCENE,1981
4.1,8.16,14.0,46.12,0.95,2.45,8.74,3.06,0.17,,38.0,218.0,600.0,51.0,115.0,583.0,756.0,26.0,254.0,57.0,50.0,77.0,,,8.3,2.1,,1.6,,,,2.0,0.3,6.9,6.2,5.2,Continental arc,173.0,64.5,PLEISTOCENE,1999
3.72,9.03,16.05,51.0,0.45,1.09,8.15,1.61,0.15,,16.0,156.0,362.0,40.0,257.0,281.0,550.0,30.0,214.0,,,,,,,,,,,,,,,,,,Continental arc,158.07,53.93,,2000
2.06,10.03,14.34,52.1,0.16,1.1,8.91,0.66,0.18,9.42,39.7,233.0,580.0,43.0,178.0,202.0,157.0,17.8,66.0,3.2,10.2,20.9,2.7,11.2,2.71,0.73,2.8,0.45,2.84,0.58,1.69,1.7,0.28,1.89,0.25,3.83,Continental arc,8.55,39.58,CENOZOIC / NEOGENE,2009; 2013
2.812,8.139,15.178,51.463,0.149,0.687,9.387,0.88,0.162,8.73,13.42,243.081,332.585,37.033,103.246,266.714,294.371,20.242,69.557,,,,,,,,,,,,,,,,,,Continental arc,161.769,56.125,,2017
2.8,6.6,15.9,49.8,0.3,2.8,9.9,0.8,0.16,,70.0,200.0,57.0,29.0,22.0,791.0,1030.0,11.0,80.0,,27.0,57.0,,,,,,,,,,,,,,,Continental arc,14.962,38.404,,1974
5.81,6.12,17.48,47.53,0.75,1.01,8.37,2.61,0.14,8.56,24.0,214.0,206.0,35.0,152.0,917.0,837.0,20.0,274.0,141.0,56.8,114.0,10.7,42.2,8.41,2.64,8.07,1.08,5.45,1.03,2.61,1.81,0.3,,,20.0,Continental arc,-1.15,37.65,,2015
2.9,5.72,17.28,51.71,0.33,2.36,10.05,0.86,0.15,,70.0,254.0,87.0,29.0,40.0,734.0,640.0,26.0,157.0,17.0,66.0,99.0,,34.0,,,,,,,,,,,,,Continental arc,15.21,38.79,,1993
3.18,6.37,18.34,52.71,0.54,1.57,8.04,1.46,0.13,7.66,22.0,189.0,124.0,28.0,33.0,857.0,731.0,,184.0,,,,,,,,,,,,,,,,,,Continental arc,131.0,34.0,QUATERNARY,1986
2.96,5.05,17.64,51.78,0.06,1.05,12.02,0.96,0.04,7.59,27.9,180.51,376.17,37.52,150.01,288.35,350.02,20.02,99.68,4.09,10.51,24.4,3.09,13.78,3.26,1.05,3.64,0.63,3.65,0.78,2.17,2.04,0.28,2.84,0.32,3.02,Continental arc,160.25,59.0,,2008
3.65,4.52,18.74,51.14,0.12,0.74,7.22,1.08,0.18,10.93,10.17,,,45.17,4.14,220.0,303.4,23.55,47.34,,14.27,27.12,3.84,16.48,3.94,1.55,3.0,0.68,3.84,0.92,2.21,2.5,0.32,1.19,,0.66,Continental arc,25.45,36.4,,
2.71,8.42,16.67,49.1,0.24,0.08,9.65,1.66,0.14,,1.0,238.0,270.0,42.0,126.0,26.0,208.0,33.0,116.0,3.0,3.75,13.9,,11.3,3.82,1.32,4.78,,4.35,,2.74,2.47,0.46,,,,Continental arc,134.952,32.355,,1993
2.64,5.78,17.95,49.65,0.17,0.32,9.48,1.14,0.18,9.81,4.0,266.0,38.0,,24.0,494.0,296.0,34.0,88.0,5.0,0.0,31.0,,16.0,,,,,,,,,,,,3.0,Continental arc,176.0,-38.8,,2007
2.66,7.7,15.74,50.73,,1.0,10.46,1.25,0.19,10.11,39.0,318.0,256.0,44.8,63.6,277.0,279.0,35.0,179.0,12.7,19.6,31.1,5.55,17.3,4.33,1.24,4.74,0.956,4.5,1.19,2.64,2.43,0.48,3.77,0.788,4.81,Continental arc,109.166,-7.233,QUATERNARY,1989; 2002
2.27,7.46,18.3,46.2,0.295,0.46,9.88,1.48,0.16,10.71,9.3,287.0,133.0,43.5,49.2,191.0,345.0,30.0,133.0,10.6,18.6,42.5,,21.5,,,,,,,,,,,,4.1,Continental arc,109.22,-7.2,,
2.43,5.86,16.72,52.42,0.56,3.86,9.84,0.93,0.14,7.35,132.0,242.0,180.0,34.0,40.0,1481.0,702.0,26.0,164.0,30.0,52.0,106.0,12.3,42.0,8.6,2.2,7.6,1.1,5.5,1.0,2.7,2.4,0.36,4.3,1.3,17.8,Continental arc,15.212,38.805,HOLOCENE,2014
2.15,9.47,14.33,48.17,0.35,0.73,8.93,2.18,0.2,,,184.4,267.0,,164.0,,381.8,,,,,,,,,,,,,,,,,,,,Continental arc,130.25,33.25,,2005
3.18,7.81,15.18,48.49,0.42,1.64,9.12,1.9,0.16,,38.0,,200.0,43.0,100.0,510.0,550.0,21.0,170.0,,25.9,51.6,,22.1,5.04,1.82,,0.81,,,,2.08,,4.26,2.6,3.83,Continental arc,130.0,33.25,CENOZOIC,1989
1.701,6.297,18.311,49.693,0.07,0.106,10.472,0.837,0.183,,1.665,263.935,76.432,34.824,32.232,85.081,259.927,15.759,31.897,0.893,,,,,,,,,,,,,,,,,Continental arc,140.924,39.823,,2017
4.16,5.68,14.65,48.54,0.71,1.33,6.56,2.87,0.17,,41.0,,,,67.0,630.0,1050.0,32.0,359.0,69.0,86.0,152.0,,,,,,,,,,,,,,,Continental arc,-0.45,39.37,NEOGENE,1984
2.72,6.06,17.5,50.66,0.18,0.39,10.48,1.11,0.18,,9.0,292.0,44.0,,33.0,158.0,347.0,25.0,84.0,4.0,9.14,20.7,,16.7,3.68,1.24,,0.57,,,,2.14,0.29,2.36,0.25,1.47,Continental arc,176.0,-38.5,,1993
1.905,7.069,17.885,50.681,0.085,0.12,10.245,0.714,0.177,,2.824,221.428,114.643,39.745,54.268,69.449,276.301,14.575,33.196,1.618,,,,,,,,,,,,,,,,,Continental arc,141.004,39.847,,2017
2.4,11.3,16.2,48.7,,0.4,11.3,1.0,0.2,,5.9,,558.0,,188.0,73.0,378.0,,59.0,,3.9,7.6,,,2.0,0.84,,0.38,,,,1.6,,1.3,,0.811,Continental arc,108.05,-7.25,HOLOCENE,1992
1.84,6.28,17.48,49.88,0.2,0.34,11.1,1.13,0.2,10.51,7.0,356.0,45.0,,28.0,119.0,401.0,21.0,76.0,4.0,11.0,25.0,,10.0,,,,,,,,,,,,3.0,Continental arc,176.05,-38.665,,1994
3.45,6.9,15.45,47.3,1.07,0.78,9.64,2.35,0.18,11.6,17.0,,,,,,710.0,38.0,373.0,38.0,,,,,,,,,,,,,,,,,Continental arc,137.5,35.75,,2000
2.55,6.52,17.4,49.79,0.45,2.19,11.48,0.87,0.15,7.87,65.9,268.7,80.0,32.5,43.8,957.7,727.1,25.5,159.6,17.9,46.2,92.9,10.9,42.7,8.1,2.1,6.7,0.9,5.1,0.9,2.4,2.3,0.3,3.6,1.2,16.1,Continental arc,15.21,38.79,,2012
2.45,7.16,16.77,52.02,0.27,1.73,10.81,0.73,0.14,,52.0,254.0,142.0,34.0,67.0,726.0,469.0,22.0,114.0,11.0,14.0,44.0,,22.0,,,,,,,,,,,,,Continental arc,15.21,38.79,,1993
2.59,6.02,18.3,50.14,0.17,1.11,10.66,0.81,0.14,,12.0,,41.0,36.0,18.0,423.0,795.0,16.0,76.0,3.0,19.0,36.0,,,,,,,,,,,,,,9.0,Continental arc,95.25,20.92,CENOZOIC,1984
2.04,9.44,13.95,50.24,0.22,0.79,11.87,0.92,0.16,,17.8,,,,,211.0,322.0,18.7,79.3,2.12,,,,,,,,,,,,,,,,,Continental arc,160.27,55.615,,1996; 2001
2.4,5.08,18.26,48.4,0.28,1.28,10.19,10.4,0.17,9.71,37.1,306.0,38.0,33.0,17.0,184.0,509.0,22.5,52.0,2.07,8.6,20.2,2.93,14.2,3.67,1.25,3.82,0.61,3.79,0.79,2.28,2.17,0.32,1.49,0.14,1.75,Continental arc,138.285,37.169,PLIOCENE-PLEISTOCENE,2021
3.28,5.36,18.64,52.36,0.19,0.7,9.19,1.07,0.18,9.04,9.0,266.0,31.0,30.0,16.0,211.0,318.0,24.8,86.0,3.0,5.0,14.0,,9.3,2.5,,,,,,,2.6,,2.1,,1.9,Continental arc,160.569,55.984,,2013
3.253,5.442,16.821,52.893,0.182,0.954,8.574,1.065,0.172,8.5,17.157,266.827,72.849,32.843,31.327,394.297,325.124,24.672,87.884,,,,,,,,,,,,,,,,,,Continental arc,160.64,56.054,,2017
1.59,7.41,16.76,50.68,0.06,0.1,11.2,0.8,0.19,10.38,1.05,509.0,,,,67.1,247.0,23.4,24.5,0.752,2.16,5.22,0.99,5.44,1.95,0.738,2.69,0.491,3.31,0.71,2.12,1.95,0.349,0.69,0.042,0.325,Continental arc,141.15,40.15,PLIOCENE,2015
2.5,6.2,17.49,50.64,0.41,2.13,11.28,0.83,0.14,7.68,56.9,230.6,91.8,27.0,40.3,784.9,574.0,21.8,135.1,15.3,38.3,77.7,8.7,34.3,6.9,1.8,5.5,0.8,4.0,0.8,2.0,1.9,0.3,2.8,1.0,13.5,Continental arc,15.21,38.79,,2012
3.415,4.83,17.533,52.927,0.198,1.037,8.245,1.12,0.166,8.51,17.058,271.889,27.357,31.76,24.938,408.655,358.646,24.535,90.264,,,,,,,,,,,,,,,,,,Continental arc,160.626,56.038,,2017
3.04,6.88,16.61,51.42,0.48,0.93,8.17,1.42,0.17,9.92,19.3,,268.0,,98.0,158.0,435.0,27.8,141.0,6.7,,,,,,,,,,,,,,,,,Continental arc,137.5,35.75,NEOGENE,1993; 1999
2.7,4.98,18.56,51.56,0.18,1.19,9.67,1.06,0.18,9.3,45.8,259.0,10.9,32.0,9.6,212.0,302.0,30.0,110.0,4.96,13.5,29.9,4.17,18.8,4.72,1.25,5.16,0.83,4.93,1.02,2.78,2.66,0.43,3.04,0.37,5.16,Continental arc,106.946,-6.71,,2010; 2011
3.06,5.8,16.81,50.51,0.21,0.64,10.6,1.26,0.18,,15.0,297.0,52.0,,21.0,185.0,368.0,26.0,103.0,4.0,9.2,24.7,,18.1,3.83,1.2,,0.53,,,,2.32,0.35,2.86,0.36,1.54,Continental arc,176.0,-38.383,,1993
2.77,10.43,15.55,49.37,0.276,0.836,8.979,0.999,0.166,9.4,13.3013332452011,252.732231536498,417.526943722643,48.1195523947043,179.437651764099,281.184640364088,433.160979023623,21.7136845611147,91.2659652679415,2.88329724062079,10.0176835404208,23.1337956700894,3.38321011688978,15.4622902940271,3.93923456149869,1.24678104056211,4.06321445164432,0.654285994726576,3.89600883269201,0.799358847138145,2.34418749049528,2.14941994735705,0.332950462075343,2.27734134617583,0.149053992707219,0.969327265092156,Continental arc,158.12,52.45,,2016
4.32,7.47,17.87,51.69,0.37,1.03,7.93,1.53,0.12,8.5,7.0,216.0,183.0,,116.0,,566.0,25.0,182.0,10.4,,,,20.0,4.6,,,,,,,,,,,,Continental arc,139.75,39.75,OLIGOCENE,2000
2.32,4.94,17.33,52.46,0.11,0.3,10.4,0.9,0.16,9.83,2.6,,62.0,,19.0,,266.0,35.0,51.0,2.0,,,,,,,,,,,,,,,,,Continental arc,140.55,40.55,PLIOCENE,1990
2.594,4.718,17.038,52.998,0.16,0.418,9.277,1.027,0.25,,7.144,274.165,28.337,35.023,9.792,156.724,311.445,30.495,74.031,3.695,,,,,,,,,,,,,,,,,Continental arc,140.801,39.808,,2017
2.36,9.85,13.5,50.85,0.2,0.84,11.63,0.93,0.18,8.95,54.2,,119.0,32.5,60.0,480.0,461.0,,204.0,,15.6,43.6,,,6.4,1.9,,0.98,,,,3.1,,5.6,0.44,0.562,Continental arc,160.27,55.615,HOLOCENE,1994; 1999; 2003
3.42,4.66,18.81,52.21,0.18,0.71,9.32,0.98,0.17,8.87,,254.0,19.0,,12.0,174.0,285.0,,86.6,,,,,,,,,,,,,,,,,,Continental arc,108.05,-7.25,,2009
2.89,6.17,18.59,46.83,0.11,0.096,10.84,1.39,0.15,10.22,1.0,,,10.0,45.0,18.0,220.0,,,,,,,,,,,,,,,,,,,,Continental arc,163.07,56.05,,1981
2.7,5.1,18.5,48.9,0.28,3.5,9.1,0.8,0.13,,89.3,230.0,83.0,24.0,58.0,455.0,486.0,20.2,44.1,5.37,12.1,26.3,3.43,17.1,3.77,1.08,4.0,0.59,3.41,0.7,2.03,2.12,0.33,1.36,0.49,2.71,Continental arc,136.755,45.785,CRETACEOUS,2008
4.18,5.45,17.7,52.8,0.6,1.69,7.59,1.37,0.16,8.17,18.0,194.0,92.0,30.0,56.0,567.0,657.0,21.0,177.0,13.1,18.24,42.5,5.58,23.4,5.01,1.52,4.79,0.68,4.02,0.81,2.29,2.09,0.32,3.61,0.84,1.63,Continental arc,160.061,57.442,QUATERNARY,2010
2.72,5.35,18.61,51.6,0.12,0.49,9.12,0.85,0.18,,9.0,230.0,38.0,32.0,20.0,154.0,278.0,18.0,53.47,1.09,3.91,11.49,1.67,8.2,2.5,0.84,2.64,0.46,2.95,0.66,1.97,1.89,0.299,1.588,0.0781,0.57,Continental arc,160.68,54.97,,2001; 2004; 2015; 2021
3.59638,5.50106,18.50088,52.45832,0.22127,0.89872,8.25321,0.91823,0.14115,8.29,14.24,212.1,43.56,35.1,31.48,433.4,557.2,16.97,100.2,2.651,7.976,18.39,2.735,12.39,3.1515,1.00125,3.17666666666667,0.5085,2.908,0.5963,1.64,1.46633333333333,0.2237,2.476,0.1414,0.888933877047363,Continental arc,-91.55,14.76,,2011
3.37,6.53,16.33,52.1,0.14,1.16,7.87,1.03,0.13,7.77,36.0,150.0,219.0,,116.0,386.0,351.0,28.0,145.0,5.0,10.75,27.09,,,6.54,1.22,,,,,,4.26,0.54,,,,Continental arc,137.25,37.25,NEOGENE,2002
2.32,6.27,16.91,51.96,0.19,1.24,10.68,0.65,0.17,,29.7,300.0,45.2,29.2,31.4,316.0,642.0,15.1,50.1,2.89,15.26,30.33,3.47,13.92,3.23,0.94,2.9,0.44,2.52,0.57,1.38,1.45,0.23,1.32,0.179,2.87,Continental arc,15.25,38.625,,1980; 2000
2.59,5.99,17.91,50.0,0.55,2.44,11.39,0.84,0.15,7.68,66.1,240.3,68.2,28.0,39.3,921.4,678.5,23.9,153.4,17.7,44.4,87.2,10.3,40.0,7.9,2.0,6.4,0.9,4.6,0.8,2.3,2.1,0.3,3.5,1.1,13.9,Continental arc,15.21,38.79,,2012
1.62,11.83,14.12,51.24,0.09,0.7,9.39,0.53,0.18,,10.0,,263.0,,146.0,119.0,201.0,16.0,39.0,2.0,6.0,12.0,,6.0,,,,,,,,,,,,,Continental arc,8.55,39.58,CENOZOIC,1997
2.71,6.85,17.04,47.0,0.39,1.55,7.95,1.97,0.17,,29.0,110.0,48.0,52.0,72.0,,1055.0,29.0,99.0,12.0,13.5,25.0,,,,1.6,,,,,,2.3,0.33,4.6,,,Continental arc,140.28,48.97,CENOZOIC,1999
3.06,4.73,17.19,51.77,0.48,1.36,8.59,1.24,0.16,9.24,20.7,234.5,116.9,,53.78,739.3,664.0,51.5,148.9,9.4,23.8,44.8,,29.4,8.42,1.58,6.93,,5.46,,4.96,2.98,,,,,Continental arc,-87.067,14.039,,1997
2.52,5.82,18.7,51.85,0.15,0.5,10.21,0.92,0.19,9.33,11.0,279.0,92.0,,32.0,185.0,374.0,21.0,57.0,1.8,6.5,,,,,,,,,,,,,,,1.8,Continental arc,140.43,38.15,QUATERNARY,1983; 1986
3.17,4.51,18.44,51.68,0.15,0.38,9.29,1.15,0.2,11.03,3.17,,,,,165.0,479.0,22.0,47.3,1.06,3.92,12.1,1.96,10.5,3.2,1.18,3.76,0.665,4.24,0.869,2.49,2.43,0.365,1.53,0.058,0.262,Continental arc,158.127,52.481,,2014
3.53,7.72,16.2,50.5,0.14,0.45,9.35,1.18,0.12,7.31,13.3,190.0,216.0,38.5,205.0,76.0,140.0,26.0,101.0,2.7,5.6,14.0,,11.4,,1.12,4.1,,4.5,,2.7,2.53,,,,1.45,Continental arc,-75.83,-46.5,,1999
2.8,5.23,16.98,52.37,0.603,4.015,7.98,0.915,0.168,,123.8,229.8,43.6,,27.1,898.1,766.7,28.6,185.0,30.5,74.0,139.0,,57.0,,,,,,,,,,,,19.0,Continental arc,110.8,-7.5,,
4.66,9.62,15.08,50.95,0.05,0.29,6.89,0.91,0.21,11.35,9.0,,575.0,36.0,88.0,204.0,485.0,21.0,78.0,5.0,,,,,,,,,,,,,,,,,Continental arc,78.2,34.9,PERMIAN,2007
3.25,6.83,17.09,48.4,0.38,1.23,10.03,1.37,0.14,8.21,22.0,185.0,115.0,34.0,39.0,560.0,546.0,22.0,138.0,15.2,19.0,46.0,,24.0,,1.45,,,3.7,,2.2,1.9,,,,,Continental arc,-1.47,35.3,,1995
2.54,8.04,16.56,52.82,0.26,1.28,9.58,0.8,0.15,,36.0,,,,88.0,365.0,629.0,25.0,107.0,12.0,,,,,,,,,,,,,,,,,Continental arc,11.366,38.55,,1993
2.78,5.62,18.15,50.39,0.36,1.76,10.33,0.96,0.16,,33.0,294.0,29.0,37.0,36.0,674.0,563.0,27.0,150.0,15.0,35.0,96.0,,39.0,,,,,,,,,,,,,Continental arc,15.21,38.79,,1993
3.34,8.8,16.0,46.55,0.38,1.12,10.15,1.72,0.16,9.36,24.7,207.0,308.0,43.0,178.0,445.0,590.0,20.0,108.0,41.0,25.8,49.0,,24.0,4.6,1.58,,,3.8,,1.9,1.76,,,,3.0,Continental arc,-3.3,34.4,NEOGENE,1999
2.58,6.23,17.16,49.38,0.22,0.61,1.06,0.83,0.17,8.98,7.0,277.0,132.0,,55.0,429.0,494.0,18.69,55.0,1.67,6.83,15.63,2.19,10.38,2.76,0.95,2.92,0.47,2.78,0.54,1.67,1.66,0.26,1.3,0.06,0.39,Continental arc,-86.855,12.55,NEOGENE,2011
2.77,7.54,14.813,52.307,0.174,0.926,9.87,0.888,0.165,8.17,16.269,252.771,223.236,33.175,57.624,313.042,347.621,19.409,70.226,1.517,6.188,15.07,2.332,11.17,3.068,0.992,3.303,0.545,3.348,0.712,2.018,1.85,0.282,1.863,0.092,0.825,Continental arc,160.827,56.206,,2017
3.85989911727617,5.25,16.7,46.97,0.84,2.84,8.8,2.41,0.16,8.96211767387512,101.0,209.0,147.0,31.0,69.0,904.0,954.0,20.7,327.0,87.7533856612391,63.0903706213163,117.95601946329,12.9137774152342,47.5920912788003,8.68286559318136,2.5698941163706,7.47906050020269,0.960314474949705,5.0249385996253,0.89031677169686,2.30717639453544,1.8881499971619,0.261534112419411,6.36046809749367,5.22439362967394,19.6832966786797,Continental arc,-0.957,37.613,NEOGENE,2005
2.39,4.75,18.14,52.15,0.16,0.26,9.46,0.95,0.19,10.0,4.6,,,37.7,17.7,106.0,272.0,18.6,56.5,2.25,4.82,12.0,1.73,8.5,2.51,0.968,3.13,0.536,3.45,0.737,2.2,2.12,0.329,1.67,0.106,0.139,Continental arc,140.46,38.125,,
3.05,7.76,17.02,47.7,0.15,0.85,8.22,0.7,0.14,10.22,3.7,416.5,17.58,44.2,36.87,1584.7,846.36,22.52,62.33,0.77,9.55,23.09,3.39,15.9,3.9,1.21,3.76,0.56,3.52,0.74,2.06,2.01,0.31,1.75,0.05,0.9,Continental arc,164.33,58.92,,2009
2.609,6.568,14.67,47.735,0.419,1.379,12.212,2.955,0.176,11.278,29.0,,,,,287.0,544.0,27.0,260.0,53.0,41.0,89.0,,41.8,8.9,2.8,7.5,,5.5,,,2.2,,6.0,,5.5,Continental arc,105.38,-6.08,HOLOCENE / QUATERNARY,1983; 2004; 2006
3.67,4.77,17.39,48.45,0.55,1.77,8.77,2.61,0.18,10.78,21.21,273.5,45.25,,39.25,256.42,574.25,31.81,270.49,48.57,27.5,56.18,7.02,27.08,6.16,1.61,6.44,0.97,5.8,1.17,3.29,2.93,0.44,5.13,2.42,2.61,Continental arc,-87.964,14.96,,1997; 2009
2.54,6.58,17.9,48.8,0.37,2.03,11.2,0.98,0.17,,78.0,264.0,68.0,33.7,39.0,963.0,765.0,21.0,171.0,17.0,52.0,94.0,,39.0,9.1,2.12,,1.0,,,,2.3,0.39,3.5,1.5,15.8,Continental arc,15.21,38.79,HOLOCENE,1999; 2004
2.49,9.14,18.12,48.61,0.14,0.27,11.18,0.89,0.13,7.93,4.0,167.0,80.0,,120.0,108.0,350.0,16.2,95.0,3.8,5.78,14.5,2.08,9.2,2.5,0.9,2.65,0.49,2.94,0.61,1.68,1.67,0.246,2.3,0.35,0.71,Continental arc,176.17,-38.47,,1990; 1993; 1994; 1996; 2017
3.37,5.17,17.07,51.22,0.55,1.3,8.1,1.64,0.16,8.94,17.8,177.0,94.2,29.5,59.3,493.0,742.0,24.7,192.0,12.9,24.5,54.8,6.8,28.7,5.97,2.07,5.72,0.81,4.5,0.86,2.32,2.16,0.31,4.11,0.66,3.08,Continental arc,135.319,44.257,EOCENE,2022
2.14,11.02,15.36,47.14,0.28,0.45,11.81,0.77,0.19,9.73,7.78,309.0,756.0,52.7,220.0,46.2,450.0,16.6,35.2,1.85,4.53,11.2,1.84,9.18,2.59,0.84,2.49,0.46,2.84,0.64,1.57,1.55,0.28,1.14,0.13,0.63,Continental arc,8.87,39.63,CENOZOIC,1997; 2003; 2013
3.84,6.06,15.92,50.68,0.61,2.96,5.98,2.29,0.11,,58.0,,,,,,887.0,24.0,,52.0,,,,,,,,,,,,,,,,,Continental arc,8.67,40.58,NEOGENE,1976
3.36,9.61,16.17,50.09,0.27,0.91,9.06,1.15,0.13,8.22,21.0,,,,191.7,340.0,772.0,16.5,112.0,9.4,16.9,41.1,,,3.6,1.2,,,,,,1.2,0.3,2.3,1.1,2.8,Continental arc,133.57,35.38,QUATERNARY,2000
2.39,5.86,16.51,51.81,0.56,3.83,9.79,0.9,0.14,7.34,127.0,242.0,170.0,33.0,40.0,1472.0,711.0,25.0,164.0,31.0,50.0,103.0,12.2,43.0,8.7,2.2,7.6,1.1,5.5,1.0,2.6,2.3,0.34,4.3,1.3,18.0,Continental arc,15.211,38.808,HOLOCENE,2014
3.49,7.58,15.6,51.59,0.37,0.94,7.86,1.82,0.13,,0.18,100.0,250.0,36.0,150.0,,546.0,21.0,104.0,16.0,,,,,,,,,,,,,,,,,Continental arc,139.0,47.5,MIOCENE,1995
2.64379713003337,9.0130267718938,15.5003331888217,52.7887381912373,0.0971717731930374,0.568903524830544,9.63488442258864,0.655947558335282,0.154311710709978,8.64,12.1,256.2,366.3,,136.0,202.2,200.8,17.2846306971415,56.8,1.77380530366927,4.96888847319213,10.4225241436831,1.64253401065404,7.68623737657873,2.02253058141325,0.747536787057839,2.27216554010111,0.400521294783957,2.52290819217486,0.582440243101514,1.6255201298692,1.55075497823471,0.234517137555754,1.73199216319158,0.391654688165574,1.17955826214077,Continental arc,175.57,-39.82,,
3.03,5.41,17.91,51.21,0.42,1.14,8.96,1.13,0.16,9.15,16.4,227.0,108.0,31.7,45.1,554.0,605.0,26.4,147.0,6.97,16.5,34.2,5.05,22.1,4.89,1.52,4.84,0.71,4.11,0.83,2.22,2.11,0.32,3.29,0.29,1.07,Continental arc,-87.396,14.266,,2012
2.26,10.45,14.75,49.05,0.35,2.35,9.15,0.97,0.14,6.42,90.0,193.0,600.0,38.0,191.0,992.0,530.0,19.0,136.0,10.0,13.7,47.0,,,3.5,1.0,,0.5,,,,2.6,0.5,,,4.0,Continental arc,26.24,39.05,,2003
1.99,8.5,13.09,48.25,0.34,2.18,12.91,0.81,0.19,10.1,57.0,294.0,208.0,41.0,49.0,591.0,1060.0,18.5,79.0,6.4,29.4,58.0,7.1,28.5,6.0,1.61,5.2,0.69,3.7,0.68,1.91,1.63,0.24,2.23,0.37,6.8,Continental arc,14.962,38.404,,2021
3.07,5.4,16.3,52.48,0.25,1.04,10.5,1.03,0.15,8.06,18.0,,,,,321.0,551.0,20.0,102.0,4.3,9.6,23.2,3.2,14.8,3.7,1.22,3.6,0.58,3.5,0.72,2.0,1.8,0.28,2.6,0.26,1.19,Continental arc,159.0,56.2,,2008
3.118,5.317,16.158,51.194,0.219,1.169,8.536,0.933,0.144,7.71,16.1091499,,90.9294357,,26.9221725,417.10318,400.797577,19.8905563,97.1657715,2.61743569,8.84531498,20.7205734,2.94188571,14.1258068,3.63620663,1.17499745,3.83698201,0.569526553,3.49046969,0.612272382,1.91310585,2.00778151,0.304676861,2.57758379,0.165899053,1.02210176,Continental arc,160.462,55.896,,2015
2.76,10.59,15.82,49.95,0.2803,0.848,9.114,1.001,0.168,9.5,13.5711987925341,249.860576299828,424.151814084641,47.5573015609357,176.844919529381,273.581046478898,433.260224871222,20.3012983184817,85.46830228507,2.70834822218089,9.12536252910559,21.7499399623345,3.17349342755213,14.6125351666411,3.75023562917549,1.21828897595812,3.86625051462459,0.627977195015602,3.76679797578392,0.764003747748528,2.23975903823088,2.07715516012155,0.318496205031968,2.14927857654004,0.113490200813801,0.919581610993301,Continental arc,158.12,52.45,,2016
1.98,6.95,16.62,50.25,0.263,1.14,12.22,0.82,0.189,,31.778,347.393,86.649,36.101,29.565,264.895,647.893,21.186,61.22,6.286,20.574,41.112,5.106,20.058,4.42,1.2925,4.368,0.629,3.504,0.691,1.98,1.978,0.298,1.5895,0.297,3.295,Continental arc,14.579,38.558,,2016
3.86,6.17,17.6,51.5,0.55,1.02,8.89,1.45,0.16,8.7,12.0,230.0,120.0,29.0,73.0,505.0,622.0,24.0,161.0,8.9,16.16,39.3,5.35,23.27,5.25,1.64,5.26,0.76,4.62,0.94,2.63,2.34,0.36,3.38,0.54,1.17,Continental arc,160.128,57.389,QUATERNARY,2010
3.86,7.13,17.66,46.41,0.23,1.1,7.35,1.51,0.16,,19.0,,,,,36.3,362.0,,,,12.0,25.8,,14.9,3.94,1.45,4.59,,3.96,,1.93,1.5,0.202,,,,Continental arc,135.75,34.1,PERMIAN,1977; 1979
3.293,4.819,17.228,50.6,0.413,1.518,8.876,1.345,0.169,9.04,39.376808298777,,56.2488561217393,,40.9107292338016,388.304878276512,399.898938974435,25.833056316608,161.94027863159,4.99578716683777,12.8808376072356,30.5886970378311,4.60879035519967,21.8098962931608,5.13222022358925,1.53881985421484,5.6183033252912,0.816799575409626,4.95384402078032,1.00226025098015,2.87249586102084,2.69003411069657,0.40630237160673,3.66400960490165,0.3127560672295,1.49285721567242,Continental arc,160.317,55.741,,2015
2.25,6.57,16.73,49.33,0.42,2.38,11.65,1.01,0.15,,82.0,278.0,92.0,36.0,52.0,782.0,822.0,29.0,172.0,24.0,59.0,112.0,,34.0,,,,,,,,,,,,,Continental arc,15.21,38.79,,1993
3.155,4.841,16.608,50.968,0.558,1.817,8.56,1.51,0.162,9.99,54.4716301,,71.0286179,,32.4645386,462.432739,350.727844,37.1236534,241.863098,6.43219376,17.4657288,42.755455,5.99578238,28.3928318,7.10587883,1.9548043,7.47420502,1.10174036,6.64740467,1.15874016,3.65916705,3.80805492,0.586940706,5.10449362,0.426244467,2.056355,Continental arc,160.365,55.811,,2015
2.72,8.43,15.76,51.4,0.23,0.73,9.23,0.83,0.19,,15.0,221.0,481.0,36.0,166.0,358.0,380.0,16.0,86.0,2.4,7.62,19.02,2.69,13.1,3.72,1.11,3.29,0.52,3.38,0.67,2.06,2.05,0.31,2.27,0.19,0.91,Continental arc,160.53,55.17,,2001
2.873,6.016,14.642,46.954,0.433,1.326,12.136,3.237,0.144,12.239,24.0,,,,,278.0,565.0,29.0,278.0,54.0,42.0,94.0,,45.6,8.6,3.0,8.4,,6.4,,,2.5,,6.5,,5.9,Continental arc,105.42,-6.1,QUATERNARY,1983; 2004; 2006
3.07,9.21,14.27,46.66,0.24,0.51,9.18,2.08,0.29,,5.0,197.0,291.0,67.0,169.0,44.0,342.0,26.0,135.0,6.0,10.0,25.0,,,,,,,,,,,,,,,Continental arc,175.1,-37.25,,1979
2.67,9.45,15.52,51.11,0.27,0.58,10.22,1.07,0.17,9.01,10.0,273.0,560.0,43.0,156.0,169.0,319.0,25.0,122.0,6.0,12.62,27.54,,17.32,4.22,1.31,4.48,0.66,4.25,,2.54,2.47,0.38,2.94,0.41,1.48,Continental arc,176.25,-38.3,,2007
1.69,6.36,16.32,50.71,0.073,0.17,11.16,0.86,0.187,11.4,2.0,,124.0,,17.0,63.0,189.0,20.0,37.0,2.8,,,,,,,,,,,,,,,,,Continental arc,140.7,38.4,NEOGENE,1997
3.58,8.17,13.26,46.69,0.49,0.59,12.68,2.67,0.15,10.55,11.0,228.0,426.0,47.0,197.0,954.0,530.0,28.0,177.0,37.5,,,,,,,,,,,,,,,,,Continental arc,130.55,32.4,MESOZOIC,2004
1.81,9.0,16.51,50.15,0.1,0.4,10.72,0.7,0.17,,5.2,,366.0,,126.0,,162.0,18.0,48.0,,,,,,,,,,,,,,,,,,Continental arc,140.643,37.852,MIOCENE,1985; 2013
1.94,7.87,16.93,51.53,0.08,0.11,10.33,0.78,0.17,9.38,1.95,256.51,,,,61.9,282.0,13.9,27.6,1.23,2.54,6.63,1.02,5.14,1.49,0.63,2.13,0.359,2.11,0.501,1.35,1.31,0.189,0.75,0.063,0.221,Continental arc,140.98,39.88,QUATERNARY,2015
3.08,6.8,16.2,50.9,,1.47,9.58,1.34,0.19,10.2,,306.0,232.0,,68.0,292.0,288.0,24.0,112.0,6.6,15.3,35.0,4.13,18.5,4.5,1.27,3.97,0.66,4.04,0.87,2.38,2.26,,2.8,,5.13,Continental arc,109.21,-7.24,,1989; 1995
3.83,6.26,16.52,52.58,0.46,0.81,8.38,1.44,0.15,8.62,20.0,,,,,,668.0,26.0,188.0,11.0,,,,,,,,,,,,,,,,,Continental arc,137.5,35.75,PLEISTOCENE,2000
2.96,4.84,13.91,50.8,0.33,1.47,8.84,1.45,0.31,13.62,24.47,434.11,19.14,32.43,24.29,993.73,379.92,32.99,124.34,3.44,12.77,26.21,4.12,19.61,4.92,1.53,5.38,0.82,5.33,1.11,3.37,3.08,0.49,,,2.12,Continental arc,-86.0,12.0,,2021
2.53,6.31,17.04,49.59,0.56,2.16,11.22,0.93,0.16,,66.4,265.0,53.9,32.8,46.0,919.0,693.0,25.2,157.0,17.8,44.4,89.0,,40.7,8.0,2.2,,0.9,,,,2.22,0.4,3.5,1.1,14.4,Continental arc,15.21,38.79,,2009
2.2,8.34,12.75,48.1,0.24,2.29,12.69,0.82,0.22,11.12,53.7,,239.0,42.3,50.0,556.0,1110.0,,81.0,,27.9,48.9,,,5.6,1.7,,0.6,,,,1.5,,2.3,0.4,6.1,Continental arc,14.962,38.404,,1998; 2001; 2002
3.038,7.407,16.14,52.179,0.155,0.701,9.381,0.912,0.161,8.41,12.833,245.68,228.612,35.103,74.04,237.944,316.524,20.276,72.752,,,,,,,,,,,,,,,,,,Continental arc,161.769,56.125,,2017
3.05,5.11,17.2,50.35,0.35,1.1,9.94,1.58,0.18,10.03,27.0,,,,9.0,,726.0,31.0,120.0,6.0,,,,,,,,,,,,,,,,,Continental arc,137.48,35.89,QUATERNARY,2000
1.85,5.845,18.049,52.357,0.062,0.149,8.118,0.792,0.157,,1.879,203.323,110.878,31.606,44.75,189.42,249.284,27.06,80.864,3.418,,,,,,,,,,,,,,,,,Continental arc,140.901,39.881,,2017
3.81,6.26,15.32,48.54,0.73,1.81,7.09,2.29,0.16,,19.0,140.0,235.0,43.0,180.0,1214.0,842.0,25.81,231.0,67.5,53.47,94.18,11.65,43.93,8.28,2.7,7.15,1.46,5.23,0.95,2.4,1.53,0.22,5.11,3.5,7.26,Continental arc,131.5,43.67,MIOCENE,2007
2.68800966475385,4.62096043491392,15.6347528440552,51.0822510822511,0.27182120205376,1.22822913520588,9.48353971609786,1.12755461592671,0.231551394342092,12.27,20.0,389.0,18.0,49.0,6.0,811.0,411.0,24.0,99.0,5.0,14.0,24.0,4.0,,,,,,,,,,,,,4.0,Continental arc,-86.0,12.0,HOLOCENE,2020
3.94,5.58,17.4,52.7,0.44,1.45,8.36,1.36,0.16,8.43,18.0,213.0,108.0,28.0,51.0,442.0,599.0,22.0,152.0,10.5,16.39,38.0,5.0,21.1,4.79,1.47,4.84,0.71,4.34,0.87,2.47,2.3,0.35,3.48,0.59,1.97,Continental arc,160.082,57.41,QUATERNARY,2010
2.83,4.98,17.74,51.06,0.34,0.58,10.1,1.06,0.17,8.4,6.89,229.0,,,,217.0,401.0,31.2,114.0,4.76,13.5,33.0,4.49,20.3,4.86,1.64,5.08,0.803,5.03,1.04,3.1,2.64,0.437,2.8,0.238,1.4,Continental arc,140.2,39.8,QUATERNARY,2015
3.01,4.88,15.57,47.05,0.28,0.43,12.15,2.0,0.18,,12.0,311.0,267.0,22.0,99.0,40.0,251.0,43.0,143.0,5.0,7.89,24.1,,19.8,7.06,1.93,8.47,,8.2,,4.61,4.2,0.72,,,,Continental arc,134.952,32.355,,1993
2.57,9.92,15.99,50.14,0.11,0.37,9.43,0.82,0.15,8.53,9.0,,643.0,,255.0,89.0,217.0,33.0,89.0,1.1,,,,,,,,,,,,,,,,,Continental arc,137.25,37.25,,2013
2.57,11.79,14.69,48.95,0.27,1.2,8.75,1.02,0.17,9.19,43.42,225.02,543.64,41.17,207.0,234.25,270.61,18.57,93.21,5.01,11.28,25.13,3.43,14.64,3.71,1.12,3.65,0.61,3.71,0.76,2.05,1.87,0.29,2.67,0.33,4.16,Continental arc,134.17,34.45,MIOCENE,1998; 2005; 2006
2.21,6.7,17.93,48.53,0.1,0.19,11.02,1.0,0.15,,4.0,,207.0,36.0,,67.0,298.0,25.0,75.0,5.0,6.3,16.8,,12.0,2.93,1.08,,,,,,2.36,0.36,1.82,1.11,0.77,Continental arc,140.25,39.5,MIOCENE,1988; 1993
3.221,4.809,16.626,51.199,0.565,1.899,8.525,1.446,0.143,9.76,65.4847488,,77.9801254,,39.621666,506.555298,399.461121,39.2798042,272.55719,4.50018454,19.1228218,45.7646942,6.24704742,29.230648,7.09420967,1.92939019,7.31608677,1.06324327,6.34175158,1.10967612,3.49935079,3.62577772,0.561260223,4.98110676,0.175754458,2.25774288,Continental arc,160.327,55.799,,2015
2.71,9.28,14.78,51.75,0.35,1.48,8.78,1.21,0.15,8.55,35.8,,423.0,,222.0,259.0,593.0,37.2,124.0,5.6,,,,,,,,,,,,,,,,,Continental arc,137.5,35.75,,2000
3.4,5.6,17.8,52.0,0.232099847998787,0.86,8.5,0.83,0.150946656708363,7.74,13.8735074671895,203.0,38.0,,20.0,463.390112818408,641.863349036569,17.7999958960039,98.9818090088384,3.80728554958026,9.56940142214664,22.3364899680563,3.20672463413546,13.9841340218292,3.28771360240779,1.18328278425247,3.41015992720959,0.564232868356064,3.09948073895274,0.647097279251752,1.76193182228694,1.69952665073499,0.267636338604316,2.5802925182746,0.216079106391127,1.11092488176779,Continental arc,-91.55,14.76,,1987; 2005
3.13,7.19,16.81,52.3,0.32,0.78,8.62,1.23,0.15,8.85,13.0,204.0,233.0,,90.3,205.0,558.0,24.0,107.0,5.2,,,,,,,,,,,,,,,,1.6,Continental arc,135.833,35.117,QUATERNARY,1995
2.47,6.57,17.9,49.3,0.38,2.04,11.2,0.97,0.16,,78.0,269.0,76.0,35.0,35.0,971.0,753.0,24.0,174.0,20.0,50.0,98.0,,38.0,9.4,2.26,,1.1,,,,2.8,0.46,3.7,1.7,17.0,Continental arc,15.21,38.79,HOLOCENE,1999; 2004
2.29,6.87,17.19,48.96,0.54,1.79,12.32,0.92,0.16,8.09,51.63,270.97,50.44,33.28,48.02,816.0,703.17,25.24,138.37,15.28,40.05,81.66,9.64,37.3,7.86,2.07,6.6,0.92,4.82,0.87,2.43,2.24,0.33,3.14,0.97,11.61,Continental arc,15.21,38.79,,2012
2.74,6.65,18.21,51.89,0.26,0.75,9.87,0.75,0.15,8.34,10.2,,98.0,38.3,80.0,301.0,505.1,17.0,70.0,5.0,10.0,21.8,,14.0,3.49,1.06,3.9,0.45,,,,1.53,0.24,1.85,0.1,1.94,Continental arc,-154.68,58.5,,2004
2.636,4.849,16.89,52.66,0.159,0.416,9.485,1.024,0.206,,7.113,268.493,29.787,33.075,11.173,143.125,306.25,28.186,74.632,3.603,,,,,,,,,,,,,,,,,Continental arc,140.801,39.808,,2017
2.69,7.98,18.44,51.14,0.06,0.48,9.47,0.73,0.18,,10.0,232.0,59.0,39.0,42.0,122.0,201.0,25.0,79.0,4.0,10.0,17.0,,10.0,,,,,,,,,,,,0.0,Continental arc,25.45,36.4,,2015
1.88,6.56,18.09,50.71,0.1,0.16,10.13,0.96,0.17,,1.4,,96.7,37.6,47.1,,258.0,16.5,34.7,1.6,,9.7,,,,,,,,,,,,,,,Continental arc,140.87,39.83,,1983
2.6,8.62,14.39,44.5,0.79,0.93,11.42,1.95,0.18,,55.0,,,,,,936.0,,,,,,,46.0,8.47,,,,,,,,,,,,Continental arc,134.0,34.75,CENOZOIC,1988
2.61,7.45,14.67,51.63,0.19,0.5,8.57,1.2,0.19,,,219.5,249.0,,164.0,,183.4,,,,,,,,,,,,,,,,,,,,Continental arc,130.25,33.25,,2005
2.7,7.23,16.91,51.29,0.11,0.37,10.68,1.03,0.16,8.4,11.0,255.0,249.0,45.0,50.0,203.0,431.0,22.0,91.0,3.0,5.5,16.6,,,2.3,0.84,,,,,,1.99,0.34,1.82,,1.43,Continental arc,134.75,35.325,,2002
2.92,9.5,16.54,51.49,0.1,0.38,9.39,0.93,0.15,8.42,4.4,230.4,495.1,56.88,231.7,71.0,223.8,23.1,91.0,3.0,4.9,12.77,1.88,9.6,2.9,0.91,3.11,0.54,3.48,0.74,2.19,2.09,0.32,2.17,0.13,0.72,Continental arc,137.25,37.25,,2013
3.11,7.26,16.53,49.47,0.7,0.93,8.53,1.73,0.19,10.6,21.8,244.0,266.0,42.0,86.0,222.0,566.0,27.5,272.0,18.9,24.5,64.2,7.96,34.0,6.93,2.29,7.1,1.14,6.52,1.0,2.93,2.48,0.36,5.32,1.11,2.33,Continental arc,137.5,35.75,PLIOCENE,1999; 2002
2.936,7.294,16.492,51.27,0.318,1.062,9.292,1.142,0.17,9.03,14.04,249.38,237.5,,113.6,,453.0,,121.46,,,,,,,,,,,,,,,,,,Continental arc,158.12,52.45,,2016
3.11,7.17,16.84,51.93,0.15,0.54,9.36,1.12,0.13,9.65,9.0,,325.0,,123.0,103.0,201.0,38.0,159.0,2.9,,,,,,,,,,,,,,,,,Continental arc,137.0,37.5,OLIGOCENE,1995
2.02,5.79,18.29,52.23,0.13,0.75,10.81,0.72,0.15,,17.8,,81.0,,27.0,,312.0,23.0,57.0,3.2,,,,,,,,,,,,,,,,,Continental arc,139.72,37.37,PLIOCENE,1990
3.57,5.03,15.14,48.7,0.92,2.43,8.4,1.96,0.23,,39.0,,,,,678.0,712.0,34.41,251.0,51.17,48.03,80.44,10.35,48.42,9.44,2.95,8.74,1.27,6.27,1.14,2.88,2.17,0.3,5.58,3.02,4.07,Continental arc,133.0,42.0,MIOCENE,2007
2.32,4.81,15.97,48.93,0.15,0.75,10.04,0.88,0.14,8.75,11.76,262.02,70.0,51.18,43.1,131.6,694.09,18.98,51.72,5.48,8.84,20.46,2.84,12.32,2.8,1.0,3.07,0.52,3.24,0.69,1.98,1.87,0.29,1.58,0.39,1.43,Continental arc,139.25,42.15,MIOCENE,2011
2.89,5.35,16.1,50.0,0.16,1.04,10.3,0.99,0.22,11.1,12.0,341.0,45.0,,27.0,780.0,497.0,,,,,,,,,,,,,,,,,,,,Continental arc,-86.15,11.98,QUATERNARY,1993
2.11,7.15,18.85,47.98,0.23,1.14,10.42,1.24,0.18,9.62,33.0,375.0,52.0,,9.0,137.0,492.0,29.0,89.0,1.6,,,,,,,,,,,,,,,,,Continental arc,8.417,40.424,MIOCENE,2011
3.06,6.27,16.96,49.57,0.26,0.4,10.46,1.32,0.18,9.42,9.0,,,,0.0,,305.0,,126.0,,,,,,,,,,,,,,,,,,Continental arc,176.094,-38.509,,2014
3.12,6.36,17.29,51.41,0.25,0.82,9.71,0.91,0.11,8.39,10.0,,,,,218.0,419.0,28.0,79.0,3.8,,,,,,,,,,,,,,,,,Continental arc,139.0,38.0,MIOCENE,1997
3.3,5.09,16.93,52.02,0.486,1.72,8.454,1.4,0.16,,44.62,309.8,37.6,0.066,59.0,204.2,376.5,30.73,180.0,4.37,15.3,0.0,5.44,25.69,5.829,1.6997,6.024,0.8914,5.439,1.0886,3.202,3.049,0.453,4.4,0.301,1.723,Continental arc,160.088,55.602,,2021
2.69,11.88,12.53,52.3,0.23,1.35,8.62,0.87,0.16,,18.9,220.23,831.36,40.9,210.0,710.03,591.61,13.39,67.46,1.93,9.46,22.1,3.55,16.13,3.77,1.18,3.62,0.5,2.91,0.58,1.61,1.29,0.2,2.03,0.1,0.8,Continental arc,159.2,57.2,,1999; 2000
2.54,6.18,17.78,49.41,0.36,2.04,11.12,0.99,0.17,,69.0,267.0,54.0,34.0,44.0,932.0,704.0,26.0,162.0,18.0,45.0,90.0,10.6,41.0,8.2,2.1,6.7,0.92,5.0,0.88,2.4,2.3,0.35,3.6,1.18,13.9,Continental arc,15.216,38.794,HOLOCENE,2006
2.26,6.94,17.27,49.27,0.15,0.35,12.1,0.99,0.17,9.52,7.7,,,,34.0,96.0,328.0,16.2,62.0,2.36,5.9,14.6,2.1,9.81,2.73,0.97,3.01,0.55,3.28,0.7,1.97,1.83,0.29,1.75,0.17,1.02,Continental arc,176.029,-38.658,,2020
3.28,5.74,17.5,51.34,0.33,0.6,9.17,1.35,0.12,8.67,5.7,191.0,202.0,66.5,109.0,234.6,393.0,29.1,166.9,6.54,14.75,34.78,4.62,19.51,4.5,1.5,4.62,0.76,4.37,0.93,2.53,2.39,0.36,3.5,0.37,1.85,Continental arc,137.1,37.35,MIOCENE,2016
2.52,6.44,17.04,50.87,0.48,2.09,11.33,0.84,0.15,,61.0,303.0,104.0,33.0,47.0,861.0,628.0,27.0,153.0,17.0,60.0,95.0,,35.0,,,,,,,,,,,,,Continental arc,15.21,38.79,HOLOCENE,1993; 2004
2.64,4.61,17.78,51.25,0.678,3.6,9.71,0.94,0.142,,143.6155658,235.3912438,54.19897153,26.36903786,28.38416296,2122.484517,1099.45332,28.74790423,194.893394,36.31552801,65.60149286,130.390474,15.72907514,57.95167689,10.70978149,2.75235213,8.659808749,1.150891961,5.699282326,1.004102497,2.582848653,2.317452841,0.394184442,4.525002472,1.953682659,20.7278948,Continental arc,15.221,38.812,,2016
2.87,7.8,17.2,51.8,0.47,1.3,6.52,1.77,0.15,,27.0,140.0,123.0,45.0,196.0,355.0,558.0,,102.0,,14.3,28.5,,,,1.84,,,,,,2.01,0.3,2.77,,,Continental arc,134.0,43.0,CENOZOIC,1999
1.808,6.993,17.084,50.778,0.063,0.229,9.765,0.722,0.157,,4.242,192.888,166.04,35.886,61.861,129.945,223.798,17.515,50.968,1.942,,,,,,,,,,,,,,,,,Continental arc,140.902,39.881,,2017
2.57,5.5,18.83,51.51,,0.419,9.96,0.629,0.176,8.55,7.193,176.648,42.034,,26.38,312.071,560.002,15.51,32.747,,6.705,15.745,2.291,10.176,2.723,0.914,2.809,0.432,2.663,0.544,1.559,1.538,0.236,1.031,,0.391,Continental arc,-84.733,10.467,,2006
3.39,4.91,17.19,51.85,0.535,1.83,8.714,1.49,0.16,,47.85,315.8,36.77,0.072,57.7,227.8,360.6,32.11,196.0,4.82,16.4,0.0,5.782,27.02,6.076,1.6934,6.262,0.9317,5.79,1.1183,3.263,3.138,0.468,4.63,0.315,1.94,Continental arc,160.085,55.605,,2021
2.91,8.24,16.85,50.07,0.26,0.75,9.47,0.97,0.19,,11.0,230.0,311.0,38.0,117.0,184.0,514.0,3.0,101.0,,,,,,,,,,,,,,,,,,Continental arc,158.07,53.93,,2000
1.98,10.02,14.38,49.08,0.11,0.81,10.32,0.71,0.19,,,160.0,,10.0,20.0,170.0,270.0,,,,,,,,,,,,,,,,,,,,Continental arc,139.25,35.25,NEOGENE,1962
2.8,6.6,18.1,44.4,0.2,0.7,11.9,1.2,0.2,11.52,17.0,,,,,101.0,500.0,,,,7.5,17.7,,12.5,3.15,1.04,3.71,0.63,,0.74,,1.94,0.295,,,,Continental arc,8.65,40.4,MIOCENE,1975
2.42,5.04,18.32,47.93,0.32,1.22,10.93,0.88,0.2,,35.0,,13.0,29.0,15.0,255.0,770.0,,54.1,,21.4,46.2,,,4.48,1.28,,,,,,1.8,0.33,2.3,,4.4,Continental arc,14.58,38.58,,1980
3.187,6.713,15.958,52.805,0.167,0.856,8.729,0.965,0.165,8.37,16.655,251.21,204.677,34.802,63.346,353.766,308.022,21.967,81.202,1.731,6.121,16.02,2.401,11.55,3.293,1.062,3.616,0.589,3.673,0.792,2.258,2.137,0.323,2.199,0.107,0.766,Continental arc,160.727,55.984,,2017
3.21,6.06,17.77,52.34,0.18,0.67,9.31,1.09,0.18,9.2,9.0,264.0,71.0,32.0,24.0,199.0,312.0,25.3,92.0,2.5,6.0,15.0,,8.6,2.8,,,,,,,2.7,,2.5,,0.8,Continental arc,160.657,55.939,,2013
1.65,6.42,16.52,51.07,0.1,0.2,10.81,1.07,0.09,,,,88.0,40.6,,,,,,,2.9,10.0,,,2.0,0.72,,0.49,,,,2.0,0.32,,,0.26,Continental arc,141.0,38.0,QUATERNARY,1961; 1979
2.03,7.92,17.88,47.5,0.22,0.39,11.39,1.05,0.14,5.58,2.0,287.0,492.0,,154.0,73.0,371.0,22.0,80.0,3.7,,,,11.3,3.1,,,,,,,,,,,,Continental arc,139.125,37.75,MIOCENE,2006
2.566,8.333,14.414,50.172,0.179,0.815,9.93,1.034,0.151,9.19,13.8527613,,326.370605,,80.5371017,277.788452,296.259338,21.3557949,77.7518616,2.04168582,6.56722546,16.1959934,2.4042604,12.1544189,3.47106504,1.13591349,3.84409285,0.611789703,3.85608459,0.678522289,2.11681724,2.18489575,0.331872791,2.20449686,0.12690106,0.658860147,Continental arc,160.229,55.782,,2015
2.94,5.54,17.76,48.51,0.27,0.82,11.8,1.02,0.21,9.92,20.0,319.0,38.0,,17.0,131.0,308.0,24.0,56.0,6.0,7.0,21.0,,,,,,,,,,,,,,,Continental arc,8.87,39.63,CENOZOIC,1997
2.97,8.05,15.47,50.06,0.34,1.21,9.94,1.96,0.17,9.81,19.0,169.0,308.0,,118.0,320.0,444.0,27.0,162.0,25.0,,,,,,,,,,,,,,,,,Continental arc,130.0,33.25,MIOCENE,1994
3.29,6.29,16.27,50.14,0.68,1.35,8.95,2.12,0.17,9.66,32.0,257.0,173.0,,59.0,376.0,651.0,28.0,217.0,34.0,,,,,,,,,,,,,,,,,Continental arc,129.75,33.25,PLIOCENE,1991
3.6,4.87,17.1,50.69,0.53,2.1,8.65,1.66,0.17,,46.5,210.0,102.0,31.0,52.0,870.0,325.0,43.0,231.0,4.7,30.0,43.0,,23.0,,,,,,,,4.6,,5.5,1.0,,Continental arc,160.27,55.615,HOLOCENE,1981
2.87,7.67,15.7,50.3,,1.06,10.5,1.3,0.19,10.3,,260.0,246.0,,57.0,212.0,273.0,24.0,133.0,12.6,16.7,37.9,4.35,19.3,4.54,1.29,4.28,0.72,4.61,0.98,2.82,2.33,,3.07,,4.08,Continental arc,109.21,-7.24,,1989; 1995
2.86,6.63,17.35,52.38,0.2,1.01,8.56,0.83,0.14,6.86,16.0,156.0,220.0,,133.0,205.0,700.0,18.0,112.0,5.4,12.99,29.88,3.99,16.2,3.71,1.2,3.35,0.51,2.92,0.6,1.62,1.46,0.22,2.6,,1.8,Continental arc,139.75,39.85,MIOCENE,2007
2.04,6.99,16.56,50.48,0.252,1.11,12.56,0.78,0.179,,30.056,329.988,144.13,33.693,35.572,252.704,628.367,20.098,59.895,5.861,19.768,39.416,4.867,19.08,4.262,1.253,4.211,0.605,3.365,0.67,1.867,1.866,0.285,1.5025,0.286,3.241,Continental arc,14.579,38.558,,2016
3.16,6.57,17.46,49.6,0.4,1.57,8.28,1.55,0.19,10.03,22.0,214.0,84.0,39.0,70.0,316.0,947.0,28.08,148.0,11.63,15.44,32.02,4.12,19.21,5.24,1.87,5.1,0.87,5.31,1.05,2.78,2.5,0.39,2.91,0.66,1.31,Continental arc,140.0,51.5,OLIGOCENE,2005
2.68,9.96,15.5,49.1,0.24,0.77,10.1,1.15,0.18,9.54,,274.0,470.0,55.4,154.0,346.0,456.0,19.9,74.7,4.8,9.9,21.8,,16.5,3.6,1.23,4.1,0.56,3.7,,,2.0,0.32,3.1,0.22,1.075,Continental arc,158.836,53.256,,1997; 1998
2.88,7.17,17.6,47.03,0.33,1.05,10.71,1.74,0.16,9.52000050096373,40.0,194.0,144.0,44.0,85.0,376.0,630.0,25.0,126.0,,,,,,,,,,,,,,,,,,Continental arc,-3.207,34.417,NEOGENE,2005
2.27,6.98,17.16,51.19,0.3,0.94,10.7,0.8,0.17,,13.0,,132.0,,47.0,370.0,651.0,20.0,74.0,10.0,23.1,45.8,5.3,20.6,4.08,1.45,3.5,0.57,3.0,0.61,1.7,2.05,0.31,1.96,0.57,4.3,Continental arc,11.366,38.55,,1992; 1993; 2004
3.07,6.52,15.96,48.65,0.33,1.26,10.85,1.48,0.17,10.31,31.0,384.0,135.0,,42.0,511.0,634.0,19.9,103.0,13.1,16.5,32.3,,19.5,4.7,1.5,4.45,,,,,1.91,,2.7,,3.2,Continental arc,174.07,-39.3,,2012
2.74,5.16,17.72,51.31,0.53,2.28,10.31,0.91,0.16,,69.0,281.0,17.0,36.0,30.0,880.0,662.0,27.0,190.0,19.0,46.0,94.0,,39.0,,,,,,,,,,,,,Continental arc,15.21,38.79,HOLOCENE,1993
1.77,5.38,17.68,50.78,0.08,0.12,10.56,0.85,0.18,10.6,0.2,,,,,,191.0,,,,,,,,,,,,,,,,,,,,Continental arc,140.065,40.175,PLIOCENE,2006; 2008
2.54,7.47,16.75,47.33,0.34,0.92,9.65,2.25,0.17,10.93,19.0,290.0,158.0,47.0,59.0,271.0,435.0,23.5,148.0,21.1,16.5,,,,,,,,,,,,,,,3.4,Continental arc,129.9,33.1,CENOZOIC,2009
2.62,6.12,14.7,49.5,0.4,0.72,10.39,2.98,0.16,9.5,11.3,326.0,23.0,38.0,27.0,448.0,439.0,18.2,80.0,5.4,6.17,14.71,6.87,9.29,2.34,0.9,2.98,1.04,3.12,0.935,1.59,1.6,0.27,1.82,,0.8,Continental arc,-86.32,12.109,,1984; 1995; 2001; 2004
2.26,8.27,15.68,52.12,0.248,1.09,11.26,0.69,0.158,,27.718,220.53,376.867,36.765,91.466,300.132,628.148,20.14,79.132,9.554,23.423,43.999,5.136,19.141,3.919,1.169,3.972,0.57,3.253,0.667,1.858,1.941,0.303,1.8765,0.489,4.158,Continental arc,14.341,38.542,,2016
3.43,5.37,18.76,48.56,0.43,1.15,8.36,1.53,0.17,,,160.0,29.0,17.0,36.0,,,,,,,,,,,,,,,,,,,,,,Continental arc,134.0,43.0,CENOZOIC,1999
2.27,7.68,15.91,51.05,0.08,0.67,9.93,0.63,0.18,,21.7,299.0,202.0,42.5,127.0,123.0,186.0,19.4,42.5,1.47,6.27,10.5,1.76,8.0,2.17,0.15,2.42,0.48,3.05,0.65,1.68,1.82,0.29,1.3,0.11,1.43,Continental arc,8.55,39.58,CENOZOIC,1997; 2003; 2013
2.33,6.27,17.52,49.4,0.43,2.22,11.15,0.98,0.17,,61.0,320.0,24.0,44.0,39.0,972.0,827.0,27.0,136.0,18.0,53.0,109.0,,42.0,,,,,,,,,,,,,Continental arc,15.21,38.79,,1993
3.13,4.76,18.52,51.91,0.16,0.26,9.72,1.03,0.22,,10.0,,145.0,39.0,76.0,,725.0,,,,,,,,,,,,,,,,,,,,Continental arc,132.0,34.75,PALEOCENE,1986
2.8,5.66,17.19,52.19,0.37,2.45,9.99,0.89,0.15,,68.0,259.0,91.0,30.0,40.0,961.0,612.0,30.0,154.0,17.0,47.0,86.0,,31.0,,,,,,,,,,,,,Continental arc,15.21,38.79,,1993
2.88,8.13,13.77,47.48,0.21,0.8,9.55,2.17,0.19,,13.2,321.0,387.0,,169.0,224.0,421.0,26.4,138.0,16.5,13.0,34.8,,,5.0,1.8,,,,,,1.7,0.38,,,,Continental arc,133.25,34.9,,1994
2.59046467090011,4.65678863017841,16.0165305916742,50.3578268319726,0.292309243019857,1.15915734300978,9.62604576151598,1.25995363370628,0.221751839532305,12.43,22.0,402.0,25.0,46.0,5.0,790.0,423.0,28.0,102.0,6.0,14.0,35.0,4.0,,,,,,,,,,,,,4.0,Continental arc,-86.0,12.0,HOLOCENE,2020
3.40448359137357,10.1039527772308,16.1564796695371,48.6703527643724,0.440001125117032,1.3200033753511,10.0416695129449,1.31498053145707,0.132603078802393,8.41547357381371,10.76,,,,245.95272056074,636.750918578208,1686.75561265594,15.05,123.6,13.41,40.56,89.63,10.34,40.32,6.097,1.903,5.034,0.6116,3.198,0.5914,1.489,1.356,0.1987,2.801,0.7845,4.12,Continental arc,133.088,35.188,QUATERNARY,2014
2.54,5.99,17.6,49.52,0.49,2.21,11.29,0.85,0.15,,67.0,262.0,54.0,32.0,42.0,893.0,681.0,25.0,155.0,17.5,43.0,86.0,10.2,40.0,7.9,2.1,6.4,0.88,4.8,0.86,2.3,2.2,0.33,3.5,1.14,13.4,Continental arc,15.216,38.794,HOLOCENE,2006
3.2,7.49,16.35,52.77,0.26,0.95,8.57,1.16,0.15,8.19,27.1,,300.0,,114.0,212.0,516.0,23.7,138.0,6.6,,,,,,,,,,,,,,,,,Continental arc,137.5,35.75,NEOGENE,1993
1.795,6.75,17.172,52.259,0.074,0.193,10.869,0.682,0.173,,4.497,259.5,140.67,37.004,36.844,118.173,259.145,18.016,46.164,2.253,,,,,,,,,,,,,,,,,Continental arc,140.868,39.8,,2017
3.11,6.3,16.9,51.69,0.47,1.25,9.02,1.17,0.16,,16.31,,,,,554.42,698.42,22.89,136.61,5.97,17.49,42.17,5.78,25.18,5.58,1.78,5.11,0.8,4.62,0.9,2.45,2.33,0.35,3.14,0.39,0.97,Continental arc,158.501,55.996,NEOGENE,2019
3.34,6.07,17.05,49.16,0.19,0.06,12.27,1.71,0.33,,0.0,244.0,310.0,53.0,139.0,,219.0,32.0,115.0,3.0,,,,,,,,,,,,,,,,,Continental arc,134.952,32.355,,1993
3.97,5.37,18.5,51.4,0.6,1.16,8.57,1.44,0.16,8.87,12.0,222.0,45.0,31.0,48.0,528.0,696.0,25.0,159.0,10.8,18.57,44.24,6.03,25.96,5.8,1.81,5.69,0.82,4.9,0.97,2.77,2.47,0.38,3.62,0.63,1.33,Continental arc,160.035,57.366,QUATERNARY,2010
1.964,7.223,17.315,51.219,0.096,0.164,10.185,0.746,0.166,,3.535,213.022,279.08,37.148,75.044,80.558,275.979,14.137,39.057,1.621,,,,,,,,,,,,,,,,,Continental arc,141.005,39.85,,2017
3.189,5.033,17.234,50.654,0.28,1.102,9.507,1.362,0.197,9.47,18.9935611525935,,35.3833287338025,,20.4282556213891,331.982217839717,449.473623584828,25.4622308356248,107.289152940117,2.88748946901748,7.86922641322542,20.5869107640301,3.23191233563422,16.5063450081622,4.42087839220989,1.46453135605938,5.02210558081632,0.784319346615269,4.97451297428264,1.0118450592856,2.90058917386488,2.71479442327508,0.407498344591051,2.76724934988622,0.189613865515544,0.660524974761861,Continental arc,160.286,55.853,,2015
3.81,6.18,15.96,51.35,0.48,2.55,6.89,1.91,0.1,,53.0,,,,,,788.0,21.0,,33.0,,,,,,,,,,,,,,,,,Continental arc,8.5,40.5,NEOGENE,1975
1.82,11.5,12.5,50.4,0.05,0.36,11.64,0.5,0.16,10.35,4.95,,,,,129.0,,,,1.16,5.65,13.41,,8.11,1.77,0.63,,0.35,,,,1.26,0.19,1.18,0.6,,Continental arc,-153.42,59.339,,1996
2.12,6.38,17.9,50.1,0.12,0.42,11.4,0.74,0.19,10.4,5.0,308.0,57.0,,32.0,391.0,440.0,,,,,,,,,,,,,,,,,,,,Continental arc,-86.7,12.5,,1986
2.64,6.15,15.51,47.21,0.26,0.44,11.68,1.83,0.16,,13.0,314.0,333.0,41.0,87.0,35.0,204.0,39.0,113.0,5.0,4.3,14.8,,10.9,3.55,1.22,4.83,,5.17,,2.73,2.91,0.49,,,,Continental arc,134.952,32.355,,1993
2.1,9.49,12.13,45.82,1.05,1.47,11.17,2.13,0.19,,99.0,,,,182.0,1392.0,1160.0,,,,,,,,,,,,,,,,,,,,Continental arc,133.0,34.75,CENOZOIC,1988
2.17,7.34,13.19,50.68,0.27,0.89,10.2,0.82,0.17,,17.5,182.0,250.0,33.0,76.0,550.0,522.0,24.0,144.0,11.8,16.95,33.45,4.19,17.78,3.9,1.28,4.12,0.63,3.71,0.84,1.98,1.95,0.29,2.97,0.5,4.23,Continental arc,134.3,43.15,CRETACEOUS,2003
2.06,6.53,18.07,51.43,0.08,0.2,10.39,0.84,0.18,9.39,2.0,269.0,,,,106.0,263.0,17.7,43.5,1.58,3.6,9.04,1.35,6.54,1.94,0.802,2.43,0.441,2.71,0.587,1.71,1.72,0.251,1.15,0.094,0.627,Continental arc,141.0,38.0,QUATERNARY,2015
2.31,5.72,17.6,52.4,0.49,3.82,8.91,0.92,0.14,,122.0,222.0,110.0,27.0,42.0,1570.0,685.0,28.4,179.0,21.4,48.6,98.2,11.3,45.2,8.93,2.35,7.49,1.1,5.35,0.98,2.59,2.33,0.345,4.4,1.26,16.7,Continental arc,15.21,38.79,,2008
1.8,4.73,18.78,52.69,0.05,0.19,10.51,0.77,0.2,10.46,4.24,,,,12.0,79.0,200.0,12.5,19.9,0.478,1.8,4.24,0.611,3.17,1.14,0.514,1.68,0.318,2.22,0.499,1.51,1.53,0.239,0.762,0.031,0.433,Continental arc,140.75,38.25,MIOCENE,2006
3.01,5.19,17.66,50.99,0.25,0.75,9.23,1.15,0.15,9.32,9.0,306.0,37.0,,25.0,207.0,622.0,16.0,58.0,3.0,,,,,,,,,,,,,,,,,Continental arc,138.37,35.97,QUATERNARY,1996
1.61,6.57,17.23,51.95,0.05,0.16,10.56,0.73,0.18,9.97,2.56,303.0,,,,64.4,159.0,19.2,31.4,1.06,2.9,6.51,1.06,5.14,1.6,0.701,2.26,0.408,2.7,0.632,1.99,1.77,0.272,0.9,0.053,0.59,Continental arc,140.7,38.4,PLIOCENE,2015
3.33,6.48,18.4,49.6,0.07,1.04,8.88,1.18,0.12,,,190.0,87.0,36.0,91.0,,,,,,,,,,,,,,,,,,,,,,Continental arc,134.0,43.0,CENOZOIC,1999
2.87,5.18,18.63,52.23,0.16,0.57,8.74,0.821,0.161,8.94,13.0,185.0,50.0,,,161.0,283.0,23.0,77.0,6.0,9.1,19.6,2.56,11.6,3.2,1.1,3.6,0.6,3.7,0.8,2.2,2.2,0.34,2.3,0.3,0.9,Continental arc,140.69,37.79,,2009
2.41,5.78,18.16,50.82,0.31,1.22,9.41,1.16,0.19,9.6,16.0,264.0,51.0,,13.0,597.0,461.0,28.0,117.0,5.6,15.09,35.71,4.66,21.03,4.53,1.31,4.91,0.77,4.54,0.94,2.77,2.54,0.38,2.9,,4.0,Continental arc,140.25,41.5,MIOCENE,2007
3.03,9.34,17.25,45.99,0.13,0.45,9.62,1.22,0.19,,7.9,,,,,31.5,71.0,,,,2.28,6.29,,6.32,2.9,1.18,4.53,,5.8,,3.28,2.78,0.38,,,,Continental arc,135.75,34.1,PALEOCENE,1977; 1979
2.47,7.63,14.43,50.89,0.16,0.5,9.16,1.37,0.19,,17.0,237.0,136.0,,75.0,119.0,231.0,59.0,88.0,9.0,,,,,5.79,,31.5,,,,,,,,,,Continental arc,130.0,33.25,,2008
2.67,6.39,17.11,52.66,0.188,0.94,9.53,0.81,0.146,,15.2,250.0,150.0,30.0,45.0,243.0,405.0,19.9,65.0,2.6,7.1,17.3,,10.9,2.91,1.1,,0.54,,,,1.91,0.29,1.84,0.23,0.92,Continental arc,161.75,57.35,,1994
2.66,5.23,16.42,51.76,0.39,2.69,9.47,1.15,0.14,7.23448053192329,114.0,219.0,144.0,26.0,41.0,725.0,646.0,21.1,127.0,36.5447286043888,30.7633505193029,58.0848150248917,6.94200725789858,26.7234153843864,5.13972532036849,1.37577487587453,4.52753884795707,0.648370993925671,3.76745754700116,0.75567152652008,2.09283110439801,1.95855080190467,0.290228401349926,3.19819953982333,2.06942760077727,9.36644535041184,Continental arc,-2.926,35.204,NEOGENE,2005
3.1,7.94,13.73,48.94,0.11,0.15,11.05,1.21,0.2,,,,,,,11.0,27.0,,,,1.93,5.69,,5.55,2.11,0.842,3.11,,3.65,,2.09,1.78,0.289,,,,Continental arc,133.25,33.35,,1977
2.57,11.55,15.31,49.2,0.22,1.27,8.81,1.01,0.16,,38.1,,,,,,288.0,,,,,,,,,,,,,,,,,,,,Continental arc,134.17,34.45,MIOCENE,1982; 1983
3.23,7.68,16.5,49.9,0.24,0.57,9.8,1.36,0.16,8.96,7.0,241.0,147.0,,72.0,179.0,482.0,25.1,131.0,5.3,8.5,24.1,,15.0,4.03,1.27,4.3,,4.68,,2.46,1.8,,,,,Continental arc,-90.289,14.262,,1990; 1994
3.38,6.47,13.83,51.63,0.19,0.79,9.33,2.04,0.15,10.98,100.0,,163.0,40.0,64.0,71.0,659.0,34.0,108.0,6.6,,,,,,,,,,,,,,,,0.0,Continental arc,137.25,36.15,,2009
3.33,5.1,16.13,49.7,0.81,2.26,7.94,2.31,0.14,,37.4,,,,,663.2,733.0,35.8,260.0,51.6,44.12,96.9,10.38,41.8,7.9,2.56,7.88,1.08,5.65,1.02,2.57,1.96,0.27,5.35,2.83,3.89,Continental arc,132.36,43.33,CENOZOIC,2002
2.37,10.32,15.42,48.36,0.26,0.66,10.75,1.19,0.17,9.45,17.4,,645.0,46.1,142.0,116.0,402.0,22.9,94.0,3.7,9.2,23.6,,,4.0,1.3,,0.63,,,,2.0,0.3,1.49,0.24,1.19,Continental arc,137.5,35.75,NEOGENE,1993
2.993,6.863,15.665,52.977,0.18,0.928,9.171,0.946,0.17,8.47,15.66,254.339,191.618,32.585,52.2,329.317,328.747,22.387,76.912,,,,,,,,,,,,,,,,,,Continental arc,160.809,56.061,,2017
2.32,5.63,16.0,52.01,0.7,3.97,9.73,0.9,0.15,7.39,133.0,258.0,80.0,25.0,30.0,1693.0,766.0,28.0,184.0,22.0,55.0,114.0,11.4,44.0,10.4,2.5,8.1,1.1,5.1,0.9,2.5,2.1,0.3,4.5,1.5,20.4,Continental arc,15.206,38.791,HOLOCENE,2014
2.13,6.77,17.48,49.54,0.07,0.13,10.18,0.88,0.19,,1.0,,101.0,40.8,45.6,107.0,268.0,15.9,31.5,1.4,,4.6,,,,,,,,,,,,,,,Continental arc,140.88,40.65,,1985
3.09257250945775,4.5,16.41,50.51,0.4,2.65,10.92,1.05,0.14,6.80257124643533,114.0,167.0,152.0,26.0,55.0,796.0,544.0,26.0,138.0,,,,,,,,,,,,,,,,,,Continental arc,-2.988,35.255,NEOGENE,2005
2.42,5.34,14.41,47.82,0.23,0.79,12.92,1.76,0.14,10.54,15.0,388.0,238.0,50.6,83.0,6.0,167.0,32.0,111.0,7.0,5.59,16.6,,,2.99,1.3,,,,,,2.28,0.38,1.98,,,Continental arc,137.0,35.75,PERMIAN,2008
3.19,7.04,16.7,52.25,0.19,0.74,9.76,1.11,0.17,8.86,11.38,268.0,124.0,35.0,51.0,235.0,309.0,21.31,97.0,2.12,7.17,15.7,2.41,12.3,3.32,1.13,3.96,0.63,4.09,0.83,2.46,2.29,0.34,2.7,0.12,0.55,Continental arc,160.338,56.002,,2013
3.59,8.62,14.51,47.55,0.9,2.53,5.34,1.73,0.22,,69.0,,,,,569.0,1577.0,38.28,789.0,153.75,108.06,227.8,22.47,81.1,12.65,3.6,9.5,1.62,7.04,1.31,3.59,2.9,0.43,14.52,9.09,14.81,Continental arc,133.0,42.0,MIOCENE,2007
1.73,7.55,17.16,50.99,0.13,0.55,10.24,0.76,0.16,,5.1,,240.0,,71.0,,288.0,21.0,53.0,2.5,,,,,,,,,,,,,,,,,Continental arc,139.72,37.37,PLIOCENE,1990
3.14,6.7,15.6,49.82,0.44,1.27,8.77,2.13,0.19,,19.1,189.0,164.0,,81.0,257.0,565.0,26.8,151.0,17.6,22.4,54.0,6.8,29.7,6.3,1.9,6.2,0.92,5.3,1.0,2.8,2.4,0.38,3.7,1.7,2.6,Continental arc,129.45,33.35,,2009
2.25,8.43,14.59,50.87,0.12,0.93,10.19,0.75,0.16,,30.0,244.0,600.0,49.0,167.0,,244.0,27.0,74.0,,,,,,,,,,,,,,,,,,Continental arc,141.25,41.0,,1994
2.5,6.57,18.0,49.2,0.38,2.04,11.1,0.97,0.17,,79.0,266.0,64.0,30.0,35.0,970.0,751.0,23.0,177.0,20.0,42.0,101.0,,45.0,,,,,,,,,,,,15.0,Continental arc,15.21,38.79,,2004
3.24,5.03,18.39,52.93,0.2,0.76,9.03,1.13,0.18,9.11,11.15,283.0,24.0,26.0,10.0,244.0,324.0,24.06,91.0,2.03,6.72,15.02,2.43,12.69,3.6,1.23,4.3,0.71,4.66,0.96,2.9,2.73,0.4,2.61,0.12,0.51,Continental arc,160.568,55.985,,2013
3.56,5.72,14.69,52.0,0.31,0.43,8.42,2.69,0.2,10.78,8.0,282.0,39.0,39.0,30.0,828.0,404.0,31.0,140.0,25.7,,,,,,,,,,,,,,,,,Continental arc,134.25,33.75,MESOZOIC,2004
2.6,7.39,17.84,49.59,0.28,0.78,8.66,1.17,0.17,,29.0,,221.0,35.0,153.0,,470.0,,,,,,,,,,,,,,,,,,,,Continental arc,132.0,34.75,PALEOCENE,1986
1.54,8.55,16.81,49.59,0.03,0.14,10.91,0.61,0.18,9.66,1.15,,,,,52.0,175.0,12.8,21.4,0.55,1.73,4.19,0.7,3.62,1.26,0.51,1.71,0.33,2.26,0.51,1.36,1.43,0.22,0.73,0.03,0.23,Continental arc,140.7,38.4,,2006
3.169,5.169,18.518,50.824,0.276,1.204,9.254,0.978,0.198,9.42,28.173,287.398,27.199,33.413,15.219,373.937,518.269,26.505,84.331,3.693,14.14,29.93,3.87,16.32,3.931,1.153,3.995,0.613,3.621,0.766,2.197,2.024,0.305,1.9,0.211,3.581,Continental arc,109.961,-7.313,PLEISTOCENE,
2.72334438749874,4.53220781830972,15.5964224701035,50.3366495829565,0.301477238468496,1.20590895387398,9.64727163099186,1.28630288413225,0.231132549492513,12.72,27.0,409.0,18.0,46.0,10.0,827.0,424.0,26.0,106.0,4.0,14.0,38.0,4.0,,,,,,,,,,,,,4.0,Continental arc,-86.0,12.0,HOLOCENE,2020
4.39,4.86,17.01,52.33,0.52,1.96,6.48,1.89,0.13,8.77,22.4,195.0,137.0,30.6,75.5,307.0,634.0,19.9,205.0,27.8,20.8,43.7,5.45,22.7,5.16,1.71,4.72,0.72,3.96,0.72,1.86,1.56,0.22,4.03,1.51,2.78,Continental arc,162.506,57.877,QUATERNARY,2005
3.3,8.35,16.34,50.54,0.33,1.21,9.01,1.5,0.14,8.48,31.1,,,,139.7,397.0,706.0,24.6,140.0,17.5,,,,,,,,,,,,,,,,3.3,Continental arc,133.57,35.38,QUATERNARY,2000
2.93,5.53,17.77,50.36,0.3,1.27,10.44,1.11,0.18,9.47,30.0,246.0,202.0,30.0,16.0,942.0,508.0,25.0,157.0,14.9,,,,,,,,,,,,,,,,6.0,Continental arc,-85.515,11.446,QUATERNARY,2012
2.16,5.81,18.21,49.76,0.22,2.03,10.68,0.91,0.13,7.72,30.4,270.0,55.1,27.5,22.3,799.0,1054.0,17.2,104.0,3.03,38.1,79.1,9.13,35.5,6.5,1.89,4.84,0.67,3.28,0.63,1.74,1.5,0.23,2.58,0.16,6.41,Continental arc,95.21,20.911,QUATERNARY,2016
3.56,5.22,17.47,51.25,0.72,1.51,6.06,1.56,0.19,,21.0,190.0,73.0,28.0,86.0,336.0,642.0,26.0,168.0,19.0,22.8,39.2,,,,1.84,,,,,,2.1,0.29,3.8,,,Continental arc,134.0,43.0,CENOZOIC,1999
3.22,7.55,15.65,48.71,0.35,1.11,9.42,1.51,0.15,,35.0,,260.0,46.0,160.0,500.0,420.0,21.0,160.0,,22.2,45.5,,32.7,4.25,1.69,,0.98,,,,1.41,,3.16,1.3,3.41,Continental arc,130.0,33.25,CENOZOIC,1989
2.28,9.13,14.51,52.3,0.73,3.8,7.9,1.47,0.14,7.74,129.0,300.0,546.0,,144.0,1567.0,1609.0,22.0,302.0,10.0,,,,,,,,,,,,,,,,,Continental arc,131.627,34.478,,2000
2.66,5.31,17.83,52.76,0.1,0.24,9.6,0.95,0.18,,3.9,,75.8,33.9,34.1,102.0,319.0,18.8,45.5,1.5,,7.2,,,,,,,,,,,,,,,Continental arc,140.88,40.65,,1985
2.93,5.04,18.01,51.44,0.52,2.32,10.11,0.92,0.15,,71.0,296.0,29.0,33.0,27.0,896.0,633.0,25.0,167.0,17.0,48.0,134.0,,44.0,,,,,,,,,,,,,Continental arc,15.21,38.79,HOLOCENE,1993; 2004
3.14,6.25,17.21,49.8,0.64,2.62,7.58,2.24,0.17,,71.8,160.0,94.0,,64.0,689.0,698.0,25.6,291.0,49.7,46.5,92.8,11.0,43.1,7.8,2.2,6.5,0.89,5.3,0.97,2.7,2.3,0.31,6.6,3.7,6.8,Continental arc,129.45,33.35,,2009
2.57,4.98,17.9,52.96,0.1,0.24,9.5,0.87,0.182,9.91,6.0,269.0,50.0,,19.0,104.0,291.0,21.0,45.0,1.34,3.47,9.19,1.37,7.14,2.31,0.86,2.72,0.55,3.1,0.66,2.03,2.26,0.35,1.35,0.14,0.52,Continental arc,140.91,40.662,,2009
4.66,7.39,15.51,47.95,0.77,1.05,8.9,2.74,0.17,10.86,,,181.0,,,730.0,,,,,38.9,75.3,,40.0,7.9,2.7,,,,,,2.4,0.3,2.9,4.2,6.0,Continental arc,130.273,33.696,CENOZOIC,2001; 2003
3.40170490209974,4.7178407273169,18.3651568226456,52.5948124000243,0.289549881547776,0.617571425678822,8.92947536801182,1.21691943223925,0.195395549436086,9.67157349099965,9.97030314916306,,28.0,,4.0,221.756515966703,395.69599105476,27.4360041487957,96.0,3.38835665842225,8.10434203992448,19.3898359456831,2.74407935474533,13.6650038470078,4.06936245121805,1.41655975339603,4.6240675796328,0.782334387788105,4.92092064812195,1.01840059152343,2.9269888964644,2.5886039299241,0.402679091150265,2.62056315097934,0.19648970060633,0.806017718300075,Continental arc,-161.82,55.422,QUATERNARY,2009
2.756,7.528,14.876,52.534,0.173,0.949,9.908,0.899,0.166,8.17,16.135,255.593,216.581,33.033,56.862,317.798,346.515,18.323,70.851,,,,,,,,,,,,,,,,,,Continental arc,160.825,56.206,,2017
3.47,5.14,16.51,52.44,0.24,1.36,9.63,0.69,0.15,,37.0,,154.0,27.0,27.0,288.0,526.0,22.0,122.0,17.0,23.9,45.2,,17.6,3.54,1.14,,0.65,,,,2.21,0.31,2.59,0.58,5.5,Continental arc,11.366,38.55,,1992
3.19,8.6,16.5,52.0,0.11,0.39,9.6,0.97,0.12,6.87,14.0,182.0,365.0,37.0,205.0,79.0,120.0,23.5,89.0,2.7,5.2,12.5,,9.7,,0.98,3.6,,4.0,,2.5,2.28,,,,1.5,Continental arc,-75.83,-46.5,,1999
3.47,4.74,16.7,50.77,0.2,0.84,9.09,1.03,0.19,,9.0,320.0,17.0,29.0,16.0,202.0,408.0,24.0,64.0,1.9,8.04,19.81,2.65,11.98,3.1,1.1,3.53,0.57,3.61,0.72,2.17,2.17,0.31,1.9,0.16,1.05,Continental arc,159.6,54.07,NEOGENE,2009
4.72,5.51,14.88,47.73,0.23,1.05,9.72,1.92,0.12,12.71,16.0,272.0,645.0,46.0,248.0,215.0,399.0,23.0,101.0,13.7,,,,,,,,,,,,,,,,,Continental arc,134.25,33.75,MESOZOIC,2004
2.07,7.14,16.46,51.34,0.12,0.66,11.69,0.74,0.17,8.64,12.0,238.0,94.0,,26.0,249.0,297.0,18.0,56.0,5.0,65.0,15.0,,22.0,,,,,,,,,,,,0.0,Continental arc,176.6,-39.0,,2004
3.08,7.11,17.0,50.0,0.27,0.17,7.89,1.48,0.16,,3.0,60.0,34.0,10.0,42.0,,423.0,20.0,82.0,12.0,,17.6,,9.3,2.6,1.3,3.5,0.24,,,,0.8,0.19,0.75,,0.9,Continental arc,140.2,49.0,MIOCENE,1995
2.21,5.47,18.24,51.55,0.36,2.09,10.29,0.88,0.16,,72.2,262.0,34.7,32.3,43.3,740.0,659.0,26.2,138.0,16.0,33.7,64.5,8.01,32.2,6.34,1.65,5.89,0.79,4.23,0.82,2.18,2.14,0.35,3.18,0.85,12.72,Continental arc,15.21,38.79,,1993; 2005
2.39,7.77,14.03,51.37,0.31,0.86,9.78,1.22,0.16,9.46,23.0,,337.0,,82.0,176.0,366.0,28.0,105.0,10.0,,,,,,,,,,,,,,,,,Continental arc,130.0298,32.2307,,1992
2.89,5.2,17.89,50.63,0.2,0.35,9.7,1.11,0.21,,3.4,361.0,4.0,27.0,11.0,172.0,441.0,23.0,41.0,1.6,3.7,9.8,,7.9,2.74,0.93,,0.6,,,,2.2,0.4,0.95,,0.4,Continental arc,158.27,52.35,,2001
3.81,7.84,16.2,49.1,0.43,1.73,8.19,1.56,0.19,,24.0,210.0,260.0,40.0,131.0,259.0,629.0,30.0,162.0,,,,,,,,,,,,,,,,,,Continental arc,158.07,53.93,,2000
3.008,7.415,15.655,52.202,0.18,0.768,9.329,1.003,0.164,8.66,13.629,261.982,254.367,37.055,67.769,246.094,313.28,20.883,80.175,1.2,6.411,16.22,2.588,12.53,3.54,1.144,3.952,0.665,4.02,0.87,2.508,2.308,0.344,1.941,0.081,0.617,Continental arc,160.788,55.988,,2017
2.61,5.36,17.0,52.3,0.67,3.92,9.59,0.94,0.15,7.39,147.0,244.0,80.0,31.0,40.0,1845.0,884.0,27.0,175.0,38.0,64.0,128.0,14.7,50.0,10.3,2.6,8.5,1.3,5.9,1.0,2.8,2.4,0.35,4.5,1.8,19.2,Continental arc,15.225,38.81,HOLOCENE,2014
3.4,6.18,15.46,50.3,,1.04,8.91,1.42,0.14,,,,,,,,,,,,24.0,55.0,,31.0,5.2,1.4,4.6,,,,0.8,0.8,,,,,Continental arc,173.0,64.5,EOCENE,1999
4.28,6.21,15.66,51.78,0.61,2.82,6.82,2.01,0.11,,57.0,133.0,137.0,32.0,153.0,1176.0,899.0,19.0,242.0,46.0,46.0,128.0,,39.0,,,,,,,,,,,,,Continental arc,8.5,40.5,PLIOCENE,1990
3.63,4.81,16.94,51.02,0.55,1.83,8.14,1.72,0.16,,51.0,,,,41.0,380.0,342.0,33.0,211.0,4.4,,,,,,,,,,,,,,,,1.2,Continental arc,157.5,52.5,,1995
2.44,10.96,14.91,49.48,0.171,0.66,10.52,0.946,0.193,9.89,10.0,285.0,584.0,49.0,184.0,263.0,411.0,21.9,67.0,3.0,10.0,18.0,,11.6,3.7,,,,,,,1.6,,2.0,,1.4,Continental arc,158.787,53.289,,2018
2.67,5.46,17.98,50.28,0.1,0.45,11.99,0.92,0.15,7.77,7.0,242.0,161.0,53.0,75.0,106.0,241.0,20.0,69.0,6.0,0.0,27.0,,0.0,,,,,,,,,,,,4.0,Continental arc,25.367,36.374,,2022
2.61,6.55,17.51,52.06,0.095,0.639,10.72,0.785,0.153,,14.1,266.2,79.9,34.0,43.1,135.7,285.9,19.44,69.1,2.2,6.31,14.23,1.84,8.69,2.36,0.78,2.75,0.49,3.21,0.68,2.02,1.92,0.3,1.88,0.15,2.39,Continental arc,25.4,36.6,,2009
2.43,6.38,17.46,49.91,0.44,2.06,11.56,0.84,0.14,7.87,62.6,266.1,107.2,33.0,52.4,956.2,730.9,24.3,152.0,18.5,48.1,96.6,10.8,42.2,8.0,2.2,6.5,0.9,4.9,0.9,2.3,2.2,0.3,3.3,1.2,15.3,Continental arc,15.21,38.79,,2012
3.33,5.11,15.36,44.9,0.44,0.71,12.14,2.37,0.185,12.9,15.83,173.49,217.77,,161.0,133.03,654.6,20.93,74.54,40.17,27.52,54.95,6.25,26.13,5.37,1.74,5.07,0.77,4.09,0.69,2.11,1.46,0.22,3.58,2.75,2.39,Continental arc,134.45,43.27,,2009
2.73,7.81,16.7,51.45,0.27,0.69,8.16,1.34,0.14,,14.0,140.0,175.0,63.0,190.0,249.0,285.0,1.9,92.0,11.0,5.0,14.0,,9.5,3.1,,4.8,0.74,,,,0.9,0.18,1.9,,,Continental arc,139.0,47.5,MIOCENE,1995
2.93,5.79,17.91,52.54,0.16,0.75,9.35,1.05,0.18,9.34,10.72,298.0,56.0,32.0,21.0,284.0,286.0,22.34,80.0,1.68,5.72,12.78,2.07,10.75,3.12,1.08,3.88,0.64,4.32,0.89,2.71,2.55,0.38,2.3,0.1,0.46,Continental arc,160.54,56.001,,2013
2.87,6.75,16.21,48.92,0.35,1.2,10.57,1.58,0.18,,18.0,293.0,113.0,,119.0,409.0,576.0,21.3,281.0,15.1,13.0,28.3,3.5,16.6,4.1,1.4,4.01,0.63,3.38,0.66,1.6,1.49,,2.0,,1.6,Continental arc,174.065,-39.296,,1999
3.33,9.02,13.28,45.94,0.55,1.34,9.63,2.5,0.18,12.81,20.0,241.0,508.0,46.0,212.0,452.0,210.0,28.0,195.0,41.3,,,,,,,,,,,,,,,,,Continental arc,130.55,32.4,MESOZOIC,2004
3.13,7.86,15.17,51.58,,0.15,11.16,1.42,0.21,8.24,,,255.2,,,,,,,,,14.88,,,3.07,,,0.59,,,,2.87,0.35,2.51,,0.6,Continental arc,135.75,33.35,MIOCENE,1985
2.49,6.18,17.43,49.37,0.5,2.15,11.53,0.88,0.15,7.86,65.26,264.02,55.17,30.92,34.4,912.2,707.54,25.39,152.92,17.77,44.41,89.13,10.82,43.0,8.54,2.23,6.69,0.93,4.94,0.97,2.25,2.28,0.34,3.7,1.2,14.34,Continental arc,15.21,38.79,,2012
2.55,6.16,17.25,49.52,0.56,2.16,11.12,0.92,0.16,,67.3,263.0,53.8,30.9,41.0,930.0,698.0,25.5,157.0,17.9,45.1,88.0,,41.2,8.1,2.1,,0.91,,,,2.27,0.4,3.6,1.2,13.7,Continental arc,15.21,38.79,,2009
1.46,7.13,16.24,50.37,0.04,0.21,11.17,0.58,0.11,,,,144.0,45.5,45.0,,,,,,2.1,7.1,,,1.7,0.76,,0.46,,,,1.8,0.25,,,0.21,Continental arc,141.0,38.0,QUATERNARY,1961; 1979
3.37,9.87,14.44,52.65,0.16,0.72,9.29,0.83,0.15,8.37,13.0,,370.0,42.0,160.0,280.0,320.0,,,,6.7,14.0,,8.7,2.1,0.93,3.0,,,,,1.6,0.25,,,,Continental arc,160.1,56.01,QUATERNARY,1995
2.67,9.3,17.07,50.57,0.07,0.9,9.35,1.22,0.17,7.8,18.49,168.58,477.31,40.72,142.85,218.49,272.14,17.84,95.66,3.68,9.39,22.23,3.0,13.18,3.38,1.08,3.6,0.58,3.3,0.72,1.83,1.99,0.29,2.88,0.29,2.1,Continental arc,158.0,57.5,,2008
2.76,7.21,17.68,49.94,0.11,0.28,9.84,0.74,0.17,8.68,1.5,125.0,189.0,,68.0,67.1,363.0,18.4,59.2,2.5,4.99,12.4,1.86,8.09,2.67,0.98,2.95,0.54,3.11,0.69,1.82,1.8,0.31,3.9,0.79,2.11,Continental arc,131.129,34.417,,2011
2.57,7.05,16.81,51.71,0.3,1.75,10.82,0.75,0.15,,59.0,210.0,159.0,31.0,58.0,709.0,498.0,23.0,120.0,13.0,30.9,57.4,,28.2,5.5,1.49,,0.8,,,,2.16,0.36,2.89,0.75,11.58,Continental arc,15.21,38.79,PLEISTOCENE,1980; 1988; 1989; 1991; 2001
2.61916708479679,4.67636728549925,15.8153537380833,50.4465629703964,0.301053687907677,1.19417962870045,9.57350727546413,1.28449573507275,0.22077270446563,12.48,19.0,407.0,18.0,46.0,6.0,832.0,417.0,26.0,104.0,2.0,14.0,43.0,4.0,,,,,,,,,,,,,5.0,Continental arc,-86.0,12.0,HOLOCENE,2020
2.31,7.69,16.26,47.96,0.14,0.39,11.44,0.83,0.13,9.35,6.0,,,,,102.0,464.0,20.0,57.0,5.2,,,,8.32,2.36,,,,,,,,,,,,Continental arc,139.0,38.0,MIOCENE,1997
1.4,8.26,16.43,49.16,0.14,0.11,11.88,0.84,0.12,9.56,7.0,,,,,81.0,478.0,34.0,57.0,10.4,,,,8.04,2.28,,,,,,,,,,,,Continental arc,139.0,38.0,MIOCENE,1997
2.85,8.51,14.6,50.4,0.38,1.34,9.75,1.25,0.17,9.19,30.0,279.7,430.6,41.0,128.0,316.1,284.4,25.0,132.7,2.8,10.7,31.7,,21.2,,,,,,,,,,,,0.9,Continental arc,160.335,55.788,,2015
2.56,5.91,18.71,50.34,0.57,2.17,11.09,0.95,0.16,,62.0,245.0,52.0,32.0,41.0,938.0,807.0,27.0,156.0,22.0,45.3,93.5,11.9,47.0,8.3,2.22,7.15,0.86,5.36,0.99,2.68,2.41,0.369,3.9,1.3,14.8,Continental arc,15.216,38.794,HOLOCENE,2006
2.83,10.1,14.32,44.96,0.71,2.29,10.37,2.42,0.16,,71.0,,300.0,,180.0,910.0,830.0,29.0,240.0,72.0,52.0,97.0,,45.0,8.3,2.4,,,,,,2.4,0.38,,,7.8,Continental arc,132.65,34.4,,1992
2.96,8.31,16.4,50.95,0.2471,0.98,9.055,1.065,0.165,9.05,13.5711987925341,249.860576299828,31.4969356260158,47.5573015609357,176.844919529381,16.3158086218949,1375.00991056514,39.8423566312294,122.910306490559,91.9598076034292,0.0,17.6129701234491,446.281533240147,23.8053551692448,105.499114965657,3.40772910520889,0.691899876903969,0.0515637099894112,0.0670019148573587,0.924283865977703,0.0626969158219809,0.533790507906695,324.819588828168,11.3439292982461,26.3820919123015,17.2970785244352,Continental arc,158.12,52.45,,2016
2.98,4.69,16.66,48.37,0.925,2.12,9.81,1.055,0.198,9.68,526.0,249.0,93.8,32.5,58.7,1050.0,1410.0,31.5,207.0,29.4,91.3,203.0,20.5,79.2,14.4,3.76,10.7,1.35,6.38,1.09,2.73,2.35,0.346,4.43,1.11,17.1,Continental arc,110.939,-6.782,,2022
3.64,9.8,14.23,50.6,0.11,0.6,8.57,1.22,0.2,11.02,10.0,,512.0,40.0,120.0,760.0,746.0,24.0,90.0,5.0,,,,,,,,,,,,,,,,,Continental arc,78.2,34.9,PERMIAN,2007
3.21293730688727,5.01337585966311,17.0096680952856,51.7452008372371,0.420765473936011,1.00466460679757,9.75817801255856,1.23245489883385,0.18203329014253,9.18,12.906881252031,301.851971791708,73.5703890016094,,24.8597295694886,418.847185037311,580.158099489796,25.8973908703643,116.301638946615,4.53401540051577,14.5205168545564,32.6264399360401,4.68716221667886,21.9194615461975,5.12407252734612,1.53818169429982,5.41858620591368,0.791919698811684,5.34400454862758,1.09308006272747,3.03897981620265,2.91086116077743,0.435830847505146,3.16091232722654,0.297108278798627,1.24235124828276,Continental arc,158.12,52.45,,2016
2.41,6.73,17.48,49.75,0.23,0.44,11.8,0.99,0.16,8.49,12.0,300.0,149.0,,42.0,263.0,366.0,34.0,60.0,2.0,17.0,29.0,,23.0,,,,,,,,,,,,1.0,Continental arc,176.01,-38.665,,1994
2.85,5.87,17.19,50.33,0.23,0.99,9.03,1.1,0.15,8.81,32.0,252.0,185.0,44.0,64.0,300.0,480.0,25.0,109.0,4.0,14.5,38.7,,,3.98,1.34,,,,,,2.14,0.43,2.82,,3.39,Continental arc,134.75,35.325,,2002
1.98,6.63,17.17,49.07,0.35,0.41,11.37,1.04,0.1,8.48,7.0,,207.0,,78.0,150.0,432.0,26.0,67.0,6.3,,,,13.5,3.4,,,,,,,,,,,,Continental arc,138.835,37.75,MIOCENE,2006
2.62,7.9,14.93,51.28,0.22,0.63,8.92,1.34,0.17,10.51,14.0,215.0,312.0,45.0,89.0,143.0,330.3,22.1,91.5,7.6,13.3,,,,,,,,,,,,,,,2.4,Continental arc,129.7,33.1,CENOZOIC,2009
2.706,9.228,14.111,52.395,0.162,0.857,9.4,0.871,0.165,8.22,14.839,247.067,530.864,37.226,136.486,299.836,309.469,20.51,69.397,1.448,5.76,14.18,2.224,10.46,2.927,0.955,3.247,0.538,3.307,0.697,2.009,1.858,0.28,1.891,0.089,0.765,Continental arc,160.818,56.212,,2017
2.53,5.97,17.15,50.35,0.45,2.45,10.68,0.88,0.16,7.89,74.9,281.4,50.7,32.3,41.5,1225.0,756.2,26.1,162.9,20.8,51.2,101.1,11.6,44.1,8.5,2.2,7.0,0.9,5.0,0.9,2.4,2.3,0.4,3.8,1.2,18.4,Continental arc,15.21,38.79,,2012
2.6,5.92,15.57,50.4,0.59,3.94,9.94,0.98,0.16,,140.0,248.0,122.0,21.0,63.0,1551.0,751.0,33.0,180.0,24.0,56.0,111.0,,,,,,,,,,,,,,15.0,Continental arc,15.232,38.845,,1985
4.16,7.91,16.32,50.8,0.27,0.98,7.74,1.82,0.13,,21.0,,,,,,564.0,23.0,,23.0,,,,,,,,,,,,,,,,,Continental arc,8.7,40.0,NEOGENE,1975
2.1,6.26,14.14,49.36,0.29,0.19,7.66,2.48,0.09,11.43,2.0,426.0,79.0,46.0,41.0,,325.0,30.0,171.0,20.0,13.8,32.9,,,4.1,1.8,,,,,,2.5,0.33,4.0,1.3,1.9,Continental arc,137.0,35.75,JURASSIC,
2.87,7.47,16.38,52.51,0.27,0.76,8.97,1.16,0.16,8.51,17.9,,332.0,,99.0,181.0,422.0,28.8,130.0,6.4,,,,,,,,,,,,,,,,,Continental arc,137.5,35.75,,2000
3.1,5.05,17.66,51.33,0.57,2.22,9.8,0.91,0.08,,63.0,,,,,552.0,595.0,,,,,,,,,,,,,,,,,,,,Continental arc,139.37,41.5,HOLOCENE,1984; 1993
3.71684,5.31913,18.83093,52.87754,0.22568,0.89596,8.29061,0.88261,0.14425,8.34,13.0082928210695,218.648347561031,37.4586993888464,32.3320265347181,31.6613919303163,465.87922705314,563.14477049714,17.9276307480337,103.372082400767,2.81063403499873,8.33316245555372,19.3582382435214,2.86419097629735,13.0108704377058,3.27468474121914,1.0127250407636,3.28624935385805,0.513794452133101,3.023,0.6255,1.71866666666667,1.549,0.2325,2.64515860461805,0.1534,0.886,Continental arc,-91.55,14.76,,2011
2.60797855891145,10.6483867642511,13.9057829089785,52.1080300999897,0.422636841562726,1.98948562003917,8.90629831976085,0.865890114421194,0.164931450365942,8.38057932171941,44.0,229.0,669.0,37.0,148.0,405.0,485.0,21.0,93.0,,,,,,,,,,,,,,,,,,Continental arc,161.365,56.62,HOLOCENE,
2.3,11.3,15.0,49.9,,0.4,11.2,0.8,0.2,,7.0,,682.0,46.9,188.0,82.0,353.0,,52.0,,4.0,10.7,,,1.9,0.85,,0.37,,,,1.6,,1.1,0.12,0.76,Continental arc,108.05,-7.25,HOLOCENE,1992
2.06,8.51,15.04,50.72,0.2,0.91,6.28,0.81,0.14,7.95,10.0,,,,,56.0,178.0,20.0,43.0,2.0,,,,,,,,,,,,,,,,,Continental arc,139.0,38.0,MIOCENE,1997
3.32,6.21,14.12,50.91,0.28,0.24,8.22,2.99,0.15,,0.0,192.0,179.0,41.0,22.0,59.0,343.0,30.9,166.0,20.5,9.06,22.4,3.46,17.8,5.72,2.37,6.9,1.13,6.18,1.06,2.72,2.14,0.29,4.7,1.78,0.5,Continental arc,-83.055,12.152,MIOCENE,2010
2.31738035264484,4.69521410579345,17.6020151133501,50.3375314861461,0.151133501259446,0.675062972292191,10.7909319899244,0.876574307304786,0.201511335012594,11.12,12.0906801007557,353.652392947103,18.1360201511335,44.3324937027708,2.01511335012594,364.735516372796,403.022670025189,18.1360201511335,55.4156171284635,3.02267002518892,14.1057934508816,10.0755667506297,4.03022670025189,,,,,,,,,,,,,4.03022670025189,Continental arc,-86.3,12.3,QUATERNARY,2019
2.66,6.13,17.44,50.01,0.57,2.2,11.23,0.93,0.16,,68.3,265.0,51.9,30.7,42.0,943.0,707.0,25.5,159.0,17.7,45.5,91.0,,41.8,8.3,2.2,,0.92,,,,2.3,0.4,3.7,1.2,14.9,Continental arc,15.21,38.79,,2009
2.52,8.1,16.8,50.9,0.14,0.3,10.0,0.91,0.12,8.74,2.0,226.0,474.0,,142.0,142.0,258.0,22.0,78.0,4.0,7.15,16.78,2.24,11.03,2.81,0.94,3.27,0.55,3.49,0.76,2.21,2.1,0.31,1.9,,0.9,Continental arc,140.3,39.3,MIOCENE,2007
2.45,10.17,13.79,51.34,0.23,1.35,10.05,0.86,0.19,9.4,19.9,272.0,598.0,,101.0,335.0,337.0,17.7,59.0,1.1,5.4,13.7,2.16,10.8,3.02,0.99,3.26,0.511,3.07,0.616,1.69,1.65,0.248,1.72,0.073,0.52,Continental arc,161.4,56.65,,2019
3.1,5.2,18.2,49.0,0.25,2.49,11.27,0.85,0.16,7.78,35.0,310.0,12.0,30.0,22.0,1540.0,1415.0,21.5,105.0,3.4,87.0,125.0,,56.0,9.0,2.28,6.25,,4.1,,2.2,1.94,,,,15.4,Continental arc,95.13,22.17,QUATERNARY,2004
2.65,4.93,18.4,51.9,0.13,0.65,8.47,0.83,0.26,,16.0,232.0,1.0,8.0,2.0,315.0,290.0,12.0,91.0,5.0,,,,,,,,,,,,,,,,,Continental arc,9.1,39.06,CENOZOIC,1997
2.25,6.02,15.8,51.0,0.59,3.61,9.54,0.91,0.14,7.52,139.0,260.0,100.0,29.0,50.0,1500.0,660.0,26.0,173.0,22.0,49.8,98.7,11.7,44.3,8.8,2.21,7.4,1.1,5.1,0.9,2.6,2.3,0.32,4.3,1.2,16.8,Continental arc,15.21,38.79,,2008
2.17,8.78,14.53,50.68,0.12,0.9,9.56,0.77,0.17,,31.0,256.0,534.0,48.0,189.0,335.0,210.0,27.0,70.0,,,,,,,,,,,,,,,,,,Continental arc,141.25,41.0,MIOCENE,1988; 1993; 1994
2.6,8.4,16.5,52.2,,0.6,10.2,1.0,0.2,,11.2,,326.0,37.6,99.0,122.0,328.0,,54.0,,5.2,13.3,,,2.1,0.85,,0.38,,,,1.7,,1.4,0.18,1.09,Continental arc,108.05,-7.25,HOLOCENE,1992
2.89,5.65,17.67,51.44,0.15,0.56,9.77,1.19,0.13,8.56,5.0,262.0,101.0,37.0,14.0,190.0,435.0,27.0,112.0,3.0,8.3,23.8,,,3.12,1.08,,,,,,2.34,0.38,2.68,,1.95,Continental arc,134.75,35.325,,2002
3.12,6.12,16.44,51.87,0.11,0.71,9.86,0.88,0.17,9.12,11.5,224.5,41.4,33.6,16.0,182.0,268.0,22.4,48.0,3.3,,15.1,,,,,,,,,,,,,,2.99,Continental arc,140.475,40.3689,,2011
2.39,11.04,15.36,48.63,0.09,0.44,9.3,0.82,0.15,8.33,7.6,,811.6,,302.4,82.0,195.7,20.4,80.9,3.0,,,,8.7,2.6,,,,,,,,,,,,Continental arc,137.25,37.25,,2013
3.28,6.9,16.63,51.5,0.53,1.39,7.43,1.48,0.19,,24.2,102.0,308.0,,196.0,748.0,585.0,27.7,277.0,40.4,53.6,82.5,10.0,37.6,6.8,2.2,6.7,0.96,5.4,1.1,2.9,2.7,0.42,5.9,3.8,6.9,Continental arc,129.45,33.35,,2009
3.02,6.16,16.76,52.95,0.37,0.95,7.47,1.18,0.15,9.3,24.6,,244.0,31.2,83.0,253.0,507.0,33.0,163.0,7.4,20.9,40.5,,,5.5,1.8,,0.92,,,,2.5,0.37,3.81,0.59,2.44,Continental arc,137.5,35.75,NEOGENE,1993; 1999
2.62,6.91,17.29,47.72,0.15,0.6,10.1,1.08,0.19,,6.0,343.0,25.8,46.4,23.0,309.0,393.0,21.6,56.0,1.3,5.6,12.4,2.03,9.8,2.89,1.08,3.38,0.57,3.53,0.76,2.12,2.01,0.27,1.66,0.1,0.98,Continental arc,-89.81,13.841,PLEISTOCENE,2006; 2007
3.95,4.71,18.1,49.15,0.66,1.62,7.07,1.71,0.19,10.54,34.0,,88.0,33.0,64.0,595.0,625.0,24.0,222.0,,36.0,84.0,,,6.7,2.2,,0.8,,,,2.6,0.3,,,4.5,Continental arc,134.7,35.485,,1990
4.02,6.46,16.59,49.72,0.44,2.23,7.63,2.0,0.14,,46.0,170.0,198.0,42.0,179.0,914.0,780.0,21.0,187.0,36.0,44.0,73.0,,,,,,,,,,,,,,,Continental arc,8.5,40.5,PLIOCENE,1990
3.4,7.35,16.48,48.7,0.48,1.44,9.3,1.69,0.16,,24.0,239.0,206.0,41.0,98.0,431.0,634.0,20.0,154.0,17.2,18.71,42.21,5.72,24.75,5.65,1.73,4.67,0.71,3.95,0.75,1.99,1.82,0.28,1.76,0.01,2.11,Continental arc,157.75,55.72,,2001
2.79,9.74,16.25,52.71,0.17,0.62,7.58,0.97,0.31,7.98,16.27,154.14,485.65,42.0,170.86,196.2,318.0,16.96,97.31,4.21,8.61,20.87,2.64,11.57,3.16,1.02,2.83,0.56,3.16,0.64,1.72,1.57,0.26,2.51,0.32,1.46,Continental arc,161.92,60.33,,2008
2.34,7.37,15.65,50.37,0.2,0.27,12.14,1.51,0.15,8.84,3.0,267.0,340.0,43.0,104.0,,116.0,44.0,115.0,2.6,3.4,8.5,,,,1.3,,0.8,,,,,,3.0,0.15,0.113,Continental arc,-91.038,12.496,MIOCENE,1982
2.17,6.98,18.12,47.4,0.13,0.13,11.63,1.1,0.17,9.51,2.0,310.0,133.0,,53.0,67.0,309.0,26.0,58.0,4.0,0.0,15.0,,0.0,,,,,,,,,,,,0.0,Continental arc,176.0,-38.8,,2007
3.19,4.81,18.46,50.8,0.2,1.32,10.75,0.98,0.17,9.33,29.0,322.0,22.0,,7.0,420.0,438.0,24.0,76.0,2.73,10.1,19.96,2.73,13.05,3.34,1.06,3.43,0.55,3.62,0.75,2.21,2.04,0.3,1.93,0.17,2.77,Continental arc,174.0,-39.0,PLEISTOCENE,2021
2.09,4.88,17.47,52.98,0.14,0.83,9.72,1.15,0.16,,,249.0,17.0,24.0,10.0,478.0,478.0,,95.0,,9.1,19.6,,12.1,3.15,1.38,,0.72,,,,2.4,,2.51,,1.65,Continental arc,160.53,55.17,,
3.2,6.86,16.1,51.1,0.43,1.54,9.41,1.34,0.16,9.08,35.5,285.9,251.2,37.0,85.3,371.4,316.2,27.5,151.4,3.5,12.6,31.8,,22.4,,,,,,,,,,,,1.8,Continental arc,160.239,55.686,,2015
1.57,6.61,16.68,50.72,0.06,0.12,11.32,0.79,0.18,10.09,1.94,507.0,,,,71.0,251.0,24.7,24.6,0.791,2.13,5.14,1.02,5.69,2.01,0.801,2.9,0.521,3.47,0.738,2.18,2.2,0.357,0.75,0.049,0.341,Continental arc,141.15,40.15,PLIOCENE,2015
2.37,9.63,14.26,47.52,0.38,0.96,9.6,2.54,0.19,,12.0,251.0,284.0,49.0,181.0,366.0,639.0,40.8,155.0,27.0,24.8,45.7,5.64,24.4,5.7,2.32,6.89,1.1,6.13,1.13,3.05,2.27,0.33,3.9,2.03,1.59,Continental arc,-83.726,12.312,MIOCENE,2010
3.78,6.6,17.2,46.73,0.5,1.04,8.52,1.85,0.2,10.63,23.0,,141.0,42.0,86.0,304.0,499.0,27.0,215.0,,26.0,64.0,,,5.8,3.0,,,,,,3.3,0.5,,,2.5,Continental arc,134.732,35.461,,1990
2.64,5.16,17.02,49.12,0.54,4.322,10.79,0.929,0.19,,203.5,282.2,80.0,,23.3,784.0,860.4,27.3,180.0,37.4,81.0,145.0,,56.0,,,,,,,,,,,,18.2,Continental arc,110.8,-7.5,,
2.98,5.15,18.65,49.67,0.07,1.05,9.61,1.12,0.18,,25.0,304.0,12.0,,6.0,267.0,634.0,23.0,84.0,7.0,,,,,3.64,,4.09,,,,,,,,,,Continental arc,131.45,33.25,,2008
3.0,7.25,17.02,51.44,0.22,0.96,8.34,1.16,0.16,,12.0,,205.0,36.0,131.0,,483.0,,,,,,,,,,,,,,,,,,,,Continental arc,132.0,34.75,PALEOCENE,1986
2.49,6.12,17.97,50.19,0.56,2.12,11.14,0.93,0.16,,64.0,254.0,54.0,32.0,41.0,883.0,672.0,24.0,153.0,17.2,43.0,86.0,10.2,39.0,7.9,2.0,6.3,0.88,4.7,0.84,2.3,2.2,0.33,3.5,1.13,13.2,Continental arc,15.216,38.794,HOLOCENE,2006
3.69,6.94,16.83,50.5,0.59,1.33,8.92,1.48,0.17,,19.0,245.0,163.0,40.0,113.0,501.0,709.0,23.0,154.2,11.6,20.25,46.72,6.45,29.38,6.64,1.91,5.47,0.81,4.61,0.88,2.46,2.32,0.34,3.802,0.663,1.53,Continental arc,157.75,55.72,,2001; 2004; 2015
3.59,5.2,17.58,50.94,0.44,1.16,9.05,1.3,0.16,8.68,15.6,213.0,94.2,26.6,36.0,450.0,580.0,27.9,189.0,7.95,16.7,39.4,5.64,24.7,5.51,1.76,5.49,0.87,5.19,1.05,2.86,2.8,0.42,4.54,0.48,1.08,Continental arc,-89.477,14.275,,2012
2.044,7.197,17.471,52.124,0.098,0.18,10.247,0.75,0.167,,4.123,221.244,289.568,37.012,74.251,84.213,279.286,14.693,40.889,1.812,,,,,,,,,,,,,,,,,Continental arc,141.009,39.849,,2017
2.21,5.49,18.37,51.42,0.15,0.6,10.99,0.89,0.15,8.76,19.0,258.0,96.0,,19.0,231.0,355.0,20.0,73.0,2.0,9.0,30.0,,,,,,,,,,,,,,3.0,Continental arc,176.5,-38.12,,2008
2.7,6.48,18.29,49.41,0.147,0.28,10.56,0.77,0.07,7.85,0.0,262.0,176.0,20.0,26.0,82.0,385.0,20.9,83.0,3.91,12.6,39.7,4.06,17.3,4.6,1.2,4.6,0.755,4.46,0.846,2.16,1.68,0.228,2.56,0.33,6.58,Continental arc,-1.955,36.032,MIOCENE,1999
4.21,5.7,17.25,51.99,0.5,0.99,7.69,1.42,0.15,9.07,24.0,150.0,184.0,,99.0,418.0,453.0,18.0,155.0,19.0,20.0,46.0,,22.0,,,,,,,,,,,,,Continental arc,8.83,39.78,NEOGENE,1996
3.68,5.52,17.52,48.39,0.48,1.69,8.21,1.8,0.16,,30.0,,48.0,38.3,33.0,460.0,610.0,21.6,170.0,,26.7,50.1,,23.8,4.71,1.84,,0.78,,,,1.73,,3.3,1.3,2.88,Continental arc,130.0,33.0,CENOZOIC,1990
2.03,7.02,18.63,50.18,0.1,0.1,10.44,0.75,0.18,10.02,2.13,,,,55.0,61.7,284.0,12.7,25.8,1.18,2.42,6.22,0.956,4.89,1.58,0.673,2.07,0.369,2.36,0.517,1.51,1.47,0.232,0.876,0.064,0.161,Continental arc,140.98,39.88,QUATERNARY,2006
2.31,11.41,15.27,51.84,0.15,0.42,9.8,0.82,0.14,7.85,7.0,192.0,859.0,,206.0,168.0,346.0,19.0,76.0,10.0,,,,,,,,,,,,,,,,,Continental arc,131.05,33.5,NEOGENE,1990
2.91,6.8,14.25,52.64,0.17,1.36,8.57,1.01,0.13,7.54,34.0,185.0,550.0,22.0,135.0,410.0,460.0,17.0,110.0,4.1,14.0,26.0,,15.0,3.1,0.91,,0.51,,,,1.3,0.2,2.8,0.5,3.5,Continental arc,157.5,58.0,,2008
1.42,4.54,18.22,52.14,0.08,0.2,10.79,0.8,0.15,,6.3,,,,,,218.0,21.0,36.0,1.5,,,,,,,,,,,,,,,,,Continental arc,140.75,38.25,MIOCENE,1989
2.82,6.88,15.94,52.69,0.27,0.5,7.59,1.55,0.13,,168.0,,218.0,45.0,,280.0,224.0,,93.0,7.0,8.4,21.0,,14.0,4.35,1.52,5.2,0.81,,,,1.8,0.24,2.59,0.51,1.2,Continental arc,140.2,49.0,MIOCENE,1995
1.72,6.89,16.29,50.72,0.068,0.24,10.4,0.58,0.182,9.25,6.9,234.0,183.0,,51.0,79.0,224.0,13.0,31.0,2.12,3.38,7.95,1.08,5.2,1.46,0.59,1.58,0.33,1.89,0.4,1.23,1.33,0.21,0.81,0.18,0.74,Continental arc,140.96,39.979,,2009
2.05,10.75,15.09,45.98,0.09,0.15,10.63,1.08,0.2,11.38,10.0,223.0,378.0,57.2,183.0,88.0,265.0,19.0,43.0,,2.74,9.0,,7.0,2.3,0.92,,0.5,,,,1.68,0.26,1.1,0.3,0.1,Continental arc,-86.323,12.135,QUATERNARY,2012
2.14,8.23,15.33,48.04,0.12,0.48,8.62,0.98,0.16,,,,,,,,,,,,6.04,13.5,,9.07,2.85,1.14,3.66,,3.46,,1.78,1.42,0.197,,,,Continental arc,136.15,34.25,PALEOCENE,1973
2.54,9.72,15.27,49.48,0.37,0.71,9.45,1.46,0.16,9.75,13.0,,472.0,43.0,134.0,122.0,537.0,22.0,110.0,8.0,14.5,33.4,,22.0,4.5,1.6,,0.6,,,,2.0,0.3,2.8,0.5,1.4,Continental arc,137.5,35.75,PLIOCENE,2000
3.0,4.66,16.63,51.75,0.37,2.2,8.73,1.02,0.18,10.31,32.0,,,,,1341.0,962.0,27.0,145.0,,50.0,110.0,,0.71,16.0,2.8,10.0,,,,3.6,2.6,,,,,Continental arc,162.5,59.75,,
3.217,4.79,16.647,49.957,0.508,1.797,8.547,1.511,0.16,9.49,49.2258949,,92.8577118,,36.2423439,472.454346,370.923309,35.1859322,216.879929,5.53071642,16.5067806,40.6314545,5.72383785,27.2808552,6.85935974,1.96045387,7.17881966,1.0623455,6.42087507,1.12650895,3.55294394,3.7369802,0.575508058,4.7361517,0.358214259,1.86163032,Continental arc,160.377,55.807,,2015
3.5,8.36,15.4,49.54,0.5,0.93,8.12,1.9,0.25,,39.41,,,,,620.71,592.75,22.15,159.68,35.88,24.08,47.64,5.35,26.64,6.06,1.95,5.63,0.83,4.28,0.79,2.0,1.48,0.22,3.68,1.96,3.1,Continental arc,139.0,47.5,CENOZOIC,2002
3.11,4.93,18.33,51.85,0.21,0.84,9.59,0.95,0.17,7.12,16.0,,171.0,40.0,18.0,,704.0,24.0,110.0,5.0,13.0,27.0,,,4.3,1.4,,,,,,2.3,,3.0,,2.8,Continental arc,136.5,36.5,MIOCENE,1997
1.86,10.04,16.42,48.6,0.078,0.14,9.24,0.66,0.181,10.63,5.4,241.0,197.0,,127.0,83.0,282.0,13.0,28.0,0.94,2.45,6.5,0.97,4.98,1.56,0.64,1.69,0.36,1.96,0.42,1.28,1.37,0.21,0.82,0.07,0.32,Continental arc,140.95,40.666,,2009
3.37,5.14,16.13,52.14,0.57,2.01,8.31,1.6,0.17,9.56,22.82,,,28.2,20.0,344.0,385.0,,129.0,,9.6,24.8,,,4.47,1.5,,0.689,,,,2.3,,3.0,0.22,,Continental arc,160.27,55.615,HOLOCENE,1999; 2003
2.74,7.72,15.17,50.77,0.27,0.95,8.65,1.61,0.18,10.55,20.0,233.0,261.0,46.0,100.0,210.0,410.1,22.8,127.5,10.8,17.8,,,,,,,,,,,,,,,2.6,Continental arc,129.45,33.35,CENOZOIC,2009
2.82,5.26,14.8,50.9,0.27,1.16,9.9,1.14,0.23,11.9,22.1,439.9,46.94,,31.18,893.2,433.2,25.86,105.1,2.9,10.32,23.67,,16.87,4.24,1.29,4.71,,4.93,,2.57,2.14,,,,1.751,Continental arc,-86.15,11.98,HOLOCENE,1984; 1994; 1996; 2000
3.36,5.1,17.12,51.02,0.55,1.28,8.03,1.64,0.16,8.91,17.0,177.0,94.4,29.3,58.6,497.0,753.0,24.8,195.0,13.0,24.3,54.8,6.72,28.4,6.06,2.04,5.62,0.78,4.5,0.84,2.37,2.17,0.3,4.13,0.67,3.05,Continental arc,135.319,44.257,EOCENE,2022
3.67,7.1,15.85,49.65,0.47,0.96,8.13,2.23,0.15,10.2,9.9,173.0,187.0,42.0,148.0,517.0,641.0,23.68,167.0,31.08,22.67,44.09,5.53,24.92,6.8,2.41,6.35,0.97,5.5,0.93,2.19,1.58,0.23,4.02,1.94,3.0,Continental arc,134.05,46.85,PLIOCENE,2005
3.89,5.79,16.02,49.93,0.78,1.23,8.82,2.38,0.16,10.99,20.0,,104.5,,25.0,307.0,899.0,25.0,199.0,24.0,50.3,111.8,,60.7,10.0,3.0,,1.1,,,,2.5,0.4,6.0,1.6,5.8,Continental arc,130.25,33.5,CENOZOIC,2003
2.52,8.17,13.69,50.72,0.33,1.13,8.91,1.92,0.15,,29.9,180.0,267.0,,164.0,343.0,368.0,22.1,153.0,27.3,26.4,49.0,6.16,26.6,5.58,1.95,5.75,0.88,4.94,1.0,2.69,2.17,0.34,4.16,2.72,3.77,Continental arc,130.25,33.25,,2009
2.46,9.86,13.86,44.37,0.34,0.97,11.14,2.14,0.22,10.68,13.0,246.91,259.55,,,322.07,722.0,23.01,141.0,29.38,23.12,42.56,5.31,22.88,5.28,1.74,5.47,0.78,4.42,0.8,2.12,1.74,0.25,3.48,1.69,1.97,Continental arc,-83.77,12.248,PLEISTOCENE,2011
2.49,6.57,17.22,50.25,0.44,2.15,11.56,0.83,0.15,7.75,68.7,264.8,96.0,31.9,43.9,980.5,721.6,25.7,165.7,19.4,47.7,96.8,11.2,42.5,8.3,2.2,6.7,0.9,4.8,0.9,2.4,2.1,0.4,3.6,1.2,16.2,Continental arc,15.21,38.79,,2012
2.48,6.4,16.86,50.89,0.44,1.97,11.21,0.88,0.15,,64.0,275.0,84.0,33.0,45.0,803.0,644.0,25.0,142.0,16.0,46.0,60.0,,34.0,,,,,,,,,,,,,Continental arc,15.21,38.79,,1993
2.386,5.172,15.961,52.437,0.101,0.348,9.86,0.999,0.198,,8.906,313.451,59.949,34.092,9.113,123.662,269.309,21.554,52.2,2.388,,,,,,,,,,,,,,,,,Continental arc,140.806,39.748,,2017
2.9,5.41,17.36,52.71,0.13,0.49,9.61,1.08,0.19,,13.0,317.0,24.0,40.0,6.3,211.0,316.0,92.4,82.0,3.8,52.4,22.8,18.55,78.1,21.3,6.18,21.6,3.72,20.6,4.14,12.05,10.75,1.7,2.5,0.31,1.7,Continental arc,175.82,-36.72,,2012
3.86,6.86,17.26,47.99,0.51,1.66,8.48,1.93,0.15,8.74,14.9,197.7,173.4,,89.42,246.3,611.7,55.9,225.5,39.3,29.1,47.5,,27.5,5.14,2.01,6.37,,7.54,,5.04,3.36,,,,,Continental arc,-87.92,15.08,,1997; 2004
2.19,5.82,16.52,51.27,0.2,1.03,10.54,0.63,0.17,,28.0,,79.0,38.0,30.0,320.0,614.0,16.0,49.0,2.4,10.5,24.0,2.7,12.1,2.8,0.89,2.6,0.41,2.5,0.5,1.4,1.7,,2.0,,2.2,Continental arc,15.07,38.63,,1993; 2001; 2007
2.59,8.73,15.57,52.23,0.09,0.58,9.63,0.66,0.16,,11.0,251.0,380.0,,142.0,185.0,201.0,18.0,50.0,0.0,6.0,12.0,,,,,,,,,,,,,,0.0,Continental arc,175.57,-39.82,,1987
1.9,6.58,18.71,49.06,0.15,0.26,11.03,0.79,0.17,,2.6,,106.0,,34.0,,337.0,30.0,53.0,2.6,,,,,,,,,,,,,,,,,Continental arc,139.72,37.37,PLIOCENE,1990
1.76,5.15,18.15,52.35,0.08,0.43,9.7,0.81,0.16,,11.0,,49.0,,9.0,,205.0,17.0,39.0,,,,,,,,,,,,,,,,,,Continental arc,140.45,37.45,PLIOCENE,1990
2.39,6.33,17.92,49.78,0.25,0.54,12.21,0.96,0.11,7.13,13.0,,160.0,,72.0,120.0,416.0,21.0,66.0,5.9,7.559,18.314,2.581,11.6,3.0,1.114,3.558,0.585,3.42,0.74,2.138,2.024,0.302,,,,Continental arc,138.835,37.75,MIOCENE,2006
3.55,6.71,16.05,51.84,0.36,1.63,7.94,1.26,0.16,9.46,29.06,,,31.64,60.58,492.56,422.17,22.03,116.43,3.06,11.08,28.33,4.17,19.53,4.93,1.55,4.38,0.66,3.97,0.8,2.22,2.1,0.32,3.08,0.21,1.47,Continental arc,160.58,55.97,,
1.69,11.27,13.1,49.0,0.14,0.8,9.8,0.67,0.13,,,,,,,,,,,,13.9,32.4,,,4.12,1.16,,0.67,,,,2.26,0.353,,,,Continental arc,8.55,39.58,CENOZOIC,1976
2.97,7.03,15.75,50.9,0.135,0.53,11.05,1.45,0.15,8.58,15.0,,,,,53.0,212.0,26.7,100.0,3.0,5.2,11.8,1.94,9.7,2.91,1.0,3.63,0.59,4.1,0.82,2.46,2.23,0.31,2.05,0.2,0.4,Continental arc,-120.021,37.402,JURASSIC,2018
3.27,5.64,16.71,50.32,0.5,1.55,7.96,2.54,0.18,11.34,38.0,87.0,73.0,,46.0,423.0,483.0,33.0,206.0,35.0,,,,,,,,,,,,,,,,,Continental arc,130.0,33.25,MIOCENE,1994
2.66,6.44,14.66,52.57,0.31,1.04,8.15,2.0,0.15,10.7,19.9,180.0,201.0,44.2,177.0,288.0,501.0,21.2,127.0,11.3,12.3,30.6,4.26,20.5,5.49,1.96,5.65,0.79,4.28,0.76,1.91,1.54,0.22,3.38,0.67,1.28,Continental arc,132.38,43.323,MIOCENE,2022
2.37,6.39,15.3,52.25,0.21,0.42,7.9,1.37,0.2,,6.89,225.0,290.0,,140.0,285.0,212.0,20.3,108.0,13.7,16.1,32.2,3.7,15.3,3.6,1.3,4.17,0.71,4.25,0.84,2.25,2.07,0.34,2.87,0.92,2.94,Continental arc,130.25,33.25,,2009
3.16,7.8,14.73,52.06,0.25,0.28,1.97,1.82,0.3,10.7,4.0,,,,,88.0,41.0,57.0,139.0,6.5,,,,,,,,,,,,,,,,,Continental arc,139.0,38.0,MIOCENE,1997
3.14,7.723,16.97,52.63,0.1982,1.276,8.862,0.8516,0.1483,6.97,43.84,181.4,253.6,29.65,103.3,309.3,343.1,17.78,95.5,6.385,16.48,37.57,4.402,17.12,3.711,1.156,3.392,0.5573,3.516,0.7216,2.124,2.157,0.3261,2.603,0.404,6.325,Continental arc,23.292,37.649,,2022
4.12,7.57,16.42,48.62,0.61,1.4,8.02,2.16,0.11,,15.0,158.0,189.0,42.0,189.0,1234.0,924.0,21.0,221.0,45.0,53.0,119.0,,,,,,,,,,,,,,,Continental arc,8.5,40.5,PLIOCENE,1990
2.79,5.34,16.52,51.07,0.37,0.95,9.24,1.84,0.21,10.1,26.0,236.0,90.0,42.0,30.0,242.0,440.2,21.4,141.8,18.0,18.7,,,,,,,,,,,,,,,3.4,Continental arc,129.7,33.1,CENOZOIC,2009
3.82,5.05,16.03,49.82,0.15,0.65,6.63,1.26,0.14,10.31,,,14.0,32.0,,250.0,,,,2.0,6.8,16.3,,,3.1,1.0,,0.5,,,,2.5,0.5,1.9,0.0,1.3,Continental arc,133.17,35.58,MIOCENE,1994
3.58,10.93,16.17,52.68,0.055,0.07,0.98,0.57,0.12,8.13,0.0,233.0,130.0,35.0,44.0,0.0,61.0,7.34,30.0,0.449,0.464,1.39,0.245,1.41,0.571,0.227,0.838,0.177,1.32,0.312,0.955,1.06,0.157,0.683,0.039,0.233,Continental arc,-1.955,36.032,MIOCENE,1999
2.53,5.34,17.23,49.73,0.28,1.2,10.73,0.99,0.18,9.54,28.0,293.0,46.0,,26.0,182.0,347.0,27.0,72.0,7.0,11.0,27.0,,,,,,,,,,,,,,,Continental arc,8.87,39.63,CENOZOIC,1997
2.77,6.8,16.5,50.6,0.297,1.12,9.93,1.34,0.17,9.63,28.5,284.0,120.0,38.3,41.9,198.0,354.0,27.6,126.0,10.2,18.8,37.4,,20.3,,,,,,,,,,,,4.4,Continental arc,109.22,-7.2,,
2.52,5.9,18.61,49.65,0.17,0.82,11.29,0.86,0.19,9.39,16.0,279.0,59.0,33.0,26.0,,594.0,,54.0,,,,,11.36,3.0,,,,,,,,,,,,Continental arc,140.2,49.0,MIOCENE,2005
3.71,6.48,17.6,50.6,0.4,1.16,9.21,1.44,0.17,8.99,14.0,258.0,136.0,37.0,71.0,458.0,657.0,22.0,143.0,8.1,13.34,32.07,4.4,19.24,4.5,1.47,4.53,0.68,4.21,0.84,2.41,2.17,0.33,3.23,0.45,1.18,Continental arc,160.041,57.382,QUATERNARY,2010
2.78,7.83,16.75,52.31,0.28,0.78,8.5,1.15,0.16,8.51,20.7,,349.0,,108.0,183.0,448.0,23.1,132.0,5.5,,,,,,,,,,,,,,,,,Continental arc,137.5,35.75,,2000
2.65220012055455,4.50070323488045,15.7424151095037,50.3918022905365,0.291340164757886,1.1754068716094,9.64436407474382,1.30600763512156,0.231062889290737,12.66,25.0,397.0,18.0,45.0,9.0,828.0,422.0,26.0,104.0,3.0,4.0,10.0,4.0,,,,,,,,,,,,,4.0,Continental arc,-86.0,12.0,HOLOCENE,2020
2.79,6.73,16.3,48.21,0.37,1.19,8.72,2.16,0.17,11.12,28.0,211.0,85.0,47.0,67.0,316.0,445.0,22.9,182.0,25.9,25.0,,,,,,,,,,,,,,,4.7,Continental arc,129.9,33.1,CENOZOIC,2009
2.45,7.05,16.76,49.43,0.49,2.24,11.73,0.85,0.15,7.88,69.73,263.7,140.4,33.19,55.96,1016.0,750.5,25.49,153.0,18.57,47.87,95.94,11.2,43.12,8.57,2.17,6.87,0.94,4.93,0.91,2.39,2.29,0.34,3.67,1.25,16.6,Continental arc,15.21,38.79,,2012
1.88,4.97,17.88,45.28,0.18,0.64,13.89,1.15,0.21,12.11,10.0,424.0,,,,187.0,550.0,19.0,62.2,1.93,11.0,32.0,,8.0,5.7,,5.89,,,,,,,1.97,0.153,,Continental arc,110.433,-7.533,,
3.19,8.13,15.7,49.15,0.49,2.23,7.72,2.1,0.12,,44.0,,,,,,839.0,25.0,,46.0,,,,,,,,,,,,,,,,,Continental arc,8.7,40.0,NEOGENE,1975
2.56,7.44,16.54,46.97,0.48,1.24,10.72,2.17,0.16,9.56499105153539,59.0,285.0,254.0,40.0,74.0,566.0,680.0,23.0,140.0,,,,,,,,,,,,,,,,,,Continental arc,-3.315,34.573,NEOGENE,2005
2.02,8.38,16.81,49.51,0.07,0.16,9.69,0.85,0.19,,3.1,,156.0,48.5,94.8,234.0,291.0,15.9,30.3,0.9,,6.0,,,,,,,,,,,,,,,Continental arc,140.88,40.65,,1985
2.75,9.43,13.67,50.61,0.422,1.46,9.041,1.37,0.184,,39.08,326.3,51.53,0.087,182.5,158.4,320.0,30.51,163.0,3.741,13.3,0.05,4.969,24.09,5.667,1.6504,5.848,0.876,5.481,1.0862,3.163,3.012,0.447,4.0,0.25,1.42,Continental arc,160.237,55.666,,2021
2.85,9.15,17.22,48.16,0.24,0.81,10.05,1.08,0.18,9.87,15.0,,,,,256.0,521.0,20.0,98.0,5.0,,,,,,,,,,,,,,,,,Continental arc,-156.51,57.83,,2004
2.58,6.11,17.43,51.32,0.3,1.8,10.79,0.82,0.16,,49.0,264.0,71.0,38.0,38.0,613.0,592.0,25.0,113.0,12.0,42.0,50.0,,29.0,,,,,,,,,,,,,Continental arc,15.21,38.79,,1993
1.822,5.432,18.056,51.93,0.079,0.12,10.106,0.783,0.178,,1.644,280.878,61.797,30.396,19.976,94.482,256.113,16.798,42.421,2.08,,,,,,,,,,,,,,,,,Continental arc,140.967,39.997,,2017
2.57,6.49,16.68,50.77,0.47,2.05,11.33,0.82,0.15,,61.0,295.0,23.0,40.0,52.0,818.0,632.0,24.0,150.0,17.0,49.0,101.0,,42.0,,,,,,,,,,,,,Continental arc,15.21,38.79,HOLOCENE,1993; 2004
2.55,6.56,18.0,49.0,0.37,2.03,11.2,0.96,0.17,,80.0,267.0,67.0,34.0,34.0,967.0,756.0,21.0,164.0,15.0,51.0,96.0,,36.0,9.1,2.18,,1.0,,,,2.5,0.55,3.6,1.4,15.8,Continental arc,15.21,38.79,,2004
2.71,6.4,17.9,47.9,0.36,1.7,10.2,0.99,0.2,10.62,26.0,339.0,43.0,42.0,31.0,983.0,937.0,19.0,58.0,1.4,10.48,24.19,3.55,16.66,4.3,1.34,4.37,0.61,3.68,0.73,2.09,1.96,0.3,1.62,0.13,1.44,Continental arc,160.855,57.576,NEOGENE,2010
2.86,5.9,18.82,51.33,0.108,0.482,10.1,0.897,0.159,,10.2,259.9,62.6,31.5,39.6,126.9,213.8,21.43,60.3,2.0,6.54,14.81,1.93,8.62,2.41,0.85,3.0,0.54,3.46,0.73,2.17,2.17,0.32,1.62,0.21,1.95,Continental arc,25.4,36.6,,2009
1.55,8.41,16.25,47.79,0.11,0.31,13.86,0.72,0.19,9.85,12.0,,254.0,,61.0,302.0,396.0,13.0,39.0,,,,,,,,,,,,,,,,,,Continental arc,-86.19,12.08,HOLOCENE,
3.22,8.76,17.06,50.27,0.14,0.58,9.0,0.95,0.13,7.13,19.2,,,,124.0,95.0,223.0,19.0,96.0,2.0,,,,,,,,,,,,,,,,1.6,Continental arc,134.0,34.25,MIOCENE,1998
2.46,9.62,13.96,47.47,0.27,0.79,10.91,1.46,0.17,9.84,16.1,285.0,430.0,51.0,114.0,373.0,453.0,19.2,98.8,14.8,23.0,43.3,5.04,20.3,4.44,1.48,4.55,0.67,4.03,0.79,2.15,1.94,0.27,2.74,0.77,3.92,Continental arc,129.7,33.1,CENOZOIC,2009; 2014
2.8,8.8,15.0,51.0,0.38,1.3,9.8,1.23,0.18,9.7,29.3,271.0,320.0,43.1,132.0,318.0,300.0,24.9,147.0,3.63,10.8,26.8,4.07,19.0,4.91,1.43,10.2,0.74,4.59,0.92,2.65,2.42,0.36,3.45,0.23,1.13,Continental arc,160.337,55.789,,2017
3.22,4.62,17.2,51.4,0.56,1.9,8.61,1.6,0.16,9.45,,297.0,98.0,,48.0,496.0,344.0,31.3,176.0,6.9,,,,,,,,,,,,,,,,,Continental arc,160.27,55.615,HOLOCENE,1996
2.676,7.106,15.05,50.234,0.238,1.036,9.212,1.009,0.175,8.79,20.0481850589603,,197.349173005939,,49.4012467298509,307.8709210253,401.616252917758,18.3589016815038,85.024000067511,2.32611767678136,7.25949600079195,18.4173713665054,2.84578454208477,14.2445069478522,3.61922011301055,1.17796632277837,4.0167285404657,0.601059007062155,3.67048486760448,0.741955531130265,2.09483455185312,1.93737663551629,0.292338798955595,2.20288306873292,0.150004513189712,0.665424681693028,Continental arc,160.341,55.889,,2015
1.75,11.91,12.6,51.79,0.16,0.21,9.62,0.66,0.18,10.01,10.6,224.0,596.0,41.0,172.0,145.0,187.0,12.6,35.0,2.4,8.1,16.7,2.2,9.1,2.33,0.69,2.5,0.33,2.66,0.55,1.59,1.3,0.26,,,,Continental arc,8.75,39.8,CENOZOIC,2013
1.52,10.16,14.82,45.04,0.39,2.03,11.51,1.11,0.15,8.75,30.2,176.0,282.0,33.9,165.0,996.0,1077.0,22.6,122.0,11.0,60.2,115.0,14.7,57.6,10.5,2.89,7.44,1.01,4.56,0.83,2.24,1.84,0.27,2.85,0.63,9.3,Continental arc,95.3,22.22,QUATERNARY,2016
4.05,5.75,17.9,49.9,0.45,1.37,8.36,1.77,0.17,10.15,,250.0,55.0,37.0,42.0,434.0,720.0,,157.0,,,,,,,,,,,,,,,,,,Continental arc,160.106,57.35,QUATERNARY,2010
4.07,4.9,16.52,51.39,0.77,1.6,8.15,2.43,0.12,9.99,31.0,,106.5,,21.0,368.0,1037.0,20.0,206.0,24.0,43.7,96.8,,43.5,7.5,2.2,,1.1,,,,1.3,0.2,4.8,1.3,5.2,Continental arc,130.95,35.965,CENOZOIC,2003
2.95,6.61,14.86,52.57,0.14,0.59,8.09,1.65,0.13,10.68,14.0,208.0,255.0,53.7,152.0,415.0,246.0,25.0,89.0,6.0,4.31,13.8,,,3.19,1.81,,,,,,2.18,0.365,2.36,,0.9,Continental arc,135.75,35.05,PERMIAN,2008
3.13,5.04,18.52,50.98,0.4,1.95,8.98,1.15,0.2,,42.0,250.0,22.0,19.3,13.0,714.0,810.0,,,,13.0,26.0,,16.6,4.25,1.4,4.6,0.7,,,,2.31,0.34,3.0,0.3,1.8,Continental arc,157.8,56.47,,1994
2.41,6.52,16.7,52.8,0.07,0.65,9.84,0.68,0.17,7.6,20.0,,60.0,36.0,32.0,79.0,231.0,15.0,56.0,1.65,3.26,8.02,1.16,5.4,1.68,0.61,2.06,0.37,2.42,0.51,1.44,1.33,0.2,0.85,0.13,0.72,Continental arc,-4.45,36.88,NEOGENE,2004
3.52,5.02,17.56,52.36,0.19,0.93,8.04,0.98,0.16,7.93,14.9,235.9,52.5,,35.5,380.2,338.2,20.1,88.6,1.7,5.1,17.8,,11.7,,,,,,,,,,,,3.4,Continental arc,160.481,56.085,,
2.45,10.35,15.81,51.38,0.14,0.56,9.63,0.86,0.16,7.79,12.0,206.0,695.0,,159.0,181.0,343.0,16.0,63.0,5.7,,,,,,,,,,,,,,,,,Continental arc,131.172,33.517,PLIOCENE,1991
3.37,6.61,15.72,52.9,0.35,1.59,8.04,1.21,0.18,9.03,27.05,,,32.92,59.19,625.0,443.42,21.61,99.23,3.24,11.32,29.37,4.31,19.25,4.83,1.47,4.45,0.66,3.84,0.79,2.16,2.06,0.3,2.74,0.22,1.39,Continental arc,160.58,55.97,,
2.55,4.64,17.28,51.96,0.62,4.14,8.58,0.92,0.14,7.15,138.0,233.0,40.0,28.0,30.0,1539.0,694.0,27.0,185.0,34.0,57.0,114.0,13.4,46.0,9.2,2.3,7.8,1.2,5.8,1.0,2.8,2.5,0.36,4.8,1.4,20.8,Continental arc,15.216,38.797,HOLOCENE,2014
2.96,5.39,16.69,48.34,0.5,1.59,8.23,2.85,0.17,11.19,38.0,288.0,31.0,42.0,28.0,456.0,555.0,26.6,236.0,35.6,31.9,,,,,,,,,,,,,,,4.7,Continental arc,129.8,33.1,CENOZOIC,2009
1.46,9.67,15.25,47.5,0.1,0.34,13.85,0.68,0.18,10.4,8.0,292.0,236.0,57.0,88.0,252.0,382.0,19.0,33.0,,,,,,,,,,,,,,,,,,Continental arc,-86.19,12.08,HOLOCENE,
3.0,8.92,16.41,50.32,0.23,0.68,9.74,0.99,0.18,,17.0,242.0,411.0,41.0,126.0,185.0,453.0,24.0,96.0,3.0,8.1,21.5,3.4,15.7,4.1,1.28,3.8,0.64,4.0,0.83,2.38,2.33,0.34,2.41,0.45,0.81,Continental arc,158.07,53.93,,2000; 2021
3.234,7.402,17.26,52.93,0.2005,1.45,8.732,0.7879,0.1402,6.63,62.86,232.3,278.7,37.46,155.9,369.0,395.7,17.86,109.6,7.138,21.14,42.81,4.788,18.2,3.643,1.095,3.295,0.5035,3.143,0.6328,1.836,1.825,0.2697,2.444,0.394,6.523,Continental arc,23.307,37.632,,2022
2.93,5.59,18.92,50.08,0.223,1.25,11.02,0.89,0.148,8.95,15.0,266.0,19.0,,23.0,464.0,873.0,20.0,81.0,3.9,28.0,53.0,,28.0,,,,,,,,,,,,6.0,Continental arc,95.262,20.996,,2018
3.05,6.81,17.01,52.03,0.23,1.05,8.97,0.87,0.16,,8.49,,,,,271.68,596.73,14.68,58.28,3.0,6.29,15.31,2.15,9.84,2.55,0.83,2.57,0.42,2.66,0.54,1.53,1.5,0.23,1.38,0.22,0.5,Continental arc,158.518,55.949,NEOGENE,2019
2.5,6.19,17.79,50.09,0.55,2.08,11.08,1.0,0.17,7.85,73.0,268.0,55.0,30.6,40.0,986.0,724.0,27.0,170.0,19.2,48.0,97.0,11.5,44.0,8.7,2.2,7.1,0.97,5.1,0.93,2.5,2.4,0.37,3.9,1.29,16.19,Continental arc,15.216,38.794,HOLOCENE,2006
3.08,9.17,15.76,49.8,0.39,1.36,9.33,1.15,0.16,,28.0,243.0,539.0,47.0,227.0,314.0,554.0,20.0,119.0,7.5,12.7,31.1,4.7,21.2,5.2,1.48,4.3,0.64,3.6,0.68,1.88,1.69,0.25,2.62,0.49,1.32,Continental arc,158.07,53.93,,2000; 2021
2.51,6.09,18.48,50.28,0.56,2.08,10.84,1.0,0.17,,70.0,268.0,54.0,32.0,42.0,958.0,728.0,26.0,161.0,18.3,46.0,93.0,11.0,43.0,8.4,2.2,7.1,0.95,5.1,0.92,2.5,2.3,0.36,3.7,1.27,15.2,Continental arc,15.216,38.794,HOLOCENE,2006
3.22,9.62,16.51,49.42,0.27,1.01,8.78,1.21,0.15,8.61,25.9,,,,,383.0,731.0,23.0,88.5,8.44,20.8,39.2,5.1,21.2,4.17,1.42,3.94,0.614,3.58,0.739,1.92,1.9,0.269,2.42,0.55,2.79,Continental arc,133.428,35.342,QUATERNARY,2013
3.0,7.25,17.02,51.44,0.22,0.96,8.34,1.16,0.16,8.04,3.0,176.0,205.0,39.0,131.0,207.0,569.0,21.6,146.0,8.2,14.8,34.0,4.19,18.2,4.44,1.3,4.43,0.72,4.12,0.82,2.41,2.3,0.367,3.4,0.4,0.97,Continental arc,131.75,34.75,,2011
2.03,6.73,17.9,50.69,0.07,0.26,9.48,0.68,0.21,10.67,3.7,240.0,31.4,,38.6,128.0,341.0,13.9,43.4,1.39,2.69,7.2,1.05,5.42,1.71,0.66,2.2,0.38,2.59,0.56,1.71,1.73,0.27,0.68,0.04,0.31,Continental arc,140.78,42.57,,2016
3.69,9.4,14.16,46.05,0.41,2.31,9.18,1.88,0.28,,40.0,130.0,210.0,37.0,140.0,668.0,711.0,22.63,183.0,43.0,34.19,66.02,7.5,33.63,6.66,2.11,5.78,0.89,4.43,0.79,2.07,1.59,0.23,4.14,2.68,4.52,Continental arc,131.5,43.67,MIOCENE,2007
1.86,9.94,14.39,50.52,0.09,0.58,9.9,0.57,0.18,9.44,18.1,265.0,268.0,,148.0,128.0,193.0,15.4,37.0,1.8,4.6,11.4,,6.4,1.79,0.61,1.84,,,,,1.44,0.27,1.1,0.07,2.2,Continental arc,8.55,39.58,MIOCENE,2001
4.01,4.96,18.4,51.4,0.5,1.25,8.82,1.4,0.16,8.7,15.0,252.0,38.0,26.0,26.0,546.0,681.0,22.0,150.0,8.8,16.94,39.99,5.35,22.77,5.02,1.55,4.96,0.71,4.26,0.84,2.39,2.14,0.33,3.39,0.49,1.62,Continental arc,159.958,57.429,QUATERNARY,2010
2.54,6.76,17.89,48.12,0.21,0.59,9.54,1.05,0.18,10.8,8.81,287.0,28.9,40.3,28.5,301.0,560.0,18.0,73.5,2.46,7.48,17.5,2.62,11.9,3.01,1.06,3.16,0.51,3.15,0.63,1.73,1.67,0.25,1.93,0.14,0.7,Continental arc,-90.615,14.409,,2012
2.1,7.01,16.29,49.64,0.43,2.29,11.9,1.01,0.16,,66.0,286.0,100.0,38.0,51.0,810.0,800.0,32.0,179.0,22.0,57.0,108.0,,43.0,,,,,,,,,,,,,Continental arc,15.21,38.79,,1993
2.58,5.26,17.71,51.61,0.18,1.44,9.53,0.88,0.15,8.01,34.06,282.74,49.0,45.44,16.6,456.4,391.04,25.19,81.89,3.83,12.94,29.49,3.82,16.46,4.13,1.21,4.11,0.66,4.09,0.88,2.52,2.46,0.38,2.09,0.25,4.07,Continental arc,140.075,42.05,PLIOCENE,2011
3.19,8.85,15.75,51.97,0.15,0.48,9.11,0.86,0.3,8.41,6.99,151.95,405.12,35.48,104.32,169.92,343.14,16.63,95.44,3.58,10.02,24.36,3.13,13.112,3.12,1.03,3.27,0.53,2.63,0.69,1.64,1.57,0.25,2.61,0.25,2.67,Continental arc,156.56,57.1,,2008
2.91,6.64,16.61,48.52,0.35,1.11,8.64,1.31,0.13,8.19,17.0,,190.0,34.0,71.0,410.0,565.0,24.0,96.0,6.0,11.0,30.0,,,4.0,1.4,,,,,,1.4,0.2,2.5,,1.0,Continental arc,136.5,36.5,MIOCENE,1997
3.68,5.89,17.81,51.07,0.24,0.94,8.87,1.03,0.169,9.13297,10.934954790234,237.0,112.0,34.0,71.0,389.523902234108,609.464375854164,17.2761933286031,75.0,4.76332159152931,8.0023050634938,20.4118661325183,2.74353092093294,12.8886387221191,3.15276848415384,1.05489546693232,3.20930343367179,0.495241362296693,2.98945619037223,0.57967701860059,1.69922270185205,1.65223429833715,0.235973997787723,2.20213707564676,0.257009787141142,0.78612825382964,Continental arc,159.206,56.752,CENOZOIC,
2.32,9.6,15.78,49.13,0.1,0.26,10.26,0.748,0.157,8.81,6.86,244.25,472.66,,,105.22,260.21,19.18,53.61,1.58,4.23,10.67,1.46,7.4,2.126,0.83,2.66,0.49,3.12,0.65,1.85,1.85,0.31,1.41,0.19,0.53,Continental arc,140.862,37.791,,2009
3.06,8.23,17.52,48.81,0.45,0.99,8.11,1.65,0.13,,23.0,95.0,57.0,22.0,100.0,473.0,619.0,,112.0,,6.5,16.8,,12.5,4.15,1.53,5.1,0.6,,,,1.71,0.21,1.92,,0.35,Continental arc,140.2,49.0,MIOCENE,1995
3.90511713337415,7.23222053942577,17.8932507330906,52.8540183030967,0.37359423839139,1.51753778236071,8.06198240582606,0.955635935939162,0.115804143975768,7.09083878451971,20.27,,,,162.40593389964,564.062300149676,1244.55211545087,13.89,128.5,12.38,40.42,77.92,8.207,28.81,4.368,1.452,4.209,0.5195,2.865,0.5202,1.362,1.285,0.1952,2.968,0.741,6.793,Continental arc,133.088,35.188,QUATERNARY,2014
2.35,5.0,18.16,52.82,0.1,0.46,9.66,0.73,0.17,9.06,5.58,245.57,24.4,49.83,23.0,134.2,296.42,22.0,51.43,1.65,4.72,11.44,1.68,7.88,2.35,0.82,2.91,0.51,3.37,0.74,2.19,2.14,0.33,1.33,0.1,0.71,Continental arc,140.825,42.615,PLIOCENE,2011
2.61,9.61,14.17,50.21,0.34,1.26,9.83,1.18,0.17,,34.0,271.0,569.0,47.0,168.0,296.0,305.0,27.0,124.0,3.1,10.5,27.03,4.37,20.14,5.29,1.46,4.58,0.75,4.25,0.84,2.52,2.27,0.34,3.02,0.14,0.95,Continental arc,160.37,55.82,,2001
3.31,5.51,16.54,48.88,0.49,0.77,8.5,1.85,0.14,9.42,9.0,,,,,,491.0,,,,,,,,,,,,,,,,,,,,Continental arc,140.295,39.1706,CENOZOIC,1988
2.22,9.37,16.31,49.11,0.16,1.0,10.72,0.85,0.17,8.49,21.7,270.0,,,,508.0,496.0,21.0,60.9,2.04,14.8,28.8,3.9,16.7,3.67,1.16,3.76,0.582,3.49,0.741,2.15,1.92,0.314,1.6,0.116,4.28,Continental arc,139.73,39.95,QUATERNARY,2015
2.88,4.88,18.36,52.42,0.35,2.26,9.73,0.89,0.16,,65.0,243.0,16.0,68.0,22.0,849.0,633.0,27.0,152.0,15.0,53.0,74.0,,35.0,,,,,,,,,,,,,Continental arc,15.21,38.79,,1993
2.69,6.29,14.51,52.88,0.32,1.15,8.21,2.06,0.15,10.47,20.7,182.0,197.0,44.5,178.0,303.0,501.0,21.2,128.0,11.6,12.2,30.2,4.27,20.3,5.76,1.97,5.65,0.82,4.35,0.78,1.91,1.47,0.22,3.41,0.69,1.3,Continental arc,132.38,43.323,MIOCENE,2022
2.28,8.5,17.81,49.39,0.19,0.4,10.74,0.82,0.18,9.69,7.04,,,,,223.0,514.0,23.6,70.5,1.93,6.84,17.5,2.76,13.6,3.71,1.27,4.13,0.69,4.31,0.88,2.49,2.38,0.357,1.95,0.109,0.506,Continental arc,158.162,52.46,,2014
2.5,8.7,13.0,48.5,0.32,2.2,12.6,0.8,0.2,,50.0,,149.0,10.0,38.0,695.0,1090.0,15.0,46.0,,27.0,53.0,,,,,,,,,,,,,,,Continental arc,15.0,38.4,,
2.505,7.818,15.455,49.372,0.225,0.953,11.245,1.066,0.197,9.71,15.7803616080256,,181.458003149198,,57.2519959415243,255.200664191136,363.463464967378,19.326590445078,74.8771131507695,1.88212692151516,6.33057835610437,16.5270756848269,2.62377731606134,13.5836915741633,3.63650547980585,1.20279413126507,4.13027257686291,0.639008084221973,4.01265395200465,0.815433112080928,2.31569485881031,2.12178738320952,0.317861525340942,2.03939912947766,0.126524709340483,0.545560633660932,Continental arc,160.294,55.856,,2015
1.93,5.21,18.86,52.73,0.09,0.39,9.9,0.8,0.16,,11.0,258.9,52.5,,24.3,153.8,288.8,15.9,48.3,2.0,6.29,14.66,2.05,8.64,2.23,0.75,2.52,0.44,2.76,0.59,1.59,1.62,0.26,1.48,0.35,1.22,Continental arc,140.0,37.0,,1997
1.89,8.29,16.83,51.26,0.08,0.07,10.4,0.77,0.17,9.49,0.91,257.23,,,,58.1,289.0,13.4,27.1,1.21,2.41,6.47,1.0,5.11,1.5,0.628,2.03,0.358,2.16,0.457,1.3,1.19,0.178,0.76,0.062,0.217,Continental arc,140.98,39.88,QUATERNARY,2015
3.0130326016785,9.9005406714009,15.4646142672692,48.8379599741769,0.606237895416398,2.44209974176888,10.5289703034216,1.31536475145255,0.120037120723047,7.77114267269206,24.41,,,,252.587772158903,654.551893128116,2599.08228889154,17.12,170.8,20.98,64.83,131.0,14.96,54.86,8.276,2.674,7.214,0.8013,4.027,0.6637,1.656,1.428,0.2049,3.696,1.297,5.285,Continental arc,133.088,35.188,QUATERNARY,2014
2.740822246674,4.73141942582775,15.6646994098229,50.9652895868761,0.270081024307292,1.19035710713214,9.61288386515955,1.12033610083025,0.230069020706212,12.12,21.0,399.0,22.0,47.0,3.0,818.0,407.0,25.0,96.0,4.0,14.0,35.0,4.0,,,,,,,,,,,,,7.0,Continental arc,-86.0,12.0,HOLOCENE,2020
2.19,4.67,17.54,52.88,0.08,0.4,9.7,0.76,0.19,10.03,6.6,264.0,26.0,,14.0,91.0,247.0,22.1,49.0,2.7,,,,,,,,,,,,,,,,,Continental arc,141.125,43.0,PLEISTOCENE,1992
2.44,6.04,16.03,51.6,0.57,3.62,10.08,0.9,0.15,7.57,121.0,250.0,138.0,29.2,50.7,1401.0,667.0,25.4,174.0,19.2,44.7,91.5,,42.5,8.58,2.24,,0.94,,,,2.18,0.34,4.24,1.25,16.9,Continental arc,15.225,38.81,,2011
2.61,6.63,17.64,52.47,0.29,2.02,9.24,0.85,0.15,,64.3,210.0,226.0,26.7,55.2,737.0,612.0,26.1,150.0,16.8,34.8,67.6,8.14,32.0,6.22,1.62,6.48,0.85,4.65,0.9,2.61,2.34,0.37,3.59,0.84,12.56,Continental arc,15.21,38.79,QUATERNARY,1989; 1993; 2007
2.8,6.61,15.81,50.5,0.38,0.74,9.16,1.89,0.17,,12.5,164.0,200.0,,86.0,275.0,456.0,22.9,114.0,16.2,18.3,39.0,4.6,19.8,4.6,1.6,4.9,0.77,4.4,0.87,2.3,2.0,0.31,2.8,1.7,2.3,Continental arc,129.45,33.35,,2009
2.24,6.13,17.39,51.57,0.296,1.04,11.33,0.82,0.16,,26.848,282.648,124.485,30.217,37.518,312.56,668.136,19.846,71.903,9.841,23.144,44.489,5.206,20.13,4.109,1.2605,4.154,0.59,3.328,0.676,1.869,1.872,0.287,1.74,0.463,3.576,Continental arc,14.341,38.542,,2016
1.77615348628066,10.2421911746922,15.8392357612716,48.1994310439922,0.115066181743257,0.832784262591591,12.587459682987,1.20674935325718,0.151349613423606,8.14,22.0332333333333,458.8385,190.260666666667,36.1287333333333,25.7311666666667,193.756666666667,261.256,17.4171333333333,56.35125,4.128205,9.30281666666667,21.4028333333333,2.81400333333333,12.2814166666667,3.31997666666667,0.995778833333333,3.17328333333333,0.524996166666667,3.2956,0.69748,1.95609333333333,1.74268666666667,0.244540333333333,1.60598166666667,0.347765,1.64931333333333,Continental arc,8.392,40.34,CENOZOIC,2018
1.75,4.59,18.84,52.52,0.05,0.25,10.74,0.56,0.18,8.96,6.5,238.0,42.0,,16.0,94.0,242.0,19.6,38.0,2.1,,,,,,,,,,,,,,,,,Continental arc,141.0,43.0,,1992
2.84,5.76,18.802,51.87,0.201,1.011,8.978,0.992,0.186,9.31,25.684,272.642,45.096,35.319,17.613,299.932,400.339,23.083,85.828,3.867,13.83,29.14,3.703,15.38,3.768,1.178,3.877,0.631,3.724,0.799,2.299,2.101,0.325,2.219,0.226,4.79,Continental arc,109.945,-7.325,PLEISTOCENE,
4.59,4.83,17.01,52.74,0.19,1.08,8.13,1.09,0.16,8.3,14.0,260.0,32.0,,26.0,366.0,362.0,21.0,111.0,0.0,1.0,15.0,,3.0,,,,,,,,,,,,,Continental arc,160.63,56.05,HOLOCENE,1994
2.41,6.75,17.93,49.94,0.1,0.26,10.81,0.78,0.18,,6.0,,,,33.0,109.0,224.0,15.0,43.0,0.4,,,,,,,,,,,,,,,,0.6,Continental arc,160.63,56.05,,1995
1.66,8.15,16.82,48.62,0.15,0.39,10.84,0.9,0.12,10.0,8.0,,,,,119.0,437.0,21.0,53.0,6.0,,,,8.33,2.34,,,,,,,,,,,,Continental arc,139.0,38.0,MIOCENE,1997
2.36,11.79,13.4,51.15,0.11,0.56,10.13,0.8,0.17,8.58,9.0,257.0,850.0,,192.0,211.0,239.0,18.0,62.0,1.0,5.0,12.0,,12.0,,,,,,,,,,,,,Continental arc,160.63,56.05,HOLOCENE,1994; 1995
4.0,5.09,17.56,49.69,0.52,1.86,8.06,1.94,0.19,11.08,60.6,181.59,50.68,,46.23,657.9,641.5,2.71,189.1,54.0,41.56,73.52,8.4,33.3,6.74,2.24,6.63,1.05,5.73,1.11,3.01,3.38,0.43,4.26,3.94,5.74,Continental arc,128.758,32.766,,2013
4.18,5.15,16.77,52.76,0.479,1.87,7.59,1.463,0.144,7.927,25.193,136.0,104.0,30.0,70.0,552.388,566.824,23.418,167.0,15.024,20.759,46.225,5.355,23.24,5.114,1.621,5.285,0.761,4.479,0.873,2.576,2.395,0.366,4.003,0.913,2.917,Continental arc,160.96542,58.12572,CENOZOIC,
3.256,4.696,16.341,49.778,0.523,1.841,8.548,1.55,0.155,9.77,57.5351143,,91.7852859,,36.7957382,507.521729,419.268585,41.0310898,256.961029,6.18068933,18.087225,44.0857277,6.15555048,29.2900047,7.30662012,2.07291174,7.73061514,1.12527859,6.80701971,1.18730485,3.75620008,3.92118621,0.600446045,4.94561434,0.325931013,1.94449842,Continental arc,160.411,55.782,,2015
2.84,4.61,18.28,49.62,0.21,1.17,9.57,0.92,0.18,,26.4,292.0,13.4,32.3,14.0,484.0,594.0,23.0,73.0,1.48,10.4,23.5,3.42,15.9,3.88,1.25,4.07,0.66,3.96,0.84,2.23,2.12,0.32,2.13,0.1,1.6,Continental arc,-89.739,13.857,PLEISTOCENE,2006; 2007
2.32,6.13,16.9,48.74,0.18,0.31,11.12,1.11,0.2,10.5,5.0,238.0,37.0,,0.0,97.0,390.0,22.5,57.0,2.87,9.3,19.1,3.14,14.2,3.53,1.13,3.45,0.6,3.71,0.77,2.16,2.14,0.3,1.79,0.16,0.91,Continental arc,176.028,-38.677,,2014
2.68,5.67,16.26,50.72,0.3,1.66,9.51,1.0,0.19,10.81,36.0,,,,,1035.0,858.0,21.0,135.0,,,,,,,,,,,,,,,,,,Continental arc,162.5,59.75,,
2.61,7.72,17.24,48.69,0.19,0.33,11.51,1.12,0.16,8.74,4.0,227.0,80.0,,56.0,86.0,338.0,21.1,97.0,3.87,7.3,18.7,2.67,12.2,3.16,1.14,3.23,0.56,3.51,0.7,2.0,1.93,0.29,2.21,0.23,0.63,Continental arc,176.132,-38.493,,2014
2.87,4.88,17.93,52.66,0.39,2.73,9.22,0.9,0.15,,81.0,247.0,30.0,29.0,27.0,1010.0,647.0,28.0,174.0,17.0,60.0,92.0,,39.0,,,,,,,,,,,,,Continental arc,15.21,38.79,,1993
2.46,7.27,16.95,50.56,0.11,0.32,9.43,0.855,0.18,9.37,3.0,232.0,130.0,,,136.0,205.0,23.0,63.0,5.0,6.9,15.6,2.01,9.4,2.7,0.93,3.2,0.6,3.7,0.8,2.2,2.2,0.35,2.0,0.3,0.9,Continental arc,140.858,37.734,,2009
2.51,5.8,17.28,51.13,0.41,2.05,10.9,0.84,0.16,,64.0,286.0,36.0,40.0,36.0,695.0,616.0,26.0,141.0,15.0,47.0,73.0,,19.0,,,,,,,,,,,,,Continental arc,15.21,38.79,,1993
2.67,6.03,18.16,50.14,0.14,0.33,10.59,0.93,0.18,8.6,7.2,,570.0,51.0,29.0,116.0,249.0,17.0,54.0,0.5,4.7,11.3,,7.7,2.2,0.92,3.2,,,,,1.9,0.32,,,,Continental arc,161.15,55.75,QUATERNARY,1995
2.45,6.9,17.06,50.26,0.45,2.09,11.89,0.83,0.15,7.79,66.2,268.1,156.8,34.6,58.6,962.4,760.2,25.7,157.7,19.2,47.3,95.6,11.1,42.2,8.1,2.2,7.1,0.9,4.9,0.9,2.3,2.1,0.3,3.6,1.2,15.6,Continental arc,15.21,38.79,,2012
3.21,6.65,17.64,49.6,,1.52,8.14,1.39,0.19,,33.0,120.0,150.0,18.0,85.0,464.0,612.0,,243.0,,,,,,,,,,,,,,,,,,Continental arc,134.0,43.0,CENOZOIC,1999
3.37,4.94,18.38,51.31,0.22,0.98,8.82,1.0,0.13,8.56,18.4,248.0,48.8,28.5,24.0,457.0,603.0,16.1,99.1,3.01,10.1,23.0,3.29,14.2,3.27,1.04,3.26,0.5,2.89,0.56,1.48,1.38,0.2,2.62,0.18,1.28,Continental arc,-91.225,14.602,,2012
2.39,8.1,15.08,51.3,0.12,0.87,9.67,0.77,0.16,,30.0,271.0,525.0,52.0,173.0,260.0,229.0,26.0,74.0,,,,,,,,,,,,,,,,,,Continental arc,141.25,41.0,MIOCENE,1988; 1993; 1994
2.41,5.87,18.6,49.1,0.38,2.02,11.4,1.02,0.17,,72.3,223.0,67.0,25.3,30.8,1040.0,783.0,26.7,169.0,22.7,39.9,80.3,9.83,39.6,7.76,2.07,7.83,0.98,5.04,0.93,2.62,2.26,0.35,3.84,1.18,14.8,Continental arc,15.21,38.79,HOLOCENE,2004; 2007
3.14,8.15,16.17,48.48,0.33,1.14,8.21,2.07,0.14,9.64,10.6,210.0,248.0,47.2,158.1,145.0,557.0,22.2,147.0,20.4,13.2,28.9,3.94,17.0,4.17,1.54,4.27,0.68,3.84,0.72,1.9,1.68,0.24,2.91,1.02,1.37,Continental arc,162.506,57.865,QUATERNARY,2005
2.35,9.96,13.3,50.0,0.27,2.66,9.14,0.54,0.15,8.546,36.6,,,,,326.0,515.0,12.0,27.2,0.73,2.78,6.48,1.01,5.26,1.62,0.58,1.96,0.31,2.04,0.45,1.27,1.26,0.22,0.98,,0.23,Continental arc,171.1,60.8,CRETACEOUS,2023
2.92,7.39,15.24,49.83,0.24,1.3,10.69,0.94,0.16,9.17796,26.0,295.0,200.0,43.0,35.0,451.0,517.0,21.41,70.0,0.0,0.0,0.0,0.0,,,,,,,,,,,,,31.0,Continental arc,160.809,56.45,,2018
2.64,5.39,17.14,46.81,0.42,1.58,10.44,2.38,0.17,10.1138757685097,48.0,314.0,84.0,40.0,53.0,468.0,676.0,24.9,171.0,44.0,30.5426137867887,60.8622575410394,7.50744556633757,29.9761003743895,6.08526556187954,1.8436738144302,5.5177535850133,0.806897290148594,4.68111327808497,0.918930799478245,2.48962827945061,2.27691409355656,0.330173507018266,3.92067631783755,2.75893349311485,4.24930032023619,Continental arc,-3.054,34.504,NEOGENE,2005
2.03,5.79,17.64,51.68,0.1,0.77,10.55,0.84,0.19,,26.0,,292.0,,48.0,284.0,200.0,,83.0,,12.13,30.04,,12.65,3.4,0.92,3.43,,3.4,,1.96,1.92,0.33,,,,Continental arc,8.55,39.58,CENOZOIC,1997
3.01,5.03,17.63,52.72,0.106,0.829,10.02,0.794,0.147,,21.9,239.9,45.7,27.9,24.9,142.0,311.4,22.19,93.0,2.9,9.0,19.51,2.38,10.51,2.75,0.82,3.14,0.57,3.65,0.78,2.33,2.25,0.35,2.4,0.21,4.15,Continental arc,25.4,36.6,,2009
2.87,6.59,17.97,50.07,0.41,1.64,8.64,1.55,0.16,8.22,42.2,297.0,97.0,37.0,63.0,471.0,502.0,17.8,151.0,18.9,30.9,65.5,7.48,28.3,5.11,1.63,4.39,0.63,3.73,0.73,2.03,1.91,0.28,3.8,1.12,6.03,Continental arc,129.45,33.35,CENOZOIC,2009; 2014
2.58,5.56,14.92,48.03,0.11,0.15,10.53,1.44,0.18,,7.4,341.0,33.0,34.0,37.0,,459.0,,76.0,,6.92,17.4,,,3.08,1.07,,0.65,,,,2.16,0.31,,,0.7,Continental arc,140.75,37.75,CENOZOIC,1974; 1980; 2000
3.28,8.84,15.62,48.18,0.62,1.88,7.49,2.2,0.11,,20.0,191.0,257.0,43.0,215.0,1531.0,916.0,21.0,268.0,57.0,55.0,113.0,,45.0,,,,,,,,,,,,6.0,Continental arc,8.5,40.5,PLIOCENE,1990
3.26,5.13,16.7,52.1,0.362,1.26,8.59,1.44,0.18,9.81,33.7,251.0,32.0,36.4,14.9,226.0,315.0,34.5,193.0,14.5,21.4,44.7,,22.3,,,,,,,,,,,,5.3,Continental arc,109.21,-7.24,,
2.65,7.31,14.93,51.43,0.12,0.93,9.98,0.77,0.15,,32.0,249.0,592.0,50.0,182.0,,237.0,26.0,74.0,,,,,,,,,,,,,,,,,,Continental arc,141.25,41.0,MIOCENE,1986; 1994
2.81197141185238,5.87561455014679,18.4853783328248,51.2753234671882,0.140460031108866,0.581345683519803,10.2782092896475,0.909309153108636,0.185042737180096,9.45735534627369,7.79410794262098,,30.3,,18.8,217.897130061923,357.541111366673,19.8105505849562,57.2226668327718,2.07541700605182,6.02943394122389,13.1436196357493,1.87850833117325,9.09107847767456,2.80505644870544,0.99817357383843,3.1902020830315,0.540460196654172,3.56426928442905,0.724669515193888,2.07030863478543,1.8726224636278,0.296735637716188,1.70823755046266,0.137764672489829,0.893479945919134,Continental arc,-161.874,55.368,QUATERNARY,2009
2.29,10.91,13.72,52.35,0.13,0.65,10.09,0.83,0.16,8.87,8.96,242.0,644.0,,162.0,218.0,249.0,16.25,60.86,1.3,4.14,10.86,1.7,8.25,2.39,0.77,2.76,0.47,3.0,0.61,1.66,1.75,0.27,1.72,0.13,0.44,Continental arc,160.63,56.05,,2013
3.45,5.03,16.08,48.59,0.25,0.24,12.11,2.08,0.17,,6.0,289.0,272.0,48.0,99.0,,232.0,40.0,160.0,4.0,,,,,,,,,,,,,,,,,Continental arc,134.952,32.355,,1993
3.35,6.32,17.65,50.5,0.23,0.84,7.88,1.18,0.2,8.8,26.0,,,,,138.0,321.0,26.0,92.0,8.7,,,,,,,,,,,,,,,,,Continental arc,139.0,38.0,MIOCENE,1997
2.31,6.3,17.16,51.08,0.48,2.34,10.62,0.92,0.15,,68.0,,162.0,34.0,52.0,1095.0,750.0,27.0,177.0,25.0,50.0,102.0,,50.0,8.8,2.1,,1.0,,,,2.5,0.4,3.9,1.4,15.7,Continental arc,15.21,38.79,,1989
2.81,7.67,15.43,51.16,0.36,1.09,8.36,1.47,0.15,9.35,24.1,,,,,300.0,397.0,19.6,131.0,18.7,22.2,45.8,5.4,21.9,4.86,1.67,4.97,0.72,4.29,0.85,2.28,2.05,0.29,3.46,1.12,3.52,Continental arc,129.8,33.1,,2014
1.78,8.95,15.33,48.18,0.23,0.51,12.72,0.74,0.12,10.01,10.7,311.0,345.0,40.9,82.0,51.1,371.0,16.0,33.5,1.81,4.39,10.7,1.59,7.81,2.44,0.82,2.56,0.43,2.77,0.56,1.51,1.6,0.25,1.01,0.13,0.59,Continental arc,8.87,39.63,CENOZOIC,1997; 2003; 2013
3.09,8.11,16.16,52.16,0.13,0.66,9.54,0.9,0.16,,11.2,250.0,267.0,,78.0,234.0,328.0,21.0,77.0,1.7,4.97,13.3,,0.0,2.76,0.956,,0.5,,,,1.87,0.246,2.0,0.44,0.452,Continental arc,160.63,56.05,HOLOCENE,1997; 2007; 2018
2.99,8.18,15.4,51.5,0.37,2.57,7.33,1.52,0.14,,148.0,168.0,428.0,40.6,88.0,484.0,343.0,22.1,209.0,19.9,,,,,,,,,,,,,,,,22.1,Continental arc,9.812,43.003,PLIOCENE,
2.67,4.88,16.0,46.44,1.05,4.18,11.05,1.02,0.21,9.82,349.0,319.0,20.0,,12.0,1032.0,1411.0,33.0,213.0,48.0,144.0,258.0,,115.0,26.17,,20.37,,,,,,,,,,Continental arc,110.8,-7.5,,
2.83,4.55,18.2,49.82,0.2,0.71,10.45,0.97,0.21,10.89,12.8,,,,,536.0,531.0,21.5,52.1,0.99,6.17,14.4,2.4,12.1,3.46,1.21,3.96,0.66,4.19,0.88,2.35,2.45,0.37,1.81,0.06,0.62,Continental arc,-87.028,12.681,,2012
2.24,6.94,17.59,52.22,0.287,1.84,10.76,0.8,0.143,,66.139355,238.1430469,169.9922042,29.79433414,60.737289,844.9637484,539.2607563,23.36439106,114.1348154,13.81124845,31.51434503,58.738707,7.386178852,28.52009472,5.878645283,1.443794936,5.405173736,0.744530313,4.019214732,0.819191678,2.291206339,2.175711281,0.37148043,2.904472686,0.681509177,11.97389722,Continental arc,15.226,38.81,,2016
3.03,9.88,15.04,48.66,0.48,1.24,10.66,1.65,0.16,9.18,33.0,292.0,488.0,,161.0,547.0,1011.0,19.0,129.0,27.0,,,,,,,,,,,,,,,,,Continental arc,131.586,34.445,,2000
2.372,11.274,13.372,51.399,0.126,0.56,10.038,0.806,0.169,8.46,11.324,243.588,775.793,42.8,186.252,213.627,243.882,18.459,60.098,,,,,,,,,,,,,,,,,,Continental arc,160.63,56.05,,2017
2.83,9.67,14.5,49.6,0.39,1.33,9.97,1.45,0.18,,29.0,207.0,465.0,,168.0,330.0,487.0,,137.0,,,,,,,,,,,,,,,,,6.0,Continental arc,175.567,-38.017,NEOGENE,1978; 1986
2.5,6.73,17.01,52.26,0.28,1.83,10.67,0.74,0.14,,59.0,246.0,128.0,32.0,56.0,776.0,491.0,22.0,123.0,12.0,18.0,32.0,,24.0,,,,,,,,,,,,,Continental arc,15.21,38.79,,1993
3.24,8.14,15.99,45.71,,0.94,10.74,1.93,0.16,9.03,29.0,,,,115.0,951.0,678.0,24.0,128.0,52.0,36.3,68.4,,30.1,5.48,1.63,5.0,,4.28,,2.17,1.83,0.25,6.0,,5.0,Continental arc,-2.9,35.25,NEOGENE,1998
3.12,6.81,17.54,51.17,0.14,0.83,9.78,0.8,0.156,8.557098,14.7378947820117,207.0,177.0,30.0,89.0,304.620417473395,504.479566632338,14.3328471507037,57.0,1.97687960865087,5.71759102643323,13.7967147682801,1.97539419842087,9.63324339169241,2.48032912804669,0.847091725805732,2.58524660469034,0.400444201853759,2.49557338825953,0.469328034397528,1.45702906453828,1.35135848719533,0.198259194370065,1.70008264675592,0.118172255406797,0.720161620322691,Continental arc,159.122,56.797,CENOZOIC,
2.7,5.51,16.9,48.7,0.22,0.78,9.8,1.14,0.22,12.7,18.3,312.0,70.0,,,176.0,322.0,24.8,94.0,6.0,9.7,21.7,2.93,12.9,3.62,1.23,4.34,0.69,4.3,0.92,2.45,2.48,0.41,2.3,0.4,2.51,Continental arc,109.21,-7.24,HOLOCENE,2021
2.1,6.28,17.06,50.32,0.13,0.54,11.39,0.82,0.18,9.42,14.0,,,,0.0,,310.0,,62.0,,,,,,,,,,,,,,,,,,Continental arc,176.486,-38.288,,2014
2.97,8.23,15.82,52.6,0.16,0.63,9.79,0.97,0.17,8.85,9.0,262.0,321.0,36.0,109.0,228.0,287.0,19.0,85.0,1.4,5.36,14.58,2.46,11.57,3.25,0.97,3.2,0.56,3.84,0.7,2.04,1.96,0.3,2.03,0.1,0.44,Continental arc,160.63,56.05,HOLOCENE,2000; 2001
3.67,6.51,16.64,51.01,0.21,1.1,9.13,0.91,0.17,9.55,21.461,278.330666666667,198.938,60.8443333333333,48.8,274.371666666667,699.189,16.7516666666667,66.9966666666667,2.24533333333333,10.168,22.3203333333333,3.102,14.581,3.24533333333333,1.04833333333333,3.287,0.473666666666667,3.15733333333333,0.642666666666667,1.712,1.616,0.224,1.825,0.56,1.42966666666667,Continental arc,-86.0,13.0,,2020
2.41,8.76,17.72,49.32,0.15,0.61,10.77,0.78,0.16,7.55,18.86,241.45,257.1,51.81,110.2,183.8,349.82,20.09,58.96,2.67,8.13,19.46,2.58,12.01,3.07,0.99,3.34,0.54,3.35,0.75,2.11,2.08,0.32,1.48,0.16,2.06,Continental arc,140.225,42.78,MIOCENE,2011
2.79,6.72,16.97,52.59,0.11,1.19,9.37,0.83,0.15,,41.0,222.0,269.0,36.0,89.0,228.0,209.0,26.44,136.0,7.2,16.82,32.65,3.88,15.46,3.56,0.93,4.12,0.68,4.22,0.87,2.65,2.55,0.37,2.76,0.42,7.74,Continental arc,25.4,36.6,,2009
2.32,5.37,16.41,51.52,0.69,3.99,9.78,0.92,0.15,7.57,129.0,246.0,30.0,20.0,30.0,1799.0,883.0,28.0,179.0,41.0,65.0,130.0,15.3,52.0,10.4,2.6,8.7,1.3,6.1,1.1,2.8,2.5,0.36,4.8,2.0,19.8,Continental arc,15.22,38.812,HOLOCENE,2014
2.6,9.1,16.5,51.2,,0.6,10.6,0.8,0.2,,9.4,,389.0,40.1,128.0,112.0,337.0,,50.0,,5.1,10.1,,,2.1,0.88,,0.39,,,,1.4,,1.5,0.16,1.04,Continental arc,108.05,-7.25,HOLOCENE,1992
2.2,6.97,17.2,48.92,0.11,0.33,12.07,0.97,0.15,,8.0,244.0,120.0,,39.0,94.0,344.0,20.0,56.0,2.0,10.21,21.7,,13.75,3.69,1.28,,0.64,,,,2.19,0.36,2.04,0.19,1.0,Continental arc,176.0,-38.68,,1993
2.99,6.74,16.14,51.73,0.2,1.16,9.51,1.11,0.16,8.53,24.0,315.0,326.0,,122.0,326.0,388.0,18.3,84.0,5.2,11.69,21.8,,13.7,3.5,1.07,3.73,,,,,1.87,,2.4,,2.7,Continental arc,174.07,-39.3,,2012
2.17,7.08,16.98,48.92,0.13,0.31,11.97,0.98,0.17,9.45,6.0,266.0,110.0,,0.0,81.0,335.0,18.8,53.0,2.4,5.5,13.9,1.99,9.3,2.55,0.91,2.55,0.49,3.15,0.64,1.84,1.8,0.27,1.59,0.15,0.83,Continental arc,176.029,-38.658,,2014
3.04,7.33,16.51,49.72,0.23,0.88,8.11,1.11,0.15,,11.0,,203.0,36.0,35.0,,517.0,,,,,,,,,,,,,,,,,,,,Continental arc,132.0,34.75,PALEOCENE,1986
2.811,6.835,16.439,49.608,0.224,0.953,10.019,1.144,0.201,9.81,14.5304747837149,,145.707268441905,,54.0841615689046,263.84274450197,357.772399490487,21.3730083372145,80.9622117735156,2.14271802024197,6.53242691497874,17.1627611736793,2.72708901680889,14.1050476543858,3.83262086065421,1.2810730548038,4.34881841100614,0.684007923275929,4.34160870000887,0.88972812441423,2.53731079809324,2.36252673961636,0.359935884021805,2.23036027149333,0.147886168861251,0.601573221971723,Continental arc,160.39,55.865,,2015
4.87,6.27,15.71,46.08,0.87,1.51,9.69,2.67,0.17,9.59,75.0,230.0,177.0,39.0,87.0,908.0,894.0,25.0,283.0,80.0,59.48,113.1,12.6,48.42,9.12,2.78,7.15,1.0,5.29,0.9,2.29,1.92,0.28,5.99,5.88,18.0,Continental arc,-1.15,37.65,PLIOCENE,2009
2.8,5.57,18.15,51.95,0.088,0.519,10.47,0.745,0.153,,11.9,258.4,50.8,32.6,31.4,116.0,292.6,19.39,67.9,2.2,6.02,13.3,1.77,8.2,2.35,0.77,2.65,0.49,3.24,0.69,2.03,1.99,0.3,1.85,0.14,2.36,Continental arc,25.4,36.6,,2009
2.66882329154873,4.52891225232511,15.8815204205419,50.3437120905782,0.293166194904974,1.15244642135059,9.52284674484432,1.26364739183178,0.232511120097048,12.7,22.0,391.0,18.0,45.0,8.0,813.0,424.0,25.0,105.0,3.0,14.0,21.0,4.0,,,,,,,,,,,,,4.0,Continental arc,-86.0,12.0,HOLOCENE,2020
2.4,4.86,18.5,50.3,0.14,0.44,10.5,0.96,0.2,9.9,10.0,353.0,,29.8,18.0,141.0,343.0,25.0,41.0,2.0,4.2,11.6,1.9,9.9,3.3,1.06,3.5,0.72,4.2,0.92,2.6,2.5,0.4,1.75,0.06,0.563,Continental arc,157.4,51.6,,1997; 1998
2.24,6.24,16.82,51.35,0.17,1.09,11.05,0.61,0.18,,26.0,313.0,61.1,31.3,35.9,351.0,772.0,15.8,52.5,3.14,17.3,33.92,3.97,16.24,3.57,1.1,3.22,0.47,2.75,0.62,1.52,1.63,0.27,1.52,0.194,3.39,Continental arc,15.25,38.625,,1974; 2000
3.281,4.588,16.976,50.88,0.482,1.786,8.533,1.384,0.153,9.69,52.1166801,,102.395943,,40.9640198,540.31842,496.97998,34.68713,215.409454,5.57096338,16.4527664,39.617466,5.58761501,26.5011463,6.58866072,1.90710366,6.95328569,1.02904212,6.27203798,1.10027015,3.47742963,3.65626431,0.565124333,4.7169795,0.353370488,1.86944258,Continental arc,160.365,55.81,,2015
2.47,5.62,18.06,50.17,0.49,2.24,11.32,0.88,0.15,,68.0,251.0,54.0,29.82,40.0,939.0,702.0,25.0,157.0,17.9,45.0,90.94,10.7,41.0,8.1,2.1,6.7,0.92,4.9,0.89,2.4,2.3,0.36,3.6,1.21,15.3,Continental arc,15.216,38.794,HOLOCENE,2006
3.22,6.14,17.13,50.19,0.24,0.37,10.49,1.33,0.17,,7.0,205.0,40.0,,30.0,158.0,321.0,25.2,116.0,55.8,10.6,25.6,3.66,15.9,4.11,1.35,4.23,0.76,4.47,0.95,2.59,2.59,0.366,2.8,0.48,2.96,Continental arc,176.09,-38.508,,1996; 2017
2.44,6.6,17.47,50.51,0.21,0.48,11.05,1.11,0.17,9.96,,,,,,159.681,568.019,15.478,45.068,,5.706,14.461,,10.256,2.694,0.99,2.93,0.438,2.608,0.539,1.508,1.363,0.203,,,0.558,Continental arc,138.3,36.1,,2009
3.51,4.6,19.0,52.6,0.12,1.01,9.2,0.84,0.18,,20.42,191.16,9.61,28.49,13.64,407.86,452.74,16.45,55.83,1.23,6.75,15.63,2.39,10.21,2.81,0.92,2.99,0.47,2.93,0.61,1.74,1.7,0.26,1.68,0.09,1.8,Continental arc,-89.633,13.817,HOLOCENE,1981; 2009
3.5,5.0,17.7,52.9,,0.87,7.5,0.77,,6.48,9.0,179.0,6.0,,9.0,,568.0,17.0,129.0,,,,,,,,,,,,,,,,,,Continental arc,-91.55,14.76,,1987
3.84,5.97,17.4,51.9,0.41,1.29,8.83,1.43,0.16,8.83,,236.0,123.0,30.0,57.0,422.0,611.0,,148.0,,,,,,,,,,,,,,,,,,Continental arc,160.099,57.412,QUATERNARY,2010
3.48,7.47,17.07,52.08,0.26,0.91,8.51,1.05,0.15,,18.0,223.0,285.0,36.0,126.0,358.0,525.0,22.0,102.0,3.6,10.2,24.6,3.7,17.3,4.3,1.32,3.9,0.62,3.6,0.7,1.93,1.81,0.26,2.6,0.21,1.41,Continental arc,158.07,53.93,,2000
3.24,4.84,17.72,49.71,0.564,4.108,10.08,0.84,0.212,,117.5,224.4,108.1,,26.7,706.1,1153.3,34.8,212.0,41.4,104.7,189.0,,74.2,,3.76,12.0,,,,,2.34,0.29,4.3,1.78,22.0,Continental arc,110.8,-7.5,,
3.02,6.18,18.6,47.66,0.4,0.67,10.47,1.47,0.13,,15.2,,100.0,33.7,45.0,340.0,740.0,16.1,110.0,,17.5,34.2,,17.8,3.75,1.17,,0.53,,,,1.77,,2.4,0.8,2.12,Continental arc,134.0,35.0,CENOZOIC,1990
2.71,6.0,17.21,51.74,0.16,0.71,10.08,1.16,0.18,,22.0,244.0,60.0,,26.0,262.0,357.0,24.0,108.0,4.0,9.8,25.9,,18.3,3.9,1.25,,0.69,,,,2.29,0.36,2.98,0.33,2.29,Continental arc,176.0,-38.0,,1993
2.23,8.78,15.74,51.73,0.2,0.93,10.55,0.65,0.16,,31.0,,817.0,37.0,114.0,263.0,547.0,14.0,81.0,6.0,19.1,39.6,,16.9,3.02,1.04,,0.52,,,,1.67,0.3,1.84,0.26,3.8,Continental arc,11.366,38.55,,1992; 2004
1.48,9.34,12.48,45.96,0.35,1.13,12.3,2.16,0.15,,20.2,328.0,850.0,,301.0,708.0,527.0,24.5,179.0,30.6,30.9,67.7,,,6.6,2.0,,1.3,,,,1.5,0.28,,,,Continental arc,133.25,34.9,,1994
2.83,6.79,17.83,49.78,0.26,0.72,10.54,1.07,0.17,9.64,10.0,,159.0,38.0,57.0,279.0,446.8,16.0,86.0,6.0,10.5,22.6,,14.9,3.85,1.2,4.1,0.56,,,,1.9,0.29,2.33,0.2,2.03,Continental arc,-156.14,58.04,,2004
2.39,7.94,17.38,48.89,0.11,0.41,10.67,0.82,0.18,,5.0,319.0,126.0,45.0,88.0,132.0,396.0,19.0,51.0,1.3,4.24,11.12,1.74,8.55,2.45,0.88,2.96,0.5,3.16,0.66,1.93,1.74,0.27,1.31,0.11,0.43,Continental arc,159.6,54.07,NEOGENE,2009
2.1,6.1,17.28,51.75,0.1,0.14,10.69,0.87,0.19,10.0,0.9,298.0,,,,94.7,256.0,24.1,37.9,1.4,4.36,9.21,1.7,8.25,2.34,0.969,3.27,0.527,3.4,0.768,2.19,1.99,0.307,1.12,0.09,0.449,Continental arc,140.594,40.404,QUATERNARY,2015
3.55,5.26,16.7,49.32,1.09,3.94,6.15,1.72,0.15,,97.0,120.0,88.0,27.0,90.0,1346.0,1443.0,26.87,372.0,113.0,121.16,208.86,18.43,66.49,10.61,3.22,8.33,1.12,5.37,0.88,2.22,1.55,0.21,7.64,6.31,14.8,Continental arc,131.5,43.67,MIOCENE,2007
2.23,5.88,16.08,50.32,0.72,3.9,10.15,0.91,0.15,7.51,144.0,253.0,100.0,29.0,30.0,1590.0,742.0,25.0,182.0,31.0,49.0,103.0,11.2,43.0,10.6,2.7,8.0,1.1,5.2,0.9,2.5,2.2,0.32,5.1,1.5,21.2,Continental arc,15.207,38.792,HOLOCENE,2014
2.844,8.147,15.332,52.244,0.159,0.644,9.529,0.944,0.163,8.56,12.499,250.009,335.348,37.203,87.912,231.632,287.335,21.187,75.19,,,,,,,,,,,,,,,,,,Continental arc,160.806,56.315,,2017
2.45,7.14,12.8,48.8,0.109,0.164,9.86,1.3,0.239,14.49,7.25,412.0,63.2,46.0,63.3,25.0,173.0,24.6,47.0,3.19,4.12,10.9,1.66,8.54,2.69,1.08,3.82,0.664,4.49,0.958,2.85,2.66,0.396,1.95,0.24,,Continental arc,137.65,36.2,,2017
2.856,7.502,15.103,52.939,0.177,0.955,9.917,0.902,0.167,8.27,16.094,258.39,208.362,34.149,54.337,322.356,344.216,20.771,70.407,,,,,,,,,,,,,,,,,,Continental arc,160.827,56.206,,2017
3.52,6.95,14.38,52.67,0.28,0.93,7.0,1.72,0.13,9.36,25.0,,278.0,41.0,,464.0,,24.0,123.0,20.0,14.9,34.0,,19.3,5.28,1.7,,0.73,,,,1.47,0.24,3.1,1.0,3.0,Continental arc,8.8,39.7,NEOGENE,1982
3.98,4.52,18.41,52.51,0.2,0.64,9.32,1.24,0.07,6.1,6.0,206.0,133.0,,76.0,265.0,449.0,29.0,184.0,4.0,11.02,31.21,,,4.7,1.44,,,,,,2.4,0.37,,,,Continental arc,137.25,37.25,NEOGENE,2002
3.78,6.4,17.7,50.0,0.41,1.07,9.42,1.52,0.17,9.49,12.0,249.0,129.0,37.0,62.0,404.0,655.0,23.0,138.0,8.0,14.37,34.01,4.65,20.44,4.83,1.56,5.05,0.75,4.6,0.92,2.62,2.36,0.36,3.16,0.41,1.26,Continental arc,160.087,57.399,QUATERNARY,2010
2.91,8.62,15.64,49.57,0.37,0.7,8.66,1.21,0.16,10.4,22.7,231.0,490.0,44.0,174.0,138.0,467.0,19.9,124.0,7.0,12.9,31.1,4.63,20.7,4.91,1.6,4.63,0.66,4.15,0.76,2.1,1.84,0.27,3.01,0.39,1.81,Continental arc,137.5,35.75,PLEISTOCENE,1999; 2002
3.8,6.28,17.6,50.3,0.41,1.12,9.29,1.49,0.17,9.22,,246.0,127.0,39.0,56.0,419.0,646.0,,141.0,,,,,,,,,,,,,,,,,,Continental arc,160.103,57.406,QUATERNARY,2010
2.81,5.93,17.41,51.02,0.19,0.73,10.53,1.1,0.17,8.98,16.0,267.0,62.0,,21.0,206.0,344.0,24.0,99.0,6.0,0.0,32.0,,11.0,,,,,,,,,,,,2.0,Continental arc,176.25,-38.3,,2007
2.98,9.35,16.82,49.09,0.27,0.41,8.5,1.28,0.16,8.41,6.0,,,,,165.0,334.0,28.0,110.0,13.0,,,,15.3,3.82,,,,,,,,,,,,Continental arc,139.0,38.0,MIOCENE,1997
3.16,5.51,17.5,48.5,0.24,0.99,9.82,1.27,0.21,12.0,22.3,304.0,70.0,,,176.0,329.0,26.7,120.0,8.5,11.9,26.3,3.49,14.5,3.92,1.38,4.74,0.78,4.6,0.95,3.02,2.68,0.4,2.7,0.5,2.93,Continental arc,109.21,-7.24,HOLOCENE,2021
3.222,7.554,18.39,48.2,0.2227,1.177,11.67,0.9911,0.17,7.37,,229.2,165.9,,80.2,,,,102.3,,,,,,,,,,,,,,,,,,Continental arc,23.281,37.622,,2022
3.14,6.5,17.36,47.04,0.7,2.24,8.42,2.68,0.15,9.17,79.0,206.0,190.0,34.0,161.0,954.0,857.0,25.0,294.0,141.0,71.0,100.0,,,,,,,,,,,,,,21.0,Continental arc,-1.15,37.65,,2015
4.71,7.63,15.8,46.97,0.66,1.11,8.84,2.71,0.19,10.24,24.0,201.0,181.0,,138.0,750.0,690.0,27.0,242.0,63.0,,,,,,,,,,,,,,,,,Continental arc,129.75,33.25,PLEISTOCENE,1991
3.21,7.56,16.99,51.5,0.23,0.92,8.91,1.02,0.17,,18.0,238.0,259.0,38.0,111.0,298.0,475.0,22.0,92.0,3.2,9.4,22.6,3.4,15.6,4.0,1.22,3.7,0.61,3.6,0.73,2.12,1.98,0.29,2.42,0.2,1.53,Continental arc,158.07,53.93,,2000
3.55,7.4,15.57,50.55,0.16,0.09,12.06,1.5,0.15,8.79,0.0,268.0,340.0,40.0,105.0,,115.0,44.0,119.0,2.9,3.3,,,,,1.42,,0.81,,,,,,2.7,0.15,0.111,Continental arc,-91.038,12.496,MIOCENE,1982
2.13,9.99,16.3,49.1,0.12,0.43,10.61,0.705,0.18,10.05,7.0,284.0,218.0,51.0,109.0,237.0,452.0,14.0,45.0,0.8,3.73,10.16,1.47,7.17,2.07,0.73,2.34,0.37,2.41,0.51,1.49,1.39,0.21,1.38,0.05,0.55,Continental arc,160.652,57.535,PLIOCENE,2010
3.72,6.91,14.81,46.56,0.95,1.33,9.28,2.99,0.18,13.26,20.0,,149.6,,43.0,307.0,942.0,23.0,175.0,28.0,38.4,92.4,,57.1,9.2,2.8,,,,,,1.8,0.2,4.5,1.9,3.4,Continental arc,130.25,33.5,CENOZOIC,2003
3.2477553593947,5.45,16.93,52.43,0.4,2.79,8.54,1.09,0.14,6.92854478803598,130.0,195.0,160.0,26.0,53.0,783.0,547.0,24.0,135.0,,,,,,,,,,,,,,,,,,Continental arc,-2.988,35.255,NEOGENE,2005
1.99,10.63,14.56,51.68,0.07,0.7,10.71,0.53,0.14,,9.0,134.0,850.0,54.0,286.0,170.0,241.0,14.0,59.0,,,,,,,,,,,,,,,,,,Continental arc,141.25,41.0,,1988; 1994
3.5,5.41,18.33,51.53,0.19,0.79,8.05,0.85,0.55,9.67,11.7556666666667,334.981,68.0846666666667,40.3803333333333,12.2013333333333,229.232666666667,337.134666666667,14.986,47.932,1.19766666666667,8.203,14.672,1.88366666666667,8.691,2.366,0.721,2.494,0.368,2.8,0.569,1.75566666666667,1.934,0.268333333333333,1.37166666666667,0.426666666666667,0.685666666666667,Continental arc,-86.0,13.0,,2020
2.09,9.35,16.56,47.62,0.22,1.14,8.26,1.05,0.14,7.51,24.0,213.0,318.0,,151.0,246.0,364.0,24.0,98.0,8.9,,,,13.9,3.4,,,,,,,,,,,,Continental arc,139.415,38.04,MIOCENE,2006
1.61,5.85,15.84,51.46,0.07,0.15,10.47,0.96,0.2,11.38,2.6,,,,,,175.0,,,,,,,,,,,,,,,,,,,,Continental arc,140.065,40.175,PLIOCENE,2006; 2008
1.93,4.7,16.6,48.7,0.26,1.6,5.8,0.8,0.08,,48.2,140.0,57.0,11.0,27.0,112.0,596.0,14.4,83.0,7.96,19.8,46.0,4.61,19.0,3.64,0.93,3.46,0.53,2.8,0.52,1.51,1.56,0.25,3.7,0.75,12.14,Continental arc,133.0,43.5,CRETACEOUS,2002
3.8,6.21,17.4,51.0,0.44,1.2,9.03,1.44,0.16,8.94,,232.0,130.0,34.0,62.0,412.0,619.0,,148.0,,,,,,,,,,,,,,,,,,Continental arc,160.078,57.394,QUATERNARY,2010
3.29,4.69,17.52,50.51,0.24,0.81,9.53,1.46,0.22,11.02,20.809,342.788,9.713,31.158,293.134,362.153,375.629,34.461,139.999,5.022,10.337,26.019,3.927,18.011,4.751,1.597,5.573,0.905,5.695,1.186,3.325,3.18,0.483,3.597,0.358,1.93,Continental arc,-164.69,54.53,HOLOCENE,1998; 2003; 2005; 2016
3.11,6.03,16.3,51.29,0.63,1.0,8.05,1.94,0.15,9.54,,,156.0,49.6,,318.0,564.0,,,,26.5,63.8,,34.0,7.48,2.2,,,,,,2.93,0.41,5.64,1.79,2.06,Continental arc,140.05,39.2,MIOCENE,1989
1.86,6.93,16.3,50.5,0.07,1.14,10.1,0.7,0.17,8.3,67.0,,134.0,40.0,31.0,291.0,204.0,14.0,52.0,1.78,2.74,6.93,1.04,5.06,1.57,0.74,1.96,0.35,2.3,0.48,1.37,1.27,0.19,0.85,0.14,0.47,Continental arc,-4.45,36.88,NEOGENE,2004
2.32,5.47,18.73,48.07,0.19,1.35,11.06,1.02,0.14,8.57,16.0,249.0,12.6,27.9,16.9,506.0,807.0,19.8,87.6,2.44,23.3,51.4,6.52,27.0,5.52,1.67,4.52,0.68,3.59,0.72,2.0,1.81,0.27,2.31,0.14,3.87,Continental arc,95.21,20.911,QUATERNARY,2016
3.28,5.92,18.25,51.68,0.32,1.12,9.07,0.96,0.19,8.22,19.0,225.0,4.0,,5.0,252.0,426.0,22.0,87.0,5.0,,,,,,,,,,,,,,,,,Continental arc,109.92,-7.2,QUATERNARY,2016
2.14,5.16,18.22,52.52,0.097,0.18,9.01,0.82,0.181,9.53,4.9,271.0,68.0,,23.0,130.0,282.0,20.0,54.0,2.36,5.86,14.01,1.84,8.53,2.32,0.88,2.45,0.49,2.75,0.58,1.8,1.87,0.28,1.37,0.0,1.21,Continental arc,140.932,39.981,,2009
3.88,6.59,13.04,44.68,0.81,0.45,8.57,3.08,0.16,12.04,6.0,287.0,25.0,47.0,69.0,310.0,262.0,40.0,254.0,62.0,,,,,,,,,,,,,,,,,Continental arc,135.9,35.45,,2007
2.3,11.06,15.42,48.99,0.11,0.32,11.35,0.8,0.16,9.12,7.9,285.0,632.0,,184.0,88.0,197.0,16.0,49.0,3.0,4.0,10.0,,5.0,,,,,,,,,,,,0.86,Continental arc,108.05,-7.25,,1990
2.24,7.01,17.33,47.21,0.15,0.1,11.68,0.97,0.18,10.36,3.0,,244.0,37.0,83.0,68.0,303.0,22.0,67.0,2.0,6.8,16.4,,,2.8,0.0,,0.0,,,,2.5,0.4,0.0,0.0,0.0,Continental arc,133.17,35.58,MIOCENE,1994
2.38,7.93,15.36,52.46,0.08,0.63,10.49,0.52,0.14,,11.0,198.0,221.0,50.0,76.0,,298.0,18.0,68.0,,,,,,,,,,,,,,,,,,Continental arc,141.25,41.0,,1988; 1994
3.43,7.18,17.2,50.68,0.34,1.21,9.2,1.52,0.14,8.34,32.3,,,,90.4,434.0,751.0,23.0,139.0,17.7,29.5,52.5,,,5.0,1.7,,,,,,2.0,0.4,3.4,,3.0,Continental arc,133.57,35.38,QUATERNARY,2000
3.53,7.24,16.48,52.81,0.33,1.38,7.76,1.2,0.14,7.5,23.24,178.68,254.8,48.1,145.6,409.5,479.4,24.68,158.14,12.03,22.04,49.07,6.15,24.46,5.04,1.45,4.64,0.71,4.27,0.88,2.4,2.21,0.34,3.69,0.73,2.85,Continental arc,140.015,42.135,MIOCENE,2011
1.07,5.9,17.71,51.01,0.07,0.13,11.44,0.76,0.18,,4.0,,,,,,183.0,18.0,31.0,2.0,,,,,,,,,,,,,,,,,Continental arc,140.75,38.25,MIOCENE,1989
2.96,7.27,16.56,52.03,0.2,0.59,10.55,0.82,0.16,,9.0,290.0,24.0,,23.0,206.0,263.0,20.0,62.0,2.0,25.0,48.0,,21.0,4.1,1.5,,0.54,,,,2.2,0.31,2.03,0.55,3.0,Continental arc,11.366,38.55,,1993; 1994; 2004
2.16,8.43,15.0,50.6,0.18,1.67,9.23,0.57,0.16,8.889,23.1,,,,,251.0,520.0,13.7,27.5,1.34,3.36,7.21,1.02,4.83,1.51,0.57,1.97,0.36,2.3,0.54,1.5,1.58,0.24,0.86,,0.26,Continental arc,171.1,60.8,CRETACEOUS,2023
2.86,4.72,16.4,50.7,0.22,1.07,10.5,1.02,0.21,11.0,24.0,346.0,45.0,,30.0,818.0,478.0,,,,,,,,,,,,,,,,,,,,Continental arc,-86.15,11.98,QUATERNARY,1993
4.7,6.93,15.59,47.22,0.84,0.99,9.17,2.59,0.15,9.05,20.0,202.0,219.0,46.0,144.0,816.0,831.0,23.0,273.0,68.0,55.34,106.6,12.0,45.53,8.5,2.58,6.71,0.92,4.81,0.82,2.08,1.73,0.26,5.88,5.06,18.0,Continental arc,-1.32,37.6,PLIOCENE,2009
3.33,8.43,15.2,50.36,0.51,2.52,6.97,2.19,0.12,,48.0,,,,,,853.0,25.0,,43.0,,,,,,,,,,,,,,,,,Continental arc,8.7,40.0,NEOGENE,1975
2.62,10.74,15.61,51.14,0.11,0.13,9.45,0.77,0.16,7.96,3.0,,628.0,,274.0,,251.0,21.0,81.0,0.9,,,,,,,,,,,,,,,,,Continental arc,137.25,37.25,,2013
2.26,4.95,18.8,50.2,0.16,0.46,11.4,0.78,0.18,10.1,7.37,276.89,24.42,32.14,18.31,369.91,446.17,15.81,35.21,1.25,3.13,7.92,1.36,6.4,2.01,0.75,2.33,0.38,2.56,0.54,1.56,1.5,0.23,1.04,0.08,0.36,Continental arc,-86.7,12.5,,1986; 2009
2.02,6.12,16.0,52.5,0.07,0.3,10.6,0.58,0.17,8.69,6.32,275.0,89.0,40.0,22.1,33.0,103.0,17.0,37.0,0.49,1.97,5.28,0.84,4.38,1.63,0.6,2.21,0.41,2.83,0.66,1.97,1.94,0.3,1.07,0.08,0.32,Continental arc,-3.031,35.942,MIOCENE,2008
2.61,7.06,16.8,50.5,0.16,0.55,10.5,1.11,0.19,9.72,,315.0,199.0,33.4,33.0,184.0,283.0,20.0,56.8,3.5,5.2,13.1,,12.5,3.1,1.13,3.8,0.71,4.1,,,2.3,0.38,2.6,0.11,0.314,Continental arc,160.17,56.14,PLEISTOCENE,1997; 1998
3.3,4.99,16.2,51.9,0.57,1.92,8.36,1.61,0.18,9.94,49.1,270.8,66.4,36.0,29.9,483.6,319.5,35.8,198.2,4.9,15.9,41.6,,26.9,,,,,,,,,,,,1.8,Continental arc,160.289,55.722,,2015
2.4,7.76,14.76,51.66,0.17,0.63,8.5,1.17,0.19,,6.47,210.0,309.0,,167.0,149.0,229.0,17.7,83.8,10.6,14.4,31.4,3.65,14.9,3.31,1.15,3.63,0.61,3.59,0.72,1.97,1.72,0.27,2.12,1.14,1.99,Continental arc,130.25,33.25,,2009
2.5,4.64,18.38,49.39,0.19,1.32,11.15,0.75,0.17,3.7,32.0,,,,20.0,344.0,749.0,19.0,81.0,4.0,22.0,39.0,,,,,,,,,,,,,,,Continental arc,14.58,38.58,,1993; 2000
3.6,5.2,17.8,52.1,,0.93,8.7,0.93,,7.38,8.0,222.0,8.0,,6.0,,589.0,16.0,120.0,,,,,,,,,,,,,,,,,,Continental arc,-91.55,14.76,,1987
2.08,4.85,17.34,52.91,0.112,0.28,8.3,0.9,0.2,10.73,6.6,332.0,29.0,,15.0,122.0,276.0,18.0,47.0,2.89,5.01,11.86,1.59,7.51,2.13,0.85,2.29,0.46,2.49,0.56,1.68,1.75,0.27,1.2,0.18,0.94,Continental arc,140.925,39.991,,2009
2.85,6.08,18.21,51.92,0.103,0.726,10.1,0.888,0.15,,19.0,252.8,54.8,31.7,44.6,159.7,246.7,22.31,88.7,4.4,8.37,18.49,2.39,10.79,2.82,0.85,3.21,0.58,3.56,0.76,2.27,2.21,0.35,2.45,0.21,3.32,Continental arc,25.4,36.6,,2009
1.78,5.33,17.68,52.55,0.08,0.42,9.52,0.79,0.14,9.93,5.4,,51.0,,10.0,,198.0,18.0,41.0,2.9,,,,,,,,,,,,,,,,,Continental arc,140.45,37.45,PLIOCENE,1990
1.72,8.92,16.02,47.95,0.11,0.34,13.72,0.71,0.18,10.31,8.0,302.0,246.0,53.0,80.0,257.0,398.0,16.0,39.0,,,,,,,,,,,,,,,,,,Continental arc,-86.19,12.08,HOLOCENE,
3.16,5.21,15.35,52.59,0.44,1.74,7.55,2.07,0.14,,50.4,252.0,89.0,,80.0,536.0,409.0,39.7,255.0,36.2,54.3,71.1,12.3,54.3,11.3,3.65,12.0,1.68,9.28,1.75,4.68,3.53,0.53,6.94,2.66,5.92,Continental arc,130.25,33.25,,2009
3.66,6.66,16.38,50.98,0.13,0.13,8.74,1.68,0.16,10.32,16.0,,253.0,31.0,35.0,253.0,179.0,28.0,91.0,3.6,,,,,,,,,,,,,,,,4.0,Continental arc,137.25,36.15,,2009
3.8,5.0,17.7,52.1,,0.82,8.2,0.92,,8.01,9.0,224.0,13.0,,8.0,,609.0,17.0,125.0,,,,,,,,,,,,,,,,,,Continental arc,-91.55,14.76,,1987
2.796,8.075,15.413,52.332,0.164,0.592,9.551,0.954,0.165,8.53,13.411,247.504,328.136,35.745,83.694,240.483,286.032,21.193,76.397,,,,,,,,,,,,,,,,,,Continental arc,160.806,56.315,,2017
4.03,7.47,15.97,50.21,0.09,0.22,9.66,0.74,0.27,7.91,0.4,247.0,83.0,78.0,50.0,99.2,217.5,13.4,51.7,1.71,4.57,11.99,1.89,9.64,2.97,1.11,3.56,0.64,4.05,0.92,2.54,2.39,0.35,1.33,0.11,0.52,Continental arc,138.631,36.79,MIOCENE,2016
3.86,5.36,18.27,48.59,0.67,1.34,8.09,1.97,0.16,9.16,27.0,,88.0,32.0,53.0,419.0,815.0,19.0,231.0,,38.0,94.0,,,7.0,,,,,,,2.1,0.3,,,3.6,Continental arc,134.7,35.5,,1990
2.49,6.54,17.19,50.1,0.45,2.15,11.57,0.85,0.14,7.82,66.3,259.6,148.7,32.0,52.3,936.4,718.1,25.7,155.6,19.0,47.1,93.6,10.5,41.9,7.9,2.3,6.8,0.9,4.8,0.9,2.4,2.1,0.3,3.4,1.1,16.0,Continental arc,15.21,38.79,,2012
2.03,6.22,17.53,47.64,0.24,2.03,10.63,1.1,0.23,10.6,36.3166666666667,376.161333333333,70.5156666666667,60.4626666666667,24.1186666666667,517.546,515.163333333333,17.9756666666667,51.3346666666667,1.87633333333333,7.82133333333333,17.06,2.483,12.001,3.46166666666667,1.15833333333333,3.58733333333333,0.586666666666667,3.46866666666667,0.678333333333333,2.001,1.626,0.257333333333333,1.468,0.665,1.10966666666667,Continental arc,-86.0,13.0,,2020
2.22,7.64,15.95,52.85,0.13,0.98,8.95,0.85,0.17,8.82,26.8,,,41.2,105.0,287.0,291.0,23.0,82.1,2.52,9.6,20.5,2.86,12.9,3.3,1.0,3.85,0.638,4.03,0.853,2.56,2.4,0.368,2.47,0.164,2.92,Continental arc,140.14,37.435,,2013
2.66,6.88,17.09,49.95,0.18,0.87,10.52,0.97,0.17,,15.0,346.0,279.0,39.0,46.0,332.0,478.0,17.0,66.0,1.3,6.6,17.61,2.75,12.66,3.55,1.08,3.22,0.51,2.96,0.61,1.77,1.55,0.24,1.82,0.32,0.98,Continental arc,160.5,56.0,,2001
2.48,6.56,16.07,49.98,0.16,0.28,12.33,1.54,0.15,9.33,4.0,290.0,353.0,41.0,99.0,,121.0,57.0,122.0,1.3,3.5,8.7,,,,1.4,,0.8,,,,,,2.8,0.14,0.127,Continental arc,-91.038,12.496,MIOCENE,1982
2.28,8.35,16.29,51.65,0.21,0.93,9.51,0.96,0.15,7.46,9.0,246.0,291.0,,145.0,188.0,365.0,22.0,87.0,7.2,10.125,23.274,3.049,13.1,3.3,1.12,3.639,0.585,3.615,0.773,2.28,2.202,0.337,,,,Continental arc,139.125,37.75,MIOCENE,2006
3.04,5.18,18.8,47.0,0.23,0.74,11.0,1.13,0.19,10.08,10.6,308.0,16.2,38.3,29.0,271.0,497.0,21.6,,,10.7,23.8,3.24,14.7,3.68,1.26,3.91,0.62,3.89,0.796,2.18,2.12,,,,1.39,Continental arc,114.02,-7.67,,2022
3.98,5.86,17.7,51.5,0.67,1.4,8.06,1.44,0.16,8.76,16.0,215.0,93.0,37.0,57.0,576.0,695.0,25.0,165.0,11.6,19.19,46.12,6.35,27.14,5.95,1.8,5.62,0.81,4.77,0.95,2.65,2.34,0.36,3.79,0.65,1.29,Continental arc,160.04,57.385,QUATERNARY,2010
2.91,9.32,17.17,47.91,0.25,0.8,10.08,1.07,0.18,9.9,15.0,,,,,256.0,528.0,19.0,99.0,4.0,,,,,,,,,,,,,,,,,Continental arc,-156.51,57.83,,2004
2.47,5.14,16.74,52.31,0.64,3.8,9.06,0.95,0.15,,143.0,,,,36.0,1032.0,891.0,29.0,213.0,29.0,,128.0,,,,,,,,,,,,,,15.36,Continental arc,15.21,38.79,HOLOCENE,1993; 1999
1.75,8.83,17.16,49.67,0.08,0.02,10.28,0.79,0.17,9.91,0.67,,,40.8,93.9,50.3,284.1,10.8,25.2,1.09,2.17,5.44,0.86,4.5,1.43,0.6,1.82,0.31,2.03,0.43,1.26,1.15,0.18,0.82,0.06,0.21,Continental arc,140.98,39.88,,2014
3.77,6.07,16.46,51.17,0.25,0.52,9.22,1.68,0.16,,4.0,240.0,140.0,23.0,79.0,551.0,250.0,23.0,130.0,4.0,12.0,29.0,,15.0,4.7,1.7,3.9,,3.9,0.8,2.8,2.8,,5.5,,,Continental arc,139.37,41.5,,1983; 1984; 1997
2.826,8.222,15.579,51.793,0.154,0.637,9.954,0.926,0.163,8.4,12.03,249.937,324.424,36.604,89.011,208.818,291.704,20.539,74.824,1.734,5.238,13.71,2.135,10.33,2.855,0.975,3.267,0.547,3.37,0.723,2.051,1.905,0.288,1.935,0.109,0.482,Continental arc,160.824,56.108,,2017
3.63,4.73,17.2,50.3,,1.67,8.57,1.91,0.2,11.2,43.0,281.0,18.0,,20.0,290.0,288.0,41.0,242.0,23.3,25.9,57.9,7.38,32.4,7.57,1.92,6.8,1.13,6.93,1.45,3.86,3.67,,5.64,,7.59,Continental arc,109.21,-7.24,,1995
1.542,9.517,18.331,49.388,0.055,0.1,10.944,0.363,0.179,8.98,2.2,,,,,32.4,109.0,7.8,15.1,0.11,0.524,1.704,0.305,1.693,0.664,0.337,1.014,0.191,1.287,0.29,0.856,0.855,0.14,0.456,0.015,0.086,Continental arc,-164.69,54.53,,2005; 2016
3.71,6.76,16.1,51.92,0.42,0.9,7.63,1.47,0.16,,8.66,156.29,145.68,26.88,81.91,187.9,488.86,19.21,54.46,6.75,11.61,27.52,3.6,16.47,3.67,1.24,4.47,0.61,3.7,0.73,2.08,1.86,0.27,1.23,0.42,,Continental arc,149.0,55.0,CRETACEOUS,2016
3.75,4.66,16.57,50.44,0.65,2.11,7.35,2.94,0.18,11.37,53.0,190.0,32.0,,27.0,585.0,529.0,37.0,253.0,48.0,,,,,,,,,,,,,,,,,Continental arc,130.0,33.25,MIOCENE,1994
2.56,6.46,16.69,50.73,0.38,2.08,10.66,0.9,0.15,,61.0,268.0,112.0,38.0,46.0,801.0,597.0,27.0,134.0,15.0,36.0,79.0,,36.0,,,,,,,,,,,,,Continental arc,15.21,38.79,,1993
2.43,6.36,17.45,48.63,0.61,1.87,11.92,0.91,0.16,7.95,51.9,268.0,55.4,33.7,48.3,803.0,688.0,24.8,136.0,14.6,39.4,80.6,9.8,39.1,7.94,2.14,6.67,0.93,4.98,0.89,2.4,2.19,0.34,3.32,1.03,11.9,Continental arc,15.21,38.79,,2008
1.81,10.67,14.1,49.5,0.21,1.19,8.01,1.57,0.11,9.31,19.0,208.0,188.0,30.0,89.0,61.0,396.0,15.0,41.0,5.0,18.0,14.0,,,,,,,,,,,,,,,Continental arc,8.87,39.63,CENOZOIC,2000
4.35,5.4,16.16,52.76,0.45,1.97,6.29,2.02,0.12,,47.0,,,,,,738.0,24.0,,42.0,,,,,,,,,,,,,,,,,Continental arc,8.67,40.58,NEOGENE,1976
1.92,6.63,18.5,50.02,0.14,0.36,11.34,0.76,0.18,,3.3,,101.0,,33.0,,336.0,22.0,51.0,3.7,,,,,,,,,,,,,,,,,Continental arc,139.72,37.37,PLIOCENE,1990
3.21,7.04,16.03,50.83,0.09,0.95,10.47,0.88,0.14,8.98,17.1,192.5,218.0,33.4,42.0,114.0,286.0,18.0,36.0,2.9,,10.7,,,,,,,,,,,,,,2.01,Continental arc,140.4878,40.3214,,2011
3.1,6.84,17.09,50.86,0.3176,0.972,9.785,1.102,0.16,8.77,16.2404863355572,277.898013083845,190.288044099288,35.1555506051258,77.519953140999,324.342159496712,480.072497965759,23.5613528082236,102.701654084025,3.31204069513448,10.9337426225524,25.8266126806337,3.75736629367736,17.2248259351998,4.40150955942976,1.40758109869475,4.48627823725009,0.728025243052679,4.31942346241235,0.886198368098581,2.59884129528756,2.41974285917257,0.371509755851229,2.58184452578952,0.171471821473413,1.11318878686667,Continental arc,158.12,52.45,,2016
2.43,6.36,17.06,49.51,0.54,1.85,11.76,0.92,0.15,7.88,59.0,279.0,35.0,34.0,41.0,877.6,740.0,26.0,149.0,16.0,42.0,86.0,10.2,41.0,8.0,2.2,6.7,0.94,5.01,0.92,2.43,2.27,0.35,3.4,1.09,12.3,Continental arc,15.21,38.79,,2005
2.33,6.24,16.86,48.72,0.18,0.31,10.9,1.14,0.2,10.65,6.0,292.0,35.0,,0.0,108.0,387.0,23.4,58.0,2.88,9.3,19.5,3.11,14.6,3.66,1.14,3.56,0.63,4.01,0.82,2.27,2.27,0.32,1.79,0.16,0.89,Continental arc,176.028,-38.677,,2014
2.43,6.13,18.61,50.05,0.37,1.94,10.17,0.93,0.15,,58.3,216.0,73.0,27.9,40.5,845.0,668.0,26.1,131.0,16.6,36.9,71.4,8.85,35.1,6.77,1.77,6.99,0.89,4.77,0.91,2.53,2.22,0.35,3.2,0.78,11.98,Continental arc,15.21,38.79,HOLOCENE,1988; 2005; 2007
2.76,7.28,15.97,52.67,0.16,0.72,9.52,1.0,0.17,8.78,10.3,272.1,199.0,,43.1,292.1,302.9,21.9,76.4,1.8,7.0,17.2,,11.5,,,,,,,,,,,,3.4,Continental arc,160.477,56.09,,
3.043,7.773,16.026,52.485,0.186,0.762,9.366,0.97,0.161,8.39,14.915,242.701,269.448,35.193,87.821,251.934,309.265,21.61,85.432,,,,,,,,,,,,,,,,,,Continental arc,160.71,56.115,,2017
3.11,8.44,17.89,49.5,0.31,0.84,7.13,1.38,0.11,7.01,9.0,,,,,222.0,349.0,27.0,115.0,14.0,,,,,,,,,,,,,,,,,Continental arc,139.0,38.0,MIOCENE,1997
1.7,8.93,15.16,50.42,0.09,0.05,12.44,1.07,0.18,8.74,0.4,246.0,390.0,41.0,88.0,4.0,80.0,30.0,70.0,,1.6,,,,,0.98,,0.58,,,,,,1.52,0.052,0.04,Continental arc,-90.944,12.682,MIOCENE,1982
2.58,6.12,17.17,50.99,0.58,2.18,11.58,0.932,0.158,7.92,,,,,,,,,,,,,,,,,,,,,,,,,,,Continental arc,15.21,38.79,HOLOCENE,2017
2.59,10.78,16.8,50.43,0.08,0.35,9.39,0.8,0.16,8.62,3.7,,733.0,,240.0,80.0,220.0,20.0,72.0,2.4,,,,,,,,,,,,,,,,,Continental arc,137.0,37.5,OLIGOCENE,1995
2.05,6.96,16.21,49.63,0.16,0.44,12.06,1.04,0.18,9.92,10.0,290.0,168.0,41.4,60.0,249.0,412.0,17.0,59.0,,5.06,12.0,,10.0,2.88,1.04,,0.6,,,,1.58,0.24,1.6,0.3,0.3,Continental arc,-86.323,12.096,QUATERNARY,2012
2.96,4.78,18.65,51.38,0.22,1.1,9.64,0.97,0.15,,27.0,255.0,16.0,,6.0,247.0,535.0,20.0,58.0,6.0,,,,,2.02,,4.27,,,,,,,,,,Continental arc,131.45,33.25,,2008
2.4,5.69,18.76,49.23,0.26,1.08,12.05,0.97,0.09,7.2,16.0,,150.0,,53.0,181.0,404.0,24.0,79.0,7.1,,,,13.1,3.4,,,,,,,,,,,,Continental arc,138.835,37.75,MIOCENE,2006
3.23244970253561,9.65480354586867,16.062975535289,49.7367746614842,0.645274353028889,1.81122534256775,10.8410143267114,1.00691162780332,0.113454831301783,6.89511607340933,27.3,,,,222.481439842692,1188.16208013896,2581.03664088241,14.12,167.7,8.247,86.55,190.1,20.56,78.87,10.98,2.949,7.673,0.7465,3.454,0.534,1.306,1.141,0.1672,4.015,0.4005,10.07,Continental arc,133.088,35.188,QUATERNARY,2014
2.44,6.21,18.26,51.83,0.09,0.48,11.29,0.77,0.16,,17.0,264.0,116.0,35.0,35.0,76.0,207.0,17.0,86.0,3.0,7.0,12.0,,13.0,2.6,1.0,,1.0,,,,2.1,0.36,2.0,,2.7,Continental arc,25.4,36.6,,1988
1.809,6.65,18.47,50.476,0.068,0.163,11.475,0.655,0.158,,3.446,225.093,95.366,36.667,35.827,94.112,312.927,14.209,36.834,1.67,,,,,,,,,,,,,,,,,Continental arc,140.839,39.786,,2017
3.21,9.15,16.1,50.26,0.26,0.95,9.32,1.09,0.17,,22.0,253.0,394.0,44.0,155.0,400.0,505.0,21.0,91.0,4.3,10.7,24.7,3.6,16.7,4.3,1.29,3.8,0.61,3.6,0.7,1.99,1.85,0.28,2.37,0.27,1.6,Continental arc,158.07,53.93,,2000; 2021
1.92,6.53,17.18,49.98,0.16,0.59,12.71,0.72,0.18,9.54,12.0,,,,,362.0,490.0,16.3,51.4,1.49,5.55,12.8,2.05,9.95,2.75,0.95,3.15,0.51,3.24,0.67,1.79,1.84,0.28,1.69,0.1,0.52,Continental arc,-86.723,12.47,,2012
3.44,6.44,12.4,48.7,0.124,0.194,8.66,1.41,0.246,16.02,6.88,456.0,81.8,45.0,127.0,19.3,106.0,29.1,45.0,4.55,4.91,12.7,1.89,10.1,3.14,1.44,4.32,0.744,5.08,1.11,3.25,3.0,0.432,2.27,0.329,,Continental arc,137.65,36.2,,2017
2.96,5.12,17.83,52.62,0.38,1.31,9.17,1.05,0.16,9.27,27.6,228.3,83.31,,78.31,649.1,620.1,29.2,130.2,7.59,17.5,37.9,,23.4,5.13,1.35,4.69,,4.99,,2.33,2.22,,,,,Continental arc,-87.209,13.965,,1997
4.02,4.52,17.32,52.7,0.5,2.23,7.37,1.52,0.15,,37.0,195.0,47.0,26.0,36.0,549.0,616.0,22.0,208.0,21.9,20.69,44.99,6.39,27.77,5.58,1.68,5.23,0.7,4.15,0.9,2.53,2.08,0.33,4.79,1.0,3.24,Continental arc,157.75,55.72,,2001
4.14,6.57,16.33,49.67,0.43,0.43,6.14,3.41,0.23,11.39,8.0,219.0,69.0,44.0,56.0,769.0,495.0,30.0,186.0,36.8,,,,,,,,,,,,,,,,,Continental arc,134.25,33.75,MESOZOIC,2004
2.12,9.68,14.74,47.4,0.06,0.6,11.38,0.52,0.18,9.12,6.29,321.9,325.53,49.02,99.5,545.8,673.49,16.63,40.39,0.45,5.11,12.76,1.96,9.7,2.63,0.8,2.79,0.42,2.72,0.56,1.59,1.53,0.24,1.24,0.03,0.62,Continental arc,164.33,58.92,,2009
2.83,8.34,16.61,47.47,0.32,0.9,10.58,1.65,0.17,9.4840080605064,20.0,209.0,289.0,43.0,127.0,323.0,536.0,22.7,128.0,30.0,20.2865354299428,40.7684216976709,5.11715906368416,21.1645353731125,4.64353629070799,1.54634741690052,4.66193947640172,0.70711096808511,4.22107758171713,0.835504546299541,2.3027795357139,2.05409799850557,0.303804593330375,3.13326778232821,1.58943592590636,2.41829024744247,Continental arc,-3.321,34.433,NEOGENE,2005
3.18,6.21,17.09,50.33,0.24,0.41,10.34,1.31,0.17,9.32,2.0,240.0,29.0,,27.0,143.0,335.0,29.0,147.0,8.0,0.0,33.0,,27.0,,,,,,,,,,,,0.0,Continental arc,176.25,-38.3,,2007
2.74,4.64,17.2,52.8,0.17,0.67,9.8,0.76,0.18,9.7,12.18,236.99,13.71,32.45,14.87,578.81,407.37,18.2,55.06,1.62,5.11,12.28,2.02,8.97,2.58,0.92,2.91,0.47,3.04,0.64,1.9,1.88,0.29,1.66,0.1,0.86,Continental arc,-86.32,12.109,,1984; 2009
1.75,8.75,16.26,47.61,0.11,0.33,13.88,0.7,0.18,10.27,8.0,299.0,220.0,53.0,92.0,232.0,404.0,16.0,38.0,,,,,,,,,,,,,,,,,,Continental arc,-86.19,12.08,HOLOCENE,
2.94,5.96,17.04,52.98,0.17,0.77,8.89,1.03,0.17,8.85,12.1,275.4,73.3,,27.6,306.2,326.1,20.8,79.2,1.2,6.7,15.1,,10.2,,,,,,,,,,,,3.0,Continental arc,160.63,56.05,,
2.33,9.89,13.79,45.84,0.55,1.49,9.8,2.14,0.18,,44.0,,,,218.0,650.0,690.0,,,,,,,35.1,6.71,,,,,,,,,,,,Continental arc,134.0,34.75,CENOZOIC,1988
2.37,9.68,13.8,51.0,0.2,0.78,11.3,0.93,0.17,8.96,15.7,279.2,401.0,43.0,109.3,234.6,275.4,19.9,78.3,1.2,6.3,14.4,,12.0,,,,,,,,,,,,0.4,Continental arc,160.273,55.711,,2015
3.37,6.84,15.45,52.32,0.33,1.95,8.05,1.18,0.18,9.3,31.1,,,36.13,59.91,566.67,409.57,21.42,101.4,3.06,10.66,27.84,4.11,18.73,4.65,1.43,4.17,0.64,3.88,0.77,2.14,2.0,0.3,2.8,0.21,1.24,Continental arc,160.58,55.97,,
3.54,5.49,17.3,52.36,0.46,0.79,8.62,1.23,0.17,8.78,19.7,167.0,118.0,35.0,48.0,190.0,596.0,23.0,166.0,9.5,16.0,40.3,5.35,24.3,5.48,1.86,5.29,0.96,5.27,0.87,2.45,2.22,0.33,4.22,0.6,2.05,Continental arc,137.5,35.75,PLEISTOCENE,1999; 2002
2.54,7.62,17.62,48.6,0.21,0.31,11.65,1.13,0.16,8.85,4.5,,,,66.0,83.0,324.0,17.6,95.0,3.42,7.0,17.9,2.54,11.8,3.13,1.11,3.44,0.62,3.65,0.77,2.16,1.97,0.3,2.62,0.25,0.7,Continental arc,176.132,-38.493,,2020
3.49,7.49,16.1,49.62,0.94,1.94,9.14,1.85,0.13,,32.0,,200.0,,110.0,1300.0,1100.0,28.0,350.0,14.0,120.0,230.0,,120.0,14.0,3.2,,,,,,2.1,0.29,,,24.0,Continental arc,132.65,34.85,,1992
3.45,5.1,17.16,51.76,0.49,1.74,8.52,1.45,0.17,9.45,46.755293827456,318.099325777316,43.1337895651805,30.8607103637106,33.5184538211495,453.225433013089,386.733251998456,35.0686137231966,191.088387172769,4.82427256241211,16.1245899615682,38.8014077141392,5.49441881354641,24.5792379621085,6.20087903751558,1.76188272387419,6.27674387417745,0.959112103025296,5.66084619868941,1.17320875177515,3.38145390125946,3.24785712698388,0.47304793874461,4.32767294662939,0.578297061074464,1.85785347298587,Continental arc,160.451,55.869,HOLOCENE,2022
2.48,6.8,17.03,50.92,0.29,1.02,10.98,0.79,0.17,,20.0,300.0,281.0,36.0,58.0,296.0,631.0,20.0,90.0,9.7,21.0,36.0,,18.0,4.1,1.1,,0.68,,,,2.1,0.44,1.9,0.4,3.0,Continental arc,15.21,38.79,,1988; 1989; 1993
3.16,9.05,16.29,50.53,0.26,0.94,9.22,1.08,0.17,,19.0,249.0,377.0,43.0,155.0,379.0,497.0,22.0,90.0,3.1,10.0,23.4,3.5,16.2,4.1,1.25,3.8,0.61,3.6,0.71,2.01,1.89,0.28,2.35,0.15,1.49,Continental arc,158.07,53.93,,2000; 2021
2.52,6.0,17.68,49.53,0.36,2.04,11.11,0.98,0.16,,61.0,267.0,49.0,35.0,36.0,942.0,787.0,27.0,158.0,22.0,43.0,99.0,11.7,43.0,8.53,2.36,7.22,1.07,5.37,0.98,2.73,2.52,0.361,3.7,1.4,15.4,Continental arc,15.216,38.794,HOLOCENE,2006
2.81,7.45,14.59,48.3,0.61,1.91,8.94,2.14,0.15,,46.0,150.0,265.0,21.0,70.0,612.0,698.0,23.3,189.0,46.2,32.79,64.78,8.02,31.49,6.55,2.09,6.01,0.85,4.3,0.75,2.04,1.62,0.23,4.07,2.66,4.05,Continental arc,131.5,43.67,MIOCENE,2007
3.0,6.4,16.26,47.81,0.22,0.08,11.41,1.56,0.18,,2.0,229.0,262.0,33.0,124.0,23.0,223.0,36.0,113.0,2.0,4.7,17.1,,13.3,4.78,1.48,6.6,,5.8,,3.22,2.9,0.54,,,,Continental arc,134.952,32.355,,1993
1.81,10.97,15.73,47.13,0.36,1.29,7.99,2.55,0.14,10.82,30.0,296.0,550.0,53.0,271.0,505.0,424.0,27.0,160.0,26.7,,,,,,,,,,,,,,,,,Continental arc,134.25,33.75,MESOZOIC,2004
3.78,8.59,13.99,45.82,0.79,1.29,9.6,2.7,0.19,10.81,27.0,222.0,573.0,47.0,163.0,299.0,202.0,26.0,74.0,,,,,,,,,,,,,,,,,,Continental arc,141.397,41.106,,1994; 2000
2.04,7.71,16.39,50.62,0.08,0.16,10.14,0.72,0.18,10.31,1.56,,,,,71.0,218.0,15.0,29.0,1.03,2.68,6.26,0.96,4.84,1.52,0.65,2.04,0.38,2.56,0.56,1.55,1.64,0.25,0.91,0.06,0.3,Continental arc,141.0,38.0,,2006
3.01,6.67,15.7,52.3,0.23,1.37,8.93,1.04,0.11,8.26,32.0,264.0,288.0,35.8,53.0,242.0,290.0,15.0,76.0,1.9,10.9,24.2,,15.1,4.3,1.24,3.9,0.7,,,,2.1,0.3,2.6,0.19,2.5,Continental arc,159.5,54.5,,1994
2.49,8.77,14.09,49.71,0.34,0.99,9.18,2.01,0.17,,40.0,270.0,161.0,,114.0,458.0,421.0,27.4,237.0,34.7,33.0,65.5,7.64,31.5,6.74,2.21,6.75,1.02,5.72,1.1,2.87,2.36,0.36,5.74,2.12,5.09,Continental arc,130.25,33.25,,2009
2.93,10.18,16.24,50.87,0.12,0.39,9.04,0.91,0.13,8.25,7.9,,585.2,,213.1,66.0,242.8,20.9,102.6,3.7,,,,,,,,,,,,,,,,,Continental arc,137.25,37.25,,2013
2.05,7.84,16.3,48.6,0.37,1.68,12.21,0.99,0.18,8.99,74.7,227.0,54.0,27.9,35.1,1050.0,749.0,27.0,173.0,23.2,41.3,82.5,10.1,40.6,8.0,2.1,8.02,1.0,5.2,0.95,2.69,2.3,0.36,3.96,1.23,12.47,Continental arc,15.21,38.79,HOLOCENE,1999; 2004; 2007
3.48,5.35,16.91,51.83,0.14,0.64,8.81,0.99,0.07,7.33,6.0,167.0,157.0,,47.0,167.0,362.0,26.0,146.0,6.0,,,,,,,,,,,,,,,,,Continental arc,137.25,37.25,NEOGENE,2002
2.328,11.457,13.211,51.097,0.125,0.55,9.981,0.794,0.17,8.52,11.715,241.449,774.847,41.119,193.064,209.727,240.916,18.095,59.384,1.242,4.076,10.44,1.706,8.366,2.395,0.841,2.842,0.488,3.023,0.637,1.845,1.719,0.261,1.598,0.075,0.474,Continental arc,160.792,56.153,,2017
2.66290094815413,4.51886221504942,15.8462779907202,50.4236433326609,0.292515634456324,1.19023602985677,9.60258220698003,1.25075650595118,0.221908412346177,12.59,27.0,397.0,18.0,43.0,7.0,828.0,429.0,25.0,105.0,4.0,14.0,29.0,4.0,,,,,,,,,,,,,4.0,Continental arc,-86.0,12.0,HOLOCENE,2020
2.205,6.25,16.672,52.35,0.117,0.231,9.582,0.794,0.175,,5.983,211.477,168.08,34.37,52.606,100.065,248.724,18.979,48.693,2.232,,,,,,,,,,,,,,,,,Continental arc,141.007,39.845,,2017
2.75,8.88,14.51,52.49,0.39,1.42,8.63,1.22,0.15,8.61,36.0,,305.0,37.0,148.0,225.0,630.0,23.0,121.0,7.0,14.6,37.0,,19.0,5.1,1.6,,0.6,,,,1.7,0.3,2.8,0.3,2.4,Continental arc,137.5,36.5,PLEISTOCENE,2000
2.662,5.914,14.595,47.071,0.432,1.279,11.937,3.285,0.177,12.647,24.0,,,,,282.0,559.0,29.0,271.0,54.0,41.0,90.0,,42.9,8.7,3.1,8.0,,6.2,,,2.1,,6.1,,6.1,Continental arc,105.42,-6.1,QUATERNARY,1983; 2004; 2006
3.44,9.17,13.77,49.17,0.11,0.37,13.13,0.86,0.11,9.86,7.0,,363.0,33.0,83.0,353.0,536.0,21.0,80.0,5.0,,,,,,,,,,,,,,,,,Continental arc,78.2,34.9,PERMIAN,2007
2.56,5.02,18.78,52.24,0.09,0.6,10.84,0.85,0.15,7.98,15.9,236.0,40.7,,26.7,134.0,332.0,20.3,59.0,2.4,7.19,16.4,2.24,9.59,2.52,0.87,3.02,0.488,3.27,0.803,2.02,2.17,0.371,2.04,0.19,2.76,Continental arc,25.45,36.4,QUATERNARY,2006
1.805,6.898,18.251,50.615,0.069,0.206,11.289,0.657,0.159,,4.081,224.131,97.498,35.711,37.819,93.438,305.464,13.808,37.523,1.602,,,,,,,,,,,,,,,,,Continental arc,140.838,39.785,,2017
2.56,8.01,17.24,48.38,0.17,0.26,11.48,1.08,0.16,8.61,3.0,238.0,82.0,,52.0,85.0,336.0,20.2,93.0,3.77,7.2,19.1,2.65,12.0,3.04,1.1,3.11,0.54,3.4,0.71,1.93,1.91,0.26,2.08,0.2,0.6,Continental arc,176.132,-38.493,,2014
2.14,11.02,15.19,47.36,0.26,0.45,11.85,0.79,0.19,9.39,7.13,315.0,793.0,53.7,229.0,49.1,450.0,15.5,38.1,1.97,4.2,10.5,1.68,7.93,2.26,0.77,2.34,0.38,2.44,0.58,1.42,1.43,0.25,1.13,0.14,0.54,Continental arc,8.87,39.63,CENOZOIC,1997; 2003
1.53,8.14,14.9,52.3,0.09,0.28,11.2,0.46,0.16,8.88,4.87,257.0,215.0,44.0,31.7,20.0,84.0,10.4,28.0,0.19,0.7,2.23,0.4,2.39,0.94,0.37,1.33,0.25,1.82,0.42,1.3,1.25,0.21,0.75,0.04,0.11,Continental arc,-3.032,35.941,MIOCENE,2008
2.72,5.42,18.09,51.19,0.47,2.1,10.72,0.88,0.15,,65.0,295.0,22.0,38.0,31.0,856.0,614.0,25.0,154.0,16.0,43.0,87.0,,40.0,,,,,,,,,,,,,Continental arc,15.21,38.79,HOLOCENE,1993; 2004
2.3,5.02,18.05,51.05,0.26,0.8,10.39,0.81,0.15,,26.0,265.0,41.0,,10.0,293.0,300.0,22.0,93.0,4.0,11.0,24.0,,,,,,,,,,,,,,,Continental arc,177.35,-37.25,,1994
3.72,6.83,18.2,49.52,0.29,1.04,5.46,1.16,0.16,9.09,30.0,,,,,119.0,254.0,43.0,84.0,3.8,,,,14.7,4.17,,,,,,,,,,,,Continental arc,139.0,38.0,MIOCENE,1997
2.17,9.25,13.88,50.7,0.37,0.64,9.36,2.02,0.15,,27.2,197.0,119.0,,77.0,334.0,368.0,21.7,157.0,28.7,24.6,50.0,5.83,24.0,5.13,1.74,5.21,0.79,4.53,0.88,2.33,1.95,0.3,3.86,1.7,3.49,Continental arc,130.25,33.25,,2009
3.73,5.82,18.1,50.7,0.65,1.08,8.93,1.44,0.17,9.16,13.0,242.0,65.0,28.0,47.0,521.0,729.0,25.0,149.0,8.9,18.18,44.16,6.05,26.26,5.91,1.8,5.8,0.83,4.91,0.97,2.72,2.45,0.37,3.43,0.47,1.06,Continental arc,160.105,57.385,QUATERNARY,2010
1.57,9.91,13.57,52.71,0.18,1.03,8.93,0.74,0.13,,33.0,252.0,701.0,40.0,220.0,256.0,171.0,17.0,53.0,5.0,8.0,12.0,,,,,,,,,,,,,,6.0,Continental arc,8.75,39.8,NEOGENE,1994; 2005
2.5,5.47,16.37,52.64,0.5,3.57,9.25,0.92,0.15,1.49,125.0,,,,46.0,1486.0,685.0,30.0,198.0,24.0,,104.0,,,,,,,,,,,,,,,Continental arc,15.21,38.79,,1993; 2006
3.6,10.03,13.97,50.44,0.1,0.41,8.0,1.09,0.17,12.19,8.0,,679.0,40.0,95.0,405.0,521.0,28.0,76.0,6.0,,,,,,,,,,,,,,,,,Continental arc,78.2,34.9,PERMIAN,2007
2.42,5.21,18.86,49.77,0.28,1.3,10.32,1.06,0.16,9.83,38.1,305.0,37.0,33.0,18.0,189.7,502.7,21.7,60.4,2.07,8.6,20.17,2.93,14.19,3.67,1.25,3.82,0.61,3.79,0.79,2.28,2.17,0.32,1.49,0.14,1.75,Continental arc,138.286,37.17,NEOGENE,2016
3.17,5.12,15.88,52.2,0.36,2.05,9.35,0.99,0.16,,22.11,,,,,679.5,697.6,19.4,74.45,2.21,8.8,21.28,3.27,15.69,4.0,1.22,3.99,0.58,3.4,0.74,2.02,1.83,0.3,2.85,0.3,0.93,Continental arc,158.328,56.123,NEOGENE,2019
3.55,6.59,17.1,50.42,0.41,1.67,7.26,1.45,0.14,,60.0,179.0,166.0,,113.0,386.0,506.0,22.5,235.0,16.0,37.4,77.4,8.87,32.7,6.0,1.86,5.66,0.78,4.45,0.89,2.56,2.23,0.36,5.76,1.1,8.04,Continental arc,133.1,35.5,MIOCENE,1997
2.35,7.72,15.59,51.87,0.17,0.21,8.0,1.13,0.18,,2.16,205.0,291.0,,158.0,130.0,195.0,20.5,79.1,8.95,14.7,24.9,3.44,14.3,3.29,1.14,3.81,0.65,3.86,0.81,2.18,1.89,0.29,2.02,1.89,1.97,Continental arc,130.25,33.25,,2009
2.95,5.8,18.5,52.0,0.129,0.78,9.97,0.89,0.151,,23.3,248.7,53.3,31.9,47.1,163.2,225.3,,96.4,4.6,,,,,,,,,,,,,,,,,Continental arc,25.4,36.6,,2009
3.61,6.1,17.83,49.49,0.24,0.8,8.55,2.26,0.15,9.51,7.9,374.0,13.0,39.1,26.5,251.0,387.0,32.9,100.0,12.4,11.3,28.0,4.06,18.6,5.18,1.59,5.65,0.97,5.99,1.21,3.31,3.08,0.45,2.67,0.7,1.37,Continental arc,162.528,57.893,QUATERNARY,2005
1.93,7.09,13.85,49.69,0.61,2.48,9.36,2.74,0.15,,100.0,,,,,895.0,841.0,,,,39.2,67.3,,33.8,7.86,2.64,5.82,,5.75,,2.33,,0.248,,,,Continental arc,140.5,42.0,PERMIAN,1977; 1979
2.92,6.1,17.33,46.7,0.52,1.64,10.32,2.4,0.16,9.61897971222139,28.0,306.0,97.0,37.0,53.0,631.0,737.0,22.0,161.0,,,,,,,,,,,,,,,,,,Continental arc,-3.321,34.433,NEOGENE,2005
2.57,6.16,17.2,49.45,0.57,2.14,11.28,0.92,0.16,7.88,68.0,264.0,56.4,32.0,43.2,940.0,715.0,25.9,160.0,17.8,45.2,90.9,10.7,41.7,8.26,2.16,6.9,0.93,5.0,0.91,2.45,2.3,0.36,3.72,1.19,14.9,Continental arc,15.21,38.79,,2008
2.11,8.32,15.83,46.48,0.32,1.14,10.87,2.15,0.17,10.38,38.0,323.0,195.0,49.0,69.0,440.0,652.0,20.9,121.0,28.1,29.5,,,,,,,,,,,,,,,6.4,Continental arc,129.9,33.1,CENOZOIC,2009
3.29,4.88,18.33,50.31,0.36,1.47,8.63,1.17,0.18,,22.0,309.0,28.0,41.0,32.0,553.0,625.0,24.0,106.0,7.0,,39.0,5.0,,,,,,,,,,,,,0.0,Continental arc,160.855,56.354,,2018
3.38,5.61,16.9,51.21,0.57,1.1,8.21,1.64,0.16,8.97,16.2,184.0,134.0,31.0,67.6,547.0,770.0,25.7,208.0,13.5,25.9,58.7,7.29,30.1,6.31,2.1,5.92,0.82,4.73,0.88,2.51,2.22,0.34,4.35,0.71,3.35,Continental arc,135.278,44.27,EOCENE,2022
2.56,7.71,16.99,48.5,0.19,0.34,11.35,1.12,0.16,8.76,5.0,227.0,78.0,,66.0,85.0,332.0,19.9,109.0,3.8,7.4,18.8,2.69,12.2,3.16,1.13,3.24,0.55,3.48,0.7,2.01,1.93,0.28,2.21,0.23,0.65,Continental arc,176.132,-38.493,,2014
2.76,8.26,15.73,52.85,0.14,0.73,9.48,0.92,0.16,8.98,12.0,254.0,260.0,,83.0,248.0,299.0,19.0,76.0,3.9,,17.0,,,,,,,,,,,,,,1.0,Continental arc,160.63,56.05,,2013
2.37,6.24,17.89,49.8,0.13,0.66,10.93,0.83,0.2,,11.0,313.0,79.0,40.0,30.0,327.0,331.0,17.0,46.39,0.906,4.38,13.1,1.95,9.47,2.72,0.88,2.69,0.44,2.79,0.61,1.79,1.68,0.273,1.46,0.0571,0.584,Continental arc,160.68,54.97,,2001; 2004; 2011; 2015; 2021
3.09,7.44,16.96,51.04,0.58,1.47,9.68,0.94,0.12,6.61,15.0,162.0,115.0,,125.0,1130.0,2450.0,17.0,165.0,9.2,,,,,,,,,,,,,,,,,Continental arc,133.0,35.0,CENOZOIC,1990
3.01,5.36,18.14,52.7,0.26,1.49,9.05,0.8,0.17,7.67,59.2,414.35,,,,1062.0,847.0,30.9,124.0,4.15,30.2,54.7,6.6,24.5,5.25,1.67,4.75,0.71,4.35,0.924,2.63,2.86,0.442,2.52,0.269,8.51,Continental arc,139.87,39.93,QUATERNARY,2015
3.09,8.13,17.1,50.97,0.3,0.88,9.28,1.05,0.15,7.82,18.7,220.0,325.0,,160.0,595.0,676.0,26.1,136.0,7.7,33.9,70.0,,32.3,5.76,1.73,,,,,,2.4,0.37,,,4.83,Continental arc,175.917,-36.583,,2000
2.57,6.3,17.37,50.71,0.44,2.34,11.38,0.81,0.14,7.52,73.3,254.8,144.8,33.3,54.6,1078.9,777.9,25.2,173.6,21.3,52.7,106.7,12.1,47.8,8.5,2.3,7.0,0.9,5.0,0.9,2.4,2.3,0.4,3.9,1.3,17.8,Continental arc,15.21,38.79,,2012
2.69,7.24,16.74,49.15,0.4,1.59,8.8,1.99,0.15,9.23206097730509,39.0,201.0,235.0,38.0,105.0,590.0,641.0,22.0,158.0,,,,,,,,,,,,,,,,,,Continental arc,-3.576,34.654,NEOGENE,2005
2.71,6.45,18.31,46.36,0.29,0.29,12.23,1.12,0.18,10.85,4.4,442.0,36.8,39.52,34.46,85.9,480.4,19.91,45.2,2.62,7.2,16.52,2.4,11.15,3.17,1.07,3.46,0.57,3.57,0.72,2.01,1.87,0.29,1.41,0.21,0.97,Continental arc,8.4,40.5,NEOGENE,2009
2.03,6.27,17.27,49.3,0.22,0.34,11.26,1.15,0.27,8.68,2.0,,194.0,33.0,18.0,330.0,440.0,33.0,125.0,5.0,12.0,31.0,,,3.9,1.3,,,,,,2.4,0.4,2.7,0.5,2.6,Continental arc,136.5,36.5,MIOCENE,1997
2.46,5.79,16.82,50.2,0.11,0.42,9.4,1.4,0.13,9.01,6.29,319.88,40.8,44.95,6.1,95.9,204.26,26.06,62.73,2.14,4.3,11.58,1.84,9.15,2.97,1.11,3.7,0.67,4.32,0.96,2.71,2.58,0.4,1.74,0.12,0.69,Continental arc,140.58499999999998,43.21,MIOCENE,2011
1.78,7.91,16.55,48.27,0.12,0.38,13.31,0.77,0.18,10.19,7.0,292.0,209.0,52.0,60.0,278.0,405.0,18.0,41.0,,,,,,,,,,,,,,,,,,Continental arc,-86.19,12.08,HOLOCENE,
3.21,6.65,17.64,49.6,,1.52,8.14,1.39,0.19,,33.0,120.0,150.0,18.0,85.0,464.0,612.0,,243.0,,,,,,,,,,,,,,,,,,Continental arc,140.28,48.97,CENOZOIC,1999
2.87,11.03,13.89,50.78,0.19,1.09,8.86,0.86,0.17,,10.0,250.0,636.0,44.1,190.0,375.0,472.0,,,,5.2,11.6,,9.4,2.44,0.79,,0.51,,,,1.6,0.2,1.7,0.07,0.65,Continental arc,161.4,56.65,,1999
2.7,6.32,14.58,52.7,0.3,1.05,8.11,1.96,0.15,10.63,20.9,176.0,193.0,42.4,170.0,286.0,488.0,20.4,125.0,10.9,11.7,29.4,4.03,19.7,5.36,1.95,5.33,0.77,4.19,0.72,1.92,1.49,0.22,3.21,0.67,1.21,Continental arc,132.38,43.323,MIOCENE,2022
4.62,5.27,17.0,52.4,0.58,2.16,6.61,1.84,0.17,9.14,20.0,159.0,86.0,34.0,64.0,360.0,628.0,25.0,226.0,25.8,22.2,48.39,6.13,25.38,5.55,1.77,5.5,0.81,4.87,0.98,2.73,2.49,0.39,4.63,1.59,2.5,Continental arc,160.153,57.399,QUATERNARY,2010
2.49,7.92,15.23,51.02,0.17,0.25,8.67,1.17,0.19,,2.85,225.0,315.0,,171.0,127.0,194.0,20.9,83.9,8.98,15.2,26.0,3.48,14.5,3.3,1.18,3.91,0.65,3.92,0.82,2.2,1.93,0.3,2.09,0.62,2.14,Continental arc,130.25,33.25,,2009
2.897,7.722,15.88,52.037,0.144,0.65,9.395,0.899,0.161,8.38,12.114,248.167,251.051,37.06,82.073,227.656,306.836,18.972,68.598,1.411,4.951,12.96,2.026,9.716,2.755,0.948,3.216,0.533,3.279,0.707,2.0,1.893,0.292,1.824,0.086,0.585,Continental arc,160.748,56.116,,2017
1.81,10.91,14.7,44.05,1.02,2.62,12.32,1.2,0.18,,34.0,152.0,432.0,38.0,55.0,529.0,615.0,,224.0,,,,,,,,,,,,,,,,,,Continental arc,131.0,34.0,QUATERNARY,1986
2.99,11.79,13.0,51.05,0.24,1.24,8.04,0.87,0.13,7.87325,24.0,216.0,882.0,43.0,262.0,511.0,624.0,17.1832,71.0,0.0,0.0,34.0,0.0,,,,,,,,,,,,,18.0,Continental arc,160.797,56.445,,2018
2.8,9.0,14.7,50.56,0.36,1.3,9.8,1.2,0.18,9.6,28.9,269.0,366.0,42.0,143.0,314.0,303.0,24.8,136.0,3.4,10.6,26.1,4.05,18.9,4.73,1.41,7.0,0.73,4.5,0.89,2.57,2.37,0.36,3.31,0.22,1.12,Continental arc,160.334,55.797,HOLOCENE,2018
3.4,8.0,15.86,49.43,0.69,3.34,7.0,2.47,0.12,,64.0,,,,,,963.0,22.0,,57.0,,,,,,,,,,,,,,,,,Continental arc,8.67,40.58,NEOGENE,1976
3.15,7.11,17.4,48.23,0.22,0.61,8.49,1.69,0.12,,14.0,220.0,230.0,50.0,115.0,260.0,570.0,21.0,154.0,,14.5,38.7,,17.4,3.64,1.8,3.48,0.57,,,,1.7,,3.7,0.48,0.85,Continental arc,173.0,64.5,MIOCENE,1999
2.01,8.57,15.1,50.2,0.12,0.462,11.1,0.741,0.174,8.83,13.3,283.0,349.0,37.5,82.1,78.4,397.0,15.8,45.9,1.12,5.57,13.1,1.88,8.82,2.37,0.793,2.5,0.419,2.65,0.57,1.61,1.53,0.237,1.22,0.0663,1.16,Continental arc,106.454,-6.934,,2022
2.73,8.29,16.13,51.76,0.12,0.49,9.13,0.85,0.17,8.19,16.0,,,48.71,136.0,94.0,210.0,36.0,108.0,2.8,6.94,15.9,2.52,12.24,3.36,1.06,4.07,0.71,4.33,0.97,2.74,2.42,0.39,2.59,0.17,1.17,Continental arc,137.25,37.25,,2013
1.98,7.42,16.56,48.47,0.27,0.61,12.56,0.82,0.19,9.5,16.0,318.0,186.0,,54.0,89.0,392.0,20.0,40.0,4.0,1.0,12.0,,,,,,,,,,,,,,,Continental arc,8.87,39.63,CENOZOIC,1997
3.01,6.99,16.92,52.03,0.17,0.63,9.78,1.08,0.18,9.23,9.0,264.0,130.0,34.0,38.0,187.0,298.0,24.8,87.0,2.7,4.0,15.0,,7.8,2.5,,,,,,,2.6,,2.1,,0.5,Continental arc,160.713,55.96,,2013
2.9,5.13,18.54,52.74,0.12,0.782,10.16,0.863,0.147,,25.0,242.3,42.9,28.0,28.2,141.9,200.1,,98.3,3.5,,,,,,,,,,,,,,,,,Continental arc,25.4,36.6,,2009
2.00508905852417,4.89567430025445,17.7608142493639,50.4631043256997,0.122137404580153,0.549618320610687,11.0330788804071,0.885496183206107,0.203562340966921,10.87,8.46046926862767,165.755156232116,1.28944173057113,16.4884422570676,6.09322192972416,427.195330204876,281.313952157491,17.7112967837931,23.9595284422571,0.880129930181985,4.19804810804624,10.3168727171798,1.62920966006638,8.13600137346915,2.44743138377017,0.91,2.9283703300827,0.511388577314868,3.31749525008584,0.702682064781962,1.97572816756324,2.00657223303193,0.301206867345771,0.791496898248827,0.0641596749456335,0.54291679066041,Continental arc,-86.3,12.3,QUATERNARY,2019
2.49,6.4,18.3,49.2,0.37,2.05,11.1,0.99,0.16,,65.0,267.0,55.0,32.0,39.0,969.0,761.0,27.0,156.0,21.0,49.0,93.0,,43.0,,,,,,,,,,,,18.0,Continental arc,15.21,38.79,,2004
2.87,6.7,16.86,52.73,0.15,0.7,9.13,0.91,0.16,8.39,11.6,250.6,185.3,,54.7,284.8,333.4,17.1,74.4,1.8,5.0,14.9,,10.5,,,,,,,,,,,,1.6,Continental arc,160.481,56.085,,
1.89,6.66,18.69,49.99,0.07,0.22,9.74,0.67,0.2,10.43,3.26,256.0,33.8,,38.1,120.0,346.0,12.4,28.1,0.74,2.35,6.31,0.92,4.72,1.51,0.6,1.94,0.33,2.3,0.5,1.52,1.54,0.24,0.94,0.04,0.31,Continental arc,140.78,42.57,,2016
3.07,8.32,13.37,47.51,0.47,0.97,8.56,3.0,0.23,11.45,14.0,,,,,,473.0,,233.0,,,,,,,,,,,,,,,,,,Continental arc,-83.718,12.308,PLEISTOCENE,2011
3.07,5.32,17.06,50.5,0.39,0.99,7.07,1.2,0.16,,17.0,130.0,33.0,21.0,51.0,322.0,658.0,21.0,108.0,13.0,15.2,29.4,,,,1.41,,,,,,1.8,0.25,2.5,,,Continental arc,134.0,43.0,CENOZOIC,1999
1.58,8.68,14.8,47.2,0.1,0.4,13.3,0.7,0.18,10.3,9.2,317.0,275.0,,80.0,338.0,386.0,16.6,54.0,2.9,4.99,12.07,,8.19,2.0,0.77,3.8,,2.7,,1.64,1.43,,1.32,,0.64,Continental arc,-86.32,12.109,,1984; 2001; 2004
2.63,9.75,15.99,49.96,0.13,0.43,8.7,0.9,0.14,8.14,5.8,189.3,624.8,,250.1,78.0,246.6,20.4,102.1,3.7,,,,,,,,,,,,,,,,,Continental arc,137.25,37.25,,2013
3.091,5.072,17.257,52.621,0.284,1.336,8.709,1.12,0.142,8.85,27.5053196,,51.2176704,,17.2279301,498.668549,427.334808,27.413887,122.169441,2.9652493,10.7858114,26.0080624,3.78091407,18.586237,4.95878983,1.55158162,5.32678938,0.798690856,4.88520288,0.853060186,2.6824472,2.78502345,0.428466737,3.12109303,0.162487999,0.977938116,Continental arc,160.391,55.783,,2015
4.09,7.76,15.41,50.03,0.69,2.06,7.72,2.36,0.11,,47.0,,,,,,958.0,23.0,,55.0,,,,,,,,,,,,,,,,,Continental arc,8.67,40.58,NEOGENE,1976
3.6,4.7,17.3,51.89,0.61,2.1,8.0,1.64,0.17,9.8,55.7,292.0,68.0,32.5,48.1,495.0,361.0,32.8,223.0,5.86,15.4,36.7,5.46,25.3,6.19,1.71,6.09,0.92,5.75,1.13,3.32,3.11,0.46,5.22,0.42,2.1,Continental arc,160.191,55.6,,2016
3.33230339878401,4.72490780424599,16.810724608791,52.8990730589056,0.384955646366989,1.27323831356523,7.22164855975282,1.16879298315559,0.176562344263929,8.79,19.8149385643064,234.887212732002,69.398497711817,,31.5008804837226,420.957844056092,434.171556122449,30.1920016932694,152.359383563875,4.14647502597302,14.0954356412224,31.5745395107884,4.69951300939778,21.4516739056318,0.0,1.64907753752207,4.85534171531399,0.773697075965802,6.0079787032043,1.15516172790867,3.41193930609669,4.15326888487626,0.6081755266502,4.20797218519823,0.37293888432217,2.2220624771143,Continental arc,158.12,52.45,,2016
2.07,6.13,18.51,48.4,0.16,0.38,12.05,0.8,0.19,10.97,5.39,324.79,9.75,40.59,20.6,326.95,413.85,14.37,32.03,0.71,3.19,7.84,1.36,6.33,1.97,0.72,2.24,0.36,2.39,0.5,1.43,1.37,0.21,0.99,0.04,0.45,Continental arc,-86.32,12.109,,1984; 2009
3.37,7.1,14.38,46.38,0.72,2.2,8.52,2.16,0.18,,,,,,,,,,,,36.0,72.0,,33.0,8.0,2.1,5.6,,,,3.4,,,,,,Continental arc,173.0,64.5,EOCENE,1999
2.72,7.87,15.06,52.39,0.17,0.93,9.6,0.94,0.17,8.49,12.0,239.0,310.0,,74.0,301.0,344.0,19.0,91.0,1.0,0.74,2.1,0.31,1.76,0.6,0.26,0.86,0.16,1.0,0.24,0.73,0.74,,,,,Continental arc,160.63,56.05,HOLOCENE,1977; 1979; 1994
2.62,6.37,16.54,48.29,0.07,0.29,11.51,0.94,0.44,,6.0,333.0,58.0,,83.0,126.0,259.0,14.0,40.0,1.0,2.0,13.0,,,,,,,,,,,,,,1.0,Continental arc,178.0,-37.5,,1994
2.73,6.08,16.96,49.2,0.46,1.32,9.17,2.29,0.15,9.64,30.2,,,,,464.0,603.0,20.2,153.0,27.7,34.6,65.1,7.46,29.1,5.77,1.93,5.34,0.76,4.39,0.84,2.22,1.99,0.28,3.9,1.73,5.99,Continental arc,129.9,33.1,,2014
3.93773364238851,8.03462868551823,18.4717886417186,51.5269924640099,0.389844696752201,1.39014387989157,8.59169358811246,0.901578820654315,0.121889427149913,6.63370615380431,29.07,,,,149.735899969299,649.700632944542,1293.37751025295,14.11,104.2,7.955,31.14,58.91,6.948,26.0,4.187,1.369,3.627,0.4843,2.751,0.5389,1.435,1.467,0.2167,2.642,0.4081,4.006,Continental arc,133.088,35.188,QUATERNARY,2014
2.17,6.57,18.1,49.27,0.13,0.52,12.52,0.85,0.18,9.38,20.0,281.0,37.8,40.7,28.0,322.0,403.0,14.0,52.0,,5.38,12.0,,8.0,2.25,0.93,,0.3,,,,1.42,0.24,1.6,0.3,0.6,Continental arc,-86.323,12.124,QUATERNARY,2012
1.84,5.96,15.99,52.71,0.19,0.93,9.92,1.11,0.25,,32.0,,293.0,,32.0,455.0,274.0,,130.0,,19.6,43.71,,19.85,4.81,1.25,4.47,,4.73,,2.63,2.49,0.45,,,,Continental arc,8.55,39.58,CENOZOIC,1997
3.14,4.94,17.58,51.18,0.43,1.33,9.72,1.01,0.15,8.75,18.6,228.8,73.97,,34.78,816.1,611.5,31.5,212.2,10.5,23.0,46.4,,28.2,6.61,1.58,5.45,,4.53,,3.45,2.46,,,,,Continental arc,-87.264,14.215,,1997
1.67,5.82,17.18,51.9,0.13,0.33,10.01,0.95,0.18,,6.3,,57.0,,10.0,,345.0,34.0,46.0,3.5,,,,,,,,,,,,,,,,,Continental arc,140.45,37.45,PLIOCENE,1990
2.17,5.63,17.86,52.61,0.16,0.37,9.85,0.81,0.2,9.23,6.72,,,40.7,28.8,127.0,263.0,22.1,56.3,2.25,6.49,13.5,2.05,9.72,2.68,0.982,3.46,0.576,3.69,0.794,2.36,2.2,0.342,1.66,0.11,0.171,Continental arc,140.46,38.125,,
3.365,5.156,17.222,52.681,0.197,1.009,8.393,1.116,0.167,8.58,16.413,270.518,47.702,32.788,29.516,397.399,352.559,25.397,90.134,1.946,7.067,17.42,2.781,13.31,3.666,1.213,4.075,0.677,4.13,0.896,2.555,2.367,0.366,2.423,0.116,0.888,Continental arc,160.745,56.087,,2017
2.32,6.22,17.38,51.39,0.12,0.6,11.36,0.83,0.18,9.32,15.0,316.0,30.0,40.0,6.0,206.0,305.0,20.0,69.0,3.0,7.62,16.7,,10.97,2.85,0.92,3.31,0.5,3.4,,2.08,2.03,0.32,1.99,0.26,1.73,Continental arc,176.5,-38.12,,2007
3.09,5.29,17.21,52.98,0.45,1.31,9.04,1.19,0.15,8.88,21.7,219.9,129.1,,64.76,638.2,637.7,26.3,153.0,7.21,18.8,41.3,,25.5,7.37,1.28,4.76,,4.3,,2.57,2.35,,,,,Continental arc,-87.206,13.956,,1997
2.92,7.38,14.85,50.86,0.22,0.73,9.12,1.56,0.17,11.14,16.6,,,,,145.0,346.0,19.6,94.6,7.73,12.2,28.6,3.81,16.5,4.1,1.39,4.55,0.7,4.19,0.83,2.28,1.99,0.28,2.67,0.46,2.19,Continental arc,129.45,33.35,,2014
3.8,7.54,14.07,49.71,0.6,1.52,8.07,2.38,0.15,10.26,60.0,199.0,301.0,,196.0,1115.0,821.0,24.0,201.0,56.0,42.3,85.6,9.78,37.5,6.95,2.38,5.9,0.81,4.09,0.69,1.71,1.39,0.2,5.68,,5.8,Continental arc,8.5,40.5,NEOGENE / CENOZOIC,2000; 2013
2.84,5.87,15.45,52.17,0.12,0.13,6.41,1.16,0.16,11.12,0.4,390.0,32.0,59.0,10.0,65.1,203.3,19.0,54.0,1.04,4.27,10.81,1.64,8.2,2.61,0.86,3.17,0.57,3.69,0.78,2.34,2.17,0.33,1.49,0.07,0.74,Continental arc,138.63,36.78,MIOCENE,2016
2.19,6.49,17.2,52.47,0.278,1.38,10.5,0.8,0.156,,38.787,280.224,152.561,31.832,45.993,302.209,638.328,22.464,82.226,9.151,21.083,41.157,4.959,19.185,4.167,1.2525,4.281,0.628,3.584,0.729,2.036,2.092,0.324,2.017,0.475,3.915,Continental arc,14.341,38.542,,2016
1.92,7.85,16.92,51.26,0.08,0.09,10.39,0.78,0.17,9.4,1.29,259.35,,,,59.7,281.0,13.6,27.5,1.21,2.42,6.61,1.01,5.23,1.59,0.633,1.99,0.371,2.14,0.483,1.3,1.29,0.192,0.75,0.059,0.22,Continental arc,140.98,39.88,QUATERNARY,2015
3.47,4.87,17.19,52.08,0.6,1.92,8.27,1.57,0.18,9.54,53.7133609120431,301.57627930415,40.5373859778545,29.5928444226605,29.3612049482824,459.939583535895,367.480195064318,38.8504282327586,218.187654244192,5.61394895805148,17.4472894797982,42.0010718804271,5.96953619026098,26.6727775516428,6.74156281650263,1.81834465130396,6.79697972328746,1.05358477318527,6.25338949236809,1.30884905780074,3.75182317815525,3.61784730328078,0.537303324584549,4.87735252266366,0.313486911848864,2.02419543637469,Continental arc,160.455,55.86,HOLOCENE,2022
2.42,11.81,13.4,51.59,0.12,0.53,10.1,0.78,0.18,8.52,5.3,,,43.1,211.0,157.0,380.0,,57.0,,4.0,9.5,,,2.4,0.82,,0.42,,,,1.7,,1.6,0.091,,Continental arc,160.63,56.05,HOLOCENE,1999; 2002; 2003
2.88,7.14,15.42,51.42,0.37,1.37,8.6,2.33,0.15,,,287.3,149.0,,133.0,,401.5,,,,,,,,,,,,,,,,,,,,Continental arc,130.25,33.25,,2005
2.77,5.31,18.8,50.1,0.14,0.33,10.7,0.97,0.18,9.45,3.76,438.0,49.7,30.9,24.7,136.0,433.0,20.0,43.8,0.86,3.7,10.3,1.72,8.89,2.67,0.967,3.05,0.53,3.39,0.71,2.01,1.97,0.292,1.36,0.05,0.153,Continental arc,158.137,52.473,PLEISTOCENE,2007
2.529,4.953,16.659,52.256,0.154,0.388,9.47,0.998,0.289,,5.597,268.662,29.637,32.712,12.118,146.955,301.777,27.483,71.063,3.334,,,,,,,,,,,,,,,,,Continental arc,140.804,39.812,,2017
3.39,8.06,15.62,48.96,0.5,1.34,8.6,1.98,0.15,,19.0,140.0,230.0,40.0,130.0,560.0,456.0,32.0,152.0,33.0,17.0,32.8,,20.7,6.43,2.03,5.8,0.65,,,,2.14,0.31,3.14,1.08,,Continental arc,139.0,47.5,MIOCENE,1995
3.14,8.84,15.32,52.27,0.22,1.17,9.56,0.96,0.16,8.74,13.9,261.0,352.0,,87.0,362.0,456.0,16.5,71.0,1.68,6.3,15.8,2.46,12.1,3.16,1.02,3.22,0.488,2.86,0.577,1.54,1.51,0.225,2.08,1.659,0.65,Continental arc,161.4,56.65,,2019
2.18,5.93,17.45,51.93,0.5,4.63,8.76,0.9,0.14,1.0,146.0,199.0,140.0,24.7,32.5,1590.0,781.0,26.4,190.0,26.0,43.7,90.6,11.6,47.6,9.88,2.42,9.21,1.11,5.38,0.96,2.6,2.19,0.33,4.84,1.39,18.14,Continental arc,15.21,38.79,HOLOCENE,1988; 1989; 2006; 2007
2.67,5.44,17.71,50.89,0.23,0.69,10.8,1.21,0.19,10.17,,,,,,199.239,680.298,15.471,53.149,,7.228,18.189,,12.387,3.031,1.038,3.06,0.479,2.557,0.534,1.537,1.33,0.199,,,0.756,Continental arc,138.3,36.1,,2009
2.37,6.1,17.98,51.56,0.19,0.34,10.66,1.05,0.22,,12.35,,,40.71,,66.0,417.0,20.28,62.0,2.7,7.96,19.11,2.59,11.47,2.9,1.04,3.39,0.55,3.39,0.72,2.03,1.79,0.28,1.68,0.17,1.25,Continental arc,77.0,34.3,CRETACEOUS,2002
4.87,5.5,17.52,51.89,0.37,1.09,7.82,1.55,0.14,8.49,9.0,160.0,166.0,,105.0,,567.0,25.0,180.0,12.0,,,,,,,,,,,,,,,,,Continental arc,139.75,39.75,OLIGOCENE,2000
3.5,7.4,15.88,51.0,0.33,1.2,9.1,1.66,0.15,,26.5,,250.0,37.6,98.5,380.0,47.0,22.2,,,23.0,45.9,,23.0,5.16,1.72,,0.81,,,,1.09,,3.09,1.1,3.68,Continental arc,130.0,33.0,CENOZOIC,1990
3.16,7.61,17.47,49.08,0.5,0.59,9.18,1.61,0.17,9.29,2.9,199.0,255.0,41.0,110.0,236.0,625.0,21.4,171.0,11.4,18.7,44.8,6.36,25.8,5.89,1.93,5.82,0.95,5.18,0.83,2.31,2.06,0.31,4.07,0.76,2.51,Continental arc,140.1981,39.3239,QUATERNARY / PLEISTOCENE,1999; 2002
4.56,6.72,16.29,51.81,0.25,0.94,7.5,0.84,0.14,,20.0,,361.0,42.0,235.0,,490.0,,,,,,,,,,,,,,,,,,,,Continental arc,132.0,34.75,PALEOCENE,1986
2.81856242118537,7.79,16.71,46.67,0.46,1.36,10.59,1.85,0.15,8.74616303113114,47.0,206.0,210.0,40.0,126.0,610.0,731.0,22.0,141.0,,,,,,,,,,,,,,,,,,Continental arc,-3.321,34.433,NEOGENE,2005
1.66,7.91,16.24,48.33,0.11,0.32,13.49,0.69,0.19,10.66,9.0,326.0,130.0,51.0,36.0,208.0,437.0,11.0,38.0,,,,,,,,,,,,,,,,,,Continental arc,-86.185,12.065,HOLOCENE,
2.91,6.29,18.53,50.26,0.25,0.81,9.98,0.863,0.186,9.86,15.0,272.0,60.0,34.0,40.0,455.0,568.0,16.0,66.0,10.0,11.9,23.2,2.98,12.8,3.2,1.03,3.3,0.5,3.2,0.6,1.8,1.8,0.29,1.6,0.5,1.9,Continental arc,-87.658,13.268,,2016
3.65,6.42,16.36,51.08,0.73,1.59,7.47,2.48,0.18,10.04,21.0,350.0,129.0,33.0,24.0,781.0,660.0,,225.0,,,,,,,,,,,,,,,,,,Continental arc,131.0,34.0,QUATERNARY,1986
3.97176219541151,9.2681187022411,16.1012470989768,49.7707976967619,0.499122494157539,1.22153663043819,9.26609796339836,1.24780623539385,0.130337655356928,8.52317332786387,20.21,,,,145.792587649977,431.471427072281,1236.12513831452,14.26,100.3,12.94,35.36,72.24,8.015,28.93,4.616,1.471,4.306,0.562,3.047,0.5514,1.4,1.339,0.1972,2.693,0.7119,6.172,Continental arc,133.088,35.188,QUATERNARY,2014
2.2,7.86,17.5,47.0,0.0,0.4,9.98,1.41,0.18,10.53,10.3,263.0,138.0,45.6,58.0,207.0,367.0,29.0,125.0,10.0,17.5,38.9,,21.1,,,,,,,,,,,,4.6,Continental arc,109.22,-7.2,,
2.089,6.088,17.793,51.297,0.102,0.25,10.918,0.796,0.171,,5.439,258.008,111.246,34.852,30.46,99.803,265.921,18.78,49.05,2.166,,,,,,,,,,,,,,,,,Continental arc,140.797,39.775,,2017
1.81,11.1,16.22,47.37,0.07,0.31,10.71,0.64,0.19,,2.0,305.0,67.0,56.0,72.0,94.0,285.0,10.0,25.0,0.8,1.94,5.38,0.87,4.25,1.4,0.5,1.7,0.31,2.0,0.42,1.17,1.13,0.16,0.7,0.07,0.25,Continental arc,159.6,54.07,NEOGENE,2009
1.77,10.03,13.64,52.06,0.09,0.84,9.94,0.57,0.17,8.34,32.9,228.0,541.0,,142.0,219.0,172.0,17.8,61.7,3.4,10.4,19.0,,11.1,2.7,0.74,3.8,,,,,1.69,0.25,1.5,0.25,3.9,Continental arc,8.55,39.58,MIOCENE,2001
3.08,4.7,18.43,51.34,0.17,0.37,9.3,1.15,0.21,11.24,3.73,,,,,168.0,485.0,15.2,49.0,1.14,2.71,7.96,1.29,6.88,2.16,0.81,2.57,0.455,2.9,0.603,1.71,1.71,0.258,1.56,0.061,0.259,Continental arc,158.126,52.48,,2014
2.02,5.17,17.64,48.31,0.25,0.22,11.65,1.13,0.18,8.46,6.0,323.0,161.0,,44.0,75.0,316.0,27.0,76.0,4.1,,,,11.4,3.2,,,,,,,,,,,,Continental arc,139.125,37.75,MIOCENE,2006
2.53,5.91,17.33,50.82,0.41,2.0,10.96,0.84,0.16,,62.0,291.0,42.0,30.0,31.0,899.0,618.0,26.0,139.0,14.0,49.0,182.0,,33.0,,,,,,,,,,,,,Continental arc,15.21,38.79,,1993
3.08,6.79,16.83,48.99,0.23,0.63,9.64,1.76,0.19,10.67,12.0,225.0,223.0,,45.0,212.0,388.0,23.0,116.0,19.0,,,,,,,,,,,,,,,,,Continental arc,129.75,33.25,QUATERNARY,1991
1.6,5.24,18.15,52.67,0.09,0.28,10.11,0.8,0.18,,4.8,,,,,,194.0,22.0,43.0,1.3,,,,,,,,,,,,,,,,,Continental arc,140.75,38.25,MIOCENE,1989
2.32,6.16,16.92,51.35,0.4,2.17,10.8,0.79,0.15,,62.0,282.0,66.0,33.0,40.0,652.0,661.0,26.0,140.0,18.0,63.0,5.0,,40.0,,,,,,,,,,,,,Continental arc,15.21,38.79,,1993
2.59,5.39,15.55,52.47,0.24,0.77,8.55,1.53,0.16,,21.6,208.0,118.0,,90.0,253.0,236.0,23.6,147.0,17.1,21.9,41.6,4.97,20.6,4.79,1.57,5.27,0.86,5.02,1.0,2.72,2.31,0.37,3.88,1.11,4.09,Continental arc,130.25,33.25,,2009
2.29,8.73,13.01,51.31,0.215,0.76,11.061,0.95,0.167,,15.11,312.6,46.88,0.096,110.1,89.9,269.8,19.18,80.0,1.771,6.3,0.18,2.487,12.85,3.26,1.0378,3.695,0.5329,3.456,0.7023,2.0,1.782,0.261,2.08,0.107,0.586,Continental arc,160.117,55.61,,2021
1.46,8.72,15.9,46.9,0.11,0.3,14.4,0.55,0.18,10.03,6.3,336.0,181.0,,53.0,212.0,436.0,15.0,26.0,3.5,5.2,11.8,,7.8,2.46,0.74,2.64,,2.85,,1.39,1.18,,,,,Continental arc,-85.98,11.97,,1984; 1990; 1994
3.15,7.69,15.29,51.4,0.29,1.05,9.49,1.69,0.19,9.75,26.0,136.0,310.0,,100.0,392.0,396.0,41.0,124.0,17.0,,,,,,,,,,,,,,,,,Continental arc,130.0,33.25,MIOCENE,1994
2.74,5.38,18.03,50.49,0.1,0.46,11.9,0.92,0.15,7.62,9.30793705288082,282.191175374901,189.566567127072,33.5029037213891,66.272959664562,101.69983898974,235.771215469613,20.161370394633,67.5799311760063,3.10909896606156,6.69893911996843,15.0637630071034,2.05320297553275,9.5725903433307,2.67166269534333,0.950222937248286,3.13581545248928,0.545160790055249,3.56291104577743,0.74819049605367,2.11797839779006,2.13025014601421,0.335467544988161,1.78294147592739,0.200704745461721,1.04471798460931,Continental arc,25.367,36.374,,2022
3.69,7.09,14.73,44.71,0.51,2.2,8.7,1.87,0.16,8.31,64.0,177.0,280.0,34.0,90.0,802.0,632.0,21.8,168.0,50.9,43.0,79.9,8.56,32.5,6.35,1.97,5.56,0.81,4.54,0.84,2.35,2.05,0.317,3.6,3.61,6.1,Continental arc,133.75,33.85,,2017
3.41,7.03,17.23,49.07,0.62,0.98,7.75,2.0,0.12,8.98,4.0,,,,,445.0,494.0,32.7,281.0,15.2,25.7,61.2,7.59,32.7,7.62,2.19,7.51,1.17,6.32,1.25,3.81,2.82,0.45,5.3,0.87,2.13,Continental arc,140.2914,39.1691,MIOCENE,2001
2.47,4.88,18.79,52.58,0.17,0.72,9.18,0.9,0.17,,13.6,,40.0,,20.0,,344.0,28.0,68.0,2.6,,,,,,,,,,,,,,,,,Continental arc,139.72,37.37,PLIOCENE,1990
2.34,6.93,16.73,50.08,0.47,2.1,12.28,0.75,0.15,7.46,62.2,252.6,193.8,32.3,62.7,957.5,739.9,24.1,152.3,19.3,49.1,96.1,11.4,43.4,8.3,2.1,6.6,0.9,4.8,0.8,2.3,2.1,0.3,3.5,1.2,14.7,Continental arc,15.21,38.79,,2012
3.19,5.93,16.01,50.06,0.31,0.39,11.69,2.02,0.17,9.46,8.0,300.0,267.0,39.0,82.0,23.0,175.0,55.0,201.0,6.4,7.4,,,,,1.87,,1.02,,,,,,4.3,0.47,0.42,Continental arc,-91.038,12.496,MIOCENE,1982
2.78,9.44,14.99,48.3,0.37,0.97,9.46,1.38,0.18,10.05,28.1,257.0,382.0,45.0,118.0,214.0,447.0,19.2,133.0,12.0,15.4,36.7,4.82,21.2,4.55,1.55,4.54,0.78,4.38,0.72,2.1,1.86,0.28,3.19,0.78,2.4,Continental arc,137.5,35.75,PLIOCENE,1999; 2002
3.1,8.34,14.79,46.32,0.8,2.14,9.4,2.67,0.15,9.37,63.0,201.0,269.0,41.0,166.0,741.0,794.0,22.0,248.0,61.0,48.83,94.33,11.0,42.46,8.23,2.52,6.55,0.91,4.72,0.81,2.04,1.65,0.24,5.41,4.36,15.0,Continental arc,-1.32,37.6,PLIOCENE,2009
2.38,7.22,16.8,49.4,0.238,0.8,9.89,1.36,0.17,9.99,23.6,252.0,133.0,41.1,50.5,203.0,359.0,27.9,123.0,10.1,17.3,36.7,,22.2,,,,,,,,,,,,4.3,Continental arc,109.22,-7.2,,
2.54,6.24,17.55,49.79,0.55,2.24,11.56,0.9,0.15,,65.0,267.0,61.0,31.0,42.0,896.0,680.0,25.0,152.0,17.3,43.0,87.0,10.3,40.0,8.1,2.2,6.6,0.91,4.9,0.88,2.4,2.3,0.35,3.5,1.2,14.57,Continental arc,15.216,38.794,HOLOCENE,2006
2.19,6.73,17.39,51.05,0.18,0.61,10.03,0.91,0.18,9.72,9.57333333333333,283.333333333333,216.333333333333,54.3666666666667,82.7,194.666666666667,324.0,17.3666666666667,51.1333333333333,1.9,5.66666666666667,12.8333333333333,1.94666666666667,9.52,2.66666666666667,0.909666666666667,2.72666666666667,0.466333333333333,3.18666666666667,0.680333333333333,1.9,1.83333333333333,0.278666666666667,1.48666666666667,0.506666666666667,0.636,Continental arc,-86.0,13.0,,2020
3.5,6.9,16.1,47.99,0.53,1.51,8.82,2.42,0.16,,22.3,,170.0,43.2,62.8,540.0,620.0,25.2,,,33.2,68.5,,32.1,6.53,1.95,,1.21,,,,2.24,,4.53,3.6,4.4,Continental arc,130.0,33.0,CENOZOIC,1990
3.15,6.42,14.89,52.1,0.53,1.44,8.15,2.09,0.16,9.95,28.0,219.0,159.0,,58.0,374.0,677.0,20.0,173.0,26.0,,,,,,,,,,,,,,,,3.0,Continental arc,131.45,33.25,,1992
2.07,8.29,18.37,47.74,0.076,1.97,4.61,0.73,0.13,8.22,19.0,232.0,47.0,64.0,51.0,92.0,104.0,17.8,53.0,2.45,5.83,13.3,1.85,8.11,2.39,0.676,2.85,0.534,3.49,0.742,2.08,2.1,0.309,1.78,0.159,1.37,Continental arc,-2.057,36.231,MIOCENE,1999
2.71,6.45,18.31,46.36,0.29,0.29,12.23,1.12,0.18,10.85,4.4,442.0,37.0,40.0,34.0,86.0,480.0,19.9,45.2,2.6,7.2,16.5,2.4,11.2,3.17,1.07,3.5,0.57,3.57,0.72,2.01,1.9,0.29,,,,Continental arc,8.65,40.4,CENOZOIC,2013
2.36,5.64,18.18,51.28,0.37,2.12,10.28,0.9,0.16,,71.5,270.0,34.8,32.2,41.3,739.0,657.0,26.1,139.0,15.9,33.5,64.0,7.99,32.1,6.29,1.62,5.79,0.8,4.22,0.83,2.14,2.09,0.35,3.26,0.84,12.53,Continental arc,15.21,38.79,,1988; 2005
1.828,6.282,18.094,50.648,0.085,0.202,10.842,0.715,0.165,,3.338,246.435,95.341,35.168,29.057,98.402,291.272,16.437,45.375,1.885,,,,,,,,,,,,,,,,,Continental arc,140.838,39.786,,2017
2.888,7.92,15.262,51.513,0.16,0.667,9.434,0.947,0.161,8.47,12.373,251.784,332.887,36.732,91.796,244.158,296.933,20.673,75.045,1.073,5.324,13.69,2.076,10.21,2.812,0.956,3.327,0.548,3.288,0.7,2.061,1.919,0.29,1.632,0.042,0.576,Continental arc,160.836,55.991,,2017
1.65,6.55,17.33,51.25,0.05,0.1,11.25,0.73,0.15,10.19,1.5,,137.0,,34.0,,195.0,17.0,28.0,,,,,,,,,,,,,,,,,,Continental arc,141.05,40.25,PLIOCENE,1990
2.94,5.58,18.27,52.08,0.25,1.45,9.42,0.83,0.17,7.8,55.3,423.58,,,,1012.0,839.0,31.0,115.0,4.81,29.2,53.6,6.4,24.7,5.11,1.65,4.82,0.741,4.49,0.923,2.69,2.8,0.469,2.49,0.313,7.82,Continental arc,139.87,39.93,QUATERNARY,2015
2.86,7.89,15.97,51.2,0.29,1.16,9.61,0.94,0.16,,21.0,243.0,337.0,37.0,112.0,373.0,530.0,21.0,93.0,3.9,8.76,24.03,3.27,14.66,3.62,1.11,3.3,0.5,3.04,0.64,1.89,1.71,0.27,2.37,0.18,0.71,Continental arc,157.5,56.0,,2001
3.02,9.32,14.86,47.13,0.78,1.77,9.3,2.12,0.16,,65.2,,270.0,46.0,160.0,620.0,369.0,24.0,233.0,,46.9,89.0,,41.2,7.87,2.03,,0.75,,,,1.77,,4.05,3.1,6.99,Continental arc,133.5,34.75,CENOZOIC / MIOCENE,1983; 1989
2.64,6.75,16.61,51.73,0.42,0.89,10.54,0.8,0.18,,14.0,341.0,105.0,,46.0,328.0,579.0,10.0,66.0,13.0,24.0,,,,,,,,,,,,,,,,Continental arc,11.366,38.55,,1980
3.37,6.6,15.84,52.41,0.34,1.68,8.47,1.22,0.15,8.92,28.71,,,29.34,61.71,675.03,471.48,22.29,91.54,3.33,11.17,28.57,4.15,19.41,4.86,1.43,4.18,0.64,3.89,0.78,2.15,2.04,0.3,2.55,0.22,1.43,Continental arc,160.58,55.97,,
2.91,6.36,17.49,52.5,0.22,1.04,9.16,0.82,0.15,,19.0,242.0,205.0,38.0,77.0,443.0,620.0,16.0,74.0,2.0,7.34,20.06,2.66,11.78,2.92,0.93,2.54,0.39,2.24,0.45,1.34,1.23,0.18,1.89,0.1,0.7,Continental arc,158.63,55.97,,2001
2.73,4.58,18.99,50.37,0.16,0.36,10.51,0.97,0.18,,4.2,297.0,43.0,26.0,17.0,153.0,445.0,22.0,43.0,1.5,3.5,9.0,,7.3,2.56,1.05,,0.6,,,,2.1,0.3,1.34,,0.3,Continental arc,158.27,52.35,,2001
2.643,10.629,13.32,52.091,0.23,1.372,9.215,0.801,0.166,8.82712140283377,24.03846,252.5424,615.0,43.80952,160.5769,323.6559,430.0885,18.0,67.92453,1.5,6.226415,15.88785,2.448598,12.14953,3.231481,1.037736,3.422018,0.523364,3.181818,0.657143,1.863636,1.82243,0.271028,2.046296,0.1,0.615385,Continental arc,160.804,56.344,,2022
2.88,4.79,17.09,52.86,0.28,2.17,9.44,0.75,0.12,,37.0,,46.0,36.0,17.0,1069.0,1050.0,21.0,120.0,5.0,62.0,71.0,,,,,,,,,,,,,,13.0,Continental arc,95.25,20.92,CENOZOIC,1984
3.076,5.181,18.026,49.961,0.54,1.771,8.696,1.603,0.163,10.08,56.6334801,,92.263237,,38.3922577,435.457245,385.494171,39.971035,245.911865,5.50229502,16.5770016,40.9361992,5.78044081,27.6012726,6.93032837,1.9325037,7.31010675,1.10107148,6.73526764,1.18835914,3.77271652,3.96463704,0.610212505,4.92295694,0.320046961,1.85138321,Continental arc,160.365,55.812,,2015
2.49,6.08,18.1,49.5,0.38,2.08,11.2,0.96,0.17,,57.9,230.0,62.0,28.7,36.4,896.0,746.0,25.8,147.0,18.6,34.5,71.2,8.89,36.7,7.32,1.98,7.45,0.94,4.97,0.91,2.53,2.14,0.33,3.39,0.97,15.34,Continental arc,15.21,38.79,HOLOCENE,2004; 2007
2.41,7.63,14.85,51.87,0.16,0.95,10.95,0.55,0.14,7.87,26.0,261.0,170.0,33.2,68.0,266.0,458.0,14.4,41.7,3.0,12.5,24.7,3.19,12.9,3.0,0.86,2.76,0.45,2.57,0.54,1.63,1.5,0.3,0.0,0.0,2.5,Continental arc,14.925,38.46,,
2.88,6.08,17.73,50.52,0.2,0.31,9.15,1.16,0.31,8.24,3.0,,,,,113.0,317.0,29.0,91.0,6.6,,,,11.6,3.26,,,,,,,,,,,,Continental arc,139.0,38.0,MIOCENE,1997
2.81,6.8,18.1,48.1,0.3,1.07,11.08,1.43,0.17,9.88,25.0,288.0,53.0,36.0,46.0,170.0,563.0,20.0,108.0,6.5,9.58,24.15,3.55,16.57,4.28,1.45,4.5,0.67,4.11,0.81,2.3,1.96,0.29,2.45,0.35,0.79,Continental arc,157.972,56.497,QUATERNARY,2010
2.57,6.27,17.08,51.24,0.14,0.55,11.5,0.83,0.18,8.67,18.0,256.0,55.0,,14.0,,308.0,,82.0,,,,,,,,,,,,,,,,,,Continental arc,176.6,-39.0,PLEISTOCENE,1992; 2004
3.11,5.16,17.54,50.3,0.31,1.62,10.13,1.12,0.17,9.49,33.54,318.0,50.04,37.26,21.08,591.1,548.8,20.88,85.14,3.46,11.89,25.34,3.39,14.91,3.78,1.3,3.86,0.59,3.46,0.71,1.94,1.72,0.25,2.36,0.21,3.75,Continental arc,174.092,-39.061,,
2.58,5.34,16.5,51.32,0.69,3.75,10.0,0.92,0.153,7.66,144.0,252.0,0.0,27.0,0.0,1903.0,912.0,33.0,188.0,29.0,72.0,143.0,13.8,57.0,11.6,2.8,9.3,1.3,6.1,1.0,3.0,2.6,0.35,4.8,1.9,20.6,Continental arc,15.216,38.811,HOLOCENE,2014
2.747,9.094,14.46,52.803,0.163,0.868,9.425,0.885,0.166,8.3,15.778,244.3,506.836,36.485,129.699,305.688,314.171,20.775,71.787,,,,,,,,,,,,,,,,,,Continental arc,160.82,56.21,,2017
2.05,11.01,15.09,50.07,0.07,0.42,10.78,0.67,0.17,9.34,9.6,,,,166.0,76.0,142.0,15.0,41.0,1.4,,,,,,,,,,,,,,,,,Continental arc,140.75,37.75,MIOCENE,1994
3.79,6.53,17.7,50.1,0.42,1.09,9.41,1.52,0.17,9.46,13.0,252.0,133.0,36.0,62.0,402.0,650.0,23.0,139.0,8.5,13.74,33.16,4.55,19.84,4.7,1.51,4.72,0.71,4.42,0.88,2.47,2.17,0.33,3.08,0.54,1.31,Continental arc,160.109,57.422,QUATERNARY,2010
3.5,4.8,16.8,52.8,,0.91,8.8,1.14,,8.82,8.0,216.0,14.0,,9.0,,590.0,15.0,120.0,,,,,,,,,,,,,,,,,,Continental arc,-91.55,14.76,,1987
1.94,6.15,17.99,47.86,0.1,0.38,12.32,0.73,0.21,10.85,10.0,346.0,26.9,46.1,12.0,389.0,416.0,14.0,33.0,,4.53,10.0,,6.0,2.14,0.89,,0.4,,,,1.57,0.27,1.0,0.3,0.7,Continental arc,-86.311,12.117,QUATERNARY,2012
2.524,4.956,16.686,52.413,0.156,0.377,9.083,1.018,0.331,,5.294,270.912,29.815,32.585,11.428,153.836,302.957,32.04,72.373,3.636,,,,,,,,,,,,,,,,,Continental arc,140.801,39.808,,2017
3.13,9.72,14.31,45.02,0.35,1.05,10.65,2.08,0.18,10.45,13.0,,,,,,717.0,,141.0,,,,,,,,,,,,,,,,,,Continental arc,-83.771,12.257,PLEISTOCENE,2011
2.1,6.26,16.98,50.41,0.13,0.53,11.4,0.82,0.18,9.26,14.0,261.0,19.0,,0.0,196.0,308.0,18.1,56.0,2.67,7.0,16.2,2.24,10.2,2.64,0.85,2.55,0.46,2.98,0.61,1.72,1.8,0.26,1.52,0.16,1.4,Continental arc,176.515,-38.273,,2014
2.75,9.52,13.73,50.77,0.419,1.44,8.994,1.35,0.185,,38.33,322.5,51.99,0.089,189.3,166.4,311.4,30.23,159.0,3.668,12.9,0.05,4.819,22.62,5.262,1.5714,5.453,0.8334,5.22,1.059,2.979,2.861,0.428,3.78,0.234,1.419,Continental arc,160.237,55.666,,2021
3.61,6.04,17.26,48.83,0.56,2.34,8.07,1.6,0.18,8.87,41.47,152.0,170.0,29.9,68.0,532.0,528.0,27.2,199.0,71.19,36.28,65.01,7.14,27.91,5.37,1.75,5.29,0.82,4.84,0.96,2.76,2.57,0.39,3.99,3.83,5.03,Continental arc,-86.881,16.122,,2020
2.53,6.74,16.48,51.95,0.19,0.61,9.22,0.94,0.17,7.99,,,208.0,68.3,,181.0,153.0,,,,9.6,22.9,,13.0,3.27,1.08,,,,,,2.31,0.32,2.48,2.32,1.1,Continental arc,140.25,39.5,MIOCENE,1988
2.4,7.24,16.58,52.54,0.25,1.2,10.71,0.75,0.147,,33.468,198.716,297.323,30.599,77.634,292.069,563.612,19.991,84.888,9.703,21.683,41.323,4.867,18.291,3.777,1.1465,3.89,0.566,3.235,0.667,1.873,1.96,0.302,2.0175,0.488,3.882,Continental arc,14.341,38.542,,2016
1.44,9.6,15.35,46.62,0.09,0.26,14.62,0.68,0.19,9.83,11.0,,282.0,,78.0,212.0,384.0,13.0,35.0,,,,,,,,,,,,,,,,,,Continental arc,-86.19,12.08,HOLOCENE,
3.05,5.12,18.64,51.07,0.32,0.79,9.85,1.28,0.17,9.7,,,,,,193.053,680.246,16.415,65.912,,9.077,22.527,,14.99,3.588,1.224,3.533,0.5,2.834,0.576,1.555,1.34,0.202,,,0.99,Continental arc,138.3,36.1,,2009
2.83,11.56,13.58,48.04,0.28,1.12,9.55,1.53,0.17,,24.0,,470.0,58.0,470.0,370.0,440.0,20.0,110.0,,19.4,35.6,,17.2,4.04,1.34,,0.8,,,,1.77,,2.38,1.1,2.71,Continental arc,130.0,33.25,CENOZOIC,1989; 1990
2.56,6.22,17.08,50.14,0.22,1.36,10.87,0.87,0.14,,18.0,,56.0,50.0,21.0,522.0,1005.0,18.0,90.0,4.0,34.0,50.0,,,,,,,,,,,,,,6.0,Continental arc,95.25,20.92,CENOZOIC,1984
2.02,8.38,16.81,49.51,0.07,0.16,9.69,0.85,0.19,11.09,2.91,,,,,82.0,324.0,13.2,29.2,0.87,2.45,6.47,1.0,5.19,1.66,0.66,2.09,0.37,2.48,0.52,1.45,1.47,0.22,0.95,0.06,0.33,Continental arc,140.85,40.65,,2006
3.4,6.32,16.99,52.42,0.31,0.85,8.89,1.25,0.16,8.48,20.2,,165.0,,66.0,172.0,649.0,24.8,123.0,5.6,,,,,,,,,,,,,,,,,Continental arc,137.5,35.75,,2000
2.04,10.62,15.1,49.98,0.07,0.42,10.82,0.67,0.17,9.3,8.6,,,,162.0,76.0,142.0,16.0,40.0,1.4,,,,,,,,,,,,,,,,,Continental arc,140.75,37.75,MIOCENE,1994
4.57,5.3,13.97,49.31,0.16,0.11,7.1,1.44,0.12,,,,,,,38.0,,,,,7.97,19.0,,12.1,3.34,1.09,,,4.16,,2.54,2.31,0.331,,,,Continental arc,136.75,35.5,,1977
2.79,6.54,17.86,51.49,0.38,2.3,7.81,0.82,0.13,,45.5,,,,,376.0,605.0,20.3,84.0,3.61,14.8,31.0,3.86,19.1,3.76,1.28,3.81,0.55,3.04,0.66,1.88,1.97,0.32,2.11,0.2,2.99,Continental arc,139.0,47.5,CENOZOIC,2002
1.61,6.09,17.87,50.27,0.05,0.12,11.16,0.75,0.18,10.27,1.3,,,,,,198.0,,,,,,,,,,,,,,,,,,,,Continental arc,140.065,40.175,PLIOCENE,2006; 2008
2.95,8.44,14.92,52.7,0.25,0.68,9.19,1.24,0.16,,8.0,208.0,549.0,,162.0,258.0,355.0,34.0,118.0,11.0,,,,,5.54,,6.25,,,,,,,,,,Continental arc,130.05,32.25,,2008
3.53,4.77,17.08,51.72,0.58,2.05,8.09,1.64,0.17,9.51,56.1,,79.0,33.2,51.0,517.0,358.0,,222.0,,17.6,46.9,,,7.17,2.17,,0.987,,,,3.34,,5.65,0.469,2.307,Continental arc,160.27,55.615,HOLOCENE,1999; 2003
2.48,6.69,17.18,49.64,0.51,2.26,11.55,0.87,0.15,7.88,68.8,262.5,108.3,32.1,50.5,1003.0,739.9,25.5,153.1,18.1,47.5,95.9,11.0,43.5,8.4,2.2,6.8,1.0,5.2,0.9,2.5,2.3,0.3,3.7,1.2,16.6,Continental arc,15.21,38.79,,2012
3.92,6.07,16.85,51.91,0.262,0.7,7.58,1.14,0.138,7.57,7.72,111.64,112.9,30.73,67.99,198.57,434.75,19.45,156.34,4.19,8.35,23.59,3.15,14.33,3.69,1.31,3.88,0.66,4.05,0.9,2.11,2.17,0.34,3.92,0.34,0.98,Continental arc,163.0,60.0,,2009
2.57,7.84,15.79,50.1,0.22,0.99,10.26,0.86,0.17,,18.0,294.0,312.0,39.0,82.0,279.0,450.0,16.0,60.1,1.17,6.49,15.0,2.29,12.21,3.25,0.97,3.11,0.44,2.7,0.61,1.64,1.57,0.243,1.788,0.077,0.75,Continental arc,160.5,56.0,,2001; 2004
2.8,8.8,14.9,50.83,0.38,1.4,9.8,1.24,0.18,9.8,30.9,263.0,404.0,42.5,165.0,322.0,300.0,25.6,141.0,3.56,11.0,26.9,4.19,19.7,4.89,1.44,6.62,0.74,4.64,0.92,2.66,2.44,0.37,3.5,0.23,1.18,Continental arc,160.335,55.79,HOLOCENE,2018
2.65,5.23,17.1,48.66,0.21,1.79,10.7,1.06,0.23,10.57,38.0,339.0,25.0,,20.0,412.0,385.0,25.0,78.0,3.58,15.0,40.0,,17.0,2.3,,31.08,,,,,,,,,,Continental arc,110.33,-7.18,,
3.13,7.46,17.08,47.42,0.24,1.96,7.08,2.38,0.15,9.95,32.0,326.0,174.0,37.4,52.0,320.0,367.0,21.0,133.0,23.0,13.3,30.5,,,3.61,1.3,,,,,,1.47,0.239,2.51,1.37,1.78,Continental arc,135.75,35.05,PERMIAN,2008
3.0,7.93,15.72,48.34,0.42,1.25,9.54,1.63,0.17,,29.0,,320.0,48.0,160.0,390.0,450.0,22.0,130.0,,23.1,44.0,,21.3,4.74,1.56,,0.65,,,,2.23,,3.62,1.7,3.2,Continental arc,130.0,33.25,CENOZOIC,1989
3.53,7.15,17.01,50.49,0.35,1.17,9.69,1.53,0.13,8.12,31.0,,,,74.6,406.0,780.0,19.0,141.0,16.9,,,,,,,,,,,,,,,,3.7,Continental arc,133.57,35.38,QUATERNARY,2000
3.97,5.39,16.07,47.65,0.56,1.4,9.8,2.82,0.17,,20.0,258.0,43.0,35.0,34.0,401.0,832.0,34.7,201.0,36.1,33.0,70.2,7.81,32.1,6.92,2.71,7.26,1.13,6.04,1.07,2.83,2.22,0.31,5.1,2.69,2.58,Continental arc,-83.723,12.281,MIOCENE,2010
3.241,4.836,16.619,51.009,0.565,1.909,8.357,1.441,0.169,9.55,59.2447662,,62.1191788,,34.3656807,503.239563,358.333801,35.9708176,255.852142,4.96111345,18.7972736,45.126255,6.16050816,28.7983704,6.9962244,1.90754664,7.25124311,1.05017281,6.25853205,1.08797467,3.42805147,3.59475756,0.550787449,4.98371983,0.210520983,2.21914697,Continental arc,160.328,55.801,,2015
2.57,5.49,16.84,48.38,0.21,1.68,10.89,1.06,0.18,10.57,31.0,347.0,26.0,,20.0,349.0,371.0,24.0,75.0,1.91,13.0,38.0,,15.0,2.31,1.16,3.28,,,,,1.95,0.32,1.77,0.29,5.49,Continental arc,110.33,-7.18,,
2.29,5.87,16.97,48.89,0.18,0.28,11.24,1.12,0.19,10.54,6.0,253.0,35.0,,0.0,100.0,392.0,23.1,58.0,2.85,8.2,19.5,2.85,13.5,3.32,1.16,3.53,0.59,3.82,0.78,2.21,2.17,0.33,1.82,0.16,0.85,Continental arc,176.028,-38.677,,2014
3.3,8.5,16.88,49.71,0.31,1.1,8.75,1.34,0.15,8.62,27.9,,,,,401.0,714.0,20.6,95.9,10.2,20.0,42.7,5.08,20.9,4.18,1.42,3.93,0.594,3.43,0.704,1.75,1.76,0.25,2.56,0.66,3.03,Continental arc,133.428,35.344,QUATERNARY,2013
2.32,5.9,17.78,48.12,0.2,1.22,11.87,1.11,0.2,10.14,35.0,313.0,45.0,,19.0,134.0,366.0,26.0,73.0,4.9,,,,,,,,,,,,,,,,,Continental arc,8.505,40.387,MIOCENE,2011
3.56,4.74,13.51,50.56,0.59,1.45,7.44,2.43,0.14,14.02,20.0,,48.0,40.0,20.0,281.0,178.0,45.0,150.0,15.0,,,,,,,,,,,,,,,,6.0,Continental arc,137.25,36.15,,2009
2.53,9.7,17.5,49.09,0.2,0.92,6.48,1.06,0.07,8.01,9.0,,,,,216.0,281.0,20.0,80.0,8.0,,,,9.83,2.59,,,,,,,,,,,,Continental arc,139.0,38.0,MIOCENE,1997
3.3,10.0,14.32,48.3,0.39,1.21,9.5,1.94,0.15,9.4,26.0,170.0,347.0,45.0,275.0,353.0,585.0,18.2,130.0,35.0,26.0,49.0,,24.0,5.2,1.64,,,3.8,,1.6,1.43,,,,3.6,Continental arc,-3.3,34.4,NEOGENE,1999
2.0,6.87,18.42,51.16,0.09,0.14,10.73,0.74,0.17,9.64,3.0,231.0,147.0,,52.0,69.0,295.0,15.0,26.0,,,,,,1.83,,1.65,,,,,,,,,,Continental arc,140.98,39.88,,2001
3.51,4.61,17.28,50.77,0.25,1.77,9.58,1.08,0.18,8.88,30.0,389.0,36.0,,6.0,579.0,530.0,18.9,83.0,3.2,13.2,26.1,,16.6,3.8,1.21,3.95,,,,,1.93,,2.4,,3.9,Continental arc,174.07,-39.3,,2012
2.92,6.51,17.78,50.6,0.23,0.88,9.75,0.98,0.16,,14.0,261.0,186.0,34.0,69.0,369.0,592.0,19.0,63.59,1.53,6.11,17.72,2.54,12.08,3.15,1.02,2.85,0.45,2.64,0.54,1.58,1.47,0.236,1.851,0.097,0.38,Continental arc,158.63,55.97,,2001; 2004; 2015
3.38,5.06,17.2,50.9,0.346,1.15,8.76,1.57,0.18,10.26,29.2,252.0,28.2,37.0,8.5,200.0,293.0,34.5,189.0,14.5,17.6,37.5,,20.5,,,,,,,,,,,,5.1,Continental arc,109.21,-7.24,,
2.74,7.13,16.83,50.54,0.15,0.57,10.32,1.12,0.18,,8.0,318.0,231.0,32.0,33.0,168.0,300.0,22.0,70.0,1.4,4.32,11.95,2.03,10.72,3.34,1.1,3.49,0.64,3.9,0.83,2.39,2.26,0.34,1.89,0.17,0.3,Continental arc,160.17,56.14,,2001
2.813,10.387,13.677,51.937,0.219,1.015,9.236,0.888,0.165,8.962,15.385,233.051,479.0,42.857,127.885,241.936,362.832,17.0,67.925,1.7,6.226,14.953,2.421,12.056,3.083,0.972,3.211,0.514,2.945,0.629,1.736,1.636,0.234,2.056,0.11,0.731,Continental arc,161.922318,55.803841,,2022
2.2,6.49,16.82,50.24,0.11,0.57,11.51,0.84,0.18,9.21,13.0,284.0,55.0,,0.0,231.0,359.0,17.8,47.0,1.82,7.2,16.2,2.27,10.4,2.68,0.91,2.67,0.46,2.93,0.6,1.72,1.74,0.25,1.41,0.12,1.5,Continental arc,176.419,-38.073,,2014
3.07,9.55,16.25,50.19,0.28,1.14,8.93,1.28,0.14,8.16,29.8,,,,153.4,411.0,717.0,18.6,128.0,11.5,19.7,45.7,,,3.8,1.4,,,,,,1.8,0.4,2.8,0.6,3.5,Continental arc,133.57,35.38,QUATERNARY,2000
2.86,7.45,16.87,52.03,0.3,0.68,8.6,1.22,0.16,8.85,7.8,,337.0,,109.0,211.0,466.0,26.1,141.0,6.3,,,,,,,,,,,,,,,,,Continental arc,137.5,35.75,,2000
1.56,8.15,16.39,47.99,0.11,0.32,13.71,0.72,0.19,9.78,9.0,,226.0,,58.0,272.0,400.0,14.0,39.0,,,,,,,,,,,,,,,,,,Continental arc,-86.19,12.08,HOLOCENE,
1.72,6.91,16.16,50.16,0.075,0.26,10.31,0.59,0.188,9.43,6.9,237.0,185.0,,52.0,80.0,224.0,13.0,32.0,2.12,3.43,8.33,1.11,5.23,1.52,0.59,1.6,0.34,1.87,0.41,1.26,1.34,0.21,0.82,0.16,0.78,Continental arc,140.943,39.979,,2009
4.85,6.92,17.25,52.49,0.37,0.3,6.05,2.53,0.29,8.04,6.0,193.0,192.0,35.0,84.0,311.0,816.0,28.0,223.0,40.8,,,,,,,,,,,,,,,,,Continental arc,134.45,34.0,MESOZOIC,2004
2.179,4.527,18.78,52.748,0.094,0.369,10.097,0.766,0.158,,8.783,221.495,31.286,26.798,12.715,142.752,285.482,18.494,57.336,3.114,,,,,,,,,,,,,,,,,Continental arc,140.999,39.837,,2017
4.59,4.53,17.24,52.65,0.58,2.01,6.49,1.88,0.13,8.61,23.7,209.0,115.0,30.7,65.8,314.0,643.0,20.7,212.0,29.1,21.5,45.0,5.61,23.3,5.26,1.73,4.8,0.72,3.99,0.73,1.87,1.58,0.23,4.09,1.54,2.85,Continental arc,162.506,57.877,QUATERNARY,2005
3.09,9.32,14.4,51.2,0.3,1.45,8.38,1.08,0.15,8.7,25.0,249.3,431.5,40.0,151.2,464.0,355.0,19.9,115.3,2.3,10.8,25.0,,17.3,,,,,,,,,,,,1.0,Continental arc,160.247,55.696,,2015
3.31,8.57,16.62,50.79,0.45,1.77,8.8,1.06,0.12,,23.0,,250.0,,160.0,1200.0,1600.0,22.0,150.0,12.0,53.0,97.0,,51.0,6.7,1.8,,,,,,1.8,0.26,,,6.2,Continental arc,133.0,35.0,,1992
2.55,6.23,17.6,49.81,0.5,2.22,11.32,0.9,0.15,8.06,70.18,279.1,57.53,32.91,43.37,949.9,722.2,26.36,165.1,17.86,45.79,93.99,10.84,41.83,8.26,2.16,6.69,0.94,4.96,0.94,2.49,2.34,0.36,3.73,1.22,16.43,Continental arc,15.21,38.79,,2012
2.11,6.12,17.38,50.67,0.15,0.57,11.4,0.81,0.18,9.33,15.2,,,,9.0,211.0,296.0,15.1,60.0,2.57,6.87,16.5,2.24,10.1,2.62,0.94,2.88,0.52,3.12,0.66,1.88,1.81,0.28,1.7,0.18,1.63,Continental arc,176.504,-38.231,,2020
2.3,5.48,17.34,50.06,0.57,1.97,11.26,0.95,0.14,7.57,65.0,278.0,60.0,28.0,30.0,920.0,719.0,25.0,152.0,20.0,40.8,80.1,9.3,37.9,7.8,2.09,6.5,1.0,4.8,0.9,2.6,2.3,0.33,3.7,1.1,15.2,Continental arc,15.21,38.79,,2011
1.64,6.69,17.46,50.09,0.06,0.15,11.38,0.71,0.18,9.68,3.82,414.0,,,,62.1,223.0,20.2,33.1,1.13,2.63,6.75,1.07,5.15,1.74,0.751,2.31,0.46,2.99,0.64,1.92,1.9,0.316,0.91,0.069,0.434,Continental arc,140.75,38.25,MIOCENE,2015
3.49,7.77,18.1,48.1,0.32,0.61,10.2,1.53,0.17,9.56,4.0,221.0,54.0,39.0,98.0,143.0,580.0,23.0,150.0,6.3,9.68,24.6,3.4,15.5,3.94,1.44,4.3,0.74,4.59,0.91,2.62,2.36,0.36,2.9,0.44,0.46,Continental arc,159.89,57.217,QUATERNARY,2010
2.51,6.09,17.69,50.06,0.5,2.2,11.68,0.9,0.15,,65.0,257.0,58.0,31.0,41.0,906.0,677.0,25.0,154.0,15.9,42.0,89.0,10.6,41.0,8.1,2.1,6.7,0.93,4.9,0.91,2.4,2.3,0.35,3.7,1.15,14.5,Continental arc,15.216,38.794,HOLOCENE,2006
2.86,9.2,17.15,48.25,0.25,0.8,9.97,1.07,0.18,9.89,15.0,,,,,261.0,523.0,19.0,99.0,5.0,,,,,,,,,,,,,,,,,Continental arc,-156.51,57.83,,2004
2.6,4.77,18.24,48.44,0.18,0.57,10.48,0.98,0.21,10.41,11.0,325.0,0.0,26.0,0.0,484.0,498.0,19.0,41.0,0.0,5.9,13.6,2.2,11.0,3.2,1.01,3.4,0.6,3.6,0.7,2.2,2.2,0.33,1.3,0.0,0.6,Continental arc,-87.005,12.692,HOLOCENE,2017
2.86,9.92,14.47,46.19,0.64,1.76,9.43,2.25,0.17,,43.0,,330.0,,180.0,710.0,760.0,28.0,230.0,57.0,42.0,77.0,,43.0,7.6,2.2,,,,,,2.0,0.37,,,5.8,Continental arc,132.65,34.4,,1992
3.51,6.47,16.5,51.75,0.45,0.82,8.42,1.41,0.17,9.02,18.2,168.0,214.0,38.0,98.0,187.0,626.0,23.3,168.0,9.8,16.9,41.1,6.06,26.6,6.13,2.1,5.57,0.78,4.73,0.9,2.44,2.14,0.3,3.93,0.55,1.71,Continental arc,137.5,35.75,PLEISTOCENE,1999; 2002
3.35,5.77,16.81,48.75,0.31,1.12,9.83,2.25,0.17,11.11,26.0,,,,23.0,387.0,924.0,36.0,,18.0,,,,,6.79,,28.5,,,,,,,,,,Continental arc,129.7,33.8,,1995; 2008
4.1,4.62,18.53,52.31,0.07,1.1,9.59,0.64,0.19,7.95,22.0,,,,,,563.0,13.0,50.0,5.0,,,,,,,,,,,,,,,,,Continental arc,14.816,38.566,,2016
1.97,9.32,15.28,51.35,0.09,0.54,10.09,0.75,0.18,,13.3,255.0,701.0,36.4,116.0,153.0,192.0,17.5,50.4,2.38,6.55,14.1,1.92,7.91,2.2,0.78,2.58,0.43,2.91,0.6,1.55,1.76,0.28,1.42,0.17,1.11,Continental arc,8.55,39.58,CENOZOIC,1997; 2003; 2013
3.32,7.41,17.17,51.96,0.16,0.48,8.62,0.92,0.22,7.17,4.6,170.8,413.6,,180.5,66.0,347.3,21.4,127.6,3.2,,,,,,,,,,,,,,,,,Continental arc,137.25,37.25,,2013
2.33,10.7,13.4,49.4,0.2,0.76,11.4,1.02,0.18,9.5,14.1,292.4,507.2,48.0,139.1,195.0,252.0,20.8,71.6,1.0,5.8,18.3,,14.3,,,,,,,,,,,,0.2,Continental arc,160.316,55.761,,2015
2.23,6.52,17.49,45.8,0.44,1.66,11.03,2.25,0.16,9.89792112576569,164.0,323.0,55.0,39.0,41.0,588.0,776.0,22.0,121.0,,,,,,,,,,,,,,,,,,Continental arc,-3.33,34.62,NEOGENE,2005
2.68,9.5,16.23,51.01,0.21,1.05,8.44,0.81,0.19,8.88,27.68,257.14,410.54,45.18,160.53,337.68,368.69,18.65,116.8,3.14,12.42,29.54,3.85,15.82,3.66,1.4,3.82,0.65,3.51,0.77,1.89,1.92,0.3,3.11,0.28,2.87,Continental arc,161.5,59.0,,2008
3.8,7.19,16.59,49.0,0.59,1.46,8.57,1.79,0.17,,21.0,241.0,174.0,40.0,110.0,419.0,688.0,20.0,164.0,16.4,20.76,49.94,6.67,28.57,6.7,2.08,5.57,0.81,4.94,0.92,2.33,2.18,0.33,3.7,0.85,1.68,Continental arc,157.75,55.72,,2001
3.39,6.28,14.55,49.35,0.43,0.83,8.96,3.3,0.16,10.54,10.0,,,,,,531.0,,232.0,,,,,,,,,,,,,,,,,,Continental arc,-83.826,12.203,PLEISTOCENE,2011
3.35,5.37,18.24,52.99,0.19,0.74,9.02,1.11,0.17,8.81,10.32,271.0,47.0,29.0,19.0,237.0,318.0,21.45,94.0,2.24,6.87,15.33,2.44,12.57,3.63,1.22,4.21,0.7,4.58,0.93,2.84,2.6,0.38,2.77,0.12,0.41,Continental arc,160.618,55.953,,2013
2.88,7.22,18.85,49.02,0.35,0.46,9.18,1.07,0.19,9.13,22.0,210.0,82.0,25.0,54.0,225.0,710.0,35.0,190.0,11.0,14.02,30.11,3.51,16.66,4.78,1.15,5.06,0.71,4.63,1.01,2.81,3.0,0.4,3.1,0.7,4.54,Continental arc,10.0,44.5,OLIGOCENE,2012
3.02,4.56,18.9,52.8,0.12,0.72,10.7,0.87,0.16,,15.9,171.0,54.0,89.0,44.6,137.0,219.0,23.8,82.6,5.37,7.83,15.9,,,,,,,,,,,,,,2.73,Continental arc,25.45,36.4,PLEISTOCENE,2020
2.57,6.49,18.89,51.22,0.08,0.31,11.46,0.76,0.17,8.35,9.0,285.0,60.0,36.0,34.0,60.0,221.0,15.0,65.0,3.0,5.0,12.0,,9.0,2.0,0.9,,0.5,,,,1.7,0.39,1.8,,1.1,Continental arc,25.45,36.4,,
2.34,8.83,15.09,48.49,0.3,1.13,11.04,2.15,0.16,10.47,37.0,245.0,277.0,,94.0,421.0,572.0,24.0,112.0,29.0,,,,,,,,,,,,,,,,,Continental arc,130.0,33.25,MIOCENE,1994
2.46,6.36,17.08,49.89,0.42,2.08,11.38,0.78,0.14,7.66,63.0,247.0,98.0,32.0,44.0,954.0,728.0,24.0,146.0,18.0,49.0,96.0,11.3,42.0,8.5,2.2,6.2,0.9,4.72,0.88,2.45,2.36,0.35,3.5,1.22,15.0,Continental arc,15.21,38.79,,2012
1.72,8.44,16.86,48.12,0.13,0.46,12.56,0.66,0.18,9.63,20.0,302.0,302.0,45.1,62.0,283.0,382.0,12.0,34.0,,5.16,11.0,,8.0,2.23,0.84,,0.4,,,,1.31,0.22,1.1,0.3,0.6,Continental arc,-86.329,12.13,QUATERNARY,2012
1.63,6.63,17.63,49.97,0.05,0.15,11.39,0.69,0.18,9.66,4.72,397.0,,,,60.8,224.0,19.0,31.4,1.08,2.49,6.37,1.0,5.06,1.79,0.692,2.2,0.42,2.92,0.621,1.83,1.75,0.302,0.9,0.077,0.396,Continental arc,140.75,38.25,MIOCENE,2015
3.13,5.16,17.76,51.29,0.135,0.9,10.29,0.958,0.146,,24.8,252.1,43.6,28.1,36.6,162.0,317.2,24.78,100.5,4.5,10.53,23.16,2.78,12.05,3.06,0.9,3.59,0.64,4.06,0.87,2.6,2.57,0.39,2.61,0.29,4.62,Continental arc,25.4,36.6,,2009
3.31,11.05,15.32,51.43,0.12,0.87,7.96,0.78,0.153,8.11,17.0,182.0,588.0,,126.0,292.0,376.0,17.0,94.0,6.0,,,,,,,,,,,,,,,,,Continental arc,161.32,56.63,,2015
2.828,8.247,15.399,52.205,0.16,0.649,9.477,0.948,0.164,8.59,14.857,247.619,331.571,37.073,89.231,230.264,272.72,19.87,75.771,,,,,,,,,,,,,,,,,,Continental arc,160.806,56.315,,2017
2.42,7.13,16.78,52.11,0.27,1.78,10.74,0.74,0.15,,56.0,253.0,149.0,39.0,69.0,737.0,483.0,23.0,119.0,12.0,26.0,51.0,,28.0,,,,,,,,,,,,,Continental arc,15.21,38.79,,1993
2.74,7.08,16.13,49.45,0.41,1.28,9.79,1.91,0.16,8.88,27.3,290.0,185.0,42.0,67.0,404.0,508.0,21.0,173.0,24.8,26.2,53.1,6.46,26.1,5.67,1.88,5.45,0.8,4.59,0.88,2.39,2.08,0.29,4.51,1.51,4.05,Continental arc,129.7,33.1,CENOZOIC,2009; 2014
2.31,8.63,17.65,49.81,0.14,0.59,10.69,0.78,0.15,7.74,20.76,236.16,222.4,,111.6,177.3,367.57,20.46,52.2,1.4,,,,,,,,,,,,,,,,,Continental arc,140.225,42.78,,2011
3.07,5.29,18.59,48.45,0.23,1.32,10.17,1.31,0.2,11.26,24.0,412.0,40.0,,,394.0,483.0,20.9,71.0,2.8,10.4,23.1,3.23,14.8,3.7,1.19,4.07,0.61,3.5,0.78,2.16,2.27,0.29,2.0,0.1,2.08,Continental arc,113.67,-8.18,HOLOCENE,
2.86,6.67,14.49,48.36,0.23,0.65,8.84,2.54,0.15,,10.5,,,,,187.0,412.0,,,,16.8,38.3,,21.5,5.11,1.73,5.16,,4.32,,2.18,1.7,0.235,,,,Continental arc,135.65,34.95,PERMIAN,1977; 1979
2.994,4.876,17.093,51.366,0.254,1.194,8.755,1.078,0.145,9.25,24.909359,,58.5610123,,18.9400139,467.896912,453.349548,26.8886185,107.803139,2.87528014,10.6308012,25.5908012,3.75089478,18.5135632,4.88956022,1.54914427,5.18118048,0.780251563,4.7842617,0.841516614,2.64213967,2.73495221,0.422338545,2.95179963,0.172694638,0.94857049,Continental arc,160.397,55.788,,2015
1.922,5.515,18.973,50.661,0.095,0.109,8.097,0.877,0.176,,2.261,209.607,61.691,33.655,32.625,113.235,216.915,21.97,53.149,2.314,,,,,,,,,,,,,,,,,Continental arc,140.919,39.86,,2017
2.71,5.13,17.87,51.53,0.28,0.59,10.64,1.25,0.17,9.84,,,,,,164.675,617.393,15.464,56.667,,7.383,18.408,,12.545,3.221,1.06,3.132,0.464,2.678,0.542,1.511,1.304,0.196,,,0.81,Continental arc,138.3,36.1,,2009
3.15133354957349,5.37512641688839,17.1465760998146,49.3316975712561,0.631415249260893,1.81050941006635,8.23084744502231,3.14355554147959,0.151311366857106,11.0276273497812,25.37,,,,35.1230138996934,552.619563949828,863.203755685273,22.47,356.8,21.64,46.39,126.7,11.22,59.51,8.061,2.557,6.712,0.8653,4.856,0.8258,2.052,1.724,0.2465,4.409,1.19,2.15,Continental arc,133.088,35.188,QUATERNARY,2014
2.52,5.37,16.94,52.31,0.66,3.79,9.69,0.93,0.15,7.41,123.0,247.0,40.0,20.0,30.0,1819.0,865.0,27.0,174.0,37.0,61.0,123.0,14.5,50.0,10.2,2.5,8.2,1.2,6.0,1.0,2.7,2.4,0.34,4.4,1.7,19.0,Continental arc,15.214,38.805,HOLOCENE,2014
2.21,10.7,13.48,44.74,0.928,2.53,12.0,1.216,0.174,9.25,369.0,270.0,440.0,47.3,178.0,770.0,1100.0,30.2,327.0,57.5,92.7,177.0,19.4,72.9,13.2,3.7,10.2,1.32,6.24,1.04,2.53,2.02,0.29,6.37,2.53,15.9,Continental arc,110.899,-6.594,,2022
2.551,4.991,16.913,52.412,0.155,0.403,9.681,1.006,0.222,,7.32,268.776,31.11,33.956,11.613,136.103,307.742,26.505,72.048,3.23,,,,,,,,,,,,,,,,,Continental arc,140.801,39.807,,2017
2.43,7.63,15.19,52.99,0.12,0.68,10.39,0.74,0.17,8.83,16.7,236.0,257.0,54.0,47.0,129.0,264.0,16.0,63.0,2.5,7.3,16.0,2.1,9.7,2.5,0.77,2.8,0.48,3.0,0.66,1.93,1.77,0.3,1.7,0.15,1.9,Continental arc,175.65,-39.65,,
3.21,7.28,14.18,44.88,1.13,1.4,9.57,3.56,0.22,14.56,18.0,,143.0,,29.0,293.0,884.0,30.0,220.0,35.0,41.1,108.3,,52.7,12.0,3.2,,1.4,,,,2.4,0.3,5.6,2.2,2.3,Continental arc,130.25,33.5,CENOZOIC,2003
2.73,8.17,17.44,47.58,0.12,0.24,9.78,1.09,0.14,8.47,3.08,217.22,221.0,46.24,139.5,39.1,242.03,26.96,80.79,2.58,4.12,12.01,1.91,9.15,2.79,1.04,3.56,0.64,4.07,0.92,2.69,2.5,0.39,1.86,0.12,0.26,Continental arc,140.015,42.135,MIOCENE,2011
2.62,5.79,17.66,49.05,0.31,1.04,11.56,0.87,0.19,9.36,24.0,278.0,71.0,,24.0,141.0,331.0,21.0,57.0,5.0,12.0,35.0,,,,,,,,,,,,,,,Continental arc,8.87,39.63,CENOZOIC,1997
2.51,6.91,16.58,50.11,0.51,2.1,11.42,0.88,0.16,7.89,67.3,272.0,143.8,34.4,60.7,958.3,740.1,25.7,156.7,19.7,47.8,96.0,11.2,42.8,8.2,2.1,6.8,0.9,5.0,0.9,2.4,2.3,0.3,3.6,1.2,15.5,Continental arc,15.21,38.79,,2012
2.54,5.89,17.8,49.5,0.42,2.18,11.2,1.02,0.17,,82.0,278.0,71.0,33.2,39.0,1014.0,757.0,27.0,162.0,22.0,47.7,98.0,,47.0,8.3,2.1,,0.83,,,,2.5,0.4,3.5,1.3,15.0,Continental arc,15.21,38.79,,1988
3.41,4.7,16.93,51.6,0.59,2.05,8.0,1.66,0.16,,55.0,288.0,81.0,32.0,45.0,485.0,352.0,33.0,210.0,5.7,18.0,44.21,6.69,30.32,7.26,1.91,6.37,1.01,5.8,1.17,3.37,3.24,0.49,4.93,0.29,2.15,Continental arc,160.5,56.0,,2001
3.76,6.37,16.81,49.63,0.78,1.98,7.89,2.13,0.15,9.03,49.9,,,,91.9,767.0,1141.0,22.3,197.0,51.5,,,,,,,,,,,,,,,,,Continental arc,134.75,35.25,QUATERNARY,1991
1.76,6.64,17.43,50.19,0.05,0.25,11.2,0.65,0.1,9.51,3.87,,,,,194.0,334.0,11.5,28.9,1.2,2.95,7.2,1.04,5.0,1.46,0.59,1.85,0.32,2.09,0.44,1.2,1.23,0.19,0.89,0.09,0.37,Continental arc,140.67,39.75,,2006
2.79,6.18,15.17,51.88,0.41,1.43,8.44,2.06,0.16,,51.2,321.0,196.0,,133.0,363.0,245.0,22.1,184.0,22.7,28.8,55.1,6.09,23.8,4.99,1.54,5.11,0.79,4.5,0.87,2.36,1.98,0.31,4.5,1.38,6.67,Continental arc,130.25,33.25,,2009
3.2,7.83,16.27,47.51,0.05,2.42,7.82,2.2,0.25,,33.0,130.0,210.0,35.0,150.0,963.0,811.0,30.61,269.0,53.52,38.22,74.95,8.73,41.33,8.6,2.64,7.83,1.09,5.72,1.0,2.58,2.06,0.26,5.87,3.17,4.03,Continental arc,133.0,42.0,MIOCENE,2007
2.44,7.07,16.58,52.62,0.18,1.09,10.72,0.8,0.15,,33.0,263.0,243.0,36.0,81.0,301.0,399.0,21.0,88.0,8.0,21.0,37.0,,25.0,,,,,,,,,,,,,Continental arc,15.21,38.79,,1993
3.8,6.28,17.1,52.9,0.5,1.13,8.14,1.246,0.16,8.05,,201.0,161.0,35.0,105.0,444.0,574.0,,156.0,,,,,,,,,,,,,,,,,,Continental arc,160.445,57.613,QUATERNARY,2010
3.14,5.37,18.0,52.2,0.101,0.62,9.68,0.991,0.176,,13.6,294.0,33.0,30.0,33.0,134.0,229.0,22.11,82.3,4.2,7.95,16.55,2.19,9.83,2.69,0.84,3.28,0.59,3.64,0.82,2.4,2.4,0.36,2.09,0.24,2.27,Continental arc,25.4,36.6,,2009
2.87,7.8,17.2,51.8,0.47,1.3,6.52,1.77,0.15,,27.0,140.0,123.0,45.0,196.0,355.0,558.0,,102.0,,14.3,28.5,,,,1.84,,,,,,2.01,0.3,2.77,,,Continental arc,140.28,48.97,CENOZOIC,1999
2.46,6.13,17.4,48.97,0.36,2.04,10.82,0.98,0.16,,62.0,252.0,57.0,31.0,35.0,942.0,801.0,27.0,157.0,22.0,44.0,96.0,12.0,47.0,8.96,2.42,7.4,1.11,5.65,1.04,2.77,2.63,0.39,4.0,1.6,16.0,Continental arc,15.216,38.794,HOLOCENE,2006
2.9,5.38,18.95,48.7,0.19,1.0,9.95,1.0,0.2,,,,,,,,,,,,15.0,34.5,,22.4,4.8,1.49,3.84,0.63,,0.86,,1.99,0.318,,,,Continental arc,8.67,40.58,CENOZOIC,1976
1.41,4.8,18.73,50.38,0.49,1.49,5.3,1.22,0.51,,78.6,233.0,50.0,22.0,17.0,451.0,284.0,30.9,134.0,12.8,17.4,39.0,4.91,21.3,4.82,1.31,4.97,0.79,4.85,1.14,2.83,2.82,0.4,3.65,0.68,4.36,Continental arc,135.57,44.55,CRETACEOUS,2003
2.9,9.22,15.9,50.3,0.29,0.93,9.07,1.05,0.17,9.18,12.6,336.0,359.0,42.7,156.0,284.0,410.0,22.4,95.3,2.89,9.51,23.7,3.44,16.2,3.99,1.24,3.94,0.64,3.96,0.79,2.2,2.12,0.31,2.46,0.16,1.04,Continental arc,158.134,52.531,PLEISTOCENE,2007
3.58,4.76,17.2,50.8,0.35,1.31,8.28,1.5,0.21,11.6,31.7,233.0,40.0,,,203.0,308.0,31.9,189.0,13.2,17.6,38.4,5.02,21.6,6.3,1.72,5.83,0.94,5.98,1.27,3.65,3.47,0.52,4.3,0.9,4.9,Continental arc,109.21,-7.24,HOLOCENE,2021
2.919,7.914,15.815,52.123,0.146,0.652,9.48,0.886,0.161,8.26,13.976,236.876,278.065,35.682,84.093,233.313,299.663,20.07,69.969,1.486,5.148,13.04,2.057,9.94,2.797,0.949,3.174,0.544,3.256,0.703,2.041,1.876,0.285,1.924,0.092,0.551,Continental arc,160.805,56.132,,2017
3.64456494325347,6.97,17.25,46.44,0.57,1.47,10.02,1.86,0.17,9.03410255478978,37.0,186.0,188.0,40.0,106.0,734.0,995.0,27.0,168.0,,,,,,,,,,,,,,,,,,Continental arc,-3.418,34.475,NEOGENE,2005
3.13,5.46,17.99,51.83,0.4,1.07,8.85,1.14,0.15,9.04,16.7,238.5,98.83,,42.12,560.2,609.7,31.2,157.9,8.36,19.8,34.0,,24.1,6.31,1.6,5.39,,4.21,,2.35,2.68,,,,,Continental arc,-87.392,14.26,,1997
1.91,7.57,17.33,49.37,0.3,0.45,11.6,1.05,0.16,9.32,2.0,,204.0,,93.0,126.0,424.0,25.0,70.0,5.8,,,,14.0,3.6,,,,,,,,,,,,Continental arc,138.835,37.75,MIOCENE,2006
1.69,5.1,18.49,50.02,0.06,0.09,11.42,0.8,0.18,9.68,1.7,,,,,,218.0,,,,,,,,,,,,,,,,,,,,Continental arc,140.065,40.175,PLIOCENE,2006; 2008
3.18,9.01,15.6,52.4,0.43,1.06,7.48,1.032,0.18,9.13,15.0,203.0,323.0,44.0,210.0,506.0,519.0,22.0,141.0,6.8,14.91,36.53,4.7,19.94,4.53,1.34,4.42,0.65,3.89,0.78,2.24,2.07,0.32,3.09,0.41,1.39,Continental arc,160.512,57.594,QUATERNARY,2010
4.5,5.86,16.7,52.12,0.55,1.92,6.59,1.89,0.13,8.85,21.4,210.0,157.0,35.1,123.0,287.0,605.0,19.8,201.0,27.6,20.5,42.9,5.34,22.4,5.11,1.69,4.74,0.72,3.93,0.72,1.87,1.55,0.22,4.03,1.5,2.65,Continental arc,162.505,57.879,QUATERNARY,2005
3.47,4.69,17.2,51.7,0.49,1.75,8.47,1.47,0.16,9.24,42.6,300.6,48.3,34.0,39.2,425.9,354.2,31.5,173.1,4.1,14.3,37.5,,24.8,,,,,,,,,,,,1.7,Continental arc,160.329,55.781,,2015
2.16,7.3,15.9,47.7,0.1,0.15,13.2,1.19,0.18,10.3,3.0,237.0,146.0,,64.0,138.0,307.0,21.0,54.0,5.0,4.2,11.3,,9.4,3.06,1.02,3.36,,3.49,,1.85,1.75,,,,,Continental arc,-85.98,11.97,,1990
3.65178,5.62011,18.38226,52.91658,0.23778,0.90342,8.08662,0.91377,0.14274,8.34,13.96,213.8,41.9,34.96,32.91,437.3,554.1,16.94,101.6,2.691,7.958,18.23,2.725,12.285,3.1205,0.98705,3.15566666666667,0.5151,2.9215,0.5931,1.64833333333333,1.47666666666667,0.2271,2.48466666666667,0.1448,0.913080774831927,Continental arc,-91.55,14.76,,2011
2.38,6.9,17.29,52.13,0.074,0.645,10.85,0.669,0.147,,8.0,259.7,59.6,35.6,39.3,170.6,402.3,14.54,56.5,1.9,4.91,11.28,1.58,7.28,2.03,0.74,2.35,0.39,2.43,0.52,1.51,1.47,0.22,1.65,0.12,1.22,Continental arc,25.4,36.6,,2009
3.03,6.17,16.68,51.82,0.144,0.845,9.83,0.991,0.145,,27.4,273.5,149.0,30.9,59.4,165.9,229.0,25.12,119.1,5.1,10.63,22.95,2.84,12.65,3.18,0.92,3.72,0.66,4.23,0.89,2.65,2.6,0.4,3.01,0.33,5.4,Continental arc,25.4,36.6,,2009
2.52,6.02,17.29,52.04,0.11,0.74,11.03,0.82,0.17,8.81,19.0,309.0,65.0,40.0,24.0,246.0,347.0,20.0,70.0,3.0,8.13,16.93,,10.75,2.89,0.93,3.17,0.49,3.24,,1.99,1.9,0.29,1.96,1.56,2.14,Continental arc,176.5,-38.12,,2007
2.18,5.55,17.57,52.16,0.087,0.25,10.09,0.76,0.175,9.35,6.3,276.0,78.0,,25.0,105.0,291.0,19.0,71.0,2.58,4.8,10.91,1.49,6.96,1.97,0.74,2.13,0.43,2.5,0.56,1.78,1.99,0.3,1.58,0.22,1.17,Continental arc,140.93,39.988,,2009
3.52,6.72,15.22,52.57,0.29,0.93,7.79,1.82,0.15,9.86,18.5,169.0,218.0,62.0,175.0,270.0,536.0,25.67,134.0,18.5,12.18,26.57,3.72,17.46,4.96,1.76,5.22,0.78,4.26,0.81,2.06,1.63,0.23,3.03,1.13,1.43,Continental arc,139.0,47.5,MIOCENE,2005
3.46,4.86,17.0,52.2,0.34,0.91,9.12,1.24,0.18,9.54,12.0,288.0,49.1,25.4,16.7,321.0,459.0,25.6,103.0,2.89,10.0,25.2,3.8,17.0,4.35,1.54,4.53,0.82,4.84,1.05,2.89,2.69,0.392,2.69,0.18,0.89,Continental arc,158.128,52.502,PLEISTOCENE,2007
3.21,6.21,17.14,49.82,0.28,0.36,10.78,1.36,0.18,9.59,7.1,,,,31.0,147.0,336.0,24.1,149.0,4.28,11.0,26.4,3.84,17.3,4.39,1.48,4.8,0.85,4.96,1.03,2.91,2.74,0.42,3.52,0.33,0.98,Continental arc,176.094,-38.509,,2020
3.92,6.22,17.2,51.6,0.43,1.18,8.75,1.394,0.16,8.64,13.0,233.0,124.0,29.0,58.0,586.0,912.0,20.0,139.0,7.6,14.3,35.57,4.67,20.28,4.63,1.46,4.43,0.63,3.7,0.73,2.04,1.8,0.27,3.09,0.51,1.66,Continental arc,160.434,57.607,QUATERNARY,2010
2.99,7.1,16.42,52.94,0.29,0.83,8.73,1.16,0.15,8.45,18.8,,348.0,,109.0,201.0,453.0,30.2,136.0,6.8,,,,,,,,,,,,,,,,,Continental arc,137.5,35.75,,2000
2.55,7.87,17.74,49.01,0.25,0.7,10.28,1.38,0.16,8.59,14.0,,223.0,36.0,137.0,0.0,403.0,21.0,109.0,12.0,13.3,25.2,,,3.3,1.2,,0.6,,,,1.9,0.4,3.8,1.0,1.9,Continental arc,133.17,35.58,MIOCENE,1994
2.572,10.362,14.142,50.308,0.214,1.018,9.995,0.941,0.172,9.67114177753898,16.34615,276.2712,385.0,44.7619,135.5769,293.5484,377.8761,18.0,63.20755,1.79,6.603774,15.88785,2.570093,12.33645,3.277778,1.09434,3.412844,0.542056,3.154545,0.666667,1.827273,1.64486,0.242991,1.916667,0.11,0.615385,Continental arc,160.873,56.549,,2022
2.52,8.82,18.07,50.08,0.15,0.62,10.88,0.79,0.15,7.55,15.95,242.72,243.7,50.07,115.1,200.3,374.15,21.58,62.25,2.69,8.38,20.34,2.71,12.53,3.11,1.04,3.32,0.55,3.44,0.75,2.19,2.07,0.32,1.57,0.16,1.97,Continental arc,140.225,42.78,MIOCENE,2011
1.62,8.82,15.67,47.7,0.12,0.35,13.69,0.7,0.18,10.22,6.0,290.0,244.0,54.0,78.0,289.0,391.0,19.0,40.0,,,,,,,,,,,,,,,,,,Continental arc,-86.19,12.08,HOLOCENE,
3.22,6.98,16.7,52.34,0.19,0.75,9.7,1.1,0.17,8.85,11.0,268.0,121.0,34.0,52.0,241.0,310.0,23.9,97.0,2.7,3.0,14.0,,11.1,3.2,,,,,,,2.6,,2.7,,0.9,Continental arc,160.523,56.011,,2013
3.1,6.57,17.05,51.32,0.24,0.81,9.25,1.15,0.19,7.68,7.96,99.7,,,,192.0,613.0,18.9,103.0,5.28,13.7,32.4,4.46,19.4,4.19,1.36,3.99,0.627,3.66,0.758,2.19,1.99,0.289,2.7,0.361,1.22,Continental arc,139.725,39.91,OLIGOCENE,2015
3.83,5.05,18.72,51.67,0.21,0.81,8.78,1.14,0.16,7.37,5.16,119.0,,,,228.0,618.0,17.3,92.7,4.99,10.5,24.7,3.41,14.8,3.36,1.19,3.5,0.572,3.35,0.7,1.98,1.89,0.273,2.53,0.37,1.23,Continental arc,139.725,39.91,OLIGOCENE,2015
1.48,6.28,17.42,51.9,0.05,0.14,11.54,0.6,0.17,9.0,3.2,,,,,,172.0,,,,,,,,,,,,,,,,,,,,Continental arc,140.065,40.175,PLIOCENE,2006; 2008
2.8,8.7,16.4,50.9,0.36,1.4,9.0,1.04,0.13,7.74,12.0,214.0,453.0,37.0,130.0,691.0,977.0,17.0,143.0,4.0,28.7,57.1,7.75,29.31,4.97,2.0,3.97,0.53,2.99,0.55,1.79,1.61,0.21,,,1.82,Continental arc,133.0,35.0,,2002; 2008
3.72,7.66,15.1,51.7,0.33,1.31,7.7,1.82,0.12,9.54,23.0,174.0,301.0,42.0,178.0,622.0,532.0,19.0,137.0,25.0,22.8,47.7,,23.4,5.83,1.86,5.43,,3.68,,1.69,1.28,,,,,Continental arc,8.8,39.7,PLIOCENE,1994
2.99,7.77,16.85,50.78,0.28,0.84,9.56,1.0,0.17,8.71,13.0,249.0,386.0,40.0,109.0,319.0,474.0,24.0,93.0,5.0,,53.0,0.0,,,,,,,,,,,,,0.0,Continental arc,157.986,52.458,,2018
2.53597665291335,4.61910033209218,15.618395894133,51.4541612156586,0.271711784240717,1.20760792995874,9.18788366710275,1.1472275334608,0.221394787159102,12.36,25.0,387.0,18.0,46.0,7.0,867.0,410.0,27.0,103.0,3.0,14.0,28.0,4.0,,,,,,,,,,,,,7.0,Continental arc,-86.0,12.0,HOLOCENE,2020
4.49,7.09,16.52,48.54,0.41,1.11,9.08,1.95,0.17,9.57,61.0,217.0,196.0,,87.0,504.0,582.0,23.0,194.0,34.0,,,,,,,,,,,,,,,,,Continental arc,129.75,33.25,PLIOCENE,1991
3.09,6.31,15.16,52.62,0.54,1.41,7.88,2.06,0.16,9.69,29.0,205.0,155.0,,60.0,393.0,660.0,20.0,181.0,26.0,,,,,,,,,,,,,,,,4.0,Continental arc,131.45,33.25,,1992
2.87,4.85,18.9,50.9,0.28,0.9,9.65,0.98,0.17,,19.0,238.0,7.0,32.0,11.0,366.0,432.0,,104.0,,,,,,,,,,,,,,,,,,Continental arc,-162.7,55.0,,1987
2.87,8.2,15.72,52.6,0.17,0.65,9.72,0.97,0.17,8.73,9.0,255.0,318.0,39.0,108.0,224.0,290.0,18.0,85.0,1.5,5.32,14.22,2.34,11.4,3.21,1.02,3.2,0.55,3.42,0.7,2.06,1.98,0.3,2.07,0.1,0.48,Continental arc,160.63,56.05,HOLOCENE,2000; 2001
3.45,4.51,17.64,52.32,0.51,1.75,8.58,1.47,0.18,9.47,46.0795890252768,310.073890276751,20.7449471879078,27.6782721359596,21.5003897978852,423.738310211101,380.097861452351,35.9882957743372,185.339529359232,4.75740105651394,15.2382429945427,36.9265037835359,5.27427726073251,23.8352160431157,6.13021200812953,1.70572226758453,6.30470755902694,0.98611791554907,5.83633978296464,1.21671768175977,3.50347835412184,3.36203419312221,0.496722930168241,4.27612967751457,0.275961088795534,1.72973600208823,Continental arc,160.573,55.91,HOLOCENE,2022
3.24,7.97,15.3,48.3,0.47,2.13,8.2,2.19,0.14,,41.0,212.0,194.0,48.0,207.0,1184.0,762.0,22.0,182.0,36.0,46.0,48.0,,,,,,,,,,,,,,,Continental arc,8.5,40.5,PLIOCENE,1990
2.7925,9.54,15.7125,50.4525,0.2875,0.9425,9.025,1.06,0.175,9.3,10.95,251.675,378.275,,168.775,,434.525,,109.2,,,,,,,,,,,,,,,,,,Continental arc,158.12,52.45,,2016
1.908,6.774,16.651,52.85,0.071,0.436,9.256,0.693,0.163,,9.225,221.839,169.442,36.773,61.9,154.06,230.14,19.891,61.71,2.311,,,,,,,,,,,,,,,,,Continental arc,140.903,39.88,,2017
3.2,6.71,13.69,48.32,0.45,0.46,7.01,3.23,0.17,12.71,6.0,458.0,64.7,50.1,22.0,163.0,302.0,37.0,237.0,37.0,33.4,62.9,,32.7,7.4,2.24,,,,,,2.69,0.472,5.87,2.56,3.41,Continental arc,137.0,35.75,PERMIAN,2008
1.84,8.77,16.99,49.45,0.073,0.14,9.15,0.75,0.183,10.64,4.5,253.0,187.0,,92.0,63.0,280.0,14.0,31.0,1.05,2.64,6.73,1.03,5.36,1.67,0.68,1.84,0.38,2.11,0.46,1.4,1.5,0.23,0.94,0.08,0.35,Continental arc,140.94,40.666,,2009
3.26,4.5,16.1,50.4,0.642,3.3,9.06,0.91,0.171,8.67,186.0,259.0,61.8,31.1,28.2,1290.0,876.0,25.9,185.0,26.5,55.0,112.0,13.2,51.9,9.81,2.54,8.1,1.02,4.98,0.917,2.43,2.09,0.321,3.98,1.04,11.3,Continental arc,110.917,-6.404,,2022
2.3,6.38,16.25,51.84,0.1,0.68,10.52,0.55,0.15,,10.0,218.0,124.0,27.0,41.0,186.0,519.0,16.0,66.0,1.8,6.75,15.62,2.17,9.68,2.31,0.75,2.33,0.4,2.54,0.52,1.45,1.34,0.21,1.75,0.19,0.9,Continental arc,158.85,53.885,,2008
2.54,5.55,17.58,52.17,0.3,1.67,10.26,0.84,0.14,7.59,40.2,270.0,83.0,27.0,39.5,610.0,661.0,19.8,101.0,10.2,32.4,62.8,,28.4,5.22,1.55,4.81,0.655,,,,2.06,0.324,2.64,0.67,9.3,Continental arc,15.21,38.79,,
2.63,11.55,13.97,50.15,0.21,1.03,9.92,0.89,0.18,9.65,13.5,239.0,752.0,,170.0,273.0,380.0,16.4,61.0,1.42,5.7,14.6,2.31,11.4,3.05,0.97,3.15,0.48,2.87,0.573,1.55,1.55,0.226,1.8,1.342,0.53,Continental arc,161.4,56.65,,2019
1.64,7.05,17.5,50.24,0.05,0.15,11.42,0.68,0.18,9.78,4.57,395.0,,,,58.9,222.0,19.5,31.4,1.07,2.45,6.34,1.02,5.04,1.73,0.678,2.18,0.427,2.85,0.628,1.8,1.89,0.287,0.9,0.08,0.4,Continental arc,140.75,38.25,MIOCENE,2015
2.61,8.97,15.09,51.34,0.13,0.9,9.39,0.83,0.15,,27.0,222.0,573.0,47.0,163.0,299.0,202.0,26.0,74.0,,,,,,,,,,,,,,,,,,Continental arc,141.397,41.106,,1994
2.78,7.91,14.34,51.18,0.416,1.43,9.388,1.36,0.186,,38.04,341.3,47.85,0.077,116.5,173.9,318.3,31.03,164.0,3.837,12.8,0.0,4.825,23.47,5.615,1.5495,5.886,0.8829,5.606,1.1051,3.165,3.016,0.447,3.86,0.25,1.433,Continental arc,160.117,55.61,,2021
2.25,7.05,18.1,51.75,0.1,0.15,10.1,0.71,0.2,9.78,3.0,235.0,97.0,,43.0,57.0,281.0,15.0,31.0,1.2,2.3,,,,,,,,,,,,,,,1.1,Continental arc,140.98,39.88,QUATERNARY,1986
2.84,4.56,18.53,50.03,0.21,1.2,9.59,0.91,0.18,,27.3,253.0,51.0,30.7,30.0,477.0,592.0,23.4,75.0,1.5,10.4,23.0,3.49,15.6,3.92,1.29,4.05,0.66,3.89,0.83,2.19,2.1,0.31,2.11,0.1,1.64,Continental arc,-89.855,13.886,PLEISTOCENE,2006; 2007
1.99,6.42,17.61,52.2,0.07,0.41,9.35,0.73,0.16,9.21,11.0,230.0,201.0,,44.0,108.0,221.0,16.0,43.0,2.0,,,,,,,,,,,,,,,,,Continental arc,139.97,37.13,HOLOCENE,
2.62,10.12,16.31,51.15,0.11,0.38,9.62,0.84,0.15,8.7,9.0,,643.0,,255.0,89.0,217.0,33.0,89.0,1.1,,,,,,,,,,,,,,,,,Continental arc,137.0,37.5,OLIGOCENE,1995
2.22,4.54,17.98,52.22,0.26,1.54,10.46,0.89,0.2,8.97,55.5,313.0,52.0,25.2,20.0,154.5,435.5,23.7,61.8,2.02,8.96,20.8,2.9,13.31,3.43,1.08,3.51,0.57,3.6,0.76,2.24,2.18,0.33,1.56,0.13,2.44,Continental arc,138.292,37.21,NEOGENE,2016
2.71,6.15,18.16,52.07,0.11,0.64,10.88,0.89,0.16,8.23,19.0,272.0,99.0,34.0,33.0,120.0,234.0,17.0,95.0,5.0,9.0,18.0,,,2.9,0.9,,1.2,,,,2.4,0.41,2.3,,3.0,Continental arc,25.45,36.4,,
2.82,8.73,14.67,50.72,0.382,1.35,9.852,1.22,0.172,,30.14,291.8,46.35,0.064,158.8,173.5,301.6,25.41,135.0,3.21,10.7,0.0,4.066,18.84,4.767,1.4155,4.841,0.7281,4.545,0.8803,2.567,2.433,0.359,3.23,0.208,1.123,Continental arc,160.336,55.789,,2021
3.18,7.49,16.35,52.5,0.19,0.79,9.37,0.99,0.16,8.61,12.0,234.0,240.0,39.0,106.0,259.0,315.0,18.0,99.0,1.7,6.69,17.09,2.77,12.65,3.41,1.04,3.35,0.54,3.07,0.69,1.98,1.91,0.29,2.25,0.11,0.56,Continental arc,160.63,56.05,HOLOCENE,2000; 2001
3.61,4.78,16.86,50.77,0.55,1.82,8.1,1.71,0.16,,46.0,,,,40.0,382.0,367.0,28.0,180.0,3.6,,,,,,,,,,,,,,,,1.5,Continental arc,157.5,52.5,,1995
1.91,7.36,17.81,48.6,0.14,0.18,11.02,0.95,0.17,10.42,1.59,,,,,110.0,305.0,13.6,33.8,1.2,3.39,8.1,1.23,5.87,1.79,0.71,2.14,0.39,2.49,0.53,1.47,1.48,0.22,1.08,0.07,0.5,Continental arc,140.43,38.15,,2006
2.339,11.103,13.144,50.896,0.122,0.552,10.195,0.803,0.169,8.42,11.266,245.23,771.919,42.64,181.323,214.945,239.727,17.637,61.133,,,,,,,,,,,,,,,,,,Continental arc,160.63,56.05,,2017
1.87,5.09,18.94,50.22,0.17,0.46,11.0,0.79,0.17,10.1,9.4,285.8,27.2,,11.5,139.0,393.6,27.5,34.0,3.1,,,,,,,,,,,,,,,,0.6,Continental arc,138.5,36.5,QUATERNARY,1995
3.09,5.24,17.97,50.36,0.28,1.76,10.59,0.91,0.13,7.97,24.0,297.0,21.0,29.3,16.4,709.0,1053.0,18.6,109.0,3.48,35.9,70.0,8.31,34.0,6.32,1.78,5.37,0.71,3.51,0.69,1.91,1.67,0.25,2.48,0.18,7.35,Continental arc,95.242,20.981,QUATERNARY,2016
3.88860757426026,5.31786738102433,17.5411014284431,49.9322122491649,0.660522210697397,1.60485458302366,7.94668452560825,2.23679159758578,0.137821481366536,10.7335369688258,32.74,,,,75.4477262086125,477.130090659628,921.884638947775,20.85,213.8,22.05,49.94,107.5,12.17,47.17,7.798,2.317,5.95,0.7273,4.17,0.7273,1.824,1.492,0.2162,4.662,0.9985,6.14,Continental arc,131.0,34.0,QUATERNARY,2014
3.55,6.15,16.8,50.79,0.26,0.49,9.59,1.83,0.16,,4.0,230.0,160.0,27.0,70.0,462.0,250.0,,150.0,3.0,,,,,,,,,,,,,,4.6,,,Continental arc,139.37,41.5,,1983; 1984; 1997
2.1,6.29,17.02,50.26,0.13,0.52,11.46,0.82,0.18,9.27,14.0,263.0,19.0,,0.0,198.0,309.0,17.8,55.0,2.74,7.0,16.5,2.26,10.2,2.6,0.86,2.57,0.46,2.98,0.62,1.73,1.78,0.25,1.49,0.16,1.34,Continental arc,176.515,-38.273,,2014
2.37,7.63,15.21,49.53,0.5,1.99,11.8,0.86,0.16,,62.0,232.0,200.0,35.0,92.0,987.0,712.0,28.0,159.0,20.0,44.8,91.1,,46.3,8.91,2.25,,1.18,,,,2.33,0.4,3.65,1.15,15.4,Continental arc,15.21,38.79,PLEISTOCENE,1988; 1989; 2001
1.48,7.36,18.35,49.01,0.08,0.23,11.1,0.86,0.17,,7.2,317.0,69.3,,33.3,127.0,284.1,16.6,39.5,1.5,3.38,9.08,1.42,6.06,1.87,0.7,2.27,0.4,2.56,0.57,1.58,1.75,0.27,1.32,0.31,1.09,Continental arc,140.43,38.15,,1997
2.14,6.32,18.0,50.94,0.11,0.22,10.55,0.8,0.14,,,,84.0,39.0,60.0,,,,,,3.7,11.8,,,2.2,0.89,,0.56,,,,1.8,0.29,,,0.4,Continental arc,141.0,38.0,QUATERNARY,1961; 1979
4.43,6.34,15.75,45.3,0.79,2.71,7.49,2.45,0.19,,93.0,,,,,934.0,896.0,30.0,309.0,92.9,53.3,95.1,10.2,44.0,8.0,2.4,7.6,1.03,5.29,1.0,2.51,2.18,0.33,6.03,5.04,7.89,Continental arc,133.0,42.0,MIOCENE,2007
3.42,7.41,17.4,50.71,0.21,0.56,9.29,1.32,0.16,8.27,6.8,213.0,252.0,37.9,43.5,163.0,404.0,27.0,130.0,4.07,8.2,20.1,2.92,13.0,3.44,1.28,3.89,0.68,4.27,0.88,2.49,2.46,0.36,2.58,0.24,0.98,Continental arc,161.292,57.958,QUATERNARY,2005
2.46,7.71,15.46,50.83,0.18,0.2,8.68,1.21,0.19,,2.02,220.0,182.0,,161.0,158.0,203.0,21.7,87.0,8.9,15.5,27.9,3.51,14.8,3.36,1.19,4.09,0.7,4.11,0.83,2.36,2.03,0.35,2.33,0.58,2.37,Continental arc,130.25,33.25,,2009
2.26,6.88,16.78,51.61,0.28,0.97,10.81,0.79,0.17,,15.0,,,,48.0,350.0,651.0,19.0,80.0,14.0,,,,,,,,,,,,,,,,,Continental arc,11.366,38.55,,1993
2.61,9.2,13.77,50.7,0.424,1.45,8.983,1.37,0.183,,37.46,329.4,50.84,0.104,181.3,223.4,315.5,31.26,162.0,3.772,13.0,0.1,4.696,22.29,5.528,1.5553,5.504,0.8135,5.198,1.0337,2.973,2.803,0.435,3.77,0.233,1.399,Continental arc,160.237,55.666,,2021
3.17,7.17,15.45,52.32,0.44,1.74,7.73,1.36,0.18,,40.0,134.0,450.0,,208.0,875.0,559.0,22.0,252.0,39.6,46.0,80.0,8.6,32.0,6.0,1.9,5.4,0.81,4.5,0.9,2.5,2.2,0.35,5.5,2.3,8.1,Continental arc,129.45,33.35,,2009
1.96,5.45,18.23,52.1,0.08,0.31,9.49,0.79,0.16,9.15,8.0,237.0,77.0,,25.0,101.0,281.0,14.0,37.0,2.0,,,,,,,,,,,,,,,,,Continental arc,139.97,37.13,HOLOCENE,
2.61,6.43,16.22,49.08,0.38,0.69,9.8,2.08,0.16,10.72,14.0,239.0,163.0,45.0,64.0,200.0,430.0,22.1,128.0,14.6,14.7,,,,,,,,,,,,,,,3.0,Continental arc,129.8,33.1,CENOZOIC,2009
2.22,6.89,16.79,50.97,0.3,0.9,11.05,0.83,0.18,,20.0,350.0,158.0,,64.0,262.0,635.0,25.0,67.0,10.0,21.0,36.0,,20.0,4.2,1.07,,0.55,,,,2.2,0.36,,,,Continental arc,11.366,38.55,,1980
2.42,6.58,17.13,51.07,0.39,1.92,10.59,0.9,0.16,,65.0,256.0,107.0,31.0,44.0,915.0,716.0,25.0,151.0,18.0,46.0,89.0,10.4,41.0,7.8,2.0,5.9,0.86,4.98,0.9,2.18,2.18,0.33,3.5,1.14,17.2,Continental arc,15.21,38.79,,2000; 2001
3.45,5.09,16.54,51.63,0.603,1.99,8.322,1.63,0.167,,55.02,319.3,38.89,0.067,67.7,247.5,351.0,36.67,224.0,5.465,17.9,0.34,6.436,30.49,6.768,1.8775,6.893,1.0265,6.476,1.2611,3.707,3.487,0.519,5.15,0.362,2.041,Continental arc,160.08,55.602,,2021
3.56,4.59,17.2,51.6,0.59,2.03,8.06,1.65,0.16,9.46,49.0,278.3,67.3,34.0,41.1,486.1,325.7,33.6,201.7,5.0,16.8,42.6,,26.2,,,,,,,,,,,,1.8,Continental arc,160.185,55.599,,2015
2.0,5.85,18.07,52.86,0.06,0.23,8.45,0.98,0.23,,26.0,286.0,59.0,39.0,16.0,80.0,195.0,18.0,53.0,3.0,,10.0,,,,,,,,,,,,,,2.0,Continental arc,140.842,39.802,,2013
2.39,9.13,15.27,50.03,0.23,0.52,10.45,1.06,0.17,8.97,9.0,256.0,443.0,,122.0,183.0,305.0,23.7,98.0,4.91,11.0,26.6,3.53,15.4,3.6,1.2,3.67,0.61,3.84,0.77,2.19,2.17,0.33,2.4,0.27,1.23,Continental arc,175.94,-38.386,,2014
2.44,7.09,15.06,52.93,0.1,0.21,8.37,1.21,0.17,,4.6,183.0,228.0,,168.0,140.0,166.0,18.5,76.7,5.14,9.73,21.4,2.48,10.8,3.04,1.2,3.86,0.67,3.97,0.78,2.21,1.88,0.31,2.2,0.42,1.67,Continental arc,130.25,33.25,,2009
2.74,6.45,17.08,52.0,0.17,1.17,9.82,0.74,0.14,7.58,15.4,233.0,106.0,33.0,25.0,464.0,820.0,15.8,72.0,2.7,24.0,46.0,,23.5,4.5,1.38,3.8,,2.85,,1.6,1.42,,,,5.0,Continental arc,95.25,20.92,QUATERNARY,2004
3.7,8.17,16.47,47.52,0.52,1.39,8.76,1.84,0.168,10.050766,17.6098887419422,222.0,204.0,42.0,159.0,365.338069806592,690.694389830222,19.6572715838565,131.0,18.8316891608394,16.8881219984758,38.158775694469,4.86758435612366,20.5006843638137,5.0361641412943,1.77121976663095,4.60644851000893,0.695569638603206,3.42103514746807,0.764351951943232,2.13045813996749,1.87574081126907,0.264059162611907,3.71635057512602,1.11679375653506,1.52765627301105,Continental arc,157.527,55.653,CENOZOIC,
2.41,7.29,16.54,52.77,0.247,1.22,10.72,0.75,0.152,,35.542,217.491,326.671,32.42,83.148,297.434,593.066,21.301,90.465,10.246,22.671,42.64,5.077,18.963,3.953,1.1955,4.06,0.592,3.402,0.696,1.952,2.071,0.324,2.152,0.548,4.227,Continental arc,14.341,38.542,,2016
2.89,4.52,18.58,51.53,0.43,2.13,9.79,0.96,0.16,,59.0,272.0,0.0,37.0,26.0,850.0,715.0,30.0,170.0,19.0,49.0,125.0,,46.0,,,,,,,,,,,,,Continental arc,15.21,38.79,,1993
1.85,6.91,18.73,49.79,0.07,0.21,9.77,0.65,0.2,10.3,3.24,245.0,33.2,,44.0,118.0,345.0,11.9,27.3,0.72,2.28,6.26,0.9,4.6,1.47,0.59,1.88,0.33,2.22,0.48,1.46,1.49,0.23,0.91,0.04,0.31,Continental arc,140.78,42.57,,2016
2.02,6.78,17.3,46.7,0.34,1.71,10.37,0.87,0.19,9.98,,341.0,60.0,39.0,36.0,941.0,1256.0,,55.0,,,,,,,,,,,,,,,,,,Continental arc,160.855,57.576,NEOGENE,2010
2.34,6.82,17.81,50.79,0.08,0.41,11.58,0.73,0.15,8.37,2.0,206.0,57.0,,29.0,93.0,209.0,4.0,58.0,,,,,,,,,,,,,,,,,,Continental arc,25.45,36.4,QUATERNARY,2006
2.88,10.38,14.31,51.09,0.23,1.08,9.86,0.91,0.17,9.42,15.5,273.0,547.0,,125.0,274.0,358.0,16.9,60.0,1.88,6.1,15.5,2.35,11.6,3.09,0.98,3.25,0.5,2.96,0.588,1.59,1.55,0.228,1.78,1.307,0.59,Continental arc,161.4,56.65,,2019
2.47,6.63,17.17,50.02,0.46,2.12,11.62,0.82,0.15,7.86,61.31,239.2,128.3,29.66,47.78,909.2,694.4,23.64,139.4,17.02,42.76,88.06,10.45,40.57,7.93,1.95,6.13,0.88,4.64,0.82,2.28,2.19,0.33,3.5,1.17,14.82,Continental arc,15.21,38.79,,2012
2.73,7.47,15.68,50.29,0.25,0.78,9.11,1.46,0.16,10.41,18.0,210.0,237.0,46.0,63.0,162.0,439.3,19.9,97.7,7.2,11.3,,,,,,,,,,,,,,,2.5,Continental arc,129.45,33.35,CENOZOIC,2009
3.021,5.267,16.33,49.977,0.393,1.504,8.671,1.48,0.171,10.88,38.4578094,,94.0420303,,43.539032,497.132355,391.157104,38.3589287,194.55986,4.65583801,14.245265,35.3640099,5.11906004,25.2682533,6.63006973,1.93334115,7.22772646,1.09202898,6.67231369,1.1731534,3.71074605,3.86965275,0.586271524,4.20783663,0.298381388,1.40418887,Continental arc,160.393,55.784,,2015
2.8,10.04,16.56,48.33,0.166,0.72,11.49,0.856,0.172,8.86,19.0,259.0,366.0,,144.0,438.0,603.0,23.0,79.0,2.8,21.0,35.0,,19.0,,,,,,,,,,,,3.0,Continental arc,94.95,22.26,,2018
3.27,9.4,16.3,50.17,0.27,0.94,9.01,1.18,0.14,8.31,21.6,,,,190.9,400.0,771.0,16.9,113.0,9.8,20.1,43.9,,,3.7,1.4,,,,,,1.9,0.3,3.0,,2.8,Continental arc,133.57,35.38,QUATERNARY,2000
2.34,5.54,16.61,52.99,0.29,1.41,10.93,0.78,0.17,,64.0,244.0,105.0,32.0,27.0,270.0,307.0,20.5,116.0,7.73,16.6,33.0,3.94,16.4,3.61,0.91,3.61,0.65,3.37,0.73,2.01,2.02,0.32,2.76,0.5,7.0,Continental arc,8.8,40.65,MIOCENE,2013
2.0,6.02,17.22,52.35,0.07,0.44,9.23,0.74,0.16,9.15,13.0,232.0,161.0,,40.0,137.0,235.0,18.0,47.0,2.0,,,,,,,,,,,,,,,,,Continental arc,139.97,37.13,HOLOCENE,
3.16,8.51,16.7,50.4,0.23,0.89,9.07,1.06,0.16,,14.0,255.0,329.0,39.0,141.0,313.0,496.0,16.0,88.0,,,,,,,,,,,,,,,,,,Continental arc,158.07,53.93,,2000
3.49,7.77,17.05,50.97,0.3,1.01,9.1,1.18,0.13,8.09,22.6,,,,140.7,361.0,847.0,16.8,118.0,9.5,,,,,,,,,,,,,,,,3.5,Continental arc,133.57,35.38,QUATERNARY,2000
3.4,5.59,15.96,51.52,1.08,1.35,7.86,1.84,0.18,9.65,19.8,197.0,129.0,34.0,84.0,557.0,812.0,32.41,248.0,20.57,35.59,95.06,11.04,45.67,9.26,2.41,8.2,1.1,5.49,1.06,2.82,2.45,0.36,5.09,0.96,1.93,Continental arc,139.0,47.5,OLIGOCENE,2005
2.97,6.15,16.51,49.18,0.24,1.57,10.89,1.14,0.17,9.79,30.98,327.5,104.09,83.34,25.58,555.3,547.1,18.42,81.97,2.96,10.77,24.03,3.15,15.07,3.74,1.3,3.81,0.58,3.46,0.68,1.9,1.71,0.25,2.41,0.3,3.37,Continental arc,174.092,-39.061,,
2.73,10.94,15.6,49.65,0.1928,0.799,8.95,0.977,0.168,9.52,13.5711987925341,0.817014507210031,31.0448884724934,47.5573015609357,5914.20918948987,15.3803413688733,1411.89725889139,50.3722514916202,196.105221630733,93.2035932000582,9.12536252910559,13.0570443771146,432.443584234965,14.6125351666411,3.75023562917549,2.56435790771466,0.4256849856698,0.0,0.0741036452031907,0.749784391420951,2.23975903823088,2.07715516012155,267.690872956553,2.14927857654004,0.113490200813801,15.8875077068943,Continental arc,158.12,52.45,,2016
3.21,9.57,14.49,52.7,0.25,1.33,9.29,0.92,0.15,8.63,17.3,252.0,406.0,,95.0,316.0,439.0,15.9,75.0,1.43,6.8,17.5,2.69,13.2,3.32,1.04,3.22,0.489,2.8,0.548,1.48,1.46,0.216,2.14,1.425,0.67,Continental arc,161.4,56.65,,2019
2.78,9.23,16.35,52.08,0.19,0.56,9.47,0.84,0.16,7.5,11.0,175.0,499.0,,144.0,193.0,401.0,21.0,79.0,7.0,,,,,,,,,,,,,,,,,Continental arc,131.086,33.495,PLIOCENE,1991
3.33,6.48,18.4,49.6,0.07,1.04,8.88,1.18,0.12,,,190.0,87.0,36.0,91.0,,,,,,,,,,,,,,,,,,,,,,Continental arc,140.28,48.97,CENOZOIC,1999
2.61,7.78,16.57,50.95,0.23,1.02,9.69,0.88,0.16,,22.03,,,,,383.41,567.55,16.35,67.05,1.83,7.95,19.21,2.74,12.43,3.08,1.02,3.06,0.49,2.99,0.59,1.64,1.52,0.22,1.79,0.17,0.64,Continental arc,158.506,55.974,NEOGENE,2019
3.29,7.25,16.87,50.32,0.35,0.71,8.98,1.4,0.17,9.39,13.2,187.0,260.0,43.0,97.0,120.0,414.0,25.6,137.0,5.5,10.3,25.5,3.8,18.1,4.39,1.57,4.37,0.88,5.23,0.95,2.73,2.62,0.38,3.24,0.36,1.14,Continental arc,137.5,35.75,PLEISTOCENE,1999; 2002
2.42,6.67,16.42,49.7,0.5,2.02,11.34,0.92,0.15,7.7,66.3,265.5,144.3,40.0,55.0,935.4,719.2,24.8,152.1,18.5,46.6,92.5,10.7,41.3,8.1,2.1,6.5,0.9,4.8,0.9,2.4,2.2,0.3,3.5,1.2,15.2,Continental arc,15.21,38.79,,2012
2.65,6.66,15.7,52.1,0.276,1.06,9.52,1.27,0.16,9.18,26.3,278.0,114.0,39.2,46.2,190.0,344.0,26.8,116.0,9.5,17.1,34.6,,20.3,,,,,,,,,,,,3.6,Continental arc,109.22,-7.2,,
2.35,11.28,15.26,47.11,0.2,0.99,9.89,1.71,0.16,8.56,9.0,190.0,708.0,14.0,195.0,59.0,413.0,20.0,35.0,8.0,13.0,15.0,,,,,,,,,,,,,,,Continental arc,8.87,39.63,CENOZOIC,2000
2.39,7.94,17.38,48.89,0.11,0.41,10.67,0.82,0.18,,5.0,319.0,126.0,45.0,88.0,132.0,396.0,19.0,51.0,1.3,4.24,11.12,1.74,8.55,2.45,0.88,2.96,0.5,3.16,0.66,1.93,1.74,0.27,1.31,0.11,0.43,Continental arc,158.85,53.885,,2008
3.54,6.05,15.5,51.54,0.4,1.04,7.0,2.08,0.16,,27.0,140.0,200.0,31.0,92.0,450.0,478.0,31.0,108.0,31.0,20.8,37.7,,24.6,6.35,2.12,5.3,0.86,,,,2.05,0.28,3.24,1.0,,Continental arc,139.0,47.5,MIOCENE,1995
2.52,5.33,18.95,51.69,0.101,0.19,10.05,0.82,0.169,9.46,5.1,243.0,92.0,,38.0,83.0,335.0,18.0,38.0,1.28,3.4,8.56,1.32,6.7,2.12,0.8,2.37,0.48,2.63,0.57,1.73,1.85,0.29,1.06,0.08,0.34,Continental arc,140.918,40.666,,2009
2.5,8.06,16.4,45.23,0.38,1.2,9.84,1.9,0.17,,,,,,,,,,,,16.0,34.0,,20.0,4.8,1.4,5.0,,,,2.0,1.6,,,,,Continental arc,173.0,64.5,EOCENE,1999
2.77498491856022,4.7556806756485,15.4836115021114,50.8445606273879,0.271465915946109,1.22662376834908,9.36054695354916,1.13613512970038,0.231248743213352,12.52,25.0,397.0,18.0,46.0,2.0,843.0,411.0,27.0,97.0,4.0,14.0,22.0,4.0,,,,,,,,,,,,,4.0,Continental arc,-86.0,12.0,HOLOCENE,2020
3.76,4.83,18.1,52.83,0.2,0.77,8.11,1.04,0.16,7.92,10.4,257.1,37.5,,25.5,274.2,319.9,21.8,91.7,1.4,5.0,15.7,,11.0,,,,,,,,,,,,3.1,Continental arc,160.481,56.085,,
2.74,6.32,16.62,51.35,0.39,2.51,10.31,0.87,0.15,,73.0,249.0,132.0,31.0,49.0,982.0,756.0,25.0,164.0,20.0,47.0,92.0,10.6,42.0,8.2,2.1,6.3,0.84,4.63,0.83,2.24,2.07,0.31,3.4,1.22,18.2,Continental arc,15.21,38.79,,2000; 2001
2.9,4.63,19.0,51.2,,1.28,10.0,1.07,0.19,9.49,30.0,274.0,,,11.0,178.0,341.0,26.0,78.0,3.5,12.8,29.0,3.83,16.6,4.19,1.2,3.8,0.7,,0.89,2.54,2.49,,2.38,,4.76,Continental arc,109.21,-7.24,,1995
3.78,5.93,18.0,50.8,0.66,1.13,8.83,1.4,0.17,9.07,,233.0,75.0,36.0,53.0,524.0,736.0,,149.0,,,,,,,,,,,,,,,,,,Continental arc,160.087,57.353,QUATERNARY,2010
3.28,6.72,14.36,47.25,0.73,1.08,9.85,2.61,0.17,,77.0,,,,278.0,1322.0,867.0,,,,,,,,,,,,,,,,,,,,Continental arc,133.0,34.4,CENOZOIC,1988
2.71,6.85,17.04,47.0,0.39,1.55,7.95,1.97,0.17,,29.0,110.0,48.0,52.0,72.0,,1055.0,29.0,99.0,12.0,13.5,25.0,,,,1.6,,,,,,2.3,0.33,4.6,,,Continental arc,134.0,43.0,CENOZOIC,1999
2.83145018915511,5.24,16.31,52.01,0.38,2.57,9.51,1.17,0.12,7.36045407352394,109.0,236.0,171.0,28.0,38.0,664.0,663.0,26.0,121.0,,,,,,,,,,,,,,,,,,Continental arc,-2.945,35.208,NEOGENE,2005
2.84,6.29,16.4,51.2,0.304,1.17,9.56,1.34,0.17,9.45,29.2,283.0,103.0,37.8,34.3,201.0,333.0,26.6,125.0,10.0,16.1,39.9,,21.0,,,,,,,,,,,,4.4,Continental arc,109.22,-7.2,,
2.45,7.44,15.03,52.61,0.18,0.36,8.18,1.2,0.18,,5.47,211.0,169.0,,146.0,166.0,195.0,22.1,86.6,9.44,17.0,27.3,3.88,16.3,3.71,1.3,4.45,0.73,4.38,0.92,2.48,2.15,0.36,2.31,0.61,2.42,Continental arc,130.25,33.25,,2009
2.8,6.6,15.9,49.8,0.3,2.8,9.9,0.8,0.16,,70.0,200.0,57.0,29.0,22.0,791.0,1030.0,11.0,80.0,,27.0,57.0,,,,,,,,,,,,,,,Continental arc,14.985,38.4,,
2.37,5.52,16.81,52.43,0.66,4.05,9.95,0.93,0.15,7.47,139.0,246.0,40.0,20.0,30.0,1795.0,864.0,26.0,171.0,37.0,61.0,124.0,14.5,50.0,10.0,2.5,8.3,1.2,5.9,1.0,2.7,2.4,0.36,4.4,1.7,18.9,Continental arc,15.225,38.81,HOLOCENE,2014
3.37,6.61,15.61,51.01,0.34,2.97,3.78,2.59,0.06,12.29,51.0,352.0,124.0,40.0,75.0,583.0,121.0,29.0,145.0,17.2,,,,,,,,,,,,,,,,,Continental arc,130.55,32.4,MESOZOIC,2004
1.74,7.45,16.08,51.78,0.07,0.25,10.43,0.62,0.189,9.51,6.1,257.0,207.0,,62.0,90.0,229.0,15.0,40.0,1.99,4.12,9.62,1.28,5.94,1.66,0.66,1.84,0.36,2.06,0.44,1.35,1.47,0.22,0.97,0.15,0.88,Continental arc,140.945,39.977,,2009
2.047,5.417,18.541,51.17,0.096,0.241,11.107,0.776,0.168,,4.799,248.423,95.929,32.127,13.755,98.68,269.903,17.635,48.493,2.056,,,,,,,,,,,,,,,,,Continental arc,140.773,39.771,,2017
2.85,7.57,16.32,52.75,0.19,0.65,9.6,1.09,0.14,,18.0,226.0,376.0,40.8,136.5,218.0,290.0,46.2,114.0,4.8,19.2,32.1,5.56,22.4,5.28,1.99,6.96,1.2,6.91,1.65,4.51,3.9,0.68,2.7,0.37,2.3,Continental arc,175.79,-36.72,,2012
3.7,5.91,17.76,50.71,0.3,1.2,9.24,1.17,0.152,8.86303,20.5321155990052,233.0,127.0,27.0,60.0,435.848041066602,631.246441858158,18.366220735786,120.0,4.70667181202298,10.531210873853,25.343452534088,3.46025212245948,16.3986793585456,3.92140468227425,1.30155680473373,4.07543986468218,0.605494223922587,3.57945287711174,0.688620186947946,2.00390189520624,1.89091844610239,0.281075088223444,2.65371751993826,0.277849241059943,0.808571306062945,Continental arc,158.265,56.056,CENOZOIC,
2.23,5.1,17.75,52.51,0.1,0.42,9.31,0.71,0.19,9.97,7.25,267.0,44.4,,14.3,197.0,324.0,17.7,43.6,1.44,4.62,11.5,1.64,7.93,2.32,0.78,2.86,0.48,3.28,0.71,2.15,2.17,0.33,1.44,0.08,0.72,Continental arc,140.78,42.57,,2016
3.53390920554855,8.18,17.04,49.12,0.44,1.4,9.35,1.36,0.14,7.06351643975097,27.0,206.0,,33.0,,,,13.0,121.0,53.3095412313107,35.6101035440543,62.8600514340093,6.68842303055788,24.5203944713012,4.57018264701491,1.41342183955533,4.37686293953675,0.587413670812909,3.33097458954312,0.625030314094374,1.72555458862759,1.53923841868839,0.219710420605855,2.69273206505168,2.85148658330466,5.63213487288408,Continental arc,-2.951,35.262,NEOGENE,2005
3.271,7.434,18.45,48.19,0.2283,1.174,11.72,0.9956,0.1522,7.36,49.2629296433758,273.245244215938,178.31746031746,36.4781145451649,98.7971905179982,319.267208339721,457.08009720303,26.5050607287449,125.181241184767,8.69448432639387,21.3996522243153,43.0152797625591,5.12061170751469,20.7620764239366,4.76158984635939,1.40858804865151,4.61837628563607,0.738353650543977,4.65700795899096,0.927508534956212,2.68510688836105,2.53037089702571,0.385714285714286,3.17429555801649,0.497778614457831,6.22175748273216,Continental arc,23.281,37.622,,2022
4.23,4.62,17.96,52.25,0.56,1.88,6.86,1.89,0.13,9.31,18.8,181.0,70.0,38.0,52.0,375.0,711.0,26.36,210.0,19.52,24.97,46.98,5.8,24.99,5.79,1.96,5.42,0.85,4.83,0.95,2.49,2.1,0.33,4.48,1.3,1.87,Continental arc,140.2,49.0,PALEOGENE,2005
3.416,4.866,17.502,52.691,0.196,1.033,8.259,1.11,0.166,8.53,20.785,271.712,30.755,31.475,25.4,408.984,351.676,22.88,90.953,,,,,,,,,,,,,,,,,,Continental arc,160.625,56.044,,2017
2.19,7.15,15.77,50.44,0.14,0.66,11.37,0.81,0.15,9.02,12.75,231.35,151.8,48.38,75.0,121.8,584.54,18.29,51.2,6.35,8.29,18.84,2.62,11.41,2.5,0.93,2.93,0.48,3.01,0.66,1.89,1.79,0.27,1.51,0.37,1.36,Continental arc,139.25,42.15,MIOCENE,2011
3.076,7.061,16.275,51.86,0.159,0.711,9.211,0.905,0.158,8.34,12.804,239.838,207.945,34.99,71.338,241.46,317.581,20.408,76.929,,,,,,,,,,,,,,,,,,Continental arc,160.826,56.0,,2017
2.83,8.78,14.89,50.83,0.381,1.35,9.781,1.24,0.18,9.75,30.9,262.7,1165.0,42.47,581.4,321.5,300.3,25.61,141.0,3.563,11.0,26.92,4.186,19.73,4.888,1.4367,,0.7395,4.635,0.9201,2.659,2.436,0.3652,3.5,0.229,1.179,Continental arc,160.332,55.795,HOLOCENE,2018
2.61,8.961,13.978,50.044,0.339,1.258,9.968,1.171,0.18,9.3,32.6318321,,27.9141235,,18.127964,557.681946,450.274811,29.4705334,155.099976,3.58410954,12.3946705,28.9224606,4.07437801,19.3649139,4.89705563,1.54860854,5.20574856,0.784729421,4.80896854,0.849772871,2.72735095,2.91749549,0.457850873,3.48652744,0.229280338,1.24059653,Continental arc,160.409,55.786,,2015
3.3,8.21,16.71,50.47,0.29,1.14,9.25,1.3,0.12,8.18,29.5,,,,144.1,433.0,779.0,18.9,128.0,11.6,,,,,,,,,,,,,,,,2.6,Continental arc,133.57,35.38,QUATERNARY,2000
3.58,6.85,17.4,50.5,0.55,1.04,8.9,1.42,0.17,9.08,,225.0,153.0,38.0,97.0,491.0,649.0,,145.0,,,,,,,,,,,,,,,,,,Continental arc,160.041,57.333,QUATERNARY,2010
2.61,6.35,17.23,50.71,0.5,2.03,11.05,0.84,0.15,,59.0,299.0,81.0,37.0,48.0,867.0,637.0,26.0,157.0,18.0,39.0,113.0,,47.0,,,,,,,,,,,,,Continental arc,15.21,38.79,HOLOCENE,1993
2.78,5.02,18.67,52.35,0.111,0.741,10.0,0.886,0.154,,21.4,254.1,38.6,27.0,25.3,128.1,194.7,23.37,86.5,3.0,7.39,16.39,2.16,9.99,2.71,0.83,3.25,0.59,3.79,0.81,2.42,2.4,0.36,2.39,0.19,3.74,Continental arc,25.4,36.6,,2009
3.69,6.14,15.35,51.06,0.47,1.74,6.7,1.89,0.17,11.73,28.6,182.0,132.0,51.0,120.0,458.0,387.0,27.92,158.0,30.58,27.73,46.15,5.89,25.49,6.89,2.34,6.87,1.05,5.99,1.09,2.6,2.02,0.3,3.93,1.88,2.96,Continental arc,132.36,43.33,MIOCENE,2005
2.51,9.51,15.4,47.5,0.11,0.24,10.7,1.2,0.19,11.28,3.1,251.0,334.0,50.4,145.0,144.0,309.0,20.2,71.0,6.1,3.31,9.75,,7.81,2.27,0.93,3.22,0.54,3.19,,2.07,1.76,0.26,1.7,0.19,0.28,Continental arc,-86.32,12.109,QUATERNARY,1984; 1994; 1996; 1999; 2001; 2004; 2017
3.2,7.63,14.36,50.13,0.61,2.43,6.87,2.03,0.14,10.06,63.1,155.0,240.0,45.0,208.0,939.0,749.0,22.1,206.0,56.3,43.8,84.2,9.47,38.3,7.6,2.46,6.78,0.92,4.76,0.81,1.97,1.5,0.19,4.79,3.06,5.9,Continental arc,131.795,43.82,MIOCENE,2022
1.8,8.63,16.55,47.57,0.1,0.31,13.82,0.7,0.18,10.19,5.0,299.0,226.0,56.0,66.0,245.0,409.0,18.0,37.0,,,,,,,,,,,,,,,,,,Continental arc,-86.19,12.08,HOLOCENE,
3.39,9.48,12.7,50.7,0.155,0.398,9.97,0.705,0.188,10.08,6.99,390.0,266.0,40.0,74.6,192.0,325.0,12.3,53.0,1.68,5.57,14.3,2.26,11.6,3.01,1.05,2.9,0.414,2.58,0.519,1.41,1.25,0.18,1.57,0.121,,Continental arc,137.65,36.2,,2017
3.19,4.86,16.17,52.79,0.48,2.49,7.07,1.8,0.16,9.49,55.0,217.0,132.0,39.0,60.0,797.0,503.0,26.0,390.0,26.9,43.1,,,,,,,,,,,,,,,6.9,Continental arc,129.8,33.1,CENOZOIC,2009
2.359,5.022,16.013,52.492,0.099,0.323,10.022,1.016,0.199,,9.021,325.845,63.437,32.821,5.181,121.36,269.693,21.369,50.219,2.543,,,,,,,,,,,,,,,,,Continental arc,140.804,39.75,,2017
2.38,9.02,13.06,50.95,0.33,0.37,11.76,1.02,0.24,11.06,5.85,358.0,213.0,,52.0,147.0,195.0,23.62,50.19,1.16,3.58,9.47,1.58,8.36,2.76,1.05,3.72,0.68,4.46,0.95,2.61,2.34,0.36,1.52,0.09,0.29,Continental arc,160.627,55.944,,2014
1.47,6.21,17.92,52.66,0.07,0.2,11.15,0.66,0.18,,2.6,,,,,,192.0,17.0,35.0,1.4,,,,,,,,,,,,,,,,,Continental arc,140.75,38.25,MIOCENE,1989
2.06,6.72,18.36,49.84,0.087,0.15,9.89,0.81,0.181,10.37,4.0,277.0,121.0,,52.0,84.0,301.0,15.0,33.0,1.07,2.75,7.19,1.09,5.82,1.77,0.72,1.94,0.41,2.25,0.49,1.48,1.59,0.24,0.93,0.07,0.37,Continental arc,140.944,40.662,,2009
2.69,7.66,16.36,52.24,0.31,0.95,8.79,1.21,0.16,8.67,24.2,,372.0,37.5,105.0,201.0,453.0,23.6,158.0,6.7,16.4,37.7,,,4.8,1.7,,0.69,,,,2.2,0.34,3.47,0.56,2.19,Continental arc,137.5,35.75,NEOGENE,1993
3.99,5.29,17.81,48.95,0.63,1.62,8.95,1.96,0.16,9.59,18.4,201.0,93.3,30.9,44.8,336.0,586.0,35.1,278.0,29.5,24.3,50.5,6.67,27.4,6.15,1.94,6.25,0.96,5.62,1.13,3.06,2.94,0.44,5.3,1.42,1.91,Continental arc,-87.961,15.207,,2012
2.94,6.18,15.55,48.06,0.53,1.19,8.04,2.54,0.15,,14.72,,,,,467.27,328.08,39.14,210.37,28.47,23.85,54.36,6.06,28.8,7.02,2.16,7.84,1.18,6.92,1.38,3.57,3.32,,4.71,1.79,3.23,Continental arc,132.89,42.83,CENOZOIC,2002
2.8,6.54,14.79,50.82,0.5,1.76,8.29,2.09,0.15,10.12,19.0,175.0,268.0,,177.0,760.0,643.0,20.0,207.0,39.0,37.9,72.2,8.08,32.6,6.22,2.06,5.19,0.73,4.09,0.76,1.75,1.5,0.21,5.04,,4.8,Continental arc,9.64,39.84,NEOGENE,2000
1.77,5.02,18.82,50.63,0.06,0.17,11.86,0.7,0.16,,1.9,,77.0,,11.0,60.3,163.0,18.5,25.5,0.815,2.78,7.13,1.06,1.74,5.43,0.686,2.4,0.441,3.0,0.66,1.75,1.84,0.266,0.89,,0.533,Continental arc,141.0,38.0,QUATERNARY,1997; 2004
1.34,5.45,18.49,50.08,0.05,0.12,11.23,0.75,0.18,10.09,1.3,,,,,,194.0,,,,,,,,,,,,,,,,,,,,Continental arc,140.065,40.175,PLIOCENE,2006; 2008
1.95,10.6,15.0,48.89,0.05,1.13,10.91,1.02,0.25,,,,690.0,45.7,,400.0,,,,,11.1,30.4,,,4.6,11.51,,0.9,,,,2.8,0.47,0.9,,2.2,Continental arc,139.37,41.5,QUATERNARY,1978; 1979
1.871,6.998,17.835,50.239,0.084,0.116,10.17,0.744,0.172,,2.104,202.369,111.361,37.519,54.308,65.533,266.704,13.834,31.915,1.41,,,,,,,,,,,,,,,,,Continental arc,141.004,39.847,,2017
3.22,6.67,18.79,49.13,0.161,0.68,9.07,0.982,0.178,10.37,10.0,256.0,,55.0,36.0,14.4,511.9,17.0,71.7,1.7,5.54,12.6,1.95,9.4,2.59,0.88,2.83,0.429,2.73,0.567,1.61,1.51,0.237,,,,Continental arc,-90.88,14.47,,2012
2.73,6.55,16.41,51.78,0.36,0.64,8.41,1.68,0.21,,17.84,,,,,323.53,476.55,21.34,128.98,12.09,12.65,28.11,3.46,18.19,4.89,1.62,4.93,0.75,3.89,0.77,1.87,1.6,0.23,2.97,0.72,1.28,Continental arc,139.0,47.5,CENOZOIC,2002
2.68,6.28,16.71,49.94,0.17,0.45,10.39,1.09,0.17,9.48,13.0,256.0,38.0,,0.0,126.0,337.0,21.5,88.0,3.08,8.6,19.3,2.87,13.1,3.44,1.14,3.44,0.59,3.65,0.74,2.13,2.09,0.31,1.99,0.2,1.36,Continental arc,175.946,-38.583,,2014
2.10462410199332,4.87706162096529,17.6059900839826,49.8735201861783,0.131539006374583,0.516037640392593,11.3022361631084,0.890417889304867,0.202367702114743,11.24,11.9691,432.4437,16.9416,47.97,15.3036,572.7618,419.3865,19.8432,49.9239,2.1762,4.9491,11.4192,1.7667,9.0441,2.74716,1.07874,3.2175,0.51831,3.5451,0.76284,2.21832,2.106,0.32058,1.35018,0.150111,0.56862,Continental arc,-86.3,12.3,QUATERNARY,2019
2.296,5.243,17.779,52.181,0.111,0.238,8.679,0.884,0.192,,2.375,254.248,55.282,31.824,16.589,155.86,265.678,24.287,68.966,3.337,,,,,,,,,,,,,,,,,Continental arc,140.843,39.791,,2017
2.8,7.14,15.99,49.05,0.5,1.46,9.03,2.71,0.17,11.14,37.0,121.0,139.0,,80.0,380.0,646.0,27.0,199.0,38.0,,,,,,,,,,,,,,,,,Continental arc,130.0,33.25,MIOCENE,1994
2.78,7.45,14.67,46.48,0.64,1.73,8.66,2.68,0.16,,,,,,,490.0,647.0,,,,,,,35.4,7.93,,,,,,,,,,,,Continental arc,134.0,34.75,CENOZOIC,1988
3.28,4.62,17.99,52.83,0.114,0.735,9.27,0.892,0.161,,17.0,265.6,11.6,27.9,14.6,146.7,308.5,23.11,79.3,2.2,7.86,17.67,2.31,9.9,2.66,0.93,3.27,0.57,3.75,0.76,2.34,2.37,0.35,1.93,0.24,3.2,Continental arc,25.4,36.6,,2009
2.38,7.0,16.82,51.97,0.29,1.76,10.73,0.73,0.15,,55.0,255.0,140.0,37.0,67.0,713.0,481.0,22.0,113.0,13.0,14.0,49.0,,22.0,,,,,,,,,,,,,Continental arc,15.21,38.79,,1993
2.75,9.35,16.34,50.49,0.11,0.33,9.18,0.85,0.15,7.96,3.3,155.1,614.9,,230.2,61.0,244.1,21.5,92.9,2.2,,,,,,,,,,,,,,,,,Continental arc,137.25,37.25,,2013
3.12,4.89,17.46,50.92,0.21,0.36,9.54,1.31,0.23,11.96,5.26,,,,,149.0,404.0,28.1,57.0,1.13,4.38,12.5,2.23,12.2,3.76,1.22,4.4,0.732,4.67,0.969,2.71,2.75,0.416,1.9,0.063,0.295,Continental arc,158.156,52.5,,2014
2.53,6.75,13.8,49.5,0.103,0.309,10.6,1.21,0.196,12.6,9.35,364.0,118.0,45.0,130.0,46.0,201.0,23.4,51.0,3.59,3.81,10.1,1.54,8.03,2.62,1.05,3.6,0.629,4.26,0.927,2.71,2.52,0.367,1.59,0.267,,Continental arc,137.65,36.2,,2017
2.53,6.66,13.64,51.59,0.24,0.38,10.48,2.07,0.19,12.05,9.6,221.0,65.3,28.7,29.0,132.0,275.0,28.0,74.6,4.8,7.31,16.14,,12.79,3.73,1.16,3.91,,4.3,,2.75,2.32,0.29,,,,Continental arc,140.28,37.62,QUATERNARY,1987; 1988; 1992
2.56,7.88,15.05,52.21,0.24,0.28,8.98,1.17,0.18,,5.46,204.0,204.0,,165.0,148.0,241.0,17.0,89.7,10.3,16.8,35.2,4.28,17.5,3.75,1.25,3.93,0.66,3.8,0.76,2.08,1.86,0.29,2.44,1.23,2.7,Continental arc,130.25,33.25,,2009
2.46,10.59,13.46,48.79,0.23,1.35,10.09,0.97,0.18,,45.9,,,,,,267.0,,,,,,,,,,,,,,,,,,,,Continental arc,134.17,34.45,MIOCENE,1982; 1983; 2006
2.69,8.24,16.68,48.85,0.43,2.08,7.92,1.88,0.13,8.81,37.9,192.0,307.0,37.4,223.0,902.0,719.0,21.0,179.8,39.4,38.32,68.88,6.81,29.5,6.38,2.0,5.81,0.78,4.29,0.74,2.0,1.57,0.2,4.78,2.7,4.8,Continental arc,9.7,40.38,PLIOCENE,2002
2.04,6.46,18.0,48.8,0.11,0.34,12.0,0.74,0.19,10.0,6.0,316.0,77.0,,30.0,357.0,461.0,,,,,,,,,,,,,,,,,,,,Continental arc,-86.7,12.5,HOLOCENE,1986
3.78,6.42,17.7,50.1,0.41,1.09,9.32,1.49,0.17,9.38,12.0,249.0,125.0,37.0,61.0,395.0,649.0,22.0,139.0,8.6,14.1,33.57,4.57,20.0,4.7,1.51,4.86,0.72,4.4,0.89,2.5,2.23,0.34,3.11,0.5,1.4,Continental arc,160.089,57.415,QUATERNARY,2010
3.02,8.04,15.48,48.61,0.2,0.66,8.49,1.3,0.15,,14.1,,340.0,20.1,132.0,220.0,340.0,21.4,,,10.1,22.8,,13.4,6.3,2.1,,1.18,5.3,,,2.3,0.31,2.41,0.9,1.37,Continental arc,130.3,31.75,CENOZOIC / PALEOCENE-EOCENE,1990
3.08,4.68,17.2,49.2,0.26,0.94,9.1,1.26,0.19,11.3,22.1,314.0,70.0,,,179.5,337.0,29.6,127.0,9.2,12.7,27.7,3.67,15.7,4.3,1.41,4.98,0.88,4.97,1.02,3.14,2.52,0.5,2.9,0.6,2.99,Continental arc,109.21,-7.24,HOLOCENE,2021
3.76,7.12,17.4,49.3,0.44,1.29,8.95,1.67,0.17,9.55,13.0,223.0,167.0,41.0,99.0,319.0,605.0,23.0,164.0,16.4,15.18,34.72,4.59,19.81,4.66,1.58,4.87,0.73,4.46,0.91,2.51,2.21,0.34,3.44,1.02,1.31,Continental arc,160.025,57.448,QUATERNARY,2010
2.36,11.19,15.3,47.2,0.19,0.97,9.98,1.73,0.16,8.58,18.0,195.0,717.0,15.0,190.0,72.0,411.0,22.0,32.0,8.0,17.0,11.0,,,,,,,,,,,,,,,Continental arc,8.87,39.63,CENOZOIC,2000
2.52,6.09,16.59,50.93,0.21,1.66,10.79,0.85,0.13,,22.0,,69.0,49.0,19.0,680.0,865.0,19.0,85.0,6.0,28.0,40.0,,,,,,,,,,,,,,6.0,Continental arc,95.25,20.92,CENOZOIC,1984
2.96983381135453,5.33959846219564,18.5919733121784,52.4501128943675,0.201379142002807,0.620410487988446,9.45871727588943,1.05673196232786,0.170867150790261,9.14037550090519,11.1253270518057,,48.0,,35.0,228.689122726627,384.595386390615,20.0267665227021,86.0,3.16514615154464,6.82656997700878,16.2405869686078,2.18843460107724,10.6949114219881,3.11723933612347,1.11166766542152,3.46453058449946,0.584867441615317,3.68964290816743,0.743781002895903,2.15884110169698,1.8698179327994,0.300462037490469,2.37587015754264,0.203054876844797,0.945106379181674,Continental arc,-161.755,55.449,HOLOCENE,2009
1.27,9.66,15.0,47.28,0.1,0.28,14.39,0.67,0.18,9.69,8.0,,265.0,,74.0,239.0,371.0,15.0,34.0,,,,,,,,,,,,,,,,,,Continental arc,-86.19,12.08,HOLOCENE,
2.11,6.22,17.03,50.18,0.13,0.56,11.31,0.82,0.18,9.41,16.0,,,,0.0,,280.0,,54.0,,,,,,,,,,,,,,,,,,Continental arc,176.486,-38.288,,2014
3.42,7.44,13.76,47.43,0.19,0.36,9.87,1.96,0.16,11.41,4.0,330.0,328.0,54.6,72.0,67.0,406.0,36.0,150.0,12.0,9.05,28.3,,,4.58,1.39,,,,,,2.87,0.429,3.23,,,Continental arc,136.35,35.25,PERMIAN,2008
2.57,6.04,17.77,49.79,0.49,2.17,11.58,0.91,0.15,7.97,64.44,246.9,52.15,29.88,38.01,908.8,712.4,24.79,147.5,16.78,42.09,88.09,10.47,41.36,8.11,2.02,6.62,0.9,4.85,0.87,2.33,2.22,0.34,3.53,1.18,14.39,Continental arc,15.21,38.79,,2012
2.72,7.24,14.64,50.02,0.37,1.24,9.02,2.14,0.17,,24.9,283.0,392.0,,210.0,403.0,450.0,24.5,188.0,33.6,29.3,58.2,6.77,28.0,6.03,2.06,6.15,0.92,5.25,1.01,2.63,2.15,0.33,4.68,2.04,4.23,Continental arc,130.25,33.25,,2009
2.62,6.03,17.63,50.57,0.43,2.26,11.11,0.81,0.14,7.59,72.6,265.7,78.5,32.5,49.0,1033.9,764.2,26.0,171.6,20.8,51.1,101.5,11.7,44.0,8.2,1.9,6.4,0.9,4.7,0.8,2.2,2.2,0.3,3.5,1.2,16.5,Continental arc,15.21,38.79,,2012
3.11,10.95,14.6,46.29,0.51,1.49,8.27,1.81,0.18,,22.0,220.0,433.0,40.3,245.0,252.0,756.0,20.0,144.0,20.0,22.7,48.5,,22.1,5.0,1.45,,0.65,,,,1.47,0.185,3.29,1.62,2.61,Continental arc,162.2,55.5,,1997
1.96,6.91,18.23,51.09,0.09,0.15,10.68,0.78,0.16,,4.9,245.0,138.0,36.0,79.0,62.0,293.0,12.3,24.8,1.1,2.0,5.2,,,1.3,0.53,,0.29,,,,1.1,0.15,0.19,,0.32,Continental arc,140.98,39.88,,1982; 1984
3.63651,5.51847,18.76814,51.62965,0.22132,0.82906,9.37253,1.00127,0.14784,8.46,12.06,252.5,47.06,32.45,19.97,432.6,628.9,17.96,89.75,3.646,9.329,20.89,2.987,13.125,3.1575,1.0315,3.21133333333333,0.5195,3.05925,0.6373,1.79566666666667,1.635,0.2498,2.17466666666667,0.1912,1.01485051526194,Continental arc,-91.55,14.76,,2011
3.28,5.44,17.47,51.39,0.41,1.47,8.71,1.26,0.14,9.08,25.6,221.5,124.3,,75.01,600.5,562.5,30.7,145.0,20.4,21.7,40.8,,27.2,5.38,1.29,5.42,,4.91,,2.65,2.8,,,,,Continental arc,-87.341,14.136,,1997
3.41,7.96,15.28,49.36,0.34,1.06,8.45,1.75,0.14,11.31,21.5,199.0,257.0,58.0,188.0,320.0,500.0,15.47,94.0,14.6,14.22,30.32,3.92,16.61,3.98,1.39,4.1,0.61,3.35,0.66,1.73,1.44,0.21,2.7,1.12,1.88,Continental arc,140.2,49.0,MIOCENE,2005
3.66,8.72,13.53,50.32,0.1,0.35,11.76,1.03,0.16,10.37,5.0,,627.0,41.0,134.0,225.0,600.0,22.0,81.0,6.0,,,,,,,,,,,,,,,,,Continental arc,78.2,34.9,PERMIAN,2007
2.63,4.71,14.4,49.4,0.34,1.3,9.91,1.23,0.25,12.7,30.0,432.0,,,,1034.0,442.0,,138.0,,,,,,,,,,,,,,,,,,Continental arc,-86.15,11.98,QUATERNARY,1993
2.87,8.56,14.22,50.87,0.35,0.56,8.44,1.69,0.19,,11.0,184.0,326.0,62.0,164.0,37.0,270.0,25.0,130.0,6.0,9.0,24.0,,,,,,,,,,,,,,,Continental arc,175.1,-37.25,,1979
3.21450189155107,5.51,17.29,51.25,0.43,2.7,8.48,1.21,0.15,7.09051077009397,110.0,206.0,132.0,26.0,57.0,835.0,565.0,24.0,137.0,,,,,,,,,,,,,,,,,,Continental arc,-2.988,35.255,NEOGENE,2005
3.76,6.65,17.28,50.13,0.3,1.07,8.73,1.3,0.16,8.96,,,,,,419.0,584.0,26.5,,6.57,14.14,32.35,4.58,20.48,4.84,1.53,4.76,0.74,4.68,0.93,2.55,2.68,0.4,3.27,0.7,1.49,Continental arc,-90.289,14.262,QUATERNARY,2007; 2009
3.43,8.48,15.87,47.82,0.54,2.19,8.31,1.83,0.18,9.64,48.1,174.0,259.0,52.0,161.0,944.0,935.0,20.81,200.0,72.31,51.64,99.92,9.63,34.76,6.0,1.97,5.52,0.77,3.81,0.73,1.96,1.69,0.25,4.3,3.35,4.87,Continental arc,140.16,48.55,MIOCENE,2005
2.69,5.95,18.16,51.6,0.15,0.46,9.44,0.86,0.18,8.7,9.18,224.0,,,,170.0,337.0,19.6,58.3,3.02,5.5,14.1,1.95,9.07,2.42,0.938,3.08,0.511,2.94,0.662,2.07,1.73,0.303,1.55,0.192,0.718,Continental arc,140.75,38.25,MIOCENE,2015
2.69,6.07,16.63,51.05,0.19,0.69,10.2,1.08,0.17,8.83,17.0,250.0,68.0,,0.0,196.0,336.0,23.6,96.0,4.34,9.9,23.9,3.21,14.3,3.4,1.16,3.56,0.61,3.91,0.79,2.26,2.22,0.33,2.41,0.27,2.09,Continental arc,176.067,-38.356,,2014
3.64,7.25,17.29,47.87,0.42,0.89,9.24,1.8,0.19,10.7,18.0,,145.0,45.0,82.0,212.0,528.0,25.0,180.0,,20.0,53.0,,,5.3,,,0.6,,,,3.1,0.5,,,2.6,Continental arc,134.78,35.466,,1990
2.61,9.2,15.49,51.02,0.27,0.56,10.18,1.07,0.13,8.89,7.0,164.0,370.0,,80.0,158.0,265.0,17.3,78.0,3.1,9.07,21.5,2.94,12.7,3.11,0.968,3.03,0.53,3.12,0.67,1.82,1.8,0.258,1.9,0.29,1.16,Continental arc,175.0,-38.5,,1990; 1996; 2017
3.78,5.58,17.06,48.99,0.57,1.7,8.81,2.55,0.18,10.51,16.73,260.3,84.03,,87.45,298.39,530.9,33.58,273.39,47.27,27.56,56.56,7.11,27.59,6.42,1.66,6.68,1.0,6.06,1.21,3.37,3.07,0.45,5.09,2.29,2.26,Continental arc,-87.981,14.93,,1997; 2009
3.431,4.946,17.494,52.868,0.204,1.046,8.281,1.122,0.167,8.67,19.377,275.041,39.463,32.93,25.645,406.245,351.847,24.438,91.241,1.77,6.229,15.42,2.444,11.65,3.268,1.067,3.712,0.611,3.728,0.801,2.298,2.118,0.332,2.219,0.112,0.771,Continental arc,160.63,56.05,,2017
2.17,11.86,13.34,51.82,0.12,0.58,10.27,0.83,0.16,8.85,7.67,236.0,760.0,,186.0,202.0,242.0,15.26,58.25,1.24,3.73,9.91,1.55,7.81,2.22,0.76,2.65,0.44,2.85,0.6,1.59,1.63,0.24,1.6,0.12,0.36,Continental arc,160.63,56.05,,2013
3.8,5.72,16.71,49.96,0.57,2.34,7.84,2.29,0.09,,48.0,185.0,114.0,42.0,143.0,1315.0,888.0,19.0,202.0,39.0,40.0,117.0,,36.0,,,,,,,,,,,,,Continental arc,8.5,40.5,PLIOCENE,1990
2.76,10.13,13.74,46.94,0.36,0.88,9.59,2.36,0.19,10.82,12.0,218.38,328.44,,,395.42,644.0,37.6,163.0,31.2,24.08,41.52,5.48,24.3,5.81,1.92,6.46,0.92,5.47,1.04,2.79,2.25,0.33,4.14,1.94,1.65,Continental arc,-83.718,12.308,PLEISTOCENE,2011
2.54,6.22,17.29,50.63,0.47,2.16,11.05,0.87,0.16,,63.0,258.0,90.0,,44.0,938.0,682.0,,175.0,,,,,,,,,,,,,,,,,,Continental arc,15.21,38.79,HOLOCENE,1993; 2004
3.64,7.0,17.32,48.41,0.52,1.65,8.7,1.94,0.15,8.87,12.8,205.1,187.8,,120.8,279.78,824.94,30.66,231.77,39.53,24.44,48.44,6.05,22.63,5.08,1.41,5.26,0.81,4.9,1.01,2.84,2.5,0.38,4.1,1.96,1.9,Continental arc,-87.98,14.98,,1997; 2004; 2009
3.95,10.69,15.57,47.48,0.45,0.84,8.24,2.04,0.13,8.94,40.0,201.0,403.0,54.0,293.0,883.0,806.0,17.0,167.0,42.0,40.0,71.0,,34.0,,,,,,,,,,,,,Continental arc,9.7,40.38,PLIOCENE,2002
3.09,4.54,17.64,51.41,0.31,2.1,9.26,1.03,0.17,9.17,44.2,295.0,59.9,30.0,15.3,545.0,421.0,23.3,85.0,3.11,17.5,35.0,4.34,18.0,4.17,1.33,4.24,0.629,3.88,0.856,2.22,2.23,0.377,2.47,0.25,7.75,Continental arc,110.568,-7.487,,2011; 2014
2.14,4.58,19.0,49.02,0.15,1.06,10.15,0.97,0.2,9.99,29.0,,,,,150.0,400.0,,,,,,,,,,,,,,,,,,,,Continental arc,8.65,40.4,MIOCENE,1975
2.53,6.39,17.53,49.15,0.56,1.88,11.61,0.92,0.16,,54.8,255.0,49.8,31.5,45.0,843.0,679.0,24.1,138.0,14.9,40.1,81.0,,38.2,7.7,2.1,,0.88,,,,2.16,0.3,3.3,1.0,12.1,Continental arc,15.21,38.79,,2009
2.37,6.96,16.4,49.0,0.1,0.14,12.1,1.26,0.17,11.1,3.0,254.0,136.0,,74.0,105.0,286.0,,,6.4,,,,,,,,,,,,,,,,,Continental arc,-85.98,11.97,,1984
2.52,5.4,18.56,51.15,0.21,0.76,9.21,0.68,0.21,9.38,23.0,,52.0,,,250.0,390.0,,,,8.3,19.7,,,3.39,1.17,,0.58,,,,2.8,0.41,1.8,,1.4,Continental arc,138.0,37.0,QUATERNARY,1981; 1987
3.26,5.35,18.67,52.4,0.18,0.7,9.17,1.07,0.18,9.03,9.51,263.0,31.0,29.0,16.0,207.0,314.0,22.68,86.0,1.95,6.39,14.41,2.33,12.07,3.49,1.21,4.1,0.67,4.52,0.91,2.77,2.6,0.39,2.48,0.11,0.35,Continental arc,160.569,55.984,,2013
2.99,5.6,17.94,52.35,0.15,0.68,9.97,0.79,0.17,8.44,,215.0,130.0,,35.0,134.0,269.0,,70.7,,,,,,,,,,,,,,,,,,Continental arc,108.05,-7.25,,2009
3.57,7.15,17.26,50.6,0.45,1.62,7.38,1.56,0.15,,55.0,203.0,186.0,,125.0,369.0,510.0,23.0,246.0,16.0,,,,,,,,,,,,,,,,,Continental arc,133.1,35.5,MIOCENE,1997
2.56,5.7,18.7,49.1,0.15,0.6,11.6,0.8,0.2,10.36,15.0,291.0,24.0,,26.0,465.0,510.0,,98.0,,5.0,,,,,,,,,,,,,,,,Continental arc,-87.0,12.7,QUATERNARY,1984; 1986; 1994; 2017
2.18,6.4,17.92,50.6,0.15,0.46,10.98,0.74,0.16,,5.5,,97.0,,35.0,,333.0,24.0,49.0,1.8,,,,,,,,,,,,,,,,,Continental arc,139.72,37.37,PLIOCENE,1990
2.52,8.81,15.27,45.98,0.61,1.89,9.8,2.35,0.18,,48.0,,200.0,48.0,140.0,520.0,720.0,27.0,240.0,,38.9,79.9,,32.4,7.1,2.44,,1.03,,,,1.94,,4.39,2.9,5.55,Continental arc,133.5,34.75,CENOZOIC,1989
2.7,7.08,15.32,52.8,0.24,1.02,8.23,1.32,0.15,9.4,26.0,212.0,295.0,43.0,116.0,226.0,308.0,19.3,120.0,12.9,17.6,35.8,4.56,18.5,4.37,1.44,4.56,0.7,4.2,0.82,2.22,2.0,0.29,3.2,0.81,3.33,Continental arc,129.45,33.35,CENOZOIC,2009; 2014
3.27,8.23,18.6,45.3,0.21,0.92,8.6,0.89,0.13,,,,,,,,,,,,14.35,39.3,,26.3,6.9,2.39,7.4,,7.14,,3.68,2.99,0.449,,,,Continental arc,139.53,38.53,MIOCENE,1979
2.55,5.76,18.39,49.92,0.48,2.15,11.67,0.85,0.14,,66.0,251.0,46.0,30.0,36.0,912.0,731.0,25.0,156.0,17.4,43.0,88.0,10.4,41.0,7.9,2.1,6.5,0.91,4.9,0.88,2.4,2.2,0.34,3.7,1.19,14.3,Continental arc,15.216,38.794,HOLOCENE,2006
3.033,9.182,17.28,47.89,0.194,1.082,11.41,0.8938,0.1575,7.74,49.48,284.4,310.0,44.2,170.3,269.1,456.2,19.12,92.35,5.598,14.1,31.24,3.803,15.31,3.432,1.114,3.242,0.5222,3.34,0.6791,1.961,1.924,0.2796,2.063,0.2704,4.5,Continental arc,23.305,37.631,,2022
3.9,6.0,15.41,46.58,0.86,2.3,7.34,2.73,0.17,10.4,63.0,155.0,108.0,34.0,114.0,638.0,1050.0,32.6,344.0,82.8,62.4,116.0,14.4,57.5,10.5,3.52,9.76,1.34,6.89,1.18,3.0,2.46,0.32,8.5,6.08,7.07,Continental arc,-0.45,39.37,NEOGENE,2002
4.02,7.27,15.94,50.53,0.32,1.28,6.18,2.16,0.13,10.93,9.0,,1160.0,90.0,430.0,149.0,311.0,23.0,183.0,21.0,,,,,,,,,,,,,,,,,Continental arc,136.05,35.65,,2002
3.41,6.76,16.77,48.66,0.49,1.29,8.47,1.41,0.15,10.17,31.0,210.0,100.0,41.0,94.0,,649.0,,135.0,,,,,,,,,,,,,,,,,,Continental arc,140.0,51.5,EOCENE,2005
3.7,6.68,14.65,48.0,0.93,1.57,8.74,3.07,0.17,12.47,26.0,,156.6,,41.0,363.0,943.0,27.0,192.0,28.0,56.7,117.2,,70.7,11.7,3.5,,1.1,,,,2.8,0.4,6.1,2.5,4.2,Continental arc,130.25,33.5,CENOZOIC,2003
2.14,7.24,17.85,50.58,0.15,0.65,10.01,0.82,0.18,9.2,10.5333333333333,274.333333333333,243.333333333333,46.8333333333333,81.8333333333333,196.666666666667,323.666666666667,15.1666666666667,49.4333333333333,1.76333333333333,5.25,11.6,1.72333333333333,8.29333333333333,2.13333333333333,0.821,2.45333333333333,0.403666666666667,2.73666666666667,0.563333333333333,1.65666666666667,1.60666666666667,0.254666666666667,1.24333333333333,0.327,0.641666666666667,Continental arc,-86.0,13.0,,2020
2.0,6.0,18.8,49.4,0.11,0.37,11.9,0.73,0.19,10.4,7.2,342.0,40.0,,28.0,340.0,455.0,14.8,47.0,2.5,3.18,7.78,,6.0,1.69,0.69,2.34,,2.39,,1.44,1.42,,,,0.29,Continental arc,-86.7,12.5,HOLOCENE,1986; 1994; 2001; 2004; 2017
1.96,6.91,18.23,51.09,0.3,0.15,10.68,0.78,0.16,,,,,,,621.0,293.0,12.3,24.8,1.1,2.0,5.2,,,1.3,0.53,,,,,,1.1,0.15,0.19,,0.32,Continental arc,140.98,39.88,QUATERNARY,1992
2.24,7.53,16.69,49.74,0.1,0.3,10.2,0.8,0.18,9.15,3.98,254.0,,,,121.0,248.0,19.3,42.9,1.81,4.01,10.2,1.48,7.21,2.08,0.812,2.77,0.474,3.05,0.691,1.95,1.77,0.288,1.25,0.111,0.561,Continental arc,140.75,38.25,MIOCENE,2015
2.13,6.22,17.15,50.54,0.13,0.56,11.4,0.83,0.18,9.23,14.0,269.0,20.0,,0.0,192.0,311.0,18.2,59.0,2.7,6.7,15.5,2.12,9.9,2.57,0.88,2.64,0.49,3.05,0.62,1.78,1.75,0.26,1.7,0.19,1.5,Continental arc,176.486,-38.288,,2014
1.93,6.2,17.17,51.3,0.57,1.32,10.0,0.97,0.14,8.47,57.0,289.0,80.0,31.0,40.0,903.0,626.0,22.0,155.0,20.0,36.0,70.3,8.1,33.0,6.8,1.8,5.7,0.9,4.1,0.8,2.2,1.9,0.29,3.7,1.1,15.0,Continental arc,15.21,38.79,,2011
3.01,8.04,16.23,52.14,0.13,0.66,9.53,0.89,0.16,8.49,10.0,268.0,289.0,,85.0,234.0,307.0,19.0,72.0,1.0,9.0,7.0,,12.0,,,,,,,,,,,,,Continental arc,160.63,56.05,HOLOCENE,1994
2.41,10.79,15.97,52.04,0.13,0.57,9.43,0.8,0.13,7.72,11.0,159.0,807.0,,200.0,190.0,331.0,14.0,66.0,9.0,,,,,,,,,,,,,,,,,Continental arc,131.05,33.5,NEOGENE,1990
3.44,6.49,16.9,52.7,0.36,1.05,8.58,1.164,0.16,8.1,,214.0,147.0,31.0,96.0,463.0,507.0,,147.0,6.7,13.7,33.52,4.35,18.69,4.44,1.31,4.45,0.67,4.12,0.84,2.41,2.18,0.34,3.26,0.42,1.31,Continental arc,160.25,57.8167,QUATERNARY,2010
3.19,8.58,14.46,50.11,0.33,0.72,8.47,1.88,0.26,,15.0,197.0,291.0,60.0,129.0,107.0,355.0,25.0,148.0,6.0,13.0,39.0,,,,,,,,,,,,,,,Continental arc,175.1,-37.25,,1979
3.0,6.5,17.35,51.3,0.17,0.37,10.37,1.18,0.15,8.23,2.4,216.3,144.0,34.5,41.0,126.0,272.0,28.6,81.0,5.27,,15.2,,,,,,,,,,,,,,2.5,Continental arc,140.5272,40.3392,,2011
3.27,7.73,15.94,50.51,0.45,1.07,8.75,1.23,0.14,8.53,18.0,214.0,338.0,,96.8,380.0,720.0,34.0,98.1,7.6,,,,,,,,,,,,,,,,,Continental arc,133.0,35.0,CENOZOIC,1990
2.76,10.7,13.81,49.54,0.35,1.03,9.89,1.61,0.17,10.13,25.0,196.0,662.0,,195.0,275.0,604.0,26.0,133.0,19.0,,,,,,,,,,,,,,,,,Continental arc,130.0,33.25,MIOCENE,1994
1.63,11.29,13.72,44.31,0.39,1.98,11.48,1.16,0.16,8.93,27.9,191.0,351.0,37.7,193.0,780.0,1026.0,19.3,120.0,11.8,52.8,105.0,13.4,53.3,9.99,2.72,7.11,0.96,4.38,0.79,2.09,1.68,0.24,2.81,0.68,5.99,Continental arc,95.3,22.22,QUATERNARY,2016
3.62,7.19,16.32,49.5,0.51,2.59,6.79,1.91,0.12,,52.0,,,,,,738.0,30.0,,48.0,,,,,,,,,,,,,,,,,Continental arc,8.7,40.0,NEOGENE,1975
2.11,5.43,16.66,50.77,0.14,0.52,9.58,1.27,0.13,11.84,6.04,512.0,,,,174.0,287.0,21.7,50.6,1.88,5.63,13.7,1.93,8.98,2.67,0.971,3.21,0.577,3.56,0.813,2.29,2.03,0.332,1.48,0.111,1.19,Continental arc,140.34,41.255,MIOCENE,2015
2.42,9.8,13.81,51.25,0.21,0.84,11.88,0.95,0.18,8.67,15.5,,430.0,,107.0,213.0,293.0,19.3,68.0,1.56,9.0,21.0,2.9,12.5,3.6,1.19,3.87,0.64,3.87,0.79,2.11,1.85,0.29,1.99,0.11,0.59,Continental arc,160.24,55.682,HOLOCENE,2011
2.33085895715802,7.60113831847481,18.036521607733,47.4785835348606,0.147085368038383,0.362280248896204,11.0471090655917,0.812042067866969,0.188827752452747,10.2,4.75172144489382,301.8,83.79,,47.25,288.409215216338,603.506534918459,14.9524045344037,44.6351363888397,2.08092205911716,5.02877846553051,11.7209153535515,1.85769525241157,8.76054729517187,2.33483196048031,0.933299351888545,2.63755950605261,0.431866302681135,2.57447859220514,0.5466205149163,1.50044221011578,1.46266522103559,0.227073896021191,1.29219444857141,0.131670765538768,0.455148879029894,Continental arc,-88.5,13.75,,1981; 2005
2.69,5.3,18.4,50.2,0.17,0.38,10.5,1.0,0.18,9.99,4.03,329.0,63.0,38.0,10.0,150.0,417.0,24.0,58.0,2.0,4.64,12.0,0.0,9.91,2.94,1.03,3.38,,3.66,,2.34,2.16,0.321,1.55,,0.199,Continental arc,158.137,52.473,PLEISTOCENE,2007
3.01619167717528,7.17,16.98,48.93,0.35,1.54,10.59,1.25,0.15,7.92733501072689,46.0,251.0,,36.0,67.0,,567.0,14.3,107.0,33.4304419562232,29.6358246560695,56.7784909544763,6.42301651979539,24.4935596831864,4.82811161798625,1.36318623468302,4.44907364827193,0.586168116381157,3.35529064228144,0.641812879575576,1.75735516297388,1.58700143632091,0.230060843364092,2.46146034094137,1.80524614133522,6.98726586036636,Continental arc,-3.042,35.22,NEOGENE,2005
3.208,4.825,18.833,52.025,0.294,1.234,9.047,0.916,0.202,9.16,27.094,253.373,22.962,32.008,14.053,396.79,507.715,26.691,89.026,6.108,18.26,38.77,4.962,20.81,4.82,1.397,4.904,0.74,4.385,0.901,2.661,2.456,0.389,2.397,0.288,4.494,Continental arc,109.968,-7.333,PLEISTOCENE,
2.05,4.76,18.42,51.5,0.08,1.08,10.22,0.73,0.19,9.87,31.0,,,,,,586.0,14.0,56.0,5.0,,,,,,,,,,,,,,,,,Continental arc,14.816,38.566,,2016
2.18,8.94,15.97,50.57,0.3,0.97,10.97,0.68,0.16,,20.0,,426.0,,111.0,405.0,774.0,21.0,91.0,14.0,29.3,56.9,,22.9,4.43,1.63,,0.59,,,,2.01,0.28,1.88,0.81,5.0,Continental arc,11.366,38.55,,1992; 2004
3.03,9.42,16.47,47.33,0.39,1.11,7.89,1.79,0.14,,30.0,,200.0,41.8,,484.0,699.0,20.0,126.0,21.0,12.5,28.3,,12.8,4.0,1.6,4.4,0.72,,,,0.84,0.18,0.6,,1.65,Continental arc,140.2,49.0,MIOCENE,1995
3.4,8.4,17.7,52.2,,0.8,8.4,0.8,0.2,,15.9,,101.0,23.0,36.0,165.0,293.0,,70.0,,6.9,15.6,,,2.4,0.91,,0.41,,,,1.7,,2.0,0.24,1.74,Continental arc,108.05,-7.25,HOLOCENE,1992
4.01,6.34,17.88,51.15,0.41,1.55,7.67,1.73,0.14,,43.0,180.0,88.0,,73.0,356.0,475.0,31.0,239.0,19.0,,,,,,,,,,,,,,,,,Continental arc,133.1,35.5,MIOCENE,1997
4.10669790993753,7.30358267763926,17.7900067007186,51.9024824758152,0.557724484104852,2.17472424737288,8.58153410344786,1.06128148234341,0.101313260601781,6.42065265801859,24.44,,,,164.343300386959,676.645636078638,2012.42848663219,14.05,151.8,19.62,60.69,119.2,12.12,43.65,5.912,1.961,5.533,0.5997,3.102,0.5264,1.344,1.207,0.1856,3.291,1.131,7.188,Continental arc,133.088,35.188,QUATERNARY,2014
2.87,11.03,13.89,50.78,0.19,1.09,8.86,0.86,0.17,,10.0,250.0,636.0,44.0,190.0,375.0,472.0,,,,5.2,11.6,,9.0,2.44,0.79,2.6,0.51,,,,1.6,0.2,1.7,0.07,0.65,Continental arc,161.4,56.65,,2000
1.78,6.722,18.35,50.533,0.068,0.132,11.43,0.66,0.159,,2.144,221.315,96.018,35.541,37.529,114.799,307.341,14.477,37.205,1.565,,,,,,,,,,,,,,,,,Continental arc,140.837,39.785,,2017
1.28,6.32,17.48,51.63,0.05,0.15,11.36,0.6,0.17,9.2,1.1,,,,,,165.0,,,,,,,,,,,,,,,,,,,,Continental arc,140.065,40.175,PLIOCENE,2006; 2008
2.41,7.98,17.07,49.66,0.21,0.86,10.36,0.83,0.162,9.411908,13.6949471783214,218.0,197.0,33.0,68.0,266.593923747959,523.858772920288,15.4437161723317,60.0,1.16790082268889,4.87057970700729,12.70832814462,1.92057653171682,10.123317456881,2.70508634625099,0.955165751955274,3.01308792217645,0.45003788980552,2.91704726852854,0.571524769430613,1.6228518077506,1.46528223166116,0.220909504221693,1.39662227213683,0.0839287724615718,0.407179476077073,Continental arc,158.536,56.09,CENOZOIC,
3.28,6.33,13.99,50.42,0.29,0.5,8.33,3.18,0.16,11.15,8.0,,,,,,361.0,,198.0,,,,,,,,,,,,,,,,,,Continental arc,-83.844,12.281,PLEISTOCENE,2011
2.94,5.46,17.37,51.68,0.13,0.59,9.97,1.17,0.16,9.13,14.0,,153.0,,58.0,91.0,202.0,35.0,117.0,2.1,,,,,,,,,,,,,,,,,Continental arc,137.25,37.25,,2013
2.47,6.66,17.1,50.14,0.44,2.11,11.74,0.83,0.15,7.73,66.3,270.8,141.8,33.5,54.6,971.3,753.3,25.8,159.9,19.1,48.9,97.9,10.7,42.2,8.6,2.1,6.9,0.9,5.0,0.9,2.5,2.2,0.4,3.5,1.1,15.8,Continental arc,15.21,38.79,,2012
3.49,8.36,15.3,50.0,0.48,2.52,7.08,1.9,0.13,10.14,43.0,182.0,324.0,37.0,180.0,1198.0,752.0,19.0,208.0,37.0,41.0,81.6,,36.4,7.06,2.13,5.98,,3.84,,1.79,1.36,0.21,,,0.0,Continental arc,8.8,39.7,PLIOCENE,
3.08,5.56,16.96,49.79,0.4,1.57,9.9,1.26,0.18,9.816818,26.4001588496429,262.0,76.0,26.0,30.0,455.328329328852,767.636342311127,26.9967984655472,99.0,4.70537203242617,10.3168464697935,26.2864403843273,3.77117457758734,18.8494930179502,4.87870688023548,1.59201663004938,5.30774756304723,0.783685195908126,4.70001277513994,0.913108994402625,2.74972981277746,2.49999778035128,0.365499880718008,3.25300770121598,0.331870107654893,1.20538351669562,Continental arc,158.268,56.995,CENOZOIC,
2.54,6.02,16.53,52.41,0.6,3.79,9.98,0.9,0.15,7.47,124.0,260.0,110.0,25.0,30.0,1547.0,720.0,26.0,169.0,21.0,53.0,107.0,10.5,39.0,9.1,2.2,7.1,1.1,5.0,0.9,2.6,2.2,0.33,4.5,1.3,18.4,Continental arc,15.211,38.806,HOLOCENE,2014
2.38,6.42,18.02,48.19,0.13,0.34,11.85,0.95,0.19,,4.0,362.0,59.0,42.0,36.0,121.0,421.0,20.0,43.0,1.4,3.92,11.16,1.75,8.55,2.69,0.96,3.18,0.54,3.45,0.72,2.05,1.92,0.29,1.15,0.09,0.33,Continental arc,159.6,54.07,NEOGENE,2009
3.23,8.51,14.8,47.83,0.33,1.15,9.04,1.44,0.16,,28.0,,340.0,49.0,150.0,400.0,460.0,22.0,130.0,,19.9,40.5,,18.7,4.11,1.48,,0.82,,,,2.33,,2.76,2.2,2.68,Continental arc,130.0,33.25,CENOZOIC,1989
2.84,8.58,14.18,46.38,0.73,1.49,9.08,3.07,0.2,13.46,27.0,,213.6,,94.0,331.0,711.0,27.0,189.0,30.0,30.5,78.6,,37.1,8.9,2.5,,1.4,,,,2.1,0.3,4.8,1.9,2.7,Continental arc,130.25,33.5,CENOZOIC,2003
2.76,9.0,14.68,50.56,0.363,1.31,9.77,1.2,0.177,9.56,28.87,269.4,943.0,42.01,440.6,313.5,303.0,24.81,136.0,3.397,10.63,26.14,4.05,18.85,4.731,1.4084,7.0,0.7305,4.504,0.8942,2.572,2.372,0.3554,3.31,0.218,1.115,Continental arc,160.332,55.795,HOLOCENE,2017; 2018
2.84,8.76,14.95,51.0,0.381,1.34,9.829,1.23,0.177,9.73,29.29,270.9,1184.0,43.12,572.2,317.5,299.7,24.88,147.0,3.63,10.83,26.76,4.067,19.0,4.909,1.426,,0.7431,4.59,0.9204,2.647,2.416,0.3575,3.45,0.227,1.129,Continental arc,160.332,55.795,HOLOCENE,2018
4.48,6.6,18.86,50.25,0.56,2.64,6.99,1.71,0.13,,76.6,144.0,136.0,30.0,104.0,636.0,586.0,25.3,205.0,44.0,33.0,64.0,7.5,29.0,5.8,1.7,5.2,0.8,4.4,0.91,2.31,2.1,0.33,4.6,2.6,6.3,Continental arc,24.18,39.5,PLEISTOCENE,1984; 2007
2.38,6.1,15.59,51.42,0.56,3.66,10.17,0.9,0.15,7.59,112.0,252.0,50.0,24.0,0.0,1491.0,684.0,29.0,165.0,18.0,53.0,110.0,10.8,45.0,9.3,2.3,7.8,1.1,5.5,0.9,2.7,2.4,0.34,4.2,1.2,17.1,Continental arc,15.216,38.811,HOLOCENE,2014
2.61,9.2,15.49,51.02,0.27,0.56,10.18,1.07,0.13,,10.0,240.0,530.0,,138.0,187.0,330.0,25.0,108.0,5.0,10.8,25.8,,17.9,3.84,1.17,,0.47,,,,2.18,0.32,2.7,0.35,1.01,Continental arc,175.0,-38.5,,1993
4.09,5.28,12.08,49.22,0.22,0.63,9.49,2.81,0.19,10.76,22.0,519.0,150.0,43.8,46.0,95.0,192.0,43.0,190.0,15.0,9.78,30.3,,16.7,7.16,2.31,,,,,,2.87,0.366,4.88,0.656,1.32,Continental arc,136.35,35.25,PERMIAN,2008
2.9,9.2,16.37,49.93,0.35,1.28,8.84,1.03,0.13,7.3,26.0,176.0,443.0,,194.0,482.0,1290.0,29.0,122.0,10.8,,,,33.6,3.34,,,,,,,,,,,,Continental arc,133.0,35.0,CENOZOIC,1990
2.45,7.29,18.07,51.44,0.13,0.55,8.78,1.11,0.16,10.01,8.09,,,,,229.0,477.0,25.4,63.8,1.36,5.63,15.1,2.47,12.5,3.55,1.2,4.19,0.707,4.51,0.93,2.64,2.61,0.413,1.96,0.086,0.518,Continental arc,158.156,52.5,,2014
2.46,4.85,18.86,48.77,0.18,0.97,10.22,1.02,0.19,9.54,21.0,,,,,188.0,361.0,,,,,,,,,,,,,,,,,,,,Continental arc,8.65,40.4,MIOCENE,1975
2.85,4.95,17.8,50.27,0.16,1.11,12.28,1.01,0.15,9.41,20.0,368.0,55.0,,17.0,395.0,430.0,22.0,60.0,1.74,8.0,16.7,2.34,11.3,3.1,1.01,3.15,0.51,3.42,0.69,1.86,1.74,0.25,1.57,0.11,2.05,Continental arc,174.0,-39.0,PLEISTOCENE,2021
4.15,5.94,17.25,46.76,0.71,1.74,8.7,2.91,0.16,,33.0,160.0,140.0,21.0,69.0,562.0,907.0,24.01,347.0,64.0,42.59,72.62,11.49,46.93,9.03,2.82,8.36,1.08,5.78,1.13,2.88,1.95,0.27,7.33,5.32,,Continental arc,135.0,48.0,MIOCENE,2007
2.22,8.02,16.3,48.0,0.21,0.41,12.4,0.81,0.19,9.6,9.9,278.0,142.0,,64.0,365.0,371.0,18.0,58.0,4.9,6.6,14.9,,10.2,2.8,0.93,3.22,,3.05,,1.81,1.63,,,,,Continental arc,-86.32,12.109,,1984; 1990; 2004; 2017
2.86,5.88,17.72,49.37,0.23,0.73,9.07,1.14,0.25,9.08,8.0,251.0,178.0,42.0,62.0,272.0,492.0,26.0,111.0,4.0,14.7,34.6,,,4.54,0.82,,,,,,2.1,0.33,3.36,,3.45,Continental arc,134.75,35.325,,2002
3.29,6.19,14.09,51.17,0.28,0.26,8.27,3.03,0.15,,2.0,196.0,154.0,39.0,31.0,66.0,348.0,31.1,168.0,20.7,9.46,23.4,3.46,17.9,5.6,2.38,6.52,1.09,6.19,1.07,2.74,2.14,0.3,4.6,1.81,0.52,Continental arc,-83.054,12.158,MIOCENE,2010
3.64,6.89,17.9,49.4,0.36,0.96,9.36,1.56,0.17,9.49,,238.0,91.0,37.0,79.0,311.0,604.0,,155.0,,,,,,,,,,,,,,,,,,Continental arc,159.815,57.235,QUATERNARY,2010
2.12,6.54,16.4,51.49,0.22,0.91,9.48,0.91,0.11,6.91,17.0,245.0,272.0,,132.0,158.0,370.0,23.0,83.0,6.4,,,,12.9,3.1,,,,,,,,,,,,Continental arc,139.125,37.75,MIOCENE,2006
2.28,6.65,18.1,44.37,0.18,0.66,11.9,1.23,0.18,,,,,,,,,,,,7.5,17.7,,12.5,3.15,1.04,3.71,0.63,,0.74,,1.94,0.295,,,,Continental arc,8.67,40.58,CENOZOIC,1976
3.51144,5.31872,18.91676,51.42887,0.22309,0.81667,9.41789,0.98143,0.14978,8.4,12.2538372429771,266.997605482619,51.6464850319543,31.560124011337,22.6424149067453,458.747605175446,638.198504129595,18.1273142424992,90.3152108363873,4.76934272975694,9.31887757821244,21.3855303876216,3.04276150373381,13.2748911907644,3.20745773612866,1.01986551484367,3.18738495895225,0.504947363665116,2.9985,0.6296,1.761,1.607,0.2425,2.31827552160867,0.606,1.009,Continental arc,-91.55,14.76,,2011
2.774,7.851,14.516,52.524,0.169,0.918,10.008,0.877,0.163,8.04,17.794,250.747,297.824,34.382,68.859,308.809,343.751,18.746,71.472,,,,,,,,,,,,,,,,,,Continental arc,160.84,56.239,,2017
3.44,6.16,17.17,48.0,0.36,1.19,8.55,1.74,0.14,,21.0,,210.0,44.0,89.0,480.0,480.0,25.0,120.0,,23.4,38.6,,19.7,4.49,1.79,,0.58,,,,2.17,,2.35,1.0,2.42,Continental arc,130.0,33.25,CENOZOIC,1989
2.3,6.29,18.46,49.47,0.15,0.35,11.0,0.79,0.16,,2.2,,91.0,,33.0,,342.0,25.0,54.0,3.3,,,,,,,,,,,,,,,,,Continental arc,139.72,37.37,PLIOCENE,1990
2.13,6.51,18.98,49.55,0.15,0.49,11.01,1.19,0.31,9.68,4.29,,,,,166.0,476.0,26.4,53.7,1.07,4.23,12.4,2.21,11.9,3.65,1.21,4.38,0.735,4.74,0.984,2.79,2.7,0.43,1.76,0.06,0.246,Continental arc,158.162,52.469,,2014
2.25,5.65,17.95,52.27,0.14,0.75,10.8,0.73,0.14,,16.8,,79.0,,27.0,,319.0,24.0,57.0,2.5,,,,,,,,,,,,,,,,,Continental arc,139.72,37.37,PLIOCENE,1990
2.906,5.446,16.292,49.684,0.387,1.368,9.331,1.243,0.156,9.88,39.3268661,,162.629578,,55.0261726,383.858612,397.421692,30.1073971,172.986938,4.35113811,13.7542906,33.660347,4.89332294,23.6725292,5.94177866,1.74680853,6.2503953,0.930583358,5.6638217,0.993851006,3.12952232,3.2967,0.506940603,4.04827356,0.306222171,1.56039965,Continental arc,160.236,55.822,,2015
3.49,4.54,16.97,52.1,0.598,2.02,8.0,1.59,0.161,,55.02,309.9,36.14,0.05,57.3,259.4,366.5,34.55,222.0,5.462,17.6,0.0,6.304,29.32,6.647,1.7917,6.586,0.9613,6.064,1.2171,3.506,3.372,0.499,5.05,0.36,2.117,Continental arc,160.182,55.602,,2021
2.21,6.44,16.75,50.24,0.12,0.6,11.52,0.85,0.18,9.35,12.0,290.0,54.0,,0.0,223.0,363.0,16.6,59.0,1.84,6.7,15.3,2.11,9.7,2.55,0.87,2.67,0.46,2.82,0.59,1.72,1.73,0.25,1.42,0.12,1.5,Continental arc,176.419,-38.073,,2014
2.53,6.06,17.1,49.46,0.55,2.18,11.21,0.94,0.16,,67.4,259.0,54.9,31.0,41.0,910.0,689.0,25.3,153.0,17.3,44.1,89.0,,40.3,8.1,2.1,,0.9,,,,2.22,0.3,3.6,1.1,14.4,Continental arc,15.21,38.79,,2009
1.92,6.42,17.67,50.91,0.076,0.18,10.64,0.69,0.174,9.09,2.0,260.0,122.0,,38.0,74.0,281.0,13.0,29.0,1.82,2.9,6.92,1.05,5.96,1.68,0.68,1.79,0.36,2.02,0.44,1.31,1.39,0.21,0.93,0.21,1.03,Continental arc,140.946,39.977,,2009
2.626,9.004,13.961,50.91,0.421,1.44,9.213,1.444,0.183,10.4053855150224,37.5,299.1525,296.0,40.95238,140.3846,366.6667,308.8496,30.0,152.8302,3.84,13.11321,32.71028,4.859813,22.42991,5.555556,1.566038,5.688073,0.897196,5.363636,1.114286,3.081818,2.934579,0.448598,3.935185,0.26,1.644231,Continental arc,160.237,55.666,,2022
2.53,10.33,13.49,50.55,0.41,1.93,8.64,0.84,0.16,8.13,44.0,229.0,669.0,37.0,148.0,405.0,485.0,21.0,93.0,,,,,,,,,,,,,,,,,,Continental arc,161.406,56.523,HOLOCENE,2011
3.2,6.82,15.42,47.06,0.72,2.63,8.77,2.27,0.16,8.26,79.0,194.0,235.0,33.0,136.0,900.0,860.0,,,,64.2,119.0,,46.7,8.7,2.5,,1.2,,,,1.79,0.28,6.0,,27.8,Continental arc,-1.15,37.67,NEOGENE,1986
3.004,5.783,16.8,52.367,0.225,1.075,9.079,1.078,0.186,8.77,18.3734301496716,,88.7802127295372,,29.3581644308363,319.44129685375,372.91161968957,20.0301179234695,92.866086116607,2.56323406160957,7.14568243278933,18.2730294967554,2.80712401811554,14.060229030823,3.64877853436882,1.22484607368516,4.19504810225719,0.648341613859568,4.07439735615277,0.83484865400188,2.39416034148584,2.27688817613625,0.347410584140853,2.47256769874702,0.170748381589085,0.750527995715167,Continental arc,160.302,55.918,,2015
2.88,10.38,15.03,45.54,0.43,1.66,7.88,1.66,0.13,,16.0,219.0,241.0,36.0,160.0,317.0,621.0,22.2,160.0,17.9,18.2,34.8,,19.6,4.9,1.65,5.4,0.87,,,,2.0,0.3,4.0,1.4,2.2,Continental arc,159.0,54.6,,1994
3.47489207160396,5.42722738850454,17.9997779816906,50.8686720962704,0.717994991348415,1.43802684792051,8.75852046183882,1.94113255817032,0.144617430881525,9.22913817177088,24.3,,,,45.0071559760534,396.224537728061,915.657041123941,18.85,195.5,32.19,36.25,80.58,9.386,36.25,6.274,2.06,5.885,0.772,4.165,0.7353,1.807,1.655,0.2481,4.492,1.895,3.343,Continental arc,135.0,35.5,QUATERNARY,2014
4.38,9.54,15.89,49.17,0.19,0.3,5.24,0.62,0.19,,,140.0,15.0,50.0,20.0,290.0,200.0,,,,,,,,,,,,,,,,,,,,Continental arc,139.25,35.25,NEOGENE,1962
2.91,8.28,15.75,51.98,0.14,0.66,10.11,0.93,0.16,8.45,9.0,261.0,371.0,,84.0,212.0,284.0,19.0,77.0,2.0,9.0,10.0,,14.0,,,,,,,,,,,,,Continental arc,160.63,56.05,HOLOCENE,1994
3.09,8.88,14.17,50.0,0.26,1.03,8.67,1.75,0.17,,16.0,115.0,200.0,42.0,170.0,218.0,257.0,13.13,118.0,15.3,9.01,20.56,2.29,12.13,3.3,1.22,4.21,0.64,3.64,0.68,1.7,1.24,0.16,3.01,0.9,,Continental arc,135.0,46.0,MIOCENE,2007
2.69,5.48,17.62,51.86,0.22,0.77,10.24,1.11,0.17,9.84,,,,,,180.708,524.886,16.892,52.332,,7.129,17.293,,12.015,2.893,1.013,3.083,0.474,2.8,0.594,1.563,1.474,0.215,,,1.006,Continental arc,138.3,36.1,,2009
3.19,7.12,14.86,45.23,0.58,1.26,9.18,3.34,0.18,15.04,17.0,,74.9,,37.0,205.0,1063.0,18.0,91.0,14.0,24.6,63.4,,45.2,8.6,2.7,,0.9,,,,1.7,0.2,3.5,1.0,1.6,Continental arc,130.25,33.5,CENOZOIC,2003
2.26,6.05,17.04,51.81,0.14,0.74,10.38,0.79,0.18,,17.0,231.0,140.0,26.0,17.0,279.0,369.0,10.0,100.0,4.0,13.2,26.1,,13.9,3.09,0.86,3.42,0.63,,,,1.94,0.32,1.96,0.2,2.16,Continental arc,9.1,39.06,CENOZOIC,1997
2.3,7.59,16.06,52.57,0.09,0.9,9.61,0.85,0.16,8.76,23.5,,,50.5,103.0,271.0,299.0,19.5,87.4,2.09,8.3,18.9,2.5,11.3,2.96,0.94,3.34,0.57,3.63,0.769,2.29,2.23,0.339,2.57,0.135,2.93,Continental arc,140.14,37.435,,2013
3.31,8.46,16.84,48.62,0.63,1.45,9.44,1.55,0.17,9.218378,22.6205787781351,268.74,85.3,36.31,110.0,473.889636608345,757.921609851329,23.5612321562735,145.69,8.31811697574893,19.0168175937904,43.7614678899083,5.99154471544715,26.0766182298547,5.85919165580182,1.80702875399361,5.70105263157895,0.838964241676942,4.93011901129081,0.928987194412107,2.53258426966292,2.27906976744186,0.349248927038627,3.14156626506024,0.393484848484848,1.73733195449845,Continental arc,157.779,55.788,CENOZOIC,
3.5,4.87,18.45,49.92,0.41,1.81,10.87,0.97,0.19,9.0,69.0,277.0,9.0,,8.0,644.0,612.0,22.0,86.0,2.3,,,,,,,,,,,,,,,,,Continental arc,174.0,-39.0,PLEISTOCENE,2021
3.65,5.01,17.38,51.02,0.48,1.74,8.63,1.47,0.16,,45.0,,,,40.0,391.0,367.0,28.0,179.0,3.7,,,,,,,,,,,,,,,,0.9,Continental arc,157.5,52.5,,1995
3.03,7.07,17.01,50.6,,0.99,10.36,1.15,0.18,9.45,30.7,340.0,189.0,42.5,64.2,248.0,377.0,29.0,122.0,7.3,13.9,29.9,4.03,17.4,4.37,1.43,4.94,0.798,4.78,1.02,2.66,2.69,0.405,2.79,0.487,3.29,Continental arc,109.166,-7.233,QUATERNARY,2002
2.62,9.1,16.56,51.38,0.14,0.57,9.5,0.86,0.14,8.55,22.0,280.0,226.0,,82.0,155.0,261.0,21.0,75.0,4.0,7.47,17.35,2.32,10.36,2.69,0.93,3.11,0.52,3.25,0.71,2.01,1.95,0.3,1.9,,1.0,Continental arc,140.3,39.3,,2007
3.43,5.65,18.54,47.6,0.44,1.06,8.0,1.56,0.18,,,110.0,54.0,91.0,83.0,,,,,,1.7,37.0,,,,1.6,,,,,,3.2,0.33,2.2,,,Continental arc,134.0,43.0,CENOZOIC,1999
3.71,5.33,17.5,52.7,0.42,1.28,8.13,1.18,0.16,8.42,19.3,198.0,143.0,27.8,53.5,494.0,555.0,29.6,194.0,8.43,16.8,38.1,5.38,23.1,5.23,1.56,5.2,0.79,4.66,0.93,2.57,2.55,0.38,4.21,0.38,1.37,Continental arc,-89.471,14.242,,2012
1.74,6.85,17.94,50.97,0.048,0.14,11.58,0.64,0.17,9.93,1.7,,122.0,,31.0,64.0,167.0,17.0,32.0,2.1,,,,,,,,,,,,,,,,,Continental arc,140.7,38.4,NEOGENE,1997
2.2,7.26,17.57,49.36,0.13,0.26,11.91,0.97,0.18,9.51,5.0,290.0,122.0,,41.0,115.0,342.0,21.0,58.0,3.0,8.0,15.0,,10.0,,,,,,,,,,,,4.0,Continental arc,176.05,-38.665,,1994
3.76,6.76,16.66,49.53,0.49,1.38,8.75,1.64,0.16,,19.0,241.0,247.0,38.0,94.0,469.0,672.0,24.0,152.0,13.2,17.04,42.86,5.94,26.19,6.07,1.74,5.1,0.78,4.4,0.85,2.36,2.13,0.32,3.54,0.92,1.4,Continental arc,157.75,55.72,,2001
2.89,7.62,14.72,48.59,0.62,1.7,8.45,2.5,0.16,,37.0,150.0,230.0,44.0,125.0,966.0,731.0,15.1,187.0,43.6,42.9,75.46,8.32,37.83,7.86,2.52,7.49,0.94,5.33,0.87,2.14,1.46,0.21,4.69,3.43,,Continental arc,131.5,43.67,MIOCENE,2007
2.39,6.66,16.56,50.87,0.4,1.82,10.91,0.9,0.16,,62.0,270.0,116.0,34.0,51.0,901.0,742.0,24.0,148.0,18.0,45.0,88.0,10.5,40.0,7.5,2.0,6.3,0.84,4.56,0.87,2.19,2.11,0.29,3.1,1.07,15.6,Continental arc,15.21,38.79,,2000; 2001
2.052,6.07,17.932,51.219,0.101,0.243,10.811,0.805,0.171,,5.097,261.181,110.308,35.332,29.435,98.892,263.348,18.16,49.415,2.138,,,,,,,,,,,,,,,,,Continental arc,140.798,39.775,,2017
2.43,5.84,18.1,48.6,0.39,2.13,11.4,1.05,0.18,,85.0,260.0,60.0,30.0,33.0,966.0,797.0,28.0,164.0,22.0,53.0,98.0,,45.0,,,,,,,,,,,,22.0,Continental arc,15.21,38.79,,2004
2.31,8.78,15.95,47.24,0.34,1.37,11.56,1.1,0.19,9.99,26.0,307.0,339.0,,106.0,284.0,446.0,27.0,98.0,9.55,30.0,61.0,,21.0,2.83,,3.89,,,,,,,,,,Continental arc,110.33,-7.18,,
2.56,6.08,17.39,49.17,0.57,2.09,11.34,0.92,0.16,7.88,64.9,260.0,47.3,31.0,40.8,904.0,706.0,25.6,155.0,17.3,43.5,87.8,10.3,40.4,8.04,2.1,6.65,0.92,4.83,0.89,2.37,2.21,0.35,3.51,1.15,13.8,Continental arc,15.21,38.79,,2008
4.25,6.73,14.85,49.04,0.94,1.52,8.78,2.6,0.16,10.01,21.0,190.0,54.0,34.0,42.0,1212.0,686.0,35.0,257.0,52.7,,,,,,,,,,,,,,,,,Continental arc,130.55,32.4,MESOZOIC,2004
2.72,4.81,16.4,49.7,0.25,1.01,10.6,1.26,0.21,11.7,18.0,378.0,44.0,,30.0,775.0,442.0,,133.0,,,,,,,,,,,,,,,,,,Continental arc,-86.15,11.98,QUATERNARY,1993
2.36,8.16,16.3,50.7,,1.02,10.6,0.96,0.18,9.67,,283.0,252.0,,73.0,141.0,297.0,21.0,66.0,2.8,10.5,25.0,3.02,14.2,3.57,1.02,3.84,0.57,3.67,0.72,2.17,2.02,,1.75,,3.71,Continental arc,109.21,-7.24,,1989; 1995
2.83,5.69,15.45,51.54,0.4,1.18,9.71,2.21,0.15,,16.6,242.0,491.0,,239.0,313.0,371.0,21.4,152.0,26.4,23.7,48.3,5.6,23.3,4.99,1.69,5.07,0.77,4.42,0.86,2.26,1.92,0.29,3.71,1.55,3.35,Continental arc,130.25,33.25,,2009
2.82,5.35,18.32,50.99,0.2,0.88,9.56,0.73,0.1,6.5,15.0,,136.0,26.0,18.0,350.0,705.0,25.0,109.0,3.0,15.0,37.0,,,4.2,1.4,,,,,,2.1,0.4,3.1,,2.6,Continental arc,136.5,36.5,MIOCENE,1997
2.9,4.8,13.91,50.85,0.32,1.48,8.84,1.4,0.26,13.7,26.77,479.2,18.67,34.17,20.67,1012.55,386.63,33.45,125.47,3.4,13.09,26.57,4.12,19.65,5.15,1.57,5.54,0.87,5.53,1.14,3.41,3.21,0.51,,,2.18,Continental arc,-86.0,12.0,,2021
3.67,7.0,16.32,52.66,0.26,1.04,7.65,1.66,0.12,8.49,19.0,161.0,246.0,40.0,140.0,396.0,476.0,15.0,123.0,15.0,15.0,31.0,,17.0,,,,,,,,,,,,,Continental arc,9.7,40.38,PLIOCENE,2002
2.78,8.36,14.94,52.67,0.09,0.92,9.67,0.93,0.17,8.57,14.0,241.0,360.0,,91.0,294.0,336.0,17.0,88.0,1.0,0.0,9.0,,11.0,,,,,,,,,,,,,Continental arc,160.63,56.05,HOLOCENE,1994; 1995
3.57,5.13,17.65,51.44,0.47,1.54,8.17,1.33,0.16,9.02,19.9,235.0,148.0,32.8,66.6,523.0,581.0,31.4,201.0,13.0,17.3,38.0,5.33,22.8,5.28,1.65,5.31,0.81,4.79,0.96,2.62,2.56,0.39,4.04,0.58,1.48,Continental arc,-89.584,14.318,,2012
3.58,10.82,15.53,47.6,0.38,0.81,8.42,1.75,0.14,9.12,21.2,192.0,427.0,51.7,298.0,648.0,690.0,17.0,158.8,31.2,26.51,51.98,6.16,25.17,4.87,1.63,4.36,0.6,3.22,0.55,1.47,1.16,0.18,3.46,2.1,3.4,Continental arc,9.7,40.38,PLIOCENE / NEOGENE / CENOZOIC,2000; 2002; 2013
1.98,9.86,13.61,52.54,0.1,10.87,10.16,0.58,0.17,8.27,29.4,254.0,486.0,,128.0,193.0,165.0,18.0,55.4,3.1,7.1,17.2,,9.3,2.2,0.65,2.49,,2.69,,1.41,1.63,0.24,1.4,0.29,3.6,Continental arc,8.55,39.58,MIOCENE,2001
3.41,6.08,16.78,52.93,0.19,0.72,7.88,1.6,0.13,9.04,9.0,152.0,190.0,35.2,119.0,406.0,515.0,19.0,108.4,14.1,16.67,31.66,3.4,17.08,4.77,1.67,4.57,0.7,3.72,0.64,1.77,1.33,0.17,3.09,1.1,2.3,Continental arc,9.7,40.38,PLIOCENE / NEOGENE / CENOZOIC,2000; 2002; 2013
2.844,10.258,15.62,48.716,0.231,0.8,9.779,1.17,0.172,9.55596628930628,14.23077,261.8644,349.0,43.80952,180.7692,335.4839,441.5929,22.0,89.62264,3.87,9.056604,21.49533,3.074766,14.95327,3.722222,1.264151,4.174312,0.64486,4.027273,0.857143,2.381818,2.17757,0.336449,2.564815,0.25,1.538462,Continental arc,158.676,53.236,,2022
3.29,6.92,12.7,50.61,0.15,0.03,11.27,1.8,0.16,11.78,6.0,,308.0,43.0,110.0,450.0,248.0,21.0,75.0,5.5,,,,,,,,,,,,,,,,0.0,Continental arc,137.25,36.15,,2009
2.79,4.87,18.06,50.84,0.52,2.8,9.02,0.91,0.17,7.93,85.8,305.0,21.5,34.5,34.2,1231.0,739.0,31.0,187.0,22.4,54.8,104.0,,45.2,8.62,2.22,,0.98,,,,2.46,0.38,3.89,1.3,17.6,Continental arc,15.223,38.803,,2011
2.508,5.213,16.966,52.352,0.147,0.43,9.406,0.987,0.189,,6.655,264.003,30.115,32.894,11.536,147.684,307.232,27.426,68.221,3.236,,,,,,,,,,,,,,,,,Continental arc,140.804,39.813,,2017
2.4,11.2,13.59,48.42,0.17,0.72,9.09,1.2,0.16,,18.0,182.0,300.0,,87.0,233.0,357.0,19.0,93.0,10.0,,,,,3.42,,13.3,,,,,,,,,,Continental arc,130.0,33.25,,2008
1.77,8.44,16.27,47.83,0.11,0.35,13.67,0.72,0.18,10.25,8.0,307.0,229.0,54.0,60.0,274.0,400.0,16.0,41.0,,,,,,,,,,,,,,,,,,Continental arc,-86.19,12.08,HOLOCENE,
2.61,7.24,17.02,50.33,0.08,0.37,9.78,0.63,0.08,8.64,4.3,306.0,97.8,,24.8,59.4,143.0,16.9,60.1,1.8,5.73,13.131,,7.472,2.027,0.614,2.39,,2.74,,1.68,1.68,,,,2.1,Continental arc,-3.8,35.5,NEOGENE,2004
2.29,6.21,17.92,50.05,0.13,0.35,9.97,1.02,0.18,,4.8,,,33.0,,,323.0,19.2,46.4,1.2,,9.0,,,,,,,,,,,,,,,Continental arc,141.0,38.0,,1984
1.87,4.55,18.85,51.8,0.06,0.18,11.16,0.78,0.14,9.32,3.9,,46.0,,16.0,,200.0,18.0,31.0,,,,,,,,,,,,,,,,,,Continental arc,141.05,40.25,PLIOCENE,1990
2.84,6.42,15.22,47.55,0.11,0.93,7.92,1.21,0.17,,,,,,,,,,,,7.76,16.6,,9.99,2.97,1.2,3.79,,3.61,,1.82,1.44,0.199,,,,Continental arc,136.15,34.25,PALEOCENE,1973
5.11,7.13,16.54,50.6,0.15,0.1,5.38,0.79,0.16,9.93,1.15,363.8,25.49,41.3,27.98,97.25,661.5,23.71,69.91,1.06,6.36,17.2,2.58,12.28,3.21,1.02,3.57,0.57,3.72,0.8,2.31,2.28,0.35,1.98,0.08,0.83,Continental arc,164.33,58.92,,2009
2.41,5.99,15.86,50.82,0.59,3.95,10.05,0.89,0.15,7.63,132.0,234.0,105.0,29.0,38.0,1543.0,776.0,29.0,192.0,25.0,55.4,106.3,,53.9,10.7,2.53,,1.16,,,,2.38,0.36,4.74,1.45,19.5,Continental arc,15.21,38.79,PLEISTOCENE,1980; 1988; 1989; 1991; 1997; 2001
2.93,4.62,17.2,48.4,0.547,4.03,10.3,0.908,0.208,7.99,170.0,273.0,98.3,29.4,43.5,839.0,1220.0,30.1,233.0,57.4,105.0,183.0,19.3,70.1,12.5,3.36,10.5,1.29,6.01,1.06,2.74,2.32,0.355,4.34,2.38,21.8,Continental arc,110.886,-6.448,,2022
3.158,4.843,17.47,50.249,0.247,1.121,9.116,1.311,0.159,9.6,22.7686977,,32.4957008,,23.0752563,362.078827,438.436005,29.8892002,105.198288,2.64404488,8.86586666,22.0798283,3.33215332,16.9335957,4.74302053,1.54852808,5.17215061,0.798053026,4.9372282,0.871102929,2.73916578,2.82360697,0.430532306,2.73198843,0.162022412,0.756432414,Continental arc,160.231,55.78,,2015
2.42,7.12,16.39,49.43,0.49,2.34,11.47,0.9,0.15,7.7,69.3,245.0,107.0,31.8,47.0,1088.0,774.3,27.5,150.3,21.3,52.1,88.9,11.0,41.0,8.6,2.27,6.76,1.0,5.26,0.98,2.38,2.36,0.35,3.4,1.0,15.7,Continental arc,15.21,38.79,,2006
3.01,4.69,18.6,51.9,0.26,0.7,8.38,1.19,0.2,8.52,14.0,187.0,30.0,,7.0,280.0,538.0,23.0,87.0,6.4,,,,,,,,,,,,,,,,,Continental arc,139.6,38.55,MIOCENE,2007
2.39,4.94,17.92,52.41,0.16,0.32,9.46,0.93,0.19,10.0,5.78,,,38.8,18.4,117.0,274.0,20.7,57.8,2.29,5.63,13.6,1.96,9.42,2.69,1.02,3.41,0.581,3.75,0.81,2.4,2.29,0.352,1.73,0.109,0.158,Continental arc,140.46,38.125,,
3.27,7.62,14.48,50.4,0.63,2.48,7.01,2.07,0.14,10.08,62.6,156.0,249.0,44.1,211.0,933.0,756.0,22.6,210.0,56.8,42.9,83.9,9.4,38.0,7.39,2.44,6.78,0.9,4.68,0.8,2.01,1.48,0.19,4.69,3.09,5.92,Continental arc,131.795,43.82,MIOCENE,2022
3.39,7.75,16.5,49.63,0.1,0.49,9.21,0.91,0.28,10.55,9.0,,590.0,63.0,274.0,132.0,115.0,18.0,50.0,0.5,,,,,,,,,,,,,,,,2.0,Continental arc,137.25,36.15,,2009
1.83,7.12,16.69,52.23,0.13,0.96,10.9,0.57,0.18,8.45,22.0,240.1,115.8,31.6,46.7,245.4,533.9,13.0,53.7,3.5,11.0,19.8,,10.2,2.5,0.8,2.5,0.4,,,,1.4,0.2,1.3,0.1,3.0,Continental arc,15.07,38.63,,
3.61,5.36,13.88,48.29,0.62,3.04,7.1,2.72,0.11,13.75,31.0,243.0,70.0,39.0,76.0,1092.0,220.0,29.0,157.0,24.5,,,,,,,,,,,,,,,,,Continental arc,130.55,32.4,MESOZOIC,2004
1.53,5.86,17.28,51.89,0.05,0.18,10.79,0.68,0.18,9.75,3.86,,,,,,159.0,,,,,,,4.09,1.4,,,,,,,,,,,,Continental arc,140.065,40.175,PLIOCENE,2006; 2008
2.19,10.88,15.38,49.31,0.07,0.2,10.53,0.68,0.17,9.01,3.84,241.0,,,,76.5,210.0,17.7,37.5,1.36,3.18,8.01,1.18,5.85,1.78,0.71,2.32,0.412,2.64,0.621,1.83,1.74,0.292,1.15,0.082,0.558,Continental arc,140.85,37.75,MIOCENE,2015
3.56,5.22,17.47,51.25,0.72,1.51,6.06,1.56,0.19,,21.0,190.0,73.0,28.0,86.0,336.0,642.0,26.0,168.0,19.0,22.8,39.2,,,,1.84,,,,,,2.1,0.29,3.8,,,Continental arc,140.28,48.97,CENOZOIC,1999
2.98,8.31,15.55,52.7,0.17,0.66,9.71,0.96,0.17,8.73,10.0,250.0,343.0,38.0,104.0,243.0,290.0,18.0,87.0,1.4,5.54,14.29,2.38,11.19,3.07,1.02,3.18,0.53,3.42,0.68,1.95,1.84,0.29,2.08,0.09,0.48,Continental arc,160.63,56.05,HOLOCENE,2000; 2001
3.44288395994772,6.96415410112428,17.0108193290143,48.7969248184902,0.48049711090932,0.993570297134527,9.20375927909145,1.9087544130402,0.182222421298238,11.0164142699498,16.85,,,,86.0893707301576,284.165383961035,516.177237072135,27.57,180.2,22.53,22.55,50.56,6.331,25.84,5.507,1.906,5.788,0.9198,5.303,1.059,2.86,2.811,0.4299,3.855,1.52,2.172,Continental arc,135.0,35.5,QUATERNARY,2014
2.66,9.31,15.36,48.2,0.51,1.1,9.12,1.72,0.2,10.64,23.0,211.0,421.0,,165.0,294.0,489.0,25.0,154.0,25.0,,,,,,,,,,,,,,,,,Continental arc,129.75,33.25,PLEISTOCENE,1991
2.57,6.27,17.07,51.21,0.14,0.55,11.49,0.83,0.18,8.67,18.0,256.0,55.0,,14.0,,308.0,,82.0,,,,,,,,,,,,,,,,,,Continental arc,176.6,-39.0,HOLOCENE,2002
2.14,6.54,17.91,50.01,0.091,0.15,10.35,0.83,0.182,10.17,3.2,265.0,112.0,,44.0,69.0,313.0,16.0,33.0,1.5,2.86,7.16,1.17,5.94,1.88,0.77,2.07,0.44,2.4,0.51,1.64,1.59,0.25,1.08,0.14,0.38,Continental arc,140.948,40.66,,2009
3.8,6.01,15.79,47.42,0.51,0.96,9.16,2.97,0.28,,9.0,247.0,101.0,62.0,,,560.0,,,6.0,19.0,31.0,,,,,,,,,,,,,,,Continental arc,175.1,-37.25,,1979
2.43,6.77,16.86,50.13,0.44,2.15,11.73,0.8,0.14,7.63,61.1,239.7,143.6,30.6,56.7,947.5,707.8,24.6,153.6,19.4,48.9,97.3,10.8,42.1,8.4,2.0,6.3,0.9,4.5,0.9,2.3,2.2,0.3,3.2,1.1,15.3,Continental arc,15.21,38.79,,2012
2.56,6.22,17.57,49.62,0.52,2.42,11.62,0.82,0.15,7.63,69.6,261.0,95.4,31.7,47.2,1006.0,732.4,25.6,162.7,19.0,47.8,94.7,11.1,43.1,8.5,2.2,6.9,0.9,5.0,0.9,2.4,2.3,0.3,3.7,1.2,14.5,Continental arc,15.21,38.79,,2012
3.16,4.66,18.08,52.21,0.25,1.75,7.44,0.97,0.14,8.63,29.02,256.06,21.8,41.96,6.9,523.1,399.98,24.89,70.96,3.94,14.18,32.51,4.1,17.98,4.14,1.28,4.28,0.68,4.01,0.87,2.49,2.43,0.37,1.9,0.21,4.2,Continental arc,140.075,42.05,PLIOCENE,2011
3.29,5.49,16.92,50.84,0.56,1.19,8.15,1.62,0.15,8.88,16.0,176.0,130.0,30.3,66.8,535.0,755.0,25.2,198.0,13.1,25.6,57.5,6.95,28.9,6.07,2.05,5.78,0.8,4.65,0.88,2.4,2.17,0.3,4.26,0.69,3.27,Continental arc,135.278,44.27,EOCENE,2022
3.12,7.64,15.21,46.89,0.49,1.49,8.46,2.44,0.19,,31.0,,170.0,48.0,73.0,580.0,590.0,25.0,200.0,,33.0,66.4,,26.6,6.47,2.15,,0.95,,,,2.58,,5.13,2.5,4.45,Continental arc,130.0,33.25,CENOZOIC,1989
2.66,6.66,16.57,51.65,0.23,0.99,8.77,0.96,0.12,8.0,27.0,217.0,167.0,,85.0,198.0,346.0,24.0,92.0,5.9,,,,14.3,3.5,,,,,,,,,,,,Continental arc,139.415,38.04,MIOCENE,2006
2.27,7.64,15.48,49.41,0.53,1.83,12.39,0.72,0.15,7.55,56.63,264.0,236.0,34.27,69.77,927.0,709.33,25.33,148.0,19.03,48.47,94.03,10.53,39.0,8.24,2.18,6.77,0.91,4.68,0.85,2.38,2.09,0.31,3.3,1.08,13.67,Continental arc,15.21,38.79,,2012
3.87,5.66,16.73,52.54,0.18,0.53,7.39,1.37,0.13,,16.0,,204.0,43.0,151.0,311.0,426.0,,110.0,,19.0,28.0,,,,1.5,,0.64,,,,,,2.8,0.57,2.4,Continental arc,8.8,39.7,PLIOCENE,1982
1.933,7.197,17.138,52.556,0.095,0.173,9.991,0.754,0.165,,3.275,211.646,285.213,36.072,76.813,78.799,266.64,14.616,39.138,1.643,,,,,,,,,,,,,,,,,Continental arc,141.009,39.848,,2017
1.65,7.93,15.38,51.34,0.068,0.29,10.32,0.58,0.191,9.95,10.1,248.0,256.0,,69.0,82.0,219.0,14.0,35.0,1.91,4.1,9.3,1.18,5.67,1.58,0.63,1.7,0.34,1.97,0.42,1.3,1.37,0.21,0.89,0.16,0.9,Continental arc,140.943,39.979,,2009
5.23,6.07,16.19,48.09,0.89,0.89,8.88,2.64,0.17,9.07,9.0,208.0,183.0,39.0,108.0,967.0,917.0,24.0,302.0,83.0,63.06,119.5,13.23,49.7,8.95,2.73,6.97,0.96,4.98,0.86,2.17,1.84,0.27,6.4,6.06,21.0,Continental arc,-0.95,37.63,PLIOCENE,2009
2.93,7.07,17.5,49.7,,0.86,10.3,1.36,0.19,9.8,,277.0,108.0,,53.0,266.0,361.0,27.0,117.0,9.3,16.4,37.6,4.14,18.8,4.77,1.44,5.08,0.87,4.8,1.0,2.79,2.41,,2.95,,4.06,Continental arc,109.21,-7.24,,1989; 1995
2.71,6.44,14.65,52.76,0.3,1.04,8.18,2.0,0.15,10.7,19.5,179.0,201.0,44.9,178.0,288.0,503.0,20.9,129.0,11.3,12.1,30.4,4.16,20.5,5.57,2.0,5.47,0.78,4.32,0.77,1.89,1.5,0.22,3.3,0.66,1.26,Continental arc,132.38,43.323,MIOCENE,2022
3.8,5.23,12.21,45.16,0.64,0.6,17.12,2.13,0.28,11.57,10.9,251.1,100.0,53.8,119.3,353.4,246.3,24.1,114.2,12.6,,,,,,,,,,,,,,,,,Continental arc,130.55,32.4,MESOZOIC,2004
4.41,6.95,12.2,49.78,0.27,0.07,6.37,2.42,0.14,12.49,,465.0,103.0,56.8,46.0,82.0,101.0,50.0,181.0,16.0,11.6,27.9,,26.3,5.55,1.82,,,,,,2.71,0.486,4.4,0.648,1.16,Continental arc,137.0,35.75,PERMIAN,2008
2.47,6.22,18.62,50.19,0.15,0.53,10.1,0.81,0.18,9.92,8.16,309.0,35.8,38.3,27.8,384.0,450.0,20.1,56.0,1.47,5.55,12.9,2.08,10.0,2.78,0.9,3.05,0.49,3.07,0.64,1.77,1.76,0.26,1.51,0.07,0.71,Continental arc,-88.222,13.503,,2012
2.55,6.08,18.26,50.36,0.36,2.06,10.93,0.93,0.16,7.79,68.0,268.0,61.0,32.0,42.0,962.0,728.0,26.0,159.0,18.1,46.0,92.0,11.0,42.0,8.3,2.2,6.8,0.94,5.1,0.91,2.4,2.3,0.36,3.8,1.23,15.4,Continental arc,15.216,38.794,HOLOCENE,2006
3.14,8.628,17.79,47.66,0.22,1.139,11.62,0.9608,0.1642,7.61,,221.5,251.8,,125.5,,,,96.3,,,,,,,,,,,,,,,,,,Continental arc,23.28,37.622,,2022
2.84,10.4,15.85,46.33,0.57,1.36,8.8,1.79,0.14,,38.0,79.0,120.0,43.0,140.0,,777.0,23.0,143.0,28.0,16.8,34.7,,16.7,5.0,1.7,5.3,0.71,,,,1.2,0.2,3.0,,2.0,Continental arc,140.2,49.0,MIOCENE,1995
2.35,5.57,15.1,50.15,0.15,0.86,10.14,0.85,0.14,8.19,13.15,223.77,245.7,57.1,67.0,149.6,604.29,19.62,65.63,5.22,9.98,22.7,3.04,12.59,3.0,0.99,3.15,0.53,3.27,0.71,2.07,1.91,0.29,1.84,0.39,2.21,Continental arc,139.25,42.15,MIOCENE,2011
2.94,5.65,15.08,52.07,0.42,1.65,8.08,2.04,0.16,,23.8,285.0,149.0,,111.0,341.0,411.0,22.3,165.0,32.2,25.9,52.0,6.03,24.8,5.23,1.81,5.39,0.82,4.66,0.9,2.34,2.02,0.3,4.02,2.07,3.71,Continental arc,130.25,33.25,,2009
3.93,4.72,18.06,50.33,0.36,1.09,9.37,1.39,0.17,9.74,18.9,,23.0,,12.0,544.0,653.0,28.0,134.0,8.0,,,,,,,,,,,,,,,,,Continental arc,-90.15,14.25,,1995
2.57315842583249,4.59132189707366,15.9636730575177,50.4843592330979,0.29263370332997,1.15035317860747,9.57618567103935,1.27144298688194,0.221997981836529,12.48,19.0,403.0,20.0,46.0,10.0,846.0,425.0,26.0,105.0,6.0,14.0,20.0,4.0,,,,,,,,,,,,,4.0,Continental arc,-86.0,12.0,HOLOCENE,2020
4.34,4.65,16.85,51.14,0.18,0.89,8.09,0.83,0.2,11.63,15.8623333333333,376.969333333333,63.698,50.409,25.974,405.371333333333,130.178333333333,20.641,58.702,1.23866666666667,7.82566666666667,17.9803333333333,2.70466666666667,12.7326666666667,3.27033333333333,1.087,3.77433333333333,0.595666666666667,3.75066666666667,0.841666666666667,2.33166666666667,2.29466666666667,0.313,1.699,0.269,1.02533333333333,Continental arc,-86.0,13.0,,2020
3.68,6.92,14.76,50.79,0.77,1.76,7.13,2.09,0.21,,42.11,,,,,708.88,673.06,24.13,182.88,44.68,28.22,54.43,6.61,33.42,7.58,2.42,6.73,0.99,4.81,0.85,2.08,1.52,0.2,4.16,2.36,3.41,Continental arc,139.0,47.5,CENOZOIC,2002
1.74,9.59,17.74,44.7,0.2,1.17,4.01,1.2,0.21,8.7,14.0,,,,,52.0,149.0,24.0,84.0,10.0,,,,10.9,2.94,,,,,,,,,,,,Continental arc,139.0,38.0,MIOCENE,1997
3.3,4.9,18.2,52.0,,0.88,8.3,0.86,,7.56,7.0,193.0,29.0,,27.0,,594.0,16.0,129.0,,,,,,,,,,,,,,,,,,Continental arc,-91.55,14.76,,1987
2.64,6.04,17.35,51.06,0.45,2.01,10.99,0.87,0.15,,61.0,302.0,68.0,39.0,43.0,801.0,587.0,25.0,151.0,15.0,41.0,102.0,,49.0,,,,,,,,,,,,,Continental arc,15.21,38.79,HOLOCENE,1993
1.39,8.4,17.11,50.04,0.05,0.12,11.04,0.62,0.18,,1.38,,187.0,,52.0,44.8,160.0,15.8,18.5,0.525,1.69,4.47,0.72,1.25,3.77,0.532,1.8,0.351,2.42,0.538,1.49,1.57,0.221,0.653,,0.243,Continental arc,141.0,38.0,QUATERNARY,1997; 2004
1.92,5.2,18.7,47.5,0.11,0.22,12.1,0.84,0.51,11.8,2.7,410.0,25.0,38.0,8.0,38.0,258.0,19.0,37.0,0.57,2.31,6.28,1.07,5.82,1.92,0.78,2.59,0.43,2.87,0.65,1.89,1.78,0.28,1.2,0.02,0.16,Continental arc,162.17,54.75,,2008
2.44,6.33,17.14,48.99,0.56,1.89,11.8,0.91,0.16,7.92,60.0,280.0,39.0,34.0,41.0,874.2,729.0,26.0,149.0,16.0,42.0,85.0,10.2,40.0,8.0,2.2,6.5,0.92,4.96,0.9,2.43,2.24,0.35,3.4,1.05,12.4,Continental arc,15.21,38.79,,2005
3.56,6.23,17.48,50.49,0.32,1.04,8.82,1.33,0.16,8.61,10.8,199.0,160.0,33.3,76.6,405.0,509.0,27.3,155.0,8.97,13.8,30.2,4.25,18.9,4.55,1.52,4.87,0.79,4.77,0.97,2.68,2.64,0.4,3.55,0.57,1.21,Continental arc,-89.596,14.857,,2012
2.55,10.41,14.73,48.52,0.3,2.02,10.12,0.96,0.16,,44.0,330.0,541.0,40.7,175.0,311.0,750.0,20.0,138.0,3.6,31.0,66.1,,44.0,10.4,2.82,7.2,0.91,,,,1.48,0.18,3.4,0.07,2.0,Continental arc,158.0,56.0,,1994
1.64,5.81,16.01,51.92,0.06,0.13,10.38,0.94,0.21,11.31,1.32,400.0,,,,69.0,177.0,21.3,25.1,0.69,2.09,5.37,0.96,5.18,1.68,0.743,2.66,0.502,3.19,0.756,2.02,2.25,0.309,0.83,0.048,0.385,Continental arc,140.065,40.175,PLIOCENE,2015
2.62,7.26,14.1,49.8,0.117,0.089,12.74,0.462,0.177,9.72,2.03,273.0,201.0,32.0,87.8,12.7,180.0,10.4,32.0,1.71,4.98,11.7,1.7,8.1,2.04,0.687,2.06,0.304,1.94,0.398,1.21,1.14,0.17,1.12,0.319,,Continental arc,137.65,36.2,,2017
2.28,9.61,15.41,50.55,0.25,1.33,10.91,0.67,0.15,,34.0,,724.0,36.0,123.0,403.0,710.0,12.0,86.0,6.0,22.7,42.2,5.3,17.3,3.38,1.22,4.3,0.49,3.4,0.69,2.0,1.64,0.28,1.82,0.28,4.1,Continental arc,11.366,38.55,PLEISTOCENE,1992; 1993; 1998; 2004
2.19,4.6,18.62,51.34,0.08,1.14,10.45,0.71,0.19,9.62,28.0,,,,,,599.0,13.0,57.0,5.0,,,,,,,,,,,,,,,,,Continental arc,14.816,38.566,,2016
3.52,7.25,15.8,46.97,0.16,1.37,6.28,1.8,0.13,,,,,,,185.0,276.0,,,,4.31,10.2,,7.17,2.23,0.849,3.06,,3.69,,2.2,2.1,0.307,,,,Continental arc,135.75,34.1,,1977
3.54,4.93,17.77,49.96,0.5,1.18,8.38,1.83,0.16,9.92,29.0,,83.0,30.0,21.0,298.0,698.0,18.0,185.0,,34.0,73.0,,,6.4,2.0,,,,,,2.2,0.2,,,3.8,Continental arc,134.7,35.5,,1990
1.73,8.59,15.99,47.78,0.14,0.35,13.42,0.72,0.18,10.22,8.0,288.0,245.0,54.0,68.0,265.0,395.0,15.0,39.0,,,,,,,,,,,,,,,,,,Continental arc,-86.19,12.08,HOLOCENE,
2.77,4.69,18.31,48.48,0.499,2.17,12.49,0.845,0.181,9.56,42.0,279.0,7.0,,11.0,1120.0,2233.0,30.0,139.0,5.5,129.0,245.0,,109.0,,,,,,,,,,,,24.0,Continental arc,95.034,22.299,,2018
2.37,8.77,17.66,49.84,0.15,0.59,10.74,0.78,0.16,7.78,21.68,231.45,225.0,,118.9,176.4,358.32,20.5,51.87,3.05,,,,,,,,,,,,,,,,,Continental arc,140.225,42.78,,2011
1.0,6.62,18.03,50.6,0.07,0.08,11.9,0.73,0.14,,1.2,,,,,,188.0,15.0,32.0,3.5,,,,,,,,,,,,,,,,,Continental arc,140.75,38.25,MIOCENE,1989
2.37,9.65,13.2,49.7,0.18,0.75,12.1,0.92,0.19,9.18,,284.0,587.0,39.9,98.0,263.0,296.0,17.8,65.4,2.8,7.4,17.6,,14.9,3.6,1.13,3.9,0.61,3.6,,,2.0,0.32,2.5,0.11,0.527,Continental arc,160.27,55.615,HOLOCENE,1997; 1998
2.9,6.17,17.16,52.08,0.22,0.56,9.86,1.3,0.17,8.97,18.0,226.0,52.0,34.0,32.0,176.0,295.0,27.0,139.0,4.0,5.0,33.0,,15.0,,,,,,,,,,,,4.0,Continental arc,176.0,-38.0,,2017
3.21,8.48,16.46,52.46,,0.08,10.53,1.01,0.17,6.86,,,298.0,,,,,,,,4.04,12.94,,,2.71,,,0.55,,,,2.52,0.38,1.82,,0.94,Continental arc,135.75,33.35,MIOCENE,1985
2.99,5.31,16.53,51.8,0.56,2.3,8.63,1.27,0.173,8.86303,45.8951193208023,241.0,139.0,26.0,42.0,546.305529215032,652.698623445601,32.5785317469781,153.0,5.07399370441295,13.8619990584537,35.3075564384418,5.07119339057544,24.7550743042008,6.34175469337084,1.99736022634522,6.64377483104031,0.981287916909588,5.96626490094255,1.19331649167544,3.46509926887058,3.28901723650582,0.481790231859094,4.56501203443528,0.355143727287477,1.77277374137764,Continental arc,158.323,56.993,CENOZOIC,
1.17,10.95,14.73,50.99,0.08,0.51,10.66,0.54,0.18,9.16,11.6,256.0,405.0,42.0,130.0,,169.0,14.1,39.0,1.3,4.2,9.1,1.3,5.9,1.8,0.49,1.9,0.36,2.27,0.49,1.42,1.3,0.2,,,,Continental arc,8.46,39.74,CENOZOIC,2013
2.82,7.51,14.95,51.29,0.28,0.89,8.39,1.57,0.18,,17.8,150.0,274.0,,128.0,216.0,386.0,23.2,124.0,13.6,17.5,37.5,4.6,19.9,4.6,1.5,4.8,0.7,4.3,0.88,2.4,2.0,0.29,3.3,1.4,2.4,Continental arc,129.45,33.35,,2009
3.0,6.31,17.27,46.83,0.52,1.66,10.26,2.41,0.16,9.74495325382204,26.0,307.0,91.0,39.0,57.0,652.0,740.0,21.3,162.0,49.0,36.082614521576,70.1673950625341,8.50536554339737,32.9197303422946,6.26911942791569,1.81158070867342,5.37548420407244,0.762721134532072,4.26079685398874,0.802359162361485,2.13763125278275,1.83479841105566,0.260941422755832,3.68032344446299,2.92772172291928,4.95507609348216,Continental arc,-3.385,34.645,NEOGENE,2005
2.9,9.87,14.12,50.19,0.22,1.04,10.03,0.91,0.17,9.456898,22.0,284.0,509.0,49.0,140.0,291.0,375.0,21.9564,71.0,0.0,0.0,21.0,0.0,,,,,,,,,,,,,22.0,Continental arc,160.873,56.549,,2018
2.16,11.47,15.01,49.74,0.06,0.24,10.08,0.6,0.15,9.06,2.7,,,,269.0,99.0,141.0,15.0,41.0,0.6,,,,,,,,,,,,,,,,,Continental arc,140.75,37.75,MIOCENE,1994
2.31,7.5,16.2,49.76,0.27,0.7,10.01,0.94,0.22,,13.0,274.0,205.0,35.0,0.0,224.0,376.0,20.4,62.0,2.9,6.8,14.8,2.27,10.5,2.95,1.05,3.38,0.59,3.62,0.71,2.01,1.84,0.27,1.7,0.15,0.49,Continental arc,-84.148,12.217,MIOCENE,2010
1.71,9.04,15.94,47.75,0.11,0.31,13.75,0.7,0.18,10.23,5.0,300.0,258.0,54.0,84.0,237.0,396.0,16.0,38.0,,,,,,,,,,,,,,,,,,Continental arc,-86.19,12.08,HOLOCENE,
2.34,9.0,16.27,51.74,0.23,1.03,10.01,0.65,0.16,,27.0,,696.0,35.0,103.0,311.0,644.0,23.0,78.0,5.0,18.5,37.1,,15.6,3.07,1.04,,0.46,,,,1.87,0.28,1.93,0.45,3.8,Continental arc,11.366,38.55,,1992; 2004
2.17,7.11,17.81,49.18,0.29,0.86,12.27,0.99,0.13,7.85,9.0,,199.0,,85.0,131.0,430.0,23.0,66.0,6.1,8.62,19.874,2.953,13.2,3.4,1.184,3.804,0.596,3.548,0.771,2.1,2.042,0.311,,,,Continental arc,138.835,37.75,MIOCENE,2006
2.31,6.16,17.07,49.14,0.09,0.33,9.82,1.34,0.12,9.34,2.66,335.09,39.1,43.89,6.2,72.8,208.34,26.63,52.27,2.07,3.65,9.2,1.52,7.47,2.45,0.99,3.22,0.56,3.54,0.77,2.22,2.05,0.31,1.37,0.1,0.54,Continental arc,140.58499999999998,43.21,MIOCENE,2011
3.4,4.67,17.1,51.9,0.59,2.05,8.26,1.68,0.17,9.81,,301.0,230.0,,47.0,539.0,352.0,31.9,185.0,7.2,16.1,40.8,,26.0,6.7,1.93,6.6,,5.5,,,2.9,0.43,4.0,,1.8,Continental arc,160.27,55.615,HOLOCENE,1996
2.96,5.32,15.96,49.08,1.26,3.44,5.95,2.11,0.17,,79.0,113.0,213.0,25.0,119.0,1363.0,725.0,24.0,331.0,85.0,76.0,132.0,17.0,63.0,11.7,3.44,10.44,1.18,4.96,0.74,2.03,1.3,0.18,6.49,,11.23,Continental arc,131.5,43.67,MIOCENE,2008
2.42,7.27,14.98,51.6,0.14,0.85,10.06,0.8,0.18,9.37,27.2,,,,176.0,314.0,249.0,19.8,69.8,1.88,9.29,21.1,2.48,10.9,2.89,0.841,3.18,0.526,3.37,0.726,2.17,2.15,0.336,2.23,0.165,3.43,Continental arc,141.25,41.0,MIOCENE / CENOZOIC,1988; 2006
2.28,5.87,17.3,51.1,0.51,4.01,9.33,0.96,0.16,,133.0,232.0,63.0,24.0,37.0,1940.0,839.0,29.4,179.0,25.2,56.9,113.0,13.0,52.6,10.1,2.67,8.37,1.17,5.78,1.0,2.75,2.38,0.337,4.4,1.66,17.6,Continental arc,15.21,38.79,,2008
1.92,10.3,16.17,47.17,0.08,0.26,10.54,0.75,0.2,,3.0,266.0,113.0,57.0,89.0,102.0,307.0,11.0,26.0,0.7,2.29,5.88,0.91,4.61,1.35,0.48,1.69,0.3,1.89,0.41,1.16,1.11,0.17,0.67,0.05,0.39,Continental arc,158.85,53.885,,2008
2.53,6.26,17.3,50.45,0.44,2.2,11.23,0.86,0.14,7.86,66.7,268.9,114.0,31.7,46.6,952.6,704.3,26.1,159.9,19.2,47.5,94.9,10.6,40.6,8.2,2.2,6.8,0.9,4.7,0.9,2.3,2.2,0.3,3.5,1.2,16.7,Continental arc,15.21,38.79,,2012
1.97,5.18,18.69,50.92,0.05,0.2,11.82,0.68,0.16,8.95,1.89,,,,,72.0,204.0,15.2,29.0,0.88,2.86,6.57,1.0,4.88,1.53,0.61,2.01,0.39,2.67,0.58,1.57,1.65,0.26,0.96,0.06,0.5,Continental arc,140.7,38.4,,2006
3.35,5.1,18.5,51.2,,0.92,9.4,1.12,0.2,,14.0,314.0,16.0,,12.0,396.0,479.0,,85.0,,,,,,,,,,,,,,,,,,Continental arc,-89.63,13.85,,1981; 2017
2.846,5.253,17.208,48.945,0.271,1.122,9.679,1.127,0.173,10.17,22.5668583,,38.9063797,,22.5716858,358.579315,431.633118,27.429636,93.7397156,2.39228821,9.22679615,22.8830338,3.40833926,17.1579609,4.71025324,1.51093602,5.07557631,0.776854157,4.81961823,0.849623621,2.66487241,2.75134301,0.419867307,2.62019849,0.151367202,0.734008551,Continental arc,160.396,55.795,,2015
2.98,5.54,17.62,52.42,0.13,0.6,10.11,1.19,0.16,9.26,14.0,,153.0,,58.0,91.0,202.0,35.0,117.0,2.1,,,,,,,,,,,,,,,,,Continental arc,137.0,37.5,OLIGOCENE,1995
2.86,7.63,16.16,51.43,0.42,0.95,9.23,1.34,0.17,8.83,20.7,,362.0,,120.0,174.0,594.0,26.3,165.0,10.9,,,,,,,,,,,,,,,,,Continental arc,137.5,35.75,,2000
2.53,6.11,17.44,50.04,0.53,2.26,11.37,0.94,0.16,8.14,68.0,261.3,52.25,30.63,39.69,948.8,703.0,25.85,156.6,17.68,43.59,91.26,10.79,42.58,8.24,2.12,6.78,0.93,4.99,0.91,2.44,2.38,0.36,3.85,1.23,15.14,Continental arc,15.21,38.79,,2012
3.06,7.03,14.82,50.68,0.17,0.28,12.07,1.46,0.15,8.95,5.0,277.0,353.0,42.0,107.0,2.0,131.0,44.0,120.0,2.2,3.2,9.8,,,,1.35,,0.78,,,,,,2.9,0.14,0.13,Continental arc,-91.038,12.496,MIOCENE,1982
2.98,4.61,15.5,52.0,0.27,0.97,8.99,1.43,0.22,12.17,18.0,483.0,14.0,37.0,12.0,409.0,385.0,30.0,107.0,1.6,9.09,23.78,3.61,17.35,4.84,1.45,5.31,0.87,5.69,1.16,3.4,3.18,0.5,2.98,0.1,1.49,Continental arc,159.8201,56.4266,QUATERNARY,2010
3.82,7.54,16.43,49.3,0.44,1.88,8.34,1.59,0.19,,23.0,216.0,220.0,37.0,129.0,287.0,614.0,28.0,160.0,,,,,,,,,,,,,,,,,,Continental arc,158.07,53.93,,2000
2.51,9.26,15.71,50.53,0.24,0.54,10.36,1.05,0.17,8.89,7.0,242.0,431.0,,130.0,171.0,302.0,24.0,101.0,7.0,0.0,30.0,,25.0,,,,,,,,,,,,1.0,Continental arc,176.25,-38.3,,2007
4.41957124842371,6.84,17.46,45.79,0.59,1.48,10.43,1.85,0.17,9.06109688513277,36.0,206.0,189.0,41.0,115.0,808.0,1034.0,27.0,145.0,,,,,,,,,,,,,,,,,,Continental arc,-3.34,34.483,NEOGENE,2005
2.35,8.49,16.97,49.85,0.17,0.68,10.29,0.79,0.15,7.67,24.88,226.03,270.6,,103.7,245.2,377.58,20.91,62.01,2.61,,,,,,,,,,,,,,,,,Continental arc,140.225,42.78,,2011
3.315,4.509,16.298,50.379,0.659,2.196,8.17,1.792,0.176,9.98,52.421959379459,,77.4552874195781,,34.6744525281437,523.618268086016,370.694463888625,34.682391841336,237.813587450296,5.70956282913605,19.6095105547936,46.6575264979294,7.28741205307641,34.433538966088,7.89484199077498,2.12494192482884,8.39700135169494,1.19926664949489,7.15637706105504,1.43839387894046,4.10266664874887,3.80383422085414,0.577717119659137,5.6268177459022,0.285413631346433,2.22939114090616,Continental arc,160.339,55.897,,2015
2.7710843373494,4.51807228915663,15.7128514056225,50.3112449799197,0.301204819277108,1.19477911646586,9.67871485943775,1.26506024096386,0.230923694779116,12.61,27.0,396.0,20.0,41.0,5.0,804.0,423.0,24.0,104.0,5.0,14.0,21.0,4.0,,,,,,,,,,,,,4.0,Continental arc,-86.0,12.0,HOLOCENE,2020
3.42,5.46,12.62,48.04,0.25,0.07,8.95,2.96,0.25,13.23,1.0,543.0,110.0,56.7,32.0,32.0,120.0,50.0,208.0,15.0,12.7,35.5,,25.2,7.49,2.8,,,,,,4.28,0.517,6.18,1.09,1.71,Continental arc,136.35,35.25,PERMIAN,2008
2.5,8.75,13.49,51.06,0.24,0.39,11.62,0.97,0.23,10.68,5.94,327.0,220.0,,49.0,155.0,219.0,20.96,47.51,1.11,3.24,8.48,1.41,7.44,2.5,0.94,3.3,0.6,3.98,0.84,2.37,2.13,0.35,1.42,0.08,0.31,Continental arc,160.627,55.944,,2014
2.6,6.23,16.83,49.98,0.17,0.33,10.29,1.11,0.17,9.58,8.0,273.0,41.0,,0.0,125.0,337.0,23.4,89.0,2.99,9.4,19.0,3.24,14.9,3.79,1.17,3.8,0.65,4.05,0.81,2.31,2.27,0.33,2.11,0.2,1.43,Continental arc,175.946,-38.583,,2014
3.25,7.74,16.5,49.8,0.39,1.82,8.33,1.555,0.16,9.21,30.0,228.0,225.0,39.0,134.0,626.0,714.0,16.0,161.0,15.5,17.56,39.56,4.91,20.71,4.57,1.41,4.09,0.56,3.14,0.59,1.55,1.25,0.18,3.75,0.98,2.34,Continental arc,160.25,57.817,QUATERNARY,2010
2.8,5.36,18.17,50.85,0.38,2.01,10.08,0.99,0.16,,55.0,281.0,21.0,37.0,30.0,693.0,570.0,26.0,158.0,16.0,35.0,92.0,,40.0,,,,,,,,,,,,,Continental arc,15.21,38.79,,1993
1.83,5.84,18.59,47.48,0.25,1.28,10.84,1.01,0.16,10.74,29.8,393.0,77.0,34.4,38.0,175.6,408.6,27.3,45.6,1.46,10.78,18.13,3.63,16.74,4.41,1.32,4.39,0.7,4.08,0.89,2.62,2.34,0.36,1.21,0.09,2.12,Continental arc,138.301,37.13,NEOGENE,2016
3.64,5.4,18.25,51.9,0.23,0.87,8.47,0.9,0.19,9.11,13.0,192.0,34.0,,32.0,451.0,558.0,18.4,129.0,3.05,8.36,19.67,2.96,14.2,3.53,1.12,3.55,0.55,3.47,0.64,1.94,1.86,0.28,2.84,0.34,0.99,Continental arc,-91.55,14.76,QUATERNARY,1987; 2007
1.85,9.59,15.3,48.9,0.11,0.35,11.5,0.65,0.2,10.8,6.79,273.6,75.85,40.9,38.16,335.01,386.92,14.77,33.15,1.16,2.81,7.21,1.25,5.95,1.88,0.69,2.21,0.36,2.42,0.51,1.48,1.43,0.22,0.98,0.07,0.32,Continental arc,-86.7,12.5,,1986; 2009
4.59,9.05,14.82,51.91,0.05,0.3,7.3,0.96,0.18,10.84,9.0,,353.0,39.0,110.0,262.0,842.0,22.0,91.0,4.0,,,,,,,,,,,,,,,,,Continental arc,78.2,34.9,PERMIAN,2007
2.06,6.5,17.15,48.26,0.2,1.14,12.47,0.92,0.15,9.06,12.2,253.0,42.0,35.3,25.3,440.0,992.0,16.9,83.0,2.55,24.4,58.1,6.74,27.7,5.35,1.59,4.24,0.63,3.25,0.65,1.8,1.6,0.24,2.14,0.13,2.25,Continental arc,95.21,20.911,QUATERNARY,2016
2.75,4.67,17.13,51.82,0.41,3.49,8.53,1.17,0.13,7.57640871626792,139.0,219.0,131.0,25.0,48.0,1081.0,581.0,24.0,157.0,,,,,,,,,,,,,,,,,,Continental arc,-3.08,35.214,NEOGENE,2005
3.31,8.04,16.75,49.66,0.31,1.11,8.68,1.33,0.16,8.67,29.2,,,,,462.0,733.0,28.9,81.2,9.33,28.8,43.1,6.11,25.4,4.85,1.65,4.71,0.71,4.02,0.847,2.16,1.99,0.288,2.18,0.527,3.12,Continental arc,133.428,35.342,QUATERNARY,2013
2.6,5.97,18.05,49.89,0.45,2.07,10.78,0.98,0.16,,66.0,264.0,49.0,33.0,41.0,956.0,734.0,27.0,152.0,19.0,45.0,91.0,10.8,42.0,8.1,2.0,7.0,0.98,5.3,0.98,2.65,2.26,0.33,3.6,1.09,14.4,Continental arc,15.21,38.79,HOLOCENE,2000; 2001
4.4,6.83,16.6,47.86,0.25,1.12,4.79,1.9,0.22,14.44,32.0,158.0,484.0,56.0,147.0,785.0,292.0,24.0,83.0,11.2,,,,,,,,,,,,,,,,,Continental arc,133.75,33.4,MESOZOIC,2004
2.43,6.1,17.68,52.45,0.09,0.18,10.78,0.86,0.19,9.42,2.0,281.0,83.0,,26.0,92.0,279.0,22.0,40.0,0.9,3.3,,,,,,,,,,,,,,,1.0,Continental arc,140.85,40.65,QUATERNARY,1986
1.93,6.85,18.45,50.27,0.06,0.21,10.01,0.65,0.2,10.42,,251.0,41.9,,46.4,,,,,,,,,,,,,,,,,,,,,,Continental arc,140.78,42.57,,2016
2.62,5.32,18.5,50.61,0.16,0.47,10.19,1.02,0.16,,6.6,281.0,,32.7,,,354.0,18.1,47.5,2.2,,10.7,,,,,,,,,,,,,,,Continental arc,141.0,38.0,,1984
2.32,6.11,18.57,49.54,0.14,0.4,10.97,0.97,0.17,9.12,7.2,282.0,87.0,,36.0,168.0,327.0,21.5,60.0,3.7,7.3,14.8,,10.0,2.59,0.97,,,,,,1.77,0.28,,,1.15,Continental arc,175.917,-36.583,,2000
2.66,10.87,15.82,51.82,0.11,0.13,9.58,0.78,0.16,8.07,3.0,,628.0,,274.0,,251.0,21.0,81.0,0.9,,,,,,,,,,,,,,,,,Continental arc,137.0,37.5,OLIGOCENE,1995
2.7,6.09,16.85,50.22,0.16,0.43,10.31,1.08,0.17,9.33,11.0,268.0,37.0,,0.0,143.0,333.0,23.5,86.0,3.32,10.0,20.7,3.38,15.5,3.97,1.23,3.83,0.65,4.07,0.85,2.33,2.34,0.33,2.21,0.2,1.6,Continental arc,175.946,-38.583,,2014
2.34,8.67,14.25,51.04,0.12,0.91,9.54,0.78,0.18,9.94,28.73,271.47,542.0,60.31,193.0,304.02,226.64,22.32,73.2,2.39,9.69,21.82,2.67,11.21,2.95,0.82,3.2,0.53,3.38,0.75,2.26,2.16,0.33,1.96,0.16,3.43,Continental arc,141.25,41.0,,2013
2.18,8.65,15.0,52.46,0.12,0.81,9.51,0.77,0.17,,28.0,242.0,535.0,51.0,152.0,265.0,213.0,27.0,72.0,,,,,,,,,,,,,,,,,,Continental arc,141.25,41.0,MIOCENE,1993; 1994
2.86,4.96,18.48,52.83,0.28,0.73,9.74,1.07,0.17,8.4,9.84,251.3,5.6,50.14,5.1,207.9,513.99,25.25,94.21,9.55,14.16,29.14,3.93,16.31,3.87,1.21,3.98,0.64,3.87,0.84,2.4,2.19,0.34,2.16,0.59,1.47,Continental arc,139.84,42.510000000000005,MIOCENE,2011
3.59773,5.72283,18.66031,52.68719,0.20709,0.86568,8.43721,0.92405,0.14295,8.37,12.76,209.9,46.37,35.35,32.67,424.9,553.5,16.75,98.65,2.626,7.649,17.84,2.647,11.98,3.0665,0.99475,3.13266666666667,0.5069,2.895,0.592,1.63633333333333,1.46466666666667,0.2226,2.44133333333333,0.1411,0.856092538060319,Continental arc,-91.55,14.76,,2011
3.53,5.32,16.39,48.24,0.53,1.45,9.76,2.79,0.17,,22.0,258.0,51.0,34.0,34.0,733.0,880.0,57.2,243.0,46.9,35.4,65.5,8.92,32.0,7.04,2.59,8.94,1.34,7.35,1.35,3.61,2.49,0.35,4.8,2.5,2.71,Continental arc,-83.958,12.234,MIOCENE,2010
3.1,6.6,16.66,49.73,0.25,0.37,10.5,1.27,0.18,9.36,6.0,241.0,35.0,,0.0,132.0,332.0,27.5,139.0,5.36,10.2,25.3,3.54,16.3,4.02,1.38,4.28,0.73,4.67,0.93,2.64,2.6,0.39,3.27,0.31,0.93,Continental arc,176.094,-38.509,,2014
2.66,5.82,18.15,51.5,0.14,0.47,9.5,0.85,0.19,8.59,11.0,223.0,,,,166.0,339.0,20.2,57.0,2.95,5.56,13.6,1.9,9.21,2.2,0.948,3.07,0.48,3.16,0.683,2.0,1.79,0.291,1.49,0.188,0.682,Continental arc,140.75,38.25,MIOCENE,2015
3.1,4.72,16.79,47.93,0.61,2.03,7.12,3.13,0.17,11.7,49.7,,,,,618.0,520.0,25.9,246.0,48.5,46.5,97.3,11.06,43.0,8.29,2.6,7.27,1.04,5.8,1.09,2.81,2.42,0.34,6.1,2.88,7.29,Continental arc,129.9,33.1,,2014
1.42,7.7,16.06,50.59,0.05,0.08,11.56,0.69,0.18,10.07,3.08,,,,,,183.0,,,,,,,4.62,1.48,,,,,,,,,,,,Continental arc,140.065,40.175,PLIOCENE,2006; 2008
2.04,6.76,16.9,52.9,0.07,0.19,11.2,0.66,0.15,7.56,6.0,,26.0,36.0,34.0,68.0,142.0,21.0,50.0,,,,,,,,,,,,,,,,,,Continental arc,-4.808,36.542,NEOGENE,2004
2.35,7.18,16.3,48.4,0.07,0.07,12.0,1.29,0.18,11.1,8.0,263.0,130.0,,144.0,114.0,293.0,,,,,,,,,,,,,,,,,,,,Continental arc,-85.98,11.97,,1984
1.63,7.47,15.97,51.42,0.069,0.27,10.28,0.62,0.195,9.65,7.0,249.0,240.0,,64.0,91.0,227.0,16.0,55.0,2.18,3.76,9.18,1.21,5.7,1.68,0.65,1.8,0.38,2.13,0.48,1.5,1.63,0.26,1.14,0.17,1.04,Continental arc,140.945,39.977,,2009
2.68,6.36,16.94,51.23,0.16,0.63,9.03,0.99,0.18,9.12,9.4,275.2,99.9,,38.3,250.2,311.9,20.1,71.9,2.2,4.3,16.1,,11.8,,,,,,,,,,,,1.8,Continental arc,160.481,56.085,,
1.73,10.04,12.76,44.87,0.38,1.01,11.06,2.22,0.17,,18.5,316.0,694.0,,257.0,385.0,483.0,24.2,197.0,32.8,34.2,71.0,,,6.9,2.2,,,,,,1.5,0.34,,,,Continental arc,133.25,34.9,,1994
2.77,4.73,18.7,51.2,0.35,0.95,9.69,0.96,0.17,,,233.0,15.0,32.0,15.0,428.0,442.0,,,,,,,,,,,,,,,,,,,,Continental arc,-162.7,55.0,,1987
3.3,4.565,18.365,52.514,0.301,1.305,8.837,0.885,0.204,8.96,31.227,246.117,22.02,30.427,11.911,405.895,526.904,27.192,93.058,,,,,,,,,,,,,,,,,,Continental arc,109.961,-7.309,PLEISTOCENE,
2.23,9.63,16.81,47.91,0.13,0.42,9.58,0.78,0.19,,5.0,258.0,102.0,53.0,99.0,129.0,349.0,16.0,47.0,1.6,4.2,10.8,1.64,8.13,2.14,0.79,2.64,0.43,2.63,0.55,1.6,1.47,0.23,1.22,0.11,0.44,Continental arc,159.6,54.07,NEOGENE,2009
3.29,7.21,15.92,51.12,0.49,0.86,8.29,1.49,0.17,9.76,18.0,181.0,292.0,44.0,119.0,213.0,575.0,28.2,167.0,11.3,23.6,44.9,7.46,32.2,6.84,2.43,6.92,1.14,6.28,1.03,2.85,2.41,0.35,4.26,0.7,2.06,Continental arc,137.5,35.75,PLEISTOCENE,1999; 2002
2.53,9.66,14.58,50.94,0.29,0.82,9.26,1.19,0.17,9.5,20.0,,497.0,42.0,119.0,206.0,412.0,29.0,120.0,7.0,15.1,29.0,,18.0,4.6,1.7,,0.8,,,,2.4,0.4,2.6,0.0,1.6,Continental arc,137.5,35.75,PLEISTOCENE,2000
2.93,6.27,17.64,52.56,0.3,1.66,8.46,0.83,0.15,7.14,55.0,198.0,152.0,,77.0,575.0,499.0,24.3,111.0,6.0,,,,,,,,,,,,,,,,,Continental arc,141.125,43.0,,1992
2.98,9.16,15.36,51.79,0.21,1.0,10.01,0.9,0.18,8.9,13.8,255.0,442.0,,116.0,313.0,450.0,17.3,69.0,1.16,5.9,15.2,2.32,11.4,3.0,0.99,3.13,0.494,2.97,0.599,1.62,1.6,0.24,1.97,0.077,0.55,Continental arc,161.4,56.65,,2019
2.76,5.74,17.9,52.4,0.25,1.42,9.53,0.82,0.1,,31.0,277.0,65.0,,41.0,420.0,688.0,30.0,99.0,12.0,29.0,,,,,,,,,,,,,,,,Continental arc,11.366,38.55,,1980
2.47,5.28,16.61,50.56,0.32,1.45,10.05,1.2,0.17,8.79,30.0,252.0,336.0,30.0,16.0,989.0,494.0,24.0,175.0,19.7,,,,,,,,,,,,,,,,4.0,Continental arc,-85.515,11.446,QUATERNARY,2012
2.62,6.09,16.44,51.54,0.17,0.74,10.44,1.02,0.16,8.47,21.0,247.0,79.0,,0.0,207.0,326.0,24.6,99.0,4.23,10.1,23.6,3.23,14.7,3.5,1.17,3.63,0.62,4.01,0.81,2.31,2.32,0.34,2.57,0.26,2.23,Continental arc,176.067,-38.356,,2014
3.7,7.52,15.0,52.78,0.14,0.96,10.0,0.87,0.16,8.07,14.0,250.0,242.0,,57.0,291.0,359.0,17.0,81.0,1.0,0.0,10.0,,23.0,,,,,,,,,,,,,Continental arc,160.63,56.05,HOLOCENE,1994
1.53,7.31,16.49,44.4,0.23,1.18,12.0,10.6,0.18,11.03,30.8,452.0,84.8,42.6,35.2,135.0,470.0,19.5,32.6,0.93,5.45,14.4,2.26,11.5,3.4,1.13,3.58,0.579,3.59,0.757,2.11,1.9,0.282,1.15,0.063,1.44,Continental arc,138.488,37.286,PLIOCENE-PLEISTOCENE,2021
2.35,8.52,17.91,50.1,0.15,0.67,10.97,0.78,0.15,7.65,18.62,245.34,248.2,68.32,99.6,214.8,347.89,20.09,58.05,1.79,8.03,19.52,2.62,11.6,3.05,1.02,3.24,0.55,3.35,0.72,2.1,2.06,0.32,1.47,0.18,1.95,Continental arc,140.225,42.78,MIOCENE,2011
1.64,5.74,15.84,51.51,0.06,0.12,10.35,0.97,0.21,11.52,0.88,403.0,,,,69.0,182.0,21.6,26.4,0.713,2.07,5.59,0.95,5.13,1.73,0.778,2.74,0.518,3.31,0.787,2.11,2.19,0.335,0.8,0.038,0.373,Continental arc,140.065,40.175,PLIOCENE,2015
3.42,5.68,18.67,51.48,0.23,0.84,8.92,0.97,0.155,8.5481,10.4953203954285,222.0,70.0,31.0,65.0,387.776003116628,649.029046779937,16.86191936277,65.0,3.74765285379998,7.75225100349307,19.3371229992878,2.68783927493472,12.9187018686201,3.14578801675315,1.04119660330729,3.16578055646605,0.501066708719097,2.93562379082308,0.55745601776376,1.67178439091803,1.53959487526028,0.235021206864042,1.92879181503714,0.206440404924204,0.727293017261844,Continental arc,159.176,56.8,CENOZOIC,
3.2,6.66,17.2,52.49,0.16,0.68,9.67,0.97,0.17,8.79,10.0,262.0,94.0,35.0,49.0,245.0,344.0,21.8,82.0,2.2,10.0,20.0,,11.6,3.0,,,,,,,2.1,,2.4,,1.3,Continental arc,160.503,55.991,,2013
2.99,6.59,16.01,51.26,0.55,1.08,8.08,2.17,0.17,10.0,21.0,224.0,157.0,,58.0,377.0,656.0,22.0,181.0,25.0,,,,,,,,,,,,,,,,4.0,Continental arc,131.45,33.25,,1992
2.14,6.48,18.04,51.51,0.08,0.19,10.49,0.83,0.18,9.33,1.93,258.0,,,,104.0,258.0,17.3,42.1,1.58,3.55,8.97,1.34,6.48,1.84,0.782,2.48,0.432,2.71,0.601,1.69,1.57,0.268,1.18,0.088,0.593,Continental arc,141.0,38.0,QUATERNARY,2015
3.41,8.08,14.51,49.14,0.69,2.46,6.62,2.1,0.16,,69.0,130.0,290.0,52.0,200.0,1022.0,770.0,25.16,215.0,59.0,46.08,81.42,10.3,40.25,7.05,2.69,6.9,2.12,4.82,0.99,2.1,1.52,0.27,4.73,3.02,5.97,Continental arc,131.5,43.67,MIOCENE,2007
2.85,8.51,14.6,50.4,0.38,1.34,9.75,1.25,0.17,9.19,30.0,280.0,431.0,41.0,128.0,316.0,284.0,25.0,133.0,2.8,10.7,31.7,,21.2,,,,,,,,,,,,0.9,Continental arc,160.335,55.788,,2017
1.899,6.978,18.223,50.304,0.081,0.124,10.279,0.717,0.175,,3.1,223.536,114.724,40.438,57.331,71.647,278.816,13.756,32.393,0.986,,,,,,,,,,,,,,,,,Continental arc,141.004,39.849,,2017
2.85,5.62,18.2,46.95,0.3,0.6,11.49,1.99,0.16,9.96,18.0,240.0,0.0,62.0,0.0,294.0,368.0,18.9,66.0,4.9,8.1,18.7,2.55,11.4,2.97,0.967,3.07,0.54,3.39,0.71,1.99,2.0,0.3,1.9,0.42,3.03,Continental arc,176.27,-38.083,QUATERNARY,1996; 2007; 2017
1.92,11.18,15.11,49.02,0.06,0.17,10.76,0.641,0.171,9.3,3.65,269.63,659.77,,,68.23,143.86,19.65,40.79,1.81,2.98,7.75,1.04,5.26,1.833,0.67,2.26,0.47,3.02,0.66,1.87,1.92,0.29,1.23,0.14,0.39,Continental arc,140.774,37.729,,2009
2.6,8.03,14.56,52.83,0.22,0.86,9.63,1.7,0.15,9.42,21.0,95.0,327.0,,110.0,210.0,354.0,23.0,121.0,13.0,,,,,,,,,,,,,,,,,Continental arc,130.0,33.25,MIOCENE,1994
3.49475409836066,5.35,17.51,48.54,0.85,2.94,8.0,2.11,0.14,7.91833690061255,119.0,187.0,160.0,28.0,85.0,966.0,889.0,18.4,337.0,90.7859383526183,68.4949272179126,125.99554157082,13.4340814500542,48.2416803178043,8.28004738155291,2.38945009575242,7.02374126820977,0.870030162337306,4.53124543413507,0.800073913875045,2.09615542751607,1.76534997693897,0.243629110532322,6.69776970016613,5.46596542702781,24.757599727844,Continental arc,-1.127,37.652,NEOGENE,2005
2.19,6.69,17.89,50.79,0.09,0.2,10.46,0.85,0.17,9.69,2.07,,,,,232.0,297.0,13.6,32.9,1.37,3.29,7.87,1.19,5.89,1.79,0.72,2.19,0.39,2.55,0.52,1.43,1.45,0.22,1.01,0.07,0.34,Continental arc,141.0,38.0,,2006
3.08,9.14,13.87,44.26,0.77,1.43,11.41,2.06,0.18,,61.0,,,,,,900.0,,,,,,,44.6,8.24,,,,,,,,,,,,Continental arc,134.02,35.07,CENOZOIC,1988
3.2,5.2,16.29,50.53,0.63,2.45,6.91,1.72,0.13,,28.5,,,,,553.0,741.0,28.7,215.0,17.8,34.7,79.5,8.59,40.9,7.75,2.23,6.9,0.97,5.39,0.99,2.81,2.48,0.36,,0.9,4.18,Continental arc,140.2,49.0,CENOZOIC,2002
2.97,5.02,18.14,49.6,0.52,2.16,9.43,1.15,0.19,,45.0,,,,,1555.0,970.0,20.0,180.0,,46.0,108.0,,66.0,14.0,2.6,9.8,,,,3.4,2.4,,,,,Continental arc,162.5,59.75,,
3.58,5.41,17.85,48.9,0.35,1.26,9.97,1.53,0.15,9.35,15.0,362.0,78.0,,39.0,488.0,676.0,17.8,97.0,20.5,15.6,28.5,,16.6,4.0,1.4,4.19,,,,,1.66,,2.5,,2.7,Continental arc,174.07,-39.3,,2012
2.66,6.7,17.2,50.73,0.23,0.52,10.3,0.91,0.17,,7.0,279.0,160.0,38.0,59.0,126.0,402.0,17.0,56.0,1.9,5.27,12.72,1.84,8.48,2.3,0.79,2.55,0.41,2.61,0.54,1.48,1.4,0.22,1.55,0.18,0.63,Continental arc,158.85,53.885,,2008
2.37,6.82,17.7,47.3,0.26,1.39,10.48,0.91,0.19,10.58,,358.0,44.0,40.0,33.0,922.0,1015.0,,46.0,,,,,,,,,,,,,,,,,,Continental arc,160.855,57.576,NEOGENE,2010
3.04,8.77,15.25,49.44,0.7,1.4,10.94,1.01,0.11,,22.0,,,,144.0,1318.0,3283.0,,,,,,,86.4,13.6,,,,,,,,,,,,Continental arc,134.0,35.25,CENOZOIC,1988
2.14,6.41,17.97,51.42,0.08,0.21,10.54,0.82,0.17,9.33,3.64,265.0,,,,108.0,269.0,17.9,43.9,1.62,3.73,9.24,1.38,6.59,2.07,0.809,2.55,0.442,2.65,0.589,1.78,1.73,0.263,1.19,0.09,0.617,Continental arc,141.0,38.0,QUATERNARY,2015
2.41,9.7,16.14,50.13,0.09,0.32,10.31,0.72,0.16,8.69,5.93,240.0,,,,99.2,243.0,17.2,41.8,1.47,3.57,8.72,1.3,6.27,1.88,0.781,2.36,0.407,2.7,0.602,1.69,1.86,0.271,1.15,0.079,0.533,Continental arc,140.85,37.75,MIOCENE,2015
2.52,6.55,16.0,51.25,0.38,1.94,10.84,0.91,0.16,,65.0,265.0,96.0,33.0,47.0,958.0,751.0,25.0,147.0,19.0,48.0,92.0,11.2,42.0,7.9,2.0,6.2,0.86,4.67,0.86,2.32,2.0,0.34,3.4,1.18,17.6,Continental arc,15.21,38.79,HOLOCENE,2000; 2001
2.66,7.26,15.02,52.76,0.3,0.7,8.18,1.51,0.17,11.03,17.0,192.0,240.0,,125.0,,324.0,20.0,139.0,13.0,,,,,,,,,,,,,,,,,Continental arc,130.25,33.25,CENOZOIC,2004
2.77,6.93,15.24,52.52,0.37,0.93,9.05,1.46,0.15,,8.57,209.0,206.0,,120.0,171.0,189.0,18.2,81.8,5.51,14.3,29.7,3.64,15.1,3.62,1.31,4.12,0.7,3.99,0.78,2.08,1.88,0.31,2.36,1.66,2.25,Continental arc,130.25,33.25,,2009
2.85,5.57,14.0,50.76,0.13,0.6,9.7,0.79,0.17,8.7,6.0,,520.0,44.0,22.0,97.0,272.0,15.0,54.0,0.3,4.8,10.4,,7.1,2.2,0.87,3.0,,,,,1.9,0.32,,,,Continental arc,160.27,54.6,QUATERNARY / PLEISTOCENE,1995; 1999
2.51,6.16,17.59,49.55,0.37,2.05,11.09,0.99,0.16,,60.0,260.0,51.0,35.0,41.0,941.0,780.0,26.0,158.0,21.0,45.3,95.2,12.1,45.0,8.2,2.22,7.5,0.86,5.54,1.01,2.77,2.42,0.372,3.8,1.27,14.5,Continental arc,15.216,38.794,HOLOCENE,2006
2.17,7.64,17.13,46.44,0.41,1.15,10.09,2.17,0.16,10.17,23.6,291.0,112.0,51.0,82.0,1000.0,621.0,18.8,155.0,26.5,25.2,54.9,6.63,26.8,5.56,1.83,5.21,0.74,4.29,0.82,2.14,1.85,0.26,4.04,1.62,3.6,Continental arc,129.7,33.1,CENOZOIC,2009; 2014
3.75,7.06,14.59,49.9,0.15,1.82,8.71,1.47,0.2,10.17,34.5396666666667,351.0,224.0,44.0,64.0,105.0,77.0,24.6233333333333,76.9846666666667,7.82033333333333,6.946,16.3013333333333,2.22633333333333,10.9376666666667,3.21933333333333,1.01666666666667,3.75433333333333,0.624333333333333,4.81266666666667,0.974333333333333,2.43733333333333,2.547,0.323333333333333,1.958,0.467666666666667,0.643333333333333,Continental arc,-86.0,13.0,,2020
3.35,4.96,17.66,52.8,0.32,2.03,8.55,0.88,0.17,,20.19,,,,,762.1,711.2,21.02,93.68,2.0,10.23,24.85,3.69,17.02,4.25,1.16,4.42,0.66,4.04,0.8,2.37,2.28,0.34,2.58,0.14,1.05,Continental arc,158.325,56.132,NEOGENE,2019
3.75,6.49,16.55,51.1,0.54,2.14,8.59,1.9,0.14,,20.0,150.0,150.0,34.0,130.0,505.0,665.0,21.0,202.0,17.0,21.6,43.0,,31.1,5.8,1.86,5.5,0.87,,,,1.95,0.3,4.2,1.5,3.0,Continental arc,157.5,56.5,,1994
3.56,4.83,16.88,52.83,0.15,1.86,9.25,0.57,0.1,,47.0,,12.0,23.0,9.0,410.0,757.0,,68.5,,23.4,51.0,,,4.23,1.23,,,,,,1.9,0.35,,,5.9,Continental arc,14.58,38.58,,1980
2.22,5.84,17.29,52.12,0.15,1.22,10.11,0.68,0.17,8.61,41.6,250.0,80.0,30.3,42.0,287.0,456.0,17.8,63.8,5.0,16.3,31.8,3.98,16.1,3.5,0.97,3.06,0.56,2.99,0.63,1.8,1.8,0.36,0.0,0.0,6.2,Continental arc,14.925,38.46,,
2.96,6.43,17.1,51.8,0.17,0.68,9.78,0.98,0.17,8.95,,277.0,164.0,,43.0,290.0,349.0,19.1,68.3,3.6,,,,,,,,,,,,,,,,,Continental arc,160.17,56.14,,1996
2.97,7.69,16.9,50.41,0.43,0.72,8.75,1.38,0.17,9.28,8.0,202.0,311.0,45.0,109.0,151.0,473.0,23.0,166.0,9.0,,35.0,,,,,,,,,,,,,,1.0,Continental arc,137.5,35.75,PLEISTOCENE,1999; 2002
3.23,8.22,16.1,46.32,0.47,0.96,11.01,1.97,0.16,9.07909310536144,92.0,256.0,188.0,42.0,125.0,813.0,667.0,25.0,146.0,57.4381299089825,34.6613620259817,64.8539848497198,7.81140765338637,30.6243366630514,6.07610989487919,1.82568496286296,5.29677690693813,0.764643419470681,4.3256392284676,0.825729308071096,2.26568330519979,1.98029550992968,0.288015007830638,3.45234168747055,3.17334623451355,4.3625895206271,Continental arc,-3.01,35.298,NEOGENE,2005
2.59,7.97,15.27,50.41,0.22,0.87,10.3,0.99,0.19,,15.0,308.0,462.0,45.0,84.0,307.0,363.0,20.0,69.87,1.44,6.73,16.6,2.72,13.28,3.75,1.15,3.56,0.6,3.58,0.73,2.09,2.02,0.304,2.07,0.0968,0.524,Continental arc,160.5,56.0,,2001; 2004; 2011
2.31,5.59,16.37,50.24,0.66,3.54,9.84,0.91,0.15,,102.0,233.0,76.0,,37.0,1732.0,846.0,32.0,189.0,26.0,,,,,,,,,,,,,,,,,Continental arc,15.21,38.79,PLEISTOCENE,1980; 1988; 1989
3.57,6.48,17.08,49.36,0.66,1.69,6.93,1.32,0.18,,26.0,140.0,170.0,23.0,120.0,348.0,442.0,,,,22.3,43.5,,,,1.98,,,,,,2.7,0.37,3.6,,,Continental arc,140.28,48.97,CENOZOIC,1999
2.87,11.82,13.86,47.33,0.48,1.24,8.91,2.06,0.15,9.8169381347367,34.0,192.0,513.0,48.0,350.0,425.0,667.0,21.0,140.0,,,,,,,,,,,,,,,,,,Continental arc,-3.56,34.43,NEOGENE,2005
3.49,7.32,15.88,49.88,0.52,2.32,7.61,2.1,0.14,,41.0,,,,,,878.0,22.0,,40.0,,,,,,,,,,,,,,,,,Continental arc,8.5,40.5,NEOGENE,1975
2.82,5.41,18.5,51.4,0.09,0.52,11.4,0.91,0.17,,8.94,182.0,102.0,70.8,60.7,130.0,225.0,20.5,66.4,5.65,9.35,7.74,,,,,,,,,,,,,,2.07,Continental arc,25.45,36.4,PLEISTOCENE,2020
2.93,4.87,17.84,51.45,0.32,1.04,8.77,1.22,0.17,10.08,22.0,264.0,21.0,,15.0,206.0,605.0,21.0,60.0,5.0,,,,,,,,,,,,,,,,,Continental arc,138.37,35.97,QUATERNARY,1996
2.38,4.97,17.19,50.15,0.22,0.51,10.53,0.93,0.21,,8.0,337.0,41.0,27.0,0.0,205.0,353.0,18.0,52.0,2.3,5.34,11.8,1.8,8.57,2.49,0.97,2.95,0.53,3.39,0.69,1.99,1.84,0.27,1.5,0.11,0.46,Continental arc,-84.292,12.401,MIOCENE,2010
3.74,5.54,18.3,50.4,0.66,1.09,8.98,1.47,0.17,9.2,,244.0,57.0,38.0,36.0,550.0,733.0,,150.0,,,,,,,,,,,,,,,,,,Continental arc,160.115,57.385,QUATERNARY,2010
1.92,11.69,14.71,48.29,0.07,0.25,10.55,0.67,0.18,9.39,3.59,229.0,,,,65.2,182.0,16.7,36.5,0.771,2.36,6.44,1.04,5.38,1.73,0.662,2.14,0.422,2.55,0.568,1.74,1.81,0.248,1.03,0.051,0.372,Continental arc,140.85,37.75,MIOCENE,2015
3.49331651954603,5.5,16.5,46.07,0.86,1.66,9.43,2.45,0.16,9.20506664696209,71.0,221.0,88.0,37.0,88.0,2659.0,1014.0,30.0,314.0,,,,,,,,,,,,,,,,,,Continental arc,-0.957,37.613,NEOGENE,2005
2.05,9.84,15.6,51.19,0.08,0.65,9.99,0.7,0.16,8.98,17.0,,,,113.0,108.0,169.0,24.0,56.0,2.2,,,,,,,,,,,,,,,,,Continental arc,140.75,37.75,MIOCENE,1994
3.22,5.66,16.7,51.3,0.45,1.57,8.78,1.42,0.16,9.33,39.3,252.9,95.8,36.0,49.3,412.5,348.7,30.4,162.4,3.7,13.6,34.1,,23.4,,,,,,,,,,,,1.7,Continental arc,160.273,55.711,,2015
2.38,9.2,16.2,50.5,0.15,1.1,10.2,0.8,0.15,7.7,15.0,180.0,346.0,,126.0,290.0,282.0,9.0,59.0,0.0,,,,,,,,,,,,,,,,,Continental arc,23.38,37.58,,1988
2.48,11.43,15.91,50.37,0.09,0.46,9.63,0.85,0.16,8.63,7.6,,812.0,,302.0,82.0,196.0,20.0,81.0,3.0,,,,8.7,2.6,,,,,,,,,,,,Continental arc,137.0,37.5,OLIGOCENE,1995
2.27,6.72,16.85,51.79,0.12,0.59,11.55,0.77,0.17,8.74,11.0,238.0,67.0,,22.0,242.0,303.0,19.0,60.0,5.0,7.0,17.0,,23.0,,,,,,,,,,,,0.0,Continental arc,176.6,-39.0,HOLOCENE,2002
2.4,11.04,13.89,51.67,0.12,0.58,10.11,0.82,0.16,8.49,8.0,256.0,787.0,,172.0,220.0,243.0,19.0,64.0,2.0,8.0,12.0,,11.0,,,,,,,,,,,,,Continental arc,160.63,56.05,HOLOCENE,1994
2.04,5.73,16.0,50.4,0.7,3.99,9.39,0.9,0.13,7.48,162.0,257.0,80.0,29.0,40.0,1717.0,737.0,25.0,184.0,25.0,53.7,109.0,13.1,49.7,10.4,2.54,8.4,1.1,5.2,0.9,2.5,2.2,0.31,4.5,1.3,19.9,Continental arc,15.21,38.79,,2008
4.02,6.07,15.67,48.66,0.94,1.32,8.94,2.55,0.17,11.66,24.0,,130.2,,38.0,309.0,974.0,22.0,198.0,28.0,56.0,124.9,,77.4,11.5,3.2,,1.2,,,,2.6,0.3,6.2,2.1,6.4,Continental arc,130.25,33.5,CENOZOIC,2003
2.29,6.24,16.78,51.03,0.11,0.66,11.18,0.84,0.17,9.11,15.0,273.0,49.0,,0.0,235.0,359.0,16.9,66.0,2.04,7.3,16.3,2.19,10.1,2.65,0.89,2.65,0.46,2.88,0.6,1.75,1.72,0.25,1.54,0.15,1.75,Continental arc,176.419,-38.073,,2014
3.31,9.42,16.48,49.39,0.27,1.0,9.04,1.19,0.15,8.56,24.9,,,,,377.0,755.0,20.3,69.8,7.0,18.2,37.8,4.58,18.9,3.82,1.29,3.6,0.562,3.28,0.679,1.74,1.79,0.252,1.85,0.384,2.75,Continental arc,133.428,35.342,QUATERNARY,2013
2.19,10.23,15.64,48.74,0.16,0.95,10.61,0.82,0.17,8.58,21.0,268.0,,,,488.0,490.0,20.6,58.8,1.95,13.9,26.4,3.65,16.1,3.67,1.05,3.83,0.551,3.45,0.724,2.01,1.91,0.27,1.68,0.099,3.92,Continental arc,139.73,39.95,QUATERNARY,2015
1.92,10.3,16.17,47.17,0.08,0.26,10.54,0.75,0.2,,3.0,266.0,113.0,57.0,89.0,102.0,307.0,11.0,26.0,0.7,2.29,5.88,0.91,4.61,1.35,0.48,1.69,0.3,1.89,0.41,1.16,1.11,0.17,0.67,0.05,0.39,Continental arc,159.6,54.07,NEOGENE,2009
2.48,6.12,15.0,52.7,0.2,0.54,11.61,1.18,0.2,9.83,9.0,266.0,186.0,20.0,59.0,126.0,131.0,43.0,187.0,3.2,,,,9.22,2.31,,,,,,,,,,,,Continental arc,139.0,38.0,MIOCENE,1994; 1997; 2007
1.68,5.71,16.05,52.0,0.06,0.13,10.55,0.95,0.21,11.32,1.35,400.0,,,,69.4,177.0,21.0,25.5,0.719,2.07,5.29,0.94,5.13,1.79,0.718,2.53,0.509,3.08,0.729,1.86,2.28,0.321,0.82,0.039,0.348,Continental arc,140.065,40.175,PLIOCENE,2015
2.63,6.63,16.8,51.74,0.25,1.05,8.76,0.96,0.1,7.8,27.0,214.0,185.0,,87.0,261.0,340.0,26.0,92.0,5.4,,,,15.5,3.7,,,,,,,,,,,,Continental arc,139.415,38.04,MIOCENE,2006
2.66,6.3,17.28,50.03,0.56,2.25,11.2,0.89,0.15,,62.0,281.0,74.0,35.0,41.0,911.0,660.0,26.0,165.0,18.0,63.0,113.0,,42.0,,,,,,,,,,,,,Continental arc,15.21,38.79,HOLOCENE,1993; 1999
2.62,6.37,18.6,49.0,0.38,2.09,11.0,1.0,0.17,,67.0,261.0,48.0,26.0,34.0,971.0,776.0,27.0,157.0,20.0,46.0,100.0,,45.0,,,,,,,,,,,,24.0,Continental arc,15.21,38.79,,2004
4.1,5.73,17.9,50.0,0.46,1.41,8.28,1.77,0.18,10.21,14.0,253.0,49.0,38.0,45.0,425.0,709.0,23.0,159.0,13.0,16.96,39.32,5.3,22.65,5.17,1.69,5.28,0.76,4.6,0.91,2.58,2.35,0.35,3.43,0.73,1.58,Continental arc,160.086,57.376,QUATERNARY,2010
2.48,6.8,17.03,50.92,0.29,1.02,10.98,0.79,0.17,,20.0,,27.0,,58.0,296.0,631.0,20.0,90.0,12.0,18.9,39.9,,18.0,3.58,1.47,,0.62,,,,1.98,0.32,2.13,0.37,3.0,Continental arc,11.366,38.55,,1992; 2004
1.66,7.44,16.21,51.11,0.071,0.26,10.25,0.63,0.192,9.75,8.8,250.0,212.0,,61.0,85.0,234.0,14.0,34.0,1.78,3.68,8.97,1.19,5.54,1.56,0.63,1.7,0.35,1.98,0.43,1.32,1.42,0.21,0.89,0.12,0.78,Continental arc,140.947,39.979,,2009
2.43,6.92,16.8,51.99,0.29,1.77,10.72,0.73,0.15,,53.0,255.0,138.0,40.0,68.0,729.0,483.0,23.0,117.0,12.0,31.0,52.0,,31.0,,,,,,,,,,,,,Continental arc,15.21,38.79,,1993
1.94,7.25,17.87,49.37,0.14,0.31,10.66,0.86,0.21,9.34,3.61,283.0,,,,81.7,331.0,20.2,55.7,3.06,7.33,15.4,2.06,9.22,2.36,0.932,2.95,0.524,3.18,0.762,2.07,2.02,0.31,1.58,0.198,1.2,Continental arc,140.34,41.255,MIOCENE,2015
3.5,5.67,15.41,52.85,0.4,1.52,7.42,1.87,0.15,,35.0,200.0,178.0,,50.0,381.0,641.0,19.0,190.0,20.0,,,,,6.1,,18.7,,,,,,,,,,Continental arc,131.45,33.25,,2008
2.97,4.75,17.63,51.11,0.29,2.73,8.92,0.75,0.18,8.93,48.0,323.0,,,7.83,768.0,626.0,21.0,76.8,2.31,12.0,43.0,,14.0,5.95,,5.2,,,,,,,2.15,0.15,,Continental arc,110.4,-7.37,,
1.93,5.15,17.74,49.67,0.21,1.62,8.35,0.74,0.14,7.51,29.0,,,,,319.0,449.0,30.0,58.0,3.4,,,,,,,,,,,,,,,,,Continental arc,139.0,38.0,MIOCENE,1997
2.8,8.05,15.0,50.86,0.36,1.36,9.94,1.24,0.17,,34.0,275.0,408.0,41.0,105.0,324.0,319.0,26.0,133.0,3.4,11.37,29.32,4.54,21.03,5.37,1.51,4.82,0.77,4.58,0.94,2.61,2.54,0.38,3.34,0.39,1.64,Continental arc,160.5,56.0,,2001
3.64,8.87,16.47,50.2,0.53,1.6,8.93,1.15,0.11,,19.7,,260.0,34.3,190.0,870.0,1700.0,12.6,150.0,,50.4,97.7,,39.6,5.91,1.48,,0.39,,,,1.49,,2.5,0.5,5.32,Continental arc,134.0,35.0,CENOZOIC,1990
2.65,4.66,18.78,51.81,0.15,1.02,9.58,0.83,0.2,9.29,34.0,239.0,15.0,,13.0,184.0,357.0,21.0,66.0,1.8,,,,,,,,,,,,,,,,,Continental arc,8.6,40.5,MIOCENE,2011
1.955,7.109,17.604,51.362,0.095,0.162,10.307,0.78,0.172,,3.426,231.845,224.167,38.568,66.061,87.018,276.812,15.554,38.779,1.196,,,,,,,,,,,,,,,,,Continental arc,141.007,39.845,,2017
3.07,5.32,17.06,50.5,0.39,0.99,7.07,1.2,0.16,,17.0,130.0,33.0,21.0,51.0,322.0,658.0,21.0,108.0,13.0,15.2,29.4,,,,1.41,,,,,,1.8,0.25,2.5,,,Continental arc,140.28,48.97,CENOZOIC,1999
2.26,7.17,16.73,49.01,0.13,0.34,11.95,0.98,0.17,9.54,7.0,272.0,103.0,,0.0,87.0,330.0,18.8,55.0,2.53,6.1,14.6,2.08,10.0,2.7,0.95,2.75,0.5,3.18,0.66,1.83,1.88,0.27,1.54,0.14,0.85,Continental arc,176.029,-38.658,,2014
2.57,8.94,17.91,49.79,0.15,0.55,10.95,0.79,0.15,7.65,19.56,244.87,263.5,50.07,114.3,197.9,354.65,20.85,59.62,2.03,7.82,19.09,2.59,11.61,3.02,0.99,3.18,0.53,3.28,0.74,2.2,2.05,0.31,1.51,0.14,2.04,Continental arc,140.225,42.78,MIOCENE,2011
2.23,5.6,18.24,49.86,0.17,1.81,10.19,0.95,0.12,7.73,26.0,276.0,16.1,27.1,15.7,742.0,820.0,19.8,91.1,2.62,36.4,72.4,8.93,35.4,6.77,1.96,5.15,0.72,3.54,0.68,1.88,1.61,0.24,2.35,0.15,9.28,Continental arc,95.21,20.911,QUATERNARY,2016
3.68826,5.57877,18.70485,52.56618,0.21005,0.88371,8.48693,0.90485,0.14297,8.39,12.9367358571225,229.700961967255,51.7157753754903,34.0588309735537,37.9243807040417,456.318901740127,565.638931065897,18.35637479471,98.6603661054273,2.78674557529154,8.58055406823837,19.7620696038504,2.94165095825358,13.2730910074524,3.35640554317914,1.02547612753554,3.370283872375,0.524392813073705,3.11075,0.6336,1.74233333333333,1.56233333333333,0.2354,2.56271695182155,0.1613,0.859,Continental arc,-91.55,14.76,,2011
2.82,9.59,16.76,51.78,0.11,0.34,9.41,0.87,0.15,8.16,3.3,,615.0,,230.0,61.0,244.0,22.0,93.0,2.2,,,,9.6,2.9,,,,,,,,,,,,Continental arc,137.0,37.5,OLIGOCENE,1995
3.252,8.599,17.8,47.55,0.2253,1.139,11.6,0.9604,0.1782,7.5,50.1743787316443,272.7,260.460017969452,42.515931177314,159.762949956102,310.617813889315,459.30433125268,25.9138230190862,123.916784203103,8.45808805934434,20.722648891465,41.5452621743432,4.94200931739923,20.0720980533526,4.57152638610555,1.35158117398202,4.46678072816863,0.709129636911784,4.47419398354243,0.895310721884123,2.56638954869359,2.43531224078682,0.369916284093978,3.08800910545097,0.465547416940489,5.99029163468918,Continental arc,23.28,37.622,,2022
1.8,8.85,14.66,52.96,0.13,0.83,10.84,0.54,0.09,7.98,26.9,238.0,356.0,,81.0,180.0,195.0,15.6,52.0,2.2,7.4,16.6,,9.2,2.37,0.63,2.06,,,,,1.49,0.22,1.5,0.15,3.6,Continental arc,8.55,39.58,MIOCENE,2001
2.53,6.08,17.46,50.68,0.44,2.19,11.15,0.85,0.14,7.76,65.9,252.8,105.4,29.8,43.9,910.7,656.6,25.4,158.3,17.9,44.0,89.2,10.0,39.1,7.6,2.0,6.5,0.9,4.5,0.8,2.3,2.2,0.3,3.2,1.1,15.4,Continental arc,15.21,38.79,,2012
3.76,7.63,16.42,50.51,0.57,1.49,9.67,0.92,0.12,,28.0,,,,145.0,1265.0,2438.0,,,,,,,78.5,9.39,,,,,,,,,,,,Continental arc,134.0,35.25,CENOZOIC,1988
2.63,8.48,14.82,50.72,0.22,0.68,9.18,1.34,0.17,,11.4,145.0,410.0,,127.0,270.0,350.0,19.3,104.0,11.2,15.8,32.0,3.7,15.9,3.8,1.3,4.1,0.65,4.0,0.79,2.2,1.9,0.27,2.7,1.5,2.3,Continental arc,129.45,33.35,,2009
2.21,8.22,15.62,46.49,0.31,1.14,10.94,2.11,0.16,10.24,40.0,325.0,215.0,50.0,75.0,442.0,650.0,20.5,120.0,27.9,28.9,,,,,,,,,,,,,,,6.1,Continental arc,129.9,33.1,CENOZOIC,2009
2.023,5.303,18.493,51.709,0.095,0.233,11.019,0.774,0.168,,4.473,250.719,95.696,32.516,12.491,98.242,269.146,17.648,47.942,2.191,,,,,,,,,,,,,,,,,Continental arc,140.775,39.77,,2017
2.37,5.41,17.23,48.0,0.45,2.04,10.01,2.19,0.14,8.66518004010215,57.0,296.0,121.0,33.0,43.0,700.0,667.0,26.0,169.0,,,,,,,,,,,,,,,,,,Continental arc,-3.207,34.417,NEOGENE,2005
0.27,7.5,15.2,46.86,0.09,0.01,22.64,0.68,0.12,5.97,0.5,130.0,54.0,19.0,26.0,27.0,271.0,16.4,89.0,3.9,,,,,,,,,,,,,,,,2.293,Continental arc,27.195,36.585,,2007
2.37,9.67,13.42,50.46,0.21,0.85,11.6,0.95,0.17,,18.0,270.0,418.0,40.0,99.0,229.0,292.0,19.0,79.0,1.5,6.47,16.33,2.72,13.59,3.85,1.12,3.56,0.58,3.5,0.73,2.0,1.89,0.28,2.05,0.08,0.49,Continental arc,160.37,55.82,,2001
3.9,5.91,17.5,51.7,0.66,1.4,8.1,1.41,0.16,8.76,16.0,219.0,111.0,34.0,62.0,591.0,691.0,24.0,162.0,10.9,18.84,45.67,6.28,27.06,5.92,1.76,5.7,0.8,4.77,0.94,2.66,2.39,0.37,3.64,0.63,1.3,Continental arc,160.061,57.428,QUATERNARY,2010
3.91,6.84,16.88,49.13,0.52,1.53,8.53,1.77,0.16,8.84,13.11,204.5,197.2,,120.6,360.14,610.33,37.14,233.87,30.51,24.69,50.21,5.89,22.49,5.02,1.43,5.58,0.84,5.19,1.11,3.16,2.77,0.42,4.0,1.47,1.57,Continental arc,-87.98,14.98,,1997; 2004; 2009
3.69,9.4,14.16,46.05,0.41,2.31,9.18,1.88,0.28,,39.64,,,,,667.59,710.87,22.63,183.4,42.92,34.19,66.02,7.5,33.63,6.66,2.11,5.78,0.89,4.43,0.79,2.07,1.59,0.23,,2.68,4.52,Continental arc,131.87,43.77,CENOZOIC,2002
3.047,5.206,16.036,50.352,0.53,1.73,8.93,1.607,0.168,10.44,52.8106728,,110.429253,,39.6620636,426.453552,371.855896,38.5638046,231.747269,5.88695097,16.1786499,39.8587761,5.65633297,27.1399612,6.84050035,1.91581917,7.23786736,1.09152997,6.69036961,1.18197,3.75844073,3.92170167,0.606213272,4.83118153,0.38568607,1.76849484,Continental arc,160.365,55.812,,2015
2.55,6.81,16.56,52.01,0.12,0.93,10.5,0.77,0.14,,18.0,204.0,169.0,50.0,54.0,,340.0,20.0,83.0,,,,,,,,,,,,,,,,,,Continental arc,141.25,41.0,,1994
3.39,6.18,17.17,48.35,0.56,2.3,8.39,1.61,0.18,8.92,41.44,161.0,185.0,31.7,73.0,542.0,620.0,28.0,191.0,71.36,36.04,64.66,7.09,27.57,5.44,1.82,5.34,0.84,4.89,0.98,2.77,2.58,0.39,3.92,3.77,4.77,Continental arc,-86.882,16.123,,2020
2.03,7.31,17.91,49.68,0.087,0.15,10.15,0.75,0.181,10.4,5.4,268.0,119.0,,59.0,69.0,299.0,15.0,31.0,1.05,2.61,7.03,1.05,5.55,1.73,0.69,1.84,0.4,2.17,0.47,1.45,1.5,0.24,0.91,0.07,0.36,Continental arc,140.945,40.664,,2009
3.2,5.07,17.68,49.93,0.28,1.56,10.71,1.14,0.19,,32.0,277.0,26.0,,10.0,724.0,619.0,23.0,65.0,2.0,10.8,24.5,,15.6,3.9,1.25,,0.68,,0.75,,1.95,0.3,1.8,,2.0,Continental arc,174.065,-39.296,,1996; 1999
3.2,8.0,16.0,49.6,0.43,0.94,9.5,1.37,0.16,8.81,11.2,,267.0,,108.0,307.0,516.0,25.4,133.0,10.2,12.1,28.9,,16.7,4.38,1.37,4.41,,4.39,,2.4,2.06,,,,,Continental arc,-90.15,14.25,,1995
3.21,4.64,15.77,51.43,0.31,0.45,9.46,1.99,0.2,11.26,24.0,,31.0,31.0,13.0,0.0,436.0,26.0,132.0,12.0,14.4,33.7,,,4.4,1.2,,0.7,,,,1.9,0.4,3.0,0.7,2.1,Continental arc,133.17,35.58,MIOCENE,1994
2.6,7.46,18.27,50.33,0.089,0.471,10.8,0.784,0.157,,9.5,257.0,80.5,38.2,66.0,113.4,212.3,18.23,52.4,2.1,6.1,13.45,1.72,8.0,2.23,0.74,2.47,0.46,3.03,0.63,1.89,1.87,0.28,1.54,0.18,1.46,Continental arc,25.4,36.6,,2009
3.67,9.14,16.42,48.86,0.34,0.31,7.18,2.19,0.32,10.42,6.0,250.0,313.0,45.0,142.0,283.0,538.0,26.0,174.0,30.7,,,,,,,,,,,,,,,,,Continental arc,134.45,34.0,MESOZOIC,2004
3.419,4.508,16.737,51.001,0.542,1.836,8.129,1.693,0.144,10.03,52.3109398,,56.0476723,,43.1560974,470.371674,346.114807,37.306282,243.228775,5.95280886,17.1312122,42.1214523,5.92028618,28.2053032,7.05307579,1.9927659,7.42363787,1.10721707,6.77587223,1.18406057,3.75301862,3.92203546,0.606282234,5.23716259,0.385377705,2.00755501,Continental arc,160.372,55.816,,2015
3.31,5.52,17.9,49.92,0.36,1.01,8.96,1.2,0.16,8.97,17.6,227.0,131.0,28.3,45.2,452.0,634.0,24.7,126.0,6.42,13.8,31.6,4.49,20.2,4.66,1.59,4.76,0.76,4.51,0.92,2.51,2.47,0.37,3.2,0.41,1.23,Continental arc,-88.936,13.712,,2012
2.53,6.03,17.48,50.46,0.38,2.18,11.2,0.93,0.17,,61.0,259.0,52.0,34.0,41.2,943.0,799.0,27.0,159.0,22.0,45.0,95.4,11.2,50.0,8.47,2.19,7.0,0.98,5.26,1.0,2.65,2.42,0.375,3.93,1.296,14.83,Continental arc,15.216,38.794,HOLOCENE,2006
2.38,8.13,15.92,49.42,0.25,0.14,8.74,1.32,0.21,,1.94,228.0,344.0,,185.0,129.0,236.0,19.7,94.7,11.1,16.9,33.9,4.02,16.7,3.69,1.24,4.03,0.68,3.92,0.81,2.18,1.96,0.33,2.5,0.7,2.48,Continental arc,130.25,33.25,,2009
2.45,6.56,17.78,50.77,0.29,0.94,11.17,0.75,0.17,,8.0,,,,42.0,476.0,673.0,19.0,76.0,16.0,,,,,,,,,,,,,,,,,Continental arc,11.366,38.55,,1992
3.41,7.84,16.6,47.12,0.39,1.2,9.8,1.88,0.16,9.80794002462237,31.0,186.0,316.0,43.0,163.0,454.0,1106.0,21.0,136.0,,,,,,,,,,,,,,,,,,Continental arc,-3.207,34.417,NEOGENE,2005
2.79,8.39,15.97,52.05,0.25,0.73,8.98,1.12,0.16,8.62,15.7,,426.0,,124.0,149.0,414.0,22.0,128.0,7.5,,,,,,,,,,,,,,,,,Continental arc,137.5,35.75,NEOGENE,1993
2.179,6.145,16.531,52.237,0.115,0.226,9.568,0.827,0.169,,5.004,193.251,168.692,32.861,51.206,98.025,240.752,17.768,46.658,1.88,,,,,,,,,,,,,,,,,Continental arc,141.007,39.845,,2017
2.96571830702724,4.68482959686338,15.1905097014175,50.9600884688851,0.311651754297778,1.33708655876144,9.1685935457927,1.1963406052076,0.231225495124158,12.56,33.0,423.0,19.0,42.0,,925.0,397.0,23.0,89.0,,,30.0,2.0,,,,,,,,,,,,,28.0,Continental arc,-86.0,12.0,HOLOCENE,2020
2.68,6.35,16.91,51.56,0.32,2.13,10.15,0.91,0.16,,57.0,332.0,116.0,37.0,55.0,628.0,576.0,26.0,141.0,15.0,48.0,102.0,,37.0,,,,,,,,,,,,,Continental arc,15.21,38.79,,1993
3.61,4.65,17.95,51.13,0.47,2.1,9.01,1.18,0.16,,23.97,,,,,736.3,834.4,22.74,106.7,5.17,13.89,35.5,4.83,21.52,5.03,1.57,5.11,0.75,4.34,0.86,2.49,2.32,0.33,2.86,0.28,1.41,Continental arc,158.514,56.005,NEOGENE,2019
3.028,7.482,15.834,52.63,0.177,0.749,9.365,0.996,0.164,8.52,13.613,262.72,256.743,35.426,68.497,245.61,319.754,21.84,80.475,1.116,5.973,15.06,2.385,11.49,3.269,1.069,3.732,0.622,3.758,0.804,2.334,2.161,0.328,1.898,0.063,0.593,Continental arc,160.836,55.991,,2017
2.19,6.71,17.85,50.46,0.09,0.28,10.58,0.73,0.15,,3.4,,171.0,,,,198.0,,,,,,,,,,,,,,,,,,,,Continental arc,140.75,37.75,MIOCENE,1985; 1993
1.68,7.7,15.73,50.13,0.235,1.03,12.79,0.76,0.178,,28.215,336.063,147.602,35.436,37.313,238.752,596.517,19.599,57.0,5.432,18.84,37.613,4.691,18.39,4.151,1.229,4.115,0.598,3.345,0.66,1.82,1.834,0.282,1.4505,0.263,3.042,Continental arc,14.579,38.558,,2016
3.45,5.88,17.1,51.2,0.21,1.2,9.7,1.49,0.14,8.71,15.0,,256.0,,80.0,384.0,546.0,33.8,189.0,12.9,21.0,44.8,6.14,25.9,5.4,1.83,5.91,1.03,5.69,1.17,3.2,2.82,0.45,3.92,0.66,1.42,Continental arc,-86.67,14.9,QUATERNARY,1995; 2000; 2009
2.78,6.13,17.67,52.3,0.114,0.6,10.73,0.847,0.155,,18.3,253.0,97.0,34.0,216.0,110.0,191.0,20.43,83.9,3.3,7.39,16.81,2.13,9.26,2.41,0.72,2.94,0.5,3.44,0.76,2.21,1.95,0.31,2.1,0.2,3.3,Continental arc,25.4,36.6,,2009
3.24,4.92,18.22,49.82,0.38,1.76,11.03,0.96,0.19,9.47,60.0,318.0,16.0,,5.0,487.0,586.0,27.0,100.0,3.75,22.58,44.94,5.51,24.18,5.24,1.43,4.35,0.64,3.82,0.76,2.08,1.89,0.27,2.43,0.21,6.16,Continental arc,174.0,-39.0,PLEISTOCENE,2021
3.6,7.57,17.11,49.96,0.44,1.62,7.25,1.56,0.13,,47.0,186.0,206.0,,135.0,364.0,490.0,24.0,233.0,16.0,,,,,,,,,,,,,,,,,Continental arc,133.1,35.5,MIOCENE,1997
2.28,5.61,17.76,52.34,0.353,1.74,11.16,0.85,0.13,,46.47157114,248.0653691,130.0100896,26.73067933,32.40885992,404.8868803,677.4972449,23.34455488,85.12386282,14.60694161,27.40385981,47.21668707,6.258860623,25.48710611,5.156132039,1.361076949,4.736624489,0.72828029,4.303671926,0.844961168,2.269213312,2.091310644,0.331210431,2.220204882,0.744974573,4.736165523,Continental arc,14.527,38.582,,2016
2.15,6.19,17.14,50.63,0.13,0.56,11.37,0.82,0.18,9.3,13.0,250.0,16.0,,0.0,197.0,311.0,18.3,58.0,2.68,6.9,15.9,2.27,10.2,2.69,0.9,2.71,0.49,3.01,0.62,1.79,1.75,0.27,1.67,0.18,1.54,Continental arc,176.515,-38.273,,2014
4.18,5.7,17.59,49.77,0.36,0.58,9.4,1.67,0.2,9.81,9.5,,,,,182.0,832.0,14.7,66.8,3.11,10.2,20.8,2.76,11.6,2.71,0.94,2.86,0.51,3.07,0.56,1.6,1.63,0.24,1.9,0.22,2.61,Continental arc,72.63,36.125,PALEOGENE,2004
2.07,8.59,15.6,48.0,0.09,0.3,13.5,0.99,0.18,9.9,12.2,320.0,225.0,,84.0,205.0,298.0,17.4,65.0,2.9,4.64,11.86,,8.62,2.63,0.94,2.83,,3.1,,1.56,1.44,,1.39,,0.33,Continental arc,-85.5,12.0,,1986; 1990; 1994; 2001
3.52,6.87,16.57,48.56,0.66,1.63,7.91,2.09,0.14,9.35,36.4,,,,75.9,642.0,1216.0,20.7,176.0,44.3,,,,,,,,,,,,,,,,,Continental arc,134.75,35.25,QUATERNARY,1991
2.92,8.77,15.1,45.87,0.46,1.01,9.72,2.49,0.18,12.13,20.0,237.0,362.0,49.0,204.0,370.0,580.0,26.0,196.0,35.8,,,,,,,,,,,,,,,,,Continental arc,134.45,34.0,MESOZOIC,2004
2.01,8.75,13.78,48.76,0.08,0.06,12.04,1.03,0.19,,5.2,308.5,407.0,49.9,139.0,,90.5,,53.5,,4.14,10.6,,,2.0,0.72,,0.5,,,,2.11,0.27,,,0.5,Continental arc,140.75,37.75,CENOZOIC,1974; 1980; 2000
2.98,7.9,15.37,51.67,0.27,1.54,10.63,0.97,0.17,8.92,19.0,282.0,222.0,,38.0,542.0,640.0,16.8,73.0,1.14,8.2,20.6,3.1,15.1,3.74,1.17,3.48,0.521,2.97,0.582,1.57,1.5,0.22,2.19,0.074,1.03,Continental arc,161.4,56.65,,2019
3.06,4.67,15.28,48.37,1.33,1.33,8.25,2.36,0.21,11.68,10.6,236.0,84.0,35.0,35.0,648.0,870.0,36.52,250.0,23.53,37.75,105.91,12.26,51.6,10.74,2.88,9.55,1.27,6.29,1.2,3.17,2.7,0.4,5.13,1.08,1.48,Continental arc,139.0,47.5,EOCENE,2005
2.05,7.04,15.63,52.87,0.08,0.79,10.17,0.67,0.15,,36.0,,447.0,,123.0,174.0,199.0,20.0,69.0,3.0,10.0,28.0,,8.0,,,,,,,,,,,,,Continental arc,8.55,39.58,CENOZOIC,1997
2.24,6.93,16.4,47.7,0.09,0.11,12.3,1.22,0.18,10.8,5.0,255.0,136.0,,70.0,126.0,332.0,,,,,,,,,,,,,,,,,,,,Continental arc,-85.98,11.97,,1984
3.21,4.76,17.54,51.23,0.22,0.42,9.22,1.33,0.24,11.83,5.66,,,,,164.0,413.0,29.2,60.3,1.2,4.77,13.2,2.34,12.6,3.85,1.25,4.67,0.749,4.74,0.985,2.73,2.74,0.415,1.95,0.065,0.304,Continental arc,158.156,52.5,,2014
3.44,6.33,17.7,51.9,0.12,0.58,10.24,1.09,0.11,6.23,13.0,195.0,330.0,34.0,162.0,83.0,144.0,24.5,96.0,3.3,5.7,14.5,,10.4,,1.07,3.8,,4.3,,2.6,2.35,,,,1.6,Continental arc,-75.83,-46.5,,1999
3.55,5.26,16.7,49.32,1.09,3.94,6.15,1.72,0.15,,97.0,110.0,62.0,16.0,73.0,1378.0,1202.0,18.0,364.0,100.0,108.0,187.0,15.4,63.8,10.4,2.99,9.24,1.11,5.52,0.84,1.89,0.83,0.12,7.42,7.44,,Continental arc,131.5,43.67,MIOCENE,2008
2.34,6.31,17.75,51.06,0.1,0.55,11.86,0.8,0.19,,13.0,277.0,79.0,,27.0,212.0,372.0,19.0,52.0,1.0,6.1,14.0,,10.8,2.53,0.83,,0.41,,,,1.58,0.24,1.36,0.2,1.3,Continental arc,176.28,-38.12,,1993
3.92,6.87,14.37,49.99,0.2,1.13,10.2,0.84,0.34,9.39,,225.0,80.0,28.0,23.0,,,,,,,,,,,,,,,,,,,,,,Continental arc,99.35,0.6,,1982
2.95,6.86,17.6,50.92,0.26,0.73,10.45,0.95,0.16,,18.0,350.0,295.0,39.0,68.0,300.0,422.0,17.0,116.0,3.0,7.9,18.9,,12.4,3.65,1.25,3.9,0.66,,,,2.22,0.31,2.1,0.15,1.1,Continental arc,158.0,52.5,,1994
3.02,6.76,16.46,52.05,0.46,1.046,8.69,1.51,0.16,8.83,27.1,,265.0,,95.0,217.0,577.0,22.2,159.0,12.6,,,,,,,,,,,,,,,,,Continental arc,137.5,35.75,,2000
3.15,7.98,17.16,49.75,0.32,0.71,9.45,1.77,0.16,9.55,9.0,290.0,240.0,36.0,132.0,242.0,851.0,19.0,145.0,,13.0,26.2,,14.9,2.95,1.2,3.37,0.48,,,,2.4,,3.24,0.46,0.83,Continental arc,173.0,64.5,MIOCENE,1999
2.49,5.81,17.89,50.64,0.22,0.51,11.24,1.14,0.2,9.88,,,,,,182.498,584.102,15.44,46.234,,5.635,14.271,,10.364,2.792,0.995,2.827,0.439,2.538,0.543,1.528,1.381,0.206,,,0.584,Continental arc,138.3,36.1,,2009
3.58,4.55,17.5,52.1,0.415,1.37,8.71,1.47,0.18,9.72,35.8,226.0,21.5,32.5,7.5,242.0,321.0,38.3,217.0,15.9,21.2,50.9,,26.2,,,,,,,,,,,,5.9,Continental arc,109.21,-7.24,,
3.93,4.82,18.03,50.12,0.54,2.64,7.52,2.18,0.11,,51.0,173.0,33.0,23.0,42.0,1159.0,798.0,22.0,231.0,43.0,41.0,105.0,,36.0,,,,,,,,,,,,,Continental arc,8.5,40.5,PLIOCENE,1990
3.22,9.4,16.28,50.41,0.28,0.9,9.06,1.1,0.15,,17.0,250.0,343.0,43.0,167.0,340.0,547.0,20.0,92.0,3.5,10.1,23.8,3.6,16.6,4.1,1.28,3.7,0.59,3.4,0.66,1.91,1.79,0.26,2.38,0.22,1.24,Continental arc,158.07,53.93,,2000; 2021
2.4,9.7,13.65,51.45,0.21,0.88,11.68,0.95,0.17,,17.0,295.0,376.0,39.0,92.0,248.0,284.0,20.0,77.0,2.8,6.1,13.0,,9.7,2.83,0.92,3.2,0.55,,,,1.92,0.27,,,0.48,Continental arc,160.37,55.82,,2000
1.83,11.62,13.83,44.74,0.37,1.91,11.59,1.13,0.15,8.94,31.9,219.0,442.0,44.5,242.0,862.0,1134.0,25.9,134.0,12.1,66.0,122.0,16.4,64.7,12.1,3.24,8.44,1.13,5.1,0.91,2.39,1.94,0.28,3.14,0.69,11.0,Continental arc,95.3,22.22,QUATERNARY,2016
2.48,5.68,17.51,50.98,0.35,2.01,10.79,0.88,0.16,,52.0,292.0,36.0,39.0,29.0,768.0,687.0,25.0,132.0,15.0,51.0,85.0,,28.0,,,,,,,,,,,,,Continental arc,15.21,38.79,,1993
3.24,8.61,16.84,49.77,0.24,0.88,9.6,1.2,0.16,,12.0,285.0,283.0,44.0,127.0,326.0,518.0,23.0,92.0,3.5,9.1,21.9,3.3,15.8,4.1,1.3,3.8,0.61,3.6,0.72,2.1,1.89,0.29,2.33,0.23,1.26,Continental arc,158.07,53.93,,2000
3.04,8.96,15.01,48.41,0.36,1.47,9.36,1.77,0.16,11.45,19.099622559283,400.452728972256,325.386868282938,63.0864061380413,98.7219244206054,569.094774604519,697.23906834296,32.74967963673,220.054763597574,37.2691634364394,34.211194053549,71.5935331535316,8.77717007264399,38.3575717834116,7.86489949278649,2.78988767643434,,1.07420457234557,6.11055323917074,1.12921761881909,3.24438038856615,2.66364975244204,0.378899520272523,4.76549023690111,1.91303051307381,2.42544393549694,Continental arc,130.25,33.5,CENOZOIC,1996; 2003; 2020
2.76,11.2,12.36,51.64,0.23,1.42,8.74,0.9,0.16,,,,1068.0,40.0,213.0,816.0,707.0,,,,9.77,24.3,,15.6,4.1,1.14,,0.52,,,,1.5,0.223,2.11,0.08,0.84,Continental arc,159.2,57.2,,1999; 2000
2.98,4.6,16.48,49.24,0.72,1.33,7.98,3.23,0.21,,,300.5,28.0,,55.0,,428.8,,,,,,,,,,,,,,,,,,,,Continental arc,130.25,33.25,,2005
3.0,5.4,18.3,50.7,0.1,0.6,10.0,1.1,0.2,10.7,8.8,,,,,274.0,461.0,19.5,47.0,0.0,,,,,,,,,,,,,,,,,Continental arc,140.488,39.04,,2004
2.86,5.36,18.53,52.94,0.21,1.8,9.55,0.79,0.15,,51.0,,,,32.0,637.0,635.0,22.0,129.0,20.0,,65.0,,,,,,,,,,,,,,,Continental arc,15.21,38.79,,1993
3.6,7.6,15.51,49.08,0.16,0.89,7.67,1.86,0.15,9.76,23.9160999317429,,,,,90.0535652250265,290.925353545603,26.2685276081509,151.359786638351,8.44053067517174,5.92248577998306,14.9764008229457,2.5369115333414,12.045413288152,3.62610432046472,1.26618661503086,4.5383032796805,0.753358344426964,4.63814595183347,0.889507442817379,2.47791359070556,2.22376860704345,0.310117390778168,4.76521844366453,0.714555718395123,0.714895809685112,Continental arc,137.5,35.6,PERMIAN,2009
2.76,6.41,16.45,52.91,0.14,0.72,10.3,0.86,0.18,8.55,9.18,281.0,214.0,,33.0,186.0,414.0,18.84,62.0,1.47,5.37,12.31,1.76,8.64,2.69,0.92,2.93,0.51,3.17,0.66,1.85,1.67,0.27,1.69,0.1,0.75,Continental arc,159.62,54.02,,2004
3.004,5.263,15.973,50.369,0.531,1.748,8.789,1.598,0.164,10.19,53.1842766,,108.564453,,38.9505424,434.399139,366.73288,38.3492241,233.592224,5.95913744,16.3776398,40.6156273,5.72839308,27.4751911,6.90315151,1.92509317,7.29761982,1.09656751,6.772439,1.19265842,3.77507734,3.96048641,0.60695827,4.91383934,0.389780074,1.80372477,Continental arc,160.372,55.816,,2015
2.56,4.61,16.75,51.37,0.17,1.32,9.49,0.74,0.21,8.05,34.0,249.0,23.0,,33.0,865.0,477.0,24.6,85.0,1.65,8.9,17.98,2.84,13.75,3.62,1.06,3.73,0.6,3.71,0.73,2.13,2.28,0.34,2.39,0.11,1.42,Continental arc,-86.855,12.55,NEOGENE,2011
2.01,6.03,16.07,52.14,0.08,0.18,10.61,0.93,0.21,10.87,2.68,345.0,,,,63.0,187.0,21.0,36.2,1.28,2.68,7.17,1.13,5.74,1.86,0.763,2.69,0.472,3.06,0.747,2.21,2.05,0.311,1.11,0.087,0.409,Continental arc,140.75,38.25,MIOCENE,2015
3.21,8.53,16.61,50.5,0.3,1.11,8.62,1.37,0.13,8.61,29.2,,,,156.1,419.0,698.0,21.8,129.0,12.3,25.3,46.9,,,4.6,1.5,,,,,,2.2,0.5,2.8,,3.7,Continental arc,133.57,35.38,QUATERNARY,2000
2.3,6.86,16.4,48.2,0.11,0.14,12.5,1.22,0.18,,10.0,,,,,153.0,300.0,,30.0,,,,,,,,,,,,,,,,,,Continental arc,-86.03,11.92,QUATERNARY,1985
3.23,9.08,14.78,50.01,0.28,1.21,9.87,0.98,0.16,8.980004,22.0,285.0,453.0,45.0,116.0,470.0,517.0,22.9564,77.0,0.0,0.0,26.0,0.0,,,,,,,,,,,,,31.0,Continental arc,160.859,56.42,,2018
3.04,7.62,14.96,48.42,0.09,0.1,10.97,1.25,0.17,,,,,,,70.8,168.0,,,,2.78,7.95,,7.68,2.97,1.07,4.03,,4.93,,2.92,2.81,0.429,,,,Continental arc,135.75,34.1,,1977
3.49,5.87,16.39,52.22,0.25,0.94,8.2,1.86,0.14,9.39,11.0,167.0,240.0,46.0,150.0,425.0,496.0,22.0,146.0,19.0,19.0,37.0,,17.0,,,,,,,,,,,,,Continental arc,9.7,40.38,PLIOCENE,2002
2.54,5.39,18.31,51.97,0.17,0.61,10.4,1.13,0.2,9.27,5.75,,,,,204.0,520.0,24.9,65.2,1.45,5.64,14.8,2.43,12.4,3.55,1.27,4.18,0.71,4.51,0.924,2.64,2.57,0.394,1.89,0.081,0.389,Continental arc,158.162,52.461,,2014
2.51,6.73,17.38,52.58,0.18,0.91,8.74,0.86,0.16,8.82,26.6,,,42.2,68.2,315.0,396.0,21.4,85.1,2.58,9.57,22.4,2.96,13.3,3.42,1.07,3.86,0.631,3.91,0.817,2.42,2.3,0.354,2.49,0.161,0.641,Continental arc,140.46,38.125,,
3.45,5.41,17.46,52.21,0.53,1.61,7.96,1.4,0.17,9.34,23.9,210.0,113.0,34.0,80.0,493.0,698.0,29.45,153.0,11.57,22.14,45.27,5.73,25.56,6.18,1.9,5.79,0.93,5.61,1.11,2.9,2.63,0.41,3.36,0.63,1.89,Continental arc,140.0,51.5,OLIGOCENE,2005
2.67,5.86,18.19,51.78,0.15,0.35,9.62,0.87,0.18,8.79,4.56,224.0,,,,158.0,329.0,19.4,57.2,3.0,5.57,13.7,1.93,9.34,2.36,0.981,3.1,0.493,2.98,0.679,1.96,1.81,0.301,1.58,0.168,0.632,Continental arc,140.75,38.25,MIOCENE,2015
3.92,8.76,14.94,48.8,0.49,1.41,8.27,2.25,0.11,,9.0,197.0,210.0,49.0,195.0,1142.0,828.0,23.0,192.0,37.0,43.0,91.0,,,,,,,,,,,,,,,Continental arc,8.5,40.5,PLIOCENE,1990
4.28,9.97,14.12,49.28,0.98,1.41,7.75,1.91,0.16,9.12,45.0,178.0,386.0,,219.0,887.0,859.0,19.0,223.0,47.0,42.1,78.0,8.78,33.6,6.4,2.18,5.27,0.71,3.97,0.62,1.75,1.61,0.2,4.81,,7.3,Continental arc,8.83,39.78,NEOGENE / CENOZOIC,1996; 2000; 2013
3.48,6.58,16.05,52.86,0.17,0.88,9.0,0.97,0.17,8.4,14.0,246.0,159.0,,47.0,334.0,321.0,19.0,95.0,1.0,3.0,11.0,,8.0,,,,,,,,,,,,,Continental arc,160.63,56.05,HOLOCENE,1994
3.11,5.89,17.96,51.05,0.3,0.95,9.71,1.01,0.17,8.49,17.0,277.0,123.0,36.0,42.0,378.0,527.0,26.0,94.0,5.0,,38.0,0.0,,,,,,,,,,,,,5.0,Continental arc,157.232,52.318,,2018
2.11,10.31,14.81,51.72,0.07,0.16,9.58,0.67,0.18,10.39,23.0,181.0,609.0,,159.0,38.0,585.0,34.8,135.0,7.8,20.6,39.0,,27.4,5.96,1.92,6.45,,5.97,,3.4,3.1,,,,,Continental arc,-90.15,14.25,ARCHEAN,1986; 1995
2.74,5.1,17.82,51.59,0.28,0.61,10.57,1.26,0.18,9.85,,,,,,169.685,633.237,16.052,58.429,,7.758,19.164,,13.171,3.33,1.103,3.208,0.489,2.715,0.542,1.54,1.378,0.204,,,0.861,Continental arc,138.3,36.1,,2009
2.758,7.591,15.328,51.432,0.219,1.052,9.6,0.996,0.183,8.89,17.9170784531591,,199.167127313986,,58.4944425875364,315.991334580203,374.644565807103,18.9600421822331,85.8814385324274,2.30386186578789,7.27817987899905,18.5058776812368,2.84394695098607,14.2958876270285,3.69830320312749,1.21329875053664,4.11434146969521,0.61891823556159,3.80327869377004,0.764546617948754,2.17815105998408,2.02466183467056,0.307133014022103,2.25005693422427,0.157297447179821,0.745293198739423,Continental arc,160.277,55.864,,2015
2.88,6.91,17.65,52.17,0.13,1.39,9.67,0.69,0.12,6.54,61.0,196.0,174.0,49.0,63.0,680.0,526.0,17.0,85.0,5.0,24.8,44.5,4.98,18.3,3.63,1.04,3.29,0.48,2.9,0.6,1.7,1.64,0.24,2.22,0.4,13.9,Continental arc,160.37,55.82,HOLOCENE,1978
3.15,7.24,14.5,44.8,,1.46,10.9,3.17,0.18,9.9,,325.0,212.0,47.0,146.0,1006.0,1075.0,26.4,309.0,,,,,,,,,,,,,,,,,,Continental arc,-1.75,34.68,NEOGENE,1985
3.16,8.18,14.51,51.96,0.25,1.15,9.97,1.03,0.17,9.04299,22.0,291.0,302.0,40.0,54.0,341.0,485.0,23.9564,86.0,0.0,0.0,0.0,0.0,,,,,,,,,,,,,22.0,Continental arc,160.787,56.358,,2018
3.27,6.57,16.27,52.63,0.23,1.0,7.88,1.77,0.13,8.81,21.0,165.0,250.0,47.0,140.0,408.0,492.0,20.0,142.0,16.0,17.0,46.0,,24.0,,,,,,,,,,,,,Continental arc,9.7,40.38,PLIOCENE,2002
2.97,7.69,16.36,50.12,,0.89,10.46,1.11,0.19,10.13,30.0,365.0,192.0,46.2,69.6,269.0,412.0,31.0,129.0,7.7,14.9,32.7,4.31,18.5,4.56,1.55,5.25,0.837,5.12,1.07,2.85,2.88,0.443,2.99,0.513,3.52,Continental arc,109.166,-7.233,QUATERNARY,1989; 2002
2.22,10.22,15.48,50.07,0.09,0.41,9.32,0.72,0.15,8.29,10.1,234.0,,,,103.0,179.0,17.9,54.1,2.5,4.7,11.0,1.53,6.95,2.02,0.748,2.31,0.429,2.64,0.604,1.72,1.79,0.27,1.41,0.15,0.8,Continental arc,140.85,37.75,MIOCENE,2015
3.5,5.39,14.74,49.21,0.03,0.35,8.64,1.0,0.23,,,170.0,30.0,10.0,15.0,220.0,225.0,,,,,,,,,,,,,,,,,,,,Continental arc,139.25,35.25,NEOGENE,1962
3.16,6.57,14.05,50.34,0.3,0.47,8.18,3.18,0.16,10.98,6.0,,,,,,373.0,,203.0,,,,,,,,,,,,,,,,,,Continental arc,-83.846,12.299,PLEISTOCENE,2011
2.36,5.37,17.6,52.57,0.15,0.87,9.9,0.79,0.18,,26.0,210.0,97.0,27.0,22.0,371.0,400.0,23.0,99.0,3.0,15.8,33.1,,17.8,4.71,1.4,4.65,0.79,,,,2.81,0.48,2.62,0.26,2.23,Continental arc,9.1,39.06,CENOZOIC,1997
2.86,4.72,19.0,50.5,0.21,0.65,10.01,0.903,0.18,9.42,9.0,301.0,34.0,33.0,26.0,369.0,622.0,20.0,64.0,1.6,7.14,17.93,2.54,11.87,3.1,1.04,3.32,0.51,3.24,0.68,1.98,1.83,0.28,1.89,0.126,0.69,Continental arc,160.53,57.516,QUATERNARY,2010
2.02,5.9,16.3,52.2,0.14,1.28,9.13,0.83,0.16,,,,,,,,,,,,15.5,34.1,,,3.62,1.02,,0.62,,,,2.1,0.333,,,,Continental arc,8.55,39.58,CENOZOIC,1976
2.74,5.51,17.11,50.14,0.21,0.62,10.65,1.19,0.17,9.36,14.0,272.0,54.0,,0.0,187.0,354.0,26.2,94.0,4.43,9.9,23.6,3.36,15.5,3.69,1.25,3.95,0.67,4.37,0.88,2.51,2.46,0.37,2.56,0.26,1.79,Continental arc,176.067,-38.356,,2014
2.23,9.63,16.81,47.91,0.13,0.42,9.58,0.78,0.19,,5.0,258.0,102.0,53.0,99.0,129.0,349.0,16.0,47.0,1.6,4.2,10.8,1.64,8.13,2.14,0.79,2.64,0.43,2.63,0.55,1.6,1.47,0.23,1.22,0.11,0.44,Continental arc,158.85,53.885,,2008
2.07,5.25,18.684,51.178,0.095,0.234,11.2,0.777,0.167,,4.533,248.523,92.677,30.404,12.344,90.779,273.233,17.575,48.203,2.269,,,,,,,,,,,,,,,,,Continental arc,140.765,39.771,,2017
2.52,7.1,15.92,52.87,0.19,1.28,10.59,0.8,0.15,,39.0,264.0,215.0,30.0,68.0,312.0,384.0,21.0,92.0,9.0,21.0,47.0,,26.0,,,,,,,,,,,,,Continental arc,15.21,38.79,,1993
2.39,7.6,15.14,51.94,0.08,0.66,10.19,0.72,0.17,,20.0,271.0,281.0,,63.0,137.0,278.0,21.0,68.0,0.0,6.0,12.0,,,,,,,,,,,,,,0.0,Continental arc,175.642,-39.13,,1987
3.57,5.03,15.14,48.7,0.92,2.43,8.4,1.96,0.23,,38.55,,,,,678.47,712.27,34.41,251.28,51.17,48.03,80.44,10.35,48.42,9.44,2.95,8.74,1.27,6.27,1.14,2.88,2.17,0.3,,3.02,4.07,Continental arc,132.36,43.33,CENOZOIC,2002
2.61637423009217,10.9435185185677,15.6452686915752,49.3860596729187,0.283272728344706,0.789109092139736,9.07911275080428,0.966041302796313,0.172703693566284,9.51,10.590449459509,198.795764642856,442.437829725753,,169.600149207695,307.270257474546,396.19368622449,20.3309248281095,84.6037789091677,2.72634998349879,10.2235132338406,22.272909800993,3.44066070884616,17.2978771417305,3.97216907387751,2.03633611821946,5.27271147163875,0.966755414030322,4.69513450227827,0.960629845426685,2.69575614615113,2.53195604049933,0.405786477928363,2.87933010122089,0.254138468070611,1.33862639498682,Continental arc,158.12,52.45,,2016
2.539,4.9,17.138,52.473,0.157,0.376,9.662,1.026,0.205,,7.114,277.788,31.57,33.827,12.266,128.045,310.907,26.831,69.475,3.31,,,,,,,,,,,,,,,,,Continental arc,140.801,39.807,,2017
3.5,5.2,18.1,52.0,,0.86,8.1,0.88,,8.1,8.0,206.0,38.0,,33.0,,578.0,16.0,128.0,,,,,,,,,,,,,,,,,,Continental arc,-91.55,14.76,,1987
2.78,5.73,17.92,50.31,0.11,0.3,11.07,0.95,0.15,9.79,5.8,,99.0,,29.0,,296.0,25.0,50.0,4.2,,,,,,,,,,,,,,,,,Continental arc,140.55,40.55,PLIOCENE,1990
2.51,6.21,17.63,49.16,0.49,2.18,11.42,0.88,0.15,7.92,66.62,246.46,47.59,30.94,34.59,946.15,713.29,25.35,153.44,17.97,45.82,91.6,10.67,42.25,8.5,2.29,6.86,1.02,4.95,0.95,2.21,2.16,0.37,3.71,1.18,14.34,Continental arc,15.21,38.79,,2012
2.6,5.7,17.54,50.23,0.59,2.4,11.06,0.89,0.15,7.93,71.3,258.6,40.89,29.19,34.18,1043.0,706.4,24.5,163.8,17.03,46.35,93.06,10.9,42.17,8.24,2.15,6.64,0.93,4.96,0.88,2.34,2.23,0.34,3.86,1.17,16.11,Continental arc,15.21,38.79,,2012
2.28,5.82,17.81,52.74,0.14,0.28,9.61,0.8,0.18,9.3,4.1,,,,31.0,134.0,258.0,20.0,55.0,2.3,,,,,,,,,,,,,,,,,Continental arc,140.46,38.125,,
2.64,10.06,15.9,51.88,0.16,0.57,9.4,0.77,0.15,,11.0,191.0,577.0,,186.0,194.0,330.0,16.0,69.0,9.0,,,,,2.46,,2.81,,,,,,,,,,Continental arc,131.05,33.5,,2008
2.02,6.38,17.46,52.89,0.18,1.04,9.98,0.57,0.16,,26.0,,104.0,40.0,31.0,376.0,641.0,16.0,48.0,3.3,16.7,35.1,4.1,17.2,2.9,0.82,2.3,0.32,2.3,0.38,0.98,0.99,,0.94,,2.5,Continental arc,14.87,38.565,,1993; 2001
1.67,8.66,16.73,50.25,0.01,1.51,8.62,0.6,0.15,,27.0,,169.0,33.0,45.0,,,,,,,,,,,,,,,,,,,,,,Continental arc,132.0,34.75,PALEOCENE,1986
2.51,6.17,17.44,49.32,0.49,2.24,11.39,0.88,0.15,7.82,68.06,259.38,70.73,31.39,36.77,964.43,710.33,25.25,157.42,18.63,46.97,92.38,10.76,41.41,8.46,2.17,6.89,0.96,4.92,0.97,2.27,2.03,0.34,3.71,1.23,14.72,Continental arc,15.21,38.79,,2012
2.82,6.14,18.3,48.5,0.36,1.6,9.92,0.98,0.2,10.23,24.0,328.0,32.0,33.0,32.0,844.0,916.0,18.0,61.0,1.2,10.05,23.7,3.58,16.84,4.32,1.37,4.34,0.61,3.62,0.72,2.05,1.91,0.29,1.59,0.07,1.26,Continental arc,160.855,57.576,MIOCENE,2010
2.897,7.745,15.645,51.449,0.143,0.656,9.481,0.883,0.162,8.47,12.497,240.394,273.427,34.578,81.18,230.22,308.116,20.324,69.398,0.564,4.711,11.85,1.917,9.373,2.631,0.885,2.948,0.512,3.051,0.656,1.913,1.808,0.275,1.552,0.032,0.427,Continental arc,160.797,56.14,,2017
1.23,5.39,18.43,50.93,0.06,0.17,11.55,0.86,0.15,,1.6,,,,,,204.0,22.0,35.0,2.7,,,,,,,,,,,,,,,,,Continental arc,140.75,38.25,MIOCENE,1989
3.53,4.75,16.94,52.3,0.618,2.08,8.006,1.63,0.165,,54.14,315.6,36.07,0.071,54.7,227.8,351.2,35.77,222.0,5.491,17.9,0.0,6.388,29.7,6.767,1.8503,6.659,0.9843,6.22,1.231,3.49,3.399,0.51,5.1,0.356,2.172,Continental arc,160.181,55.6,,2021
3.73,6.3,17.15,50.1,0.8,1.99,7.82,2.14,0.14,9.02,53.5,,125.0,28.4,84.2,904.0,1157.0,23.4,201.0,52.5,43.8,99.1,,45.0,7.0,2.39,,0.77,,,,2.4,0.26,6.21,2.12,5.2,Continental arc,134.75,35.25,QUATERNARY,1991
2.49,7.08,16.47,49.32,0.46,1.97,11.38,0.88,0.15,7.74,66.3,246.0,84.0,36.0,53.0,1014.0,763.5,26.3,142.8,20.2,50.3,84.6,10.4,40.3,7.9,2.18,6.91,0.9,5.17,0.87,2.38,2.02,0.34,3.5,1.4,14.3,Continental arc,15.21,38.79,,2006
3.69,5.65,17.74,50.13,,1.25,9.2,1.37,0.17,,14.0,158.0,75.0,39.0,70.0,614.0,728.0,30.0,118.0,15.0,17.4,40.0,,,,1.0,,,,,,2.7,0.41,5.5,,,Continental arc,140.28,48.97,CENOZOIC,1999
2.13,6.73,17.36,49.68,0.15,0.44,11.25,0.77,0.19,9.43,7.2,430.0,,,,284.0,421.0,26.4,51.6,1.72,8.91,18.9,2.71,11.8,3.2,1.12,3.37,0.611,3.86,0.801,2.24,2.4,0.371,1.43,0.126,2.07,Continental arc,139.72,37.37,PLIOCENE,2015
2.33,5.19,18.02,52.63,0.65,3.68,9.08,0.9,,,127.0,,,,30.2,1780.0,865.0,29.1,180.0,25.4,55.8,108.0,14.7,58.7,11.6,2.81,10.9,1.3,6.23,1.08,2.92,2.48,0.354857168067649,4.46140238092948,1.48967349296338,18.5,Continental arc,15.21,38.79,,2022
2.83,8.98,14.41,52.24,0.16,0.85,9.57,0.88,0.16,8.38,17.0,,320.0,39.0,110.0,310.0,320.0,,,,6.2,13.3,,8.6,2.4,,3.6,,,,,1.9,0.31,,,,Continental arc,160.1,56.01,QUATERNARY,1995
2.95,8.12,16.73,50.25,0.15,1.51,9.52,0.63,0.14,7.53,22.0,195.0,183.0,35.0,52.0,193.0,682.0,12.2,61.0,2.1,7.66,18.1,2.3,10.4,2.51,0.888,2.63,0.42,2.45,0.48,1.38,1.34,0.22,1.7,0.06,1.52,Continental arc,132.0,34.75,,2011
2.11,6.5,17.88,50.84,0.14,0.51,10.66,0.782,0.183,9.17,4.0,256.0,,,,245.0,333.0,18.0,45.0,1.0,8.1,16.7,2.26,10.2,2.7,0.91,3.0,0.5,3.2,0.7,2.2,2.0,0.28,1.3,0.1,1.7,Continental arc,139.69,37.354,PLIOCENE,2021
2.45,6.08,18.0,49.4,0.38,2.08,11.3,0.97,0.17,,72.8,225.0,64.0,27.2,34.1,1040.0,760.0,26.9,170.0,22.8,40.8,81.8,10.1,40.4,7.99,2.08,7.98,1.0,5.21,0.96,2.69,2.31,0.35,3.93,1.19,15.1,Continental arc,15.21,38.79,HOLOCENE,1999; 2004; 2007
1.7,7.04,16.27,50.84,0.071,0.26,10.61,0.63,0.193,10.1,7.7,262.0,198.0,,57.0,81.0,230.0,14.0,36.0,1.8,3.66,8.71,1.13,5.48,1.55,0.64,1.71,0.35,2.0,0.43,1.34,1.45,0.22,0.96,0.12,0.8,Continental arc,140.947,39.979,,2009
3.85,4.52,16.35,52.2,0.18,0.83,9.92,1.26,0.17,9.39,9.3,343.0,15.0,22.0,19.0,470.0,480.0,16.4,39.0,4.7,6.0,13.7,,9.4,2.46,0.86,2.59,,2.92,,1.52,1.39,,,,,Continental arc,-85.5,12.0,,1982; 1990
2.14,5.86,17.44,52.09,0.07,0.4,10.14,0.73,0.2,,15.0,,133.0,,47.0,95.0,250.0,12.0,47.0,,,,,,,,,,,,,,,,,,Continental arc,139.96,37.118,,
1.76,7.09,16.1,50.94,0.07,0.26,10.42,0.6,0.185,9.28,9.0,238.0,203.0,,53.0,82.0,225.0,14.0,32.0,2.25,3.85,8.82,1.2,5.75,1.66,0.64,1.77,0.37,2.08,0.43,1.38,1.43,0.22,0.88,0.2,0.79,Continental arc,140.947,39.979,,2009
1.93,6.25,18.01,51.19,0.14,0.57,10.84,0.75,0.16,,13.3,,92.0,,35.0,,328.0,24.0,51.0,2.0,,,,,,,,,,,,,,,,,Continental arc,139.72,37.37,PLIOCENE,1990
3.14,7.69,15.32,50.02,0.35,1.62,9.83,1.3,0.17,,23.7,220.0,195.0,32.0,78.0,440.0,425.0,,145.0,2.9,,,,,,,,,,,,,,3.6,0.5,,Continental arc,160.27,55.615,HOLOCENE,1981
2.22,8.07,13.51,48.0,0.24,2.01,12.17,0.77,0.21,10.96,108.0,304.0,270.0,42.0,60.0,587.0,1135.0,18.1,73.0,5.5,29.6,57.7,6.89,28.6,6.25,1.67,4.93,0.72,3.65,0.67,1.89,1.59,0.257,2.0,0.34,6.55,Continental arc,14.962,38.404,,2020
3.11,4.61,17.69,52.48,0.24,1.19,9.55,0.84,0.18,8.39,22.0,217.0,69.0,,23.0,474.0,564.0,15.0,88.0,0.0,18.0,,,,,,,,,,,,,,,,Continental arc,174.17,-39.57,PLEISTOCENE,
2.22,7.93,16.56,51.31,0.14,0.78,9.36,0.89,0.17,9.14,18.6,,,43.3,104.0,313.0,301.0,21.4,91.9,2.61,9.05,20.6,2.75,12.3,3.2,1.0,3.64,0.606,3.88,0.82,2.43,2.34,0.357,2.69,0.166,3.07,Continental arc,140.14,37.435,,2013
3.2,4.87,18.07,52.07,0.36,2.75,6.83,1.07,0.11,,,,,,,,,,,,30.0,67.0,,37.0,7.0,2.5,6.2,,,,3.0,,,,,,Continental arc,173.0,64.5,EOCENE,1999
2.91,7.81,16.33,50.79,0.29,0.95,9.51,1.28,0.16,8.97,23.9,,289.0,,105.0,217.0,495.0,24.7,124.0,7.9,,,,,,,,,,,,,,,,,Continental arc,137.5,35.75,NEOGENE,1993
2.24,5.58,18.89,48.92,0.19,1.38,11.06,0.96,0.14,8.32,14.7,230.0,11.2,25.6,14.8,413.0,759.0,18.4,80.3,2.13,21.5,47.0,5.98,24.8,5.06,1.52,4.15,0.62,3.28,0.66,1.85,1.68,0.25,2.08,0.12,4.0,Continental arc,95.21,20.911,QUATERNARY,2016
3.48,7.36,17.6,49.1,0.39,0.91,9.6,1.51,0.17,9.42,10.0,242.0,161.0,44.0,95.0,359.0,597.0,22.0,126.0,8.2,11.12,27.6,3.9,17.41,4.21,1.41,4.4,0.66,4.16,0.84,2.37,2.12,0.32,2.78,0.58,0.79,Continental arc,159.975,57.352,QUATERNARY,2010
2.57,6.39,16.03,50.92,0.3,2.58,10.31,0.73,0.19,8.98,63.5,,100.0,34.4,35.0,639.0,1194.0,,100.0,,31.5,61.0,,,6.0,1.9,,0.6,,,,1.9,,2.2,0.4,7.1,Continental arc,14.962,38.404,,1998; 2001
4.15,5.32,18.06,51.47,0.25,0.62,9.66,1.65,0.1,8.47,4.0,,260.0,,108.0,410.0,429.0,32.0,186.0,,16.0,37.0,,13.0,3.6,1.0,3.1,,,,1.5,1.1,,3.85,0.27,0.7,Continental arc,173.0,64.5,EOCENE,1999
3.55,4.58,18.52,50.13,0.41,1.83,10.87,0.97,0.18,8.96,69.0,259.0,9.0,,7.0,647.0,620.0,23.0,88.0,2.6,,,,,,,,,,,,,,,,,Continental arc,174.0,-39.0,PLEISTOCENE,2021
1.76,11.7,13.54,50.95,0.08,0.45,9.96,0.52,0.15,9.3,10.62,242.9,1044.0,54.85,296.0,239.41,205.35,15.57,45.84,1.28,6.06,13.91,1.7,7.21,1.98,0.61,2.17,0.38,2.42,0.54,1.6,1.56,0.24,1.28,0.09,2.21,Continental arc,141.25,41.0,,2013
2.63,8.18,14.73,51.8,0.33,0.61,8.51,1.61,0.18,11.16,15.0,195.0,281.0,,156.0,,378.0,19.0,125.0,11.0,,,,,,,,,,,,,,,,,Continental arc,130.25,33.25,CENOZOIC,2004
2.29,6.58,17.73,50.27,0.15,0.28,10.0,0.9,0.17,,3.0,,,35.6,,,312.0,15.5,38.5,2.7,,7.6,,,,,,,,,,,,,,,Continental arc,141.0,38.0,,1984
2.26,6.69,16.76,51.52,0.12,0.59,11.49,0.77,0.17,8.69,11.0,238.0,67.0,,22.0,242.0,303.0,19.0,60.0,5.0,7.0,17.0,,23.0,,,,,,,,,,,,0.0,Continental arc,176.6,-39.0,,2004
3.4902268545402,5.99563823696599,17.8460809957148,49.0999398905375,0.742948874299786,1.35628990926431,8.42450955679222,2.22782608873136,0.161244398543085,10.6552951946108,20.58,,,,47.9247724627807,393.76575489733,867.134337922649,20.46,201.3,30.27,34.67,77.79,9.64,38.3,6.653,2.222,6.363,0.8573,4.469,0.7746,1.969,1.801,0.2629,4.391,1.758,2.477,Continental arc,135.0,35.5,QUATERNARY,2014
2.2,11.2,15.3,49.1,,0.5,11.3,0.9,0.2,,6.5,,657.0,48.0,204.0,86.0,350.0,,32.0,,3.7,9.0,,,1.9,0.78,,0.38,,,,1.6,,1.1,0.13,0.756,Continental arc,108.05,-7.25,HOLOCENE,1992
2.58,6.09,18.2,49.4,0.38,2.14,11.0,1.03,0.17,,69.0,267.0,51.0,33.0,36.0,976.0,774.0,27.0,161.0,21.0,47.0,96.0,,47.0,,,,,,,,,,,,15.0,Continental arc,15.21,38.79,,2004
2.3,6.45,18.42,50.67,0.08,0.33,11.12,0.81,0.17,8.68,6.89,247.0,46.1,,36.0,90.0,254.0,20.6,42.0,1.64,5.52,12.6,1.81,8.98,2.56,0.87,3.11,0.505,3.29,0.768,2.11,2.04,0.313,1.35,0.14,1.16,Continental arc,25.45,36.4,QUATERNARY,2006
1.75,4.82,17.97,51.42,0.06,0.13,10.92,0.82,0.15,10.59,2.3,,43.0,,14.0,,195.0,23.0,30.0,,,,,,,,,,,,,,,,,,Continental arc,141.05,40.25,PLIOCENE,1990; 1993
3.79,6.13,18.0,50.8,0.65,1.15,8.82,1.4,0.17,9.16,13.0,226.0,78.0,37.0,57.0,522.0,745.0,25.0,151.0,10.2,18.09,43.91,6.04,25.9,5.78,1.78,5.73,0.8,4.79,0.95,2.68,2.42,0.36,3.48,0.7,1.11,Continental arc,160.144,57.374,QUATERNARY,2010
3.7,5.03,17.22,52.96,0.2,1.1,8.07,1.1,0.16,8.4,15.0,270.0,33.0,,26.0,362.0,363.0,21.0,106.0,2.0,0.0,18.0,,8.0,,,,,,,,,,,,,Continental arc,160.63,56.05,HOLOCENE,1994
2.55,5.22,17.68,49.02,0.87,1.71,9.24,1.66,0.17,9.11,30.02,188.0,177.0,30.3,67.0,676.0,596.0,27.9,187.0,71.52,35.56,63.81,7.14,27.78,5.4,1.8,5.3,0.85,4.91,0.99,2.77,2.59,0.39,3.88,3.79,4.8,Continental arc,-86.882,16.119,,2020
3.17,7.17,17.08,50.97,,1.82,9.42,1.3,0.15,6.9,44.0,,,,105.0,858.0,558.0,24.0,116.0,53.0,39.8,69.6,,26.6,4.48,1.31,4.21,,3.87,,2.19,1.9,0.26,6.0,,5.0,Continental arc,-2.93,35.26,NEOGENE,1998
2.9,5.11,18.95,52.64,0.11,0.65,10.14,0.872,0.153,,20.4,260.1,42.1,28.0,26.2,130.6,199.4,,88.3,2.8,,,,,,,,,,,,,,,,,Continental arc,25.4,36.6,,2009
3.02,4.85,17.24,50.05,0.46,1.72,9.22,1.46,0.198,10.365696,29.4453486188743,273.0,19.0,31.0,21.0,441.47436583183,585.452269622202,30.874448367483,127.0,5.08819032694578,12.7469666276603,32.2097326176125,4.67775214206682,23.3363416518507,6.02361142641564,1.93798004963298,6.4585024976393,0.983243474947456,5.98090179806433,1.16020406669004,3.41699079420266,3.24710398411245,0.484432062890835,3.61368636879813,0.386701556424315,1.27920844774061,Continental arc,158.275,57.0,CENOZOIC,
3.91,5.23,16.55,52.09,0.49,2.1,6.91,2.04,0.13,,43.0,163.0,139.0,32.0,112.0,1368.0,830.0,23.0,188.0,30.0,40.0,77.0,,40.0,,,,,,,,,,,,,Continental arc,8.5,40.5,PLIOCENE,1990
2.47,11.22,15.7,48.1,0.41,1.85,10.25,0.89,0.14,7.8,40.0,220.0,600.0,,170.0,870.0,565.0,17.0,105.0,0.0,,,,,,,,,,,,,,,,,Continental arc,23.43,37.75,,1988
2.81,7.45,14.59,48.3,0.61,1.91,11.94,2.14,0.15,,45.7,,,,,612.4,698.0,23.3,189.0,46.2,32.79,64.78,8.02,31.5,6.55,2.09,6.01,0.85,4.3,0.75,2.04,1.62,0.23,4.07,2.6,4.05,Continental arc,131.87,43.77,CENOZOIC,2002
2.43,6.25,18.3,49.3,0.37,2.06,11.2,0.98,0.17,,81.0,269.0,62.0,32.0,36.0,990.0,754.0,27.0,156.0,20.0,50.0,97.0,,42.0,,,,,,,,,,,,18.0,Continental arc,15.21,38.79,HOLOCENE,1999; 2004
2.66,6.97,14.57,51.13,0.15,1.14,8.06,1.3,0.17,,26.0,187.0,553.0,,242.0,171.0,187.0,22.0,114.0,13.0,,,,,3.59,,14.1,,,,,,,,,,Continental arc,130.0,33.25,,2008
3.5,5.8,16.6,46.5,0.2,3.0,4.2,3.4,,13.4,177.0,,130.0,,,2072.0,508.0,45.0,411.0,94.0,23.0,71.0,,,,,,,,,,,,,,,Continental arc,135.57,44.55,CRETACEOUS,2004
2.01,6.46,18.89,49.62,0.11,0.33,11.66,0.65,0.19,8.53,4.5,302.0,165.1,,44.3,25.9,77.4,19.7,41.0,1.0,2.38,6.326,,4.864,1.725,0.59,2.48,,3.16,,2.07,2.04,,,,0.4,Continental arc,-2.5,35.95,NEOGENE,2004
2.44,9.52,13.78,52.6,0.22,1.3,8.9,0.83,0.14,,,,647.0,46.0,109.0,381.0,429.0,,,,5.8,16.2,,12.0,3.36,0.99,,0.63,,,,2.0,0.28,1.87,0.03,0.6,Continental arc,161.4,56.65,,1999; 2000
3.09,6.57,16.83,52.04,0.51,1.16,8.93,1.07,0.17,,16.05,,,,,620.57,628.98,27.46,156.66,8.51,19.18,46.53,6.34,27.57,5.85,1.77,5.12,0.76,4.36,0.91,2.63,2.73,0.41,3.71,0.5,1.47,Continental arc,158.537,55.989,NEOGENE,2019
3.12,6.39,17.16,51.83,0.16,0.68,9.43,0.96,0.16,,11.0,262.0,225.0,33.0,44.0,240.0,336.0,20.0,77.0,1.5,5.39,14.02,2.31,11.38,3.32,1.05,3.25,0.56,3.47,0.71,2.04,2.05,0.31,1.97,0.14,0.5,Continental arc,160.17,56.14,,2001
3.61,4.88,18.3,50.4,,1.8,9.18,1.62,0.17,9.71,42.0,260.0,68.0,,31.0,260.0,365.0,30.0,161.0,15.0,25.9,57.3,6.92,28.1,6.07,1.61,5.0,0.83,4.95,1.01,2.66,2.24,,3.5,,6.03,Continental arc,109.21,-7.24,,1995
3.69,5.65,17.74,50.13,,1.25,9.2,1.37,0.17,,14.0,158.0,75.0,39.0,70.0,614.0,728.0,30.0,118.0,15.0,17.4,40.0,,,,1.0,,,,,,2.7,0.41,55.0,,,Continental arc,134.0,43.0,CENOZOIC,1999
2.9,8.09,14.87,52.7,0.17,0.93,9.01,0.89,0.16,7.97,14.0,235.0,386.0,,102.0,299.0,323.0,18.0,83.0,0.0,0.0,6.0,,12.0,,,,,,,,,,,,,Continental arc,160.63,56.05,HOLOCENE,1994
2.46,6.81,16.74,52.75,0.25,1.02,10.3,0.76,0.16,,15.0,,,,43.0,363.0,656.0,21.0,82.0,10.0,,,,,,,,,,,,,,,,,Continental arc,11.366,38.55,,1993
3.36,6.25,15.89,50.61,0.47,2.16,7.38,1.918,0.178,,172.0,118.0,438.0,39.7,63.0,609.0,414.0,27.8,210.0,21.3,,,,,,,,,,,,,,,,27.5,Continental arc,9.81,43.004,PLIOCENE,
4.08,4.9,16.53,51.4,0.77,1.6,8.16,2.44,0.13,,32.0,190.0,88.7,28.8,25.0,371.0,1039.0,20.0,217.0,34.0,43.7,96.8,,43.0,7.51,2.15,,1.1,,,,1.26,0.19,4.81,1.29,5.23,Continental arc,130.95,35.965,,1993
2.23,8.78,16.56,50.41,0.31,1.02,10.55,0.71,0.16,,22.0,,689.0,38.0,104.0,403.0,772.0,19.0,93.0,11.0,28.5,53.6,,23.6,4.04,1.29,,0.51,,,,1.83,0.27,1.58,0.5,4.7,Continental arc,15.21,38.79,,1992
2.8,8.29,17.15,47.38,0.2,0.08,10.72,1.55,0.14,,1.0,233.0,287.0,47.0,123.0,,194.0,30.0,112.0,3.0,,,,,,,,,,,,,,,,,Continental arc,134.952,32.355,,1993
3.36,5.39,16.83,50.78,0.4,1.99,8.74,1.71,0.17,,40.0,170.0,120.0,29.0,41.0,535.0,470.0,,175.0,3.2,,,,,,,,,,,,,,4.3,0.7,,Continental arc,160.27,55.615,HOLOCENE,1981
2.53,10.3,13.4,50.0,0.36,1.27,9.4,1.28,0.17,9.78,33.8,394.0,400.0,45.5,181.0,290.0,320.0,27.1,122.0,3.02,11.2,27.9,4.3,19.9,5.01,1.41,4.88,0.78,4.69,0.94,2.63,2.49,0.37,3.2,0.18,1.2,Continental arc,160.24,55.672,,2015
3.383,4.854,17.324,52.364,0.196,1.046,8.266,1.119,0.167,8.63,16.807,272.357,30.8,33.448,25.397,407.862,358.245,24.471,90.488,,,,,,,,,,,,,,,,,,Continental arc,160.63,56.05,,2017
2.67,5.12,18.58,51.65,0.16,0.62,8.37,0.85,0.23,,16.0,235.0,1.0,7.0,3.0,307.0,284.0,12.0,88.0,5.0,16.2,31.7,,14.8,3.5,1.11,3.46,0.59,,,,2.65,0.41,1.96,0.2,4.5,Continental arc,9.1,39.06,CENOZOIC,1997
3.43,8.64,16.42,47.8,0.51,1.38,8.51,1.8,0.17,,19.0,235.0,187.0,46.0,184.0,403.0,686.0,20.0,142.2,16.8,17.01,38.4,5.34,25.3,5.58,1.79,5.02,0.73,4.07,0.79,2.2,1.83,0.274,3.44,1.009,1.63,Continental arc,157.75,55.72,,2001; 2004; 2015
3.55,6.89,16.75,52.58,0.34,1.23,8.12,1.21,0.13,7.27,19.05,188.0,238.3,,138.7,412.9,502.57,26.08,159.89,12.24,,,,,,,,,,,,,,,,,Continental arc,140.015,42.135,,2011
2.72,6.92,17.13,49.72,0.22,1.38,10.52,1.05,0.18,10.02,32.6,358.0,160.0,,,410.0,424.0,20.4,90.0,3.8,12.7,28.1,3.57,16.1,4.28,1.05,4.14,0.61,3.77,0.78,2.25,2.03,0.3,2.4,0.2,3.27,Continental arc,113.67,-8.18,HOLOCENE,
2.99,5.64,17.86,52.5,0.15,0.68,9.77,0.81,0.17,8.49,,215.0,125.0,,37.0,143.0,265.0,,72.5,,,,,,,,,,,,,,,,,,Continental arc,108.05,-7.25,,2009
1.78,9.97,14.4,48.6,0.06,0.35,11.3,0.65,0.2,11.0,5.0,283.0,108.0,,262.0,318.0,381.0,,,,,,,,,,,,,,,,,,,,Continental arc,-86.7,12.5,HOLOCENE,1986
2.88,6.96,16.51,48.75,0.64,1.28,7.55,1.49,0.16,,,180.0,26.0,20.0,30.0,,,,,,,,,,,,,,,,,,,,,,Continental arc,134.0,43.0,CENOZOIC,1999
2.87055485498108,8.11,16.75,46.6,0.43,1.21,9.8,1.82,0.15,8.66518004010215,24.0,221.0,231.0,41.0,143.0,524.0,708.0,24.0,135.0,,,,,,,,,,,,,,,,,,Continental arc,-3.322,34.438,NEOGENE,2005
1.66,5.79,17.1,51.72,0.13,0.33,9.97,0.95,0.18,,5.8,,50.0,,12.0,,212.0,21.0,36.0,2.6,,,,,,,,,,,,,,,,,Continental arc,140.45,37.45,PLIOCENE,1990
1.76,9.57,17.83,44.6,0.22,1.23,4.53,1.23,0.2,8.86,15.0,,,,,61.0,162.0,26.0,87.0,12.0,,,,10.0,2.75,,,,,,,,,,,,Continental arc,139.0,38.0,MIOCENE,1997
2.5,6.15,18.02,50.2,0.55,2.17,11.16,0.92,0.17,,62.0,253.0,54.0,34.0,39.0,945.0,805.0,27.0,161.0,23.0,48.0,95.0,11.0,45.0,8.22,2.2,6.83,1.02,5.08,0.96,2.6,2.48,0.363,3.6,1.4,16.0,Continental arc,15.216,38.794,HOLOCENE,2006
1.834,6.504,18.115,50.756,0.09,0.135,10.869,0.738,0.167,,2.974,237.929,114.48,35.824,41.956,73.522,294.939,14.131,32.638,1.245,,,,,,,,,,,,,,,,,Continental arc,140.983,39.845,,2017
2.4,6.5,17.6,51.4,0.33,1.8,10.5,0.77,0.15,2.43,50.0,,175.0,31.0,41.0,393.0,584.0,18.0,87.0,18.0,26.0,44.0,,17.0,5.8,1.3,,0.48,,,,1.6,0.3,1.6,0.85,3.9,Continental arc,14.58,38.58,,1975; 1991; 2000; 2004
2.74,6.18,18.85,47.4,0.24,0.51,8.9,0.886,0.19,10.19,5.0,267.0,60.0,34.0,30.0,485.0,537.0,17.0,64.0,10.0,12.4,24.5,3.15,13.6,3.4,1.12,3.6,0.5,3.3,0.7,1.9,1.9,0.3,1.6,0.5,2.0,Continental arc,-87.649,13.267,,2016
3.305,4.58,16.922,50.045,0.489,1.772,8.464,1.486,0.17,9.28,45.5010853675623,,63.9849604332174,,45.644440734979,440.560140743538,392.150119891834,29.2234184914817,189.954998201307,5.83240277781047,15.2990066771259,35.9347159201224,5.46025485761263,25.6664571588151,5.96281070444457,1.73023493745256,6.51561806944566,0.937001388553502,5.63501774461899,1.13792895807259,3.25385700216888,3.0365806105528,0.460178022403798,4.30746714053723,0.362784335104319,1.81968550883421,Continental arc,160.216,55.641,,2015
3.07,4.51,17.55,52.49,0.43,1.54,8.8,1.04,0.15,8.8,27.2,238.0,64.5,26.6,28.5,685.0,652.0,22.3,167.0,7.61,20.9,44.7,6.14,26.1,5.55,1.54,5.09,0.74,4.29,0.84,2.26,2.14,0.33,3.94,0.42,1.46,Continental arc,-87.209,13.955,,2012
1.63,5.63,17.75,51.25,0.05,0.16,9.92,0.78,0.18,10.48,2.0,,,,,,203.0,,,,,,,,,,,,,,,,,,,,Continental arc,140.065,40.175,PLIOCENE,2006; 2008
3.08,6.58,14.98,47.56,0.33,1.2,8.62,2.57,0.17,,22.0,209.0,73.0,,47.0,357.0,365.0,25.0,171.0,28.0,,,,,5.56,,21.3,,,,,,,,,,Continental arc,130.0,33.25,,2008
2.58,6.24,17.38,48.3,0.33,1.62,11.72,1.16,0.2,10.14,1.58,278.0,56.16,39.49,23.62,238.0,233.0,5.67,63.0,7.52,13.19,27.81,3.51,13.85,3.15,0.97,3.04,0.46,2.24,0.45,1.14,0.84,0.13,1.57,0.52,1.89,Continental arc,160.27,55.615,PALEOCENE,1999; 2001
2.47,6.15,18.5,49.2,0.11,0.34,10.6,0.96,0.19,9.9,,278.0,74.0,,36.0,172.0,429.0,17.2,44.3,2.5,,,,,,,,,,,,,,,,,Continental arc,158.27,52.35,,1997
3.22,7.39,15.38,45.75,0.15,1.01,10.98,1.56,0.19,,,,,,,299.0,323.0,,,,14.6,32.7,,18.9,4.58,1.5,4.95,,4.48,,2.22,1.76,0.27,,,,Continental arc,133.25,33.35,,1977
2.5,6.47,17.32,50.27,0.41,2.11,11.49,0.82,0.15,7.81,62.62,241.8,89.31,31.57,51.25,934.8,713.8,23.99,145.4,18.05,46.73,92.2,10.72,40.84,7.86,2.07,6.23,0.86,4.62,0.83,2.24,2.13,0.33,3.31,1.14,14.78,Continental arc,15.21,38.79,,2012
2.48,6.27,17.38,49.59,0.49,2.15,11.6,0.89,0.15,7.92,64.6,268.1,62.28,31.42,35.66,915.83,694.0,24.58,152.29,17.31,44.89,91.06,10.58,39.67,8.1,2.16,6.86,1.0,5.16,0.91,2.45,2.23,0.32,3.72,1.21,14.63,Continental arc,15.21,38.79,,2012
4.88,4.78,17.01,52.94,0.17,1.11,7.96,1.08,0.16,8.22,15.0,260.0,38.0,,25.0,392.0,363.0,21.0,108.0,2.0,1.0,15.0,,3.0,,,,,,,,,,,,,Continental arc,160.63,56.05,HOLOCENE,1994
1.61,6.61,17.06,50.12,0.08,0.18,10.63,1.0,0.11,,,,103.0,39.0,,,,,,,2.6,7.6,,,1.9,0.85,,0.59,,,,1.9,0.27,,,0.25,Continental arc,141.0,38.0,QUATERNARY,1961; 1979
2.68469923294308,4.54178441663302,15.8457811869197,50.3532498990715,0.282599919257166,1.15058538554703,9.61849010900283,1.27169963665725,0.222042793702059,12.62,26.0,406.0,18.0,47.0,5.0,814.0,422.0,24.0,104.0,5.0,30.0,13.0,4.0,,,,,,,,,,,,,4.0,Continental arc,-86.0,12.0,HOLOCENE,2020
2.38,5.68,16.85,48.34,0.546,2.927,11.32,0.975,0.2,,120.1,282.7,67.6,,29.7,1215.3,1052.3,23.6,107.0,24.4,56.3,114.0,,51.6,8.9,2.62,8.2,,4.92,,2.75,1.78,0.25,2.7,0.63,10.7,Continental arc,110.8,-7.5,,
2.51,6.03,17.07,50.53,0.45,2.45,10.82,0.88,0.16,7.89,74.3,272.4,52.7,32.0,40.7,1227.0,771.9,26.4,160.3,20.6,53.2,104.0,11.9,44.6,8.6,2.2,7.1,1.0,5.0,0.9,2.5,2.3,0.4,3.8,1.2,18.3,Continental arc,15.21,38.79,,2012
2.75,7.908,14.49,52.505,0.169,0.904,9.873,0.878,0.163,8.19,15.203,248.611,302.137,34.53,69.398,307.898,333.38,19.079,68.935,1.48,6.186,15.02,2.351,10.97,2.972,1.001,3.351,0.546,3.346,0.701,2.005,1.89,0.279,1.89,0.085,0.926,Continental arc,160.845,56.243,,2017
2.64,5.67,17.81,52.14,0.11,0.74,10.95,0.82,0.15,8.08,17.3,242.0,103.0,,34.5,164.0,494.0,20.3,65.0,2.61,10.3,23.6,2.96,13.0,2.98,0.91,2.99,0.484,3.34,0.712,1.89,1.97,0.313,2.15,0.21,3.55,Continental arc,25.45,36.4,QUATERNARY,2006
3.76,7.015,16.21,51.38,0.569,1.368,7.721,1.339,0.151,8.837,16.713,200.282,225.629,32.035,131.254,546.169,626.129,23.914,184.133,12.686,21.038,47.406,6.303,26.773,5.562,1.731,5.108,0.766,4.227,0.85,2.203,1.985,0.303,4.038,0.738,1.484,Continental arc,157.879294,55.864111,CENOZOIC,
2.9,6.22,16.7,51.0,0.311,1.21,9.46,1.35,0.17,9.54,30.0,285.0,93.8,39.0,37.8,209.0,352.0,27.9,132.0,10.9,16.2,40.6,,21.8,,,,,,,,,,,,4.7,Continental arc,109.22,-7.2,,
4.5,6.29,16.49,50.29,0.58,2.79,7.0,2.05,0.12,,64.0,,,,,,861.0,20.0,,61.0,,,,,,,,,,,,,,,,,Continental arc,8.67,40.58,NEOGENE,1976
2.3,6.25,17.06,49.13,0.45,1.65,12.21,1.02,0.17,,48.0,,30.0,,37.0,,720.0,,,18.0,,,,,,,,,,,,,,,,7.0,Continental arc,15.21,38.79,HOLOCENE,1996
1.79,6.31,16.13,51.56,0.07,0.14,10.81,0.83,0.2,10.67,1.84,336.0,,,,54.2,178.0,18.5,31.7,1.14,2.46,6.48,0.98,5.19,1.68,0.702,2.3,0.416,2.73,0.631,1.96,1.82,0.283,0.9,0.07,0.424,Continental arc,140.7,38.4,PLIOCENE,2015
2.15,6.7,17.39,50.89,0.14,0.55,10.75,0.76,0.18,9.24,10.9,254.0,,,,223.0,321.0,20.0,47.9,1.6,7.09,15.5,2.15,9.92,2.56,0.896,3.0,0.478,3.1,0.693,1.96,1.91,0.312,1.35,0.102,1.92,Continental arc,139.72,37.37,PLIOCENE,2015
2.8,5.34,18.51,52.25,0.23,1.52,8.55,0.82,0.12,,38.0,276.0,34.0,,31.0,445.0,697.0,31.0,109.0,14.0,34.0,56.0,,25.0,5.6,1.29,,0.62,,,,2.6,0.32,,,,Continental arc,11.366,38.55,,1980
3.14,5.5,18.9,49.43,0.286,1.28,10.65,0.99,0.168,8.598,16.759,208.0,43.0,28.0,22.0,460.027,688.128,15.595,92.0,2.283,9.273,23.981,3.102,15.147,3.787,1.179,4.141,0.63,3.682,0.782,2.224,2.139,0.319,2.416,0.14,1.367,Continental arc,160.69319,58.23919,CENOZOIC,
4.16,9.28,14.43,48.46,0.61,1.07,7.98,2.25,0.18,,15.0,186.0,237.0,44.0,280.0,1550.0,885.0,22.0,267.0,50.0,55.0,119.0,,43.0,,,,,,,,,,,,,Continental arc,8.5,40.5,PLIOCENE,1990
3.3,8.85,16.7,49.95,0.31,1.11,8.66,1.33,0.15,8.55,29.6,,,,,427.0,712.0,20.6,96.7,10.6,20.9,43.7,5.19,21.3,4.23,1.43,3.92,0.607,3.51,0.713,1.82,1.82,0.254,2.61,0.685,3.12,Continental arc,133.428,35.342,QUATERNARY,2013
2.46,7.0,13.29,49.69,0.7,3.76,8.4,0.79,0.13,,,,,,,,,,,,35.0,80.4,,,6.4,1.58,,0.53,,,,4.3,0.87,,,17.9,Continental arc,26.25,39.2,,1992
2.16,6.28,18.19,50.14,0.14,0.45,10.8,0.75,0.16,,5.1,,101.0,,32.0,,328.0,26.0,51.0,2.7,,,,,,,,,,,,,,,,,Continental arc,139.72,37.37,PLIOCENE,1990
3.04,9.13,17.2,48.07,0.23,0.82,9.95,1.05,0.16,,23.0,214.0,344.0,,139.0,277.0,514.0,24.0,76.0,,9.6,22.0,3.4,15.0,3.6,1.2,4.1,0.58,3.8,0.72,2.0,2.4,0.31,0.0,,0.0,Continental arc,-156.51,57.83,,1980
2.9,5.6,16.89,52.73,0.121,1.03,10.19,0.904,0.15,,37.8,259.2,94.6,28.6,34.2,157.5,163.9,26.04,114.7,4.2,10.15,22.4,2.87,12.3,3.18,0.88,3.78,0.68,4.21,0.9,2.73,2.7,0.41,3.25,0.25,6.78,Continental arc,25.4,36.6,,2009
1.96,6.91,18.23,51.09,,0.15,10.68,,,9.55,,,117.0,32.1,,98.0,,,,,2.0,,,,1.3,0.53,,0.29,,,,1.1,0.15,0.19,,0.32,Continental arc,140.98,39.88,QUATERNARY,1979
3.1,6.9,17.7,52.8,,0.5,9.6,0.8,0.2,,13.1,,209.0,30.6,73.0,137.0,338.0,,69.0,,6.0,14.1,,,2.3,0.98,,0.4,,,,1.7,,1.7,0.21,1.39,Continental arc,108.05,-7.25,HOLOCENE,1992
2.42,9.0,15.39,50.03,0.23,0.5,10.48,1.02,0.17,8.77,8.0,256.0,444.0,,118.0,173.0,312.0,22.5,94.0,4.65,10.2,24.7,3.26,14.7,3.43,1.16,3.57,0.57,3.67,0.73,2.11,2.06,0.32,2.32,0.27,1.28,Continental arc,175.94,-38.386,,2014
1.62,7.03,16.19,51.49,0.06,0.25,11.01,0.67,0.16,,19.0,284.0,98.0,40.0,35.0,59.0,254.0,18.0,36.0,2.0,,7.0,,,,,,,,,,,,,,2.0,Continental arc,140.842,39.802,,2013
1.7,5.11,18.42,51.42,0.05,0.17,11.06,0.71,0.17,,2.5,299.3,71.4,,20.2,75.7,188.6,24.5,37.2,1.3,3.22,6.97,1.23,5.45,1.83,0.67,2.45,0.47,3.27,0.76,2.01,2.22,0.37,1.03,0.62,0.48,Continental arc,141.0,38.0,,1997
2.35,8.72,14.25,51.15,0.12,0.87,9.59,0.76,0.17,9.52,26.45,284.82,508.0,74.04,172.0,291.43,227.77,21.92,70.9,2.39,9.53,21.2,2.56,10.99,2.9,0.81,3.17,0.53,3.35,0.74,2.28,2.18,0.33,1.99,0.18,3.27,Continental arc,141.25,41.0,,2013
3.68,6.4,17.6,50.5,0.4,1.12,9.23,1.5,0.17,9.36,,249.0,130.0,40.0,62.0,407.0,641.0,,141.0,,,,,,,,,,,,,,,,,,Continental arc,160.097,57.413,QUATERNARY,2010
3.79,5.69,17.1,52.8,0.53,1.2,8.17,1.329,0.16,8.09,,203.0,119.0,27.0,80.0,472.0,576.0,,162.0,,,,,,,,,,,,,,,,,,Continental arc,160.445,57.613,QUATERNARY,2010
2.82,7.6,15.38,52.75,0.33,1.32,8.57,1.46,0.17,,29.5,149.0,306.0,,142.0,352.0,420.0,23.7,166.0,21.0,26.1,53.3,6.2,25.9,5.3,1.6,5.1,0.76,4.6,0.92,2.5,2.2,0.33,4.1,2.2,3.5,Continental arc,129.45,33.35,,2009
3.191,4.9,16.25,50.483,0.588,1.92,8.324,1.612,0.173,9.82,57.6684837,,109.602524,,43.6893463,507.365479,335.509247,37.719429,253.494553,6.1194787,17.9364433,44.1191711,6.24837351,29.6266918,7.34021568,2.02547026,7.73288107,1.15204144,7.02045298,1.23028982,3.8901031,4.10390139,0.632865727,5.58930922,0.338147581,2.18929744,Continental arc,160.374,55.806,,2015
3.21,5.09,17.69,50.83,0.2,1.46,10.71,1.05,0.18,9.58,38.0,350.0,16.0,,8.0,465.0,503.0,22.0,84.0,3.04,12.2,24.35,3.19,14.71,3.74,1.09,3.48,0.54,3.5,0.7,2.0,1.88,0.27,2.11,0.2,3.46,Continental arc,174.0,-39.0,PLEISTOCENE,2021
2.66,6.7,17.2,50.73,0.23,0.52,10.3,0.91,0.17,,7.0,279.0,160.0,38.0,59.0,126.0,402.0,17.0,56.0,1.9,5.27,12.72,1.84,8.48,2.3,0.79,2.55,0.41,2.61,0.54,1.48,1.4,0.22,1.55,0.18,0.63,Continental arc,159.6,54.07,NEOGENE,2009
2.49,5.18,17.03,46.81,0.22,2.09,10.03,1.77,0.12,,52.3,350.0,365.0,,114.0,322.0,477.0,25.5,125.0,15.6,14.6,28.5,,,4.2,1.4,,,,,,1.3,0.3,,,,Continental arc,133.25,34.9,,1994
3.51488020176545,5.79,16.11,46.99,0.81,2.46,9.29,2.33,0.15,8.42223106701517,95.0,205.0,182.0,31.0,95.0,1648.0,887.0,28.0,311.0,,,,,,,,,,,,,,,,,,Continental arc,-1.077,37.629,NEOGENE,2005
4.3,5.3,14.78,49.47,0.74,1.24,6.98,2.7,0.15,,33.0,,,,65.0,676.0,1042.0,34.0,345.0,68.0,90.0,163.0,,,,,,,,,,,,,,,Continental arc,-0.45,39.37,NEOGENE,1984
2.55,5.01,17.84,50.83,0.07,1.23,9.48,0.89,0.17,,18.0,,,,,650.0,390.0,,,0.0,,,,,,,,,,,,,,,,,Continental arc,140.078,42.052,PLIOCENE,1998
2.54,4.56,18.12,52.02,0.641,4.0,9.05,0.96,0.128,,147.6661767,229.0015871,73.24238993,23.48617184,29.67152764,1745.015133,834.317072,30.78097116,204.965816,27.71364511,57.48340661,107.8240179,13.54704314,52.45367965,9.931619417,2.409284833,8.445816753,1.121635091,5.862517515,1.092457919,2.743137739,2.604128765,0.409408135,4.983853862,1.482400572,20.89369463,Continental arc,15.222,38.811,,2016
2.29,7.73,16.1,47.6,0.09,0.51,10.1,0.65,0.18,12.1,4.7,310.0,17.0,38.0,5.0,52.0,201.0,16.0,32.0,0.15,2.26,6.27,1.09,5.9,1.8,0.68,2.25,0.38,2.45,0.53,1.53,1.42,0.22,1.01,0.04,0.14,Continental arc,162.17,54.75,,2008
1.86,7.38,18.13,49.72,0.07,0.23,9.75,0.67,0.21,10.82,3.53,276.0,38.8,,50.9,119.0,326.0,12.9,25.7,0.7,2.64,6.74,0.99,5.11,1.61,0.63,2.1,0.36,2.48,0.54,1.64,1.66,0.26,0.87,0.04,0.32,Continental arc,140.78,42.57,,2016
2.56,8.98,14.2,52.26,0.13,0.87,9.24,0.85,0.16,7.96,14.0,248.0,552.0,,141.0,265.0,314.0,17.0,80.0,2.0,0.0,7.0,,16.0,,,,,,,,,,,,,Continental arc,160.63,56.05,HOLOCENE,1994
4.15,4.88,16.33,51.22,0.79,1.8,8.05,2.31,0.15,9.2,94.0,142.0,72.0,,30.0,626.0,1353.0,12.0,203.0,25.0,,,,,,,,,,,,,,,,,Continental arc,131.523,34.435,,2000
3.04,7.67,16.55,52.76,0.16,0.68,9.3,0.88,0.16,8.2,10.3,238.4,242.4,,78.2,239.5,315.6,18.1,73.7,1.6,2.6,13.5,,9.9,,,,,,,,,,,,3.1,Continental arc,160.481,56.085,,
1.6,9.06,16.42,47.18,0.1,0.29,13.98,0.68,0.18,10.32,7.0,298.0,210.0,51.0,77.0,226.0,407.0,17.0,36.0,,,,,,,,,,,,,,,,,,Continental arc,-86.19,12.08,HOLOCENE,
2.7,5.4,18.21,50.38,0.1,0.46,11.93,0.92,0.17,7.66,8.0,247.0,163.0,50.0,70.0,76.0,243.0,19.0,65.0,4.0,0.0,22.0,,0.0,,,,,,,,,,,,0.0,Continental arc,25.367,36.374,,2022
2.93,9.27,14.61,52.96,0.15,0.75,9.26,0.95,0.2,8.92,,,520.0,43.0,113.0,258.0,320.0,,,,5.08,13.8,,13.6,2.89,0.91,,0.56,,,,1.99,0.3,2.04,0.13,0.48,Continental arc,160.63,56.05,,2000
2.02,6.85,17.03,45.78,0.43,1.82,11.32,2.21,0.17,9.86192868530836,105.0,317.0,99.0,39.0,51.0,522.0,749.0,21.0,122.0,,,,,,,,,,,,,,,,,,Continental arc,-3.33,34.62,NEOGENE,2005
2.99,4.74,18.05,51.13,0.47,2.47,9.41,0.97,0.16,,72.0,285.0,29.0,30.0,29.0,985.0,695.0,26.0,145.0,17.0,41.0,86.0,,35.0,,,,,,,,,,,,,Continental arc,15.21,38.79,,1993
2.95,10.48,14.54,46.15,0.57,2.31,8.26,1.93,0.18,,40.0,260.0,320.0,60.0,360.0,913.0,434.0,12.0,109.0,24.4,19.9,39.3,4.53,23.1,5.04,1.73,5.56,0.74,4.27,0.69,1.75,1.15,0.16,2.95,1.7,,Continental arc,131.5,43.67,MIOCENE,2008
3.08,5.47,18.28,49.19,0.51,2.08,9.51,1.13,0.18,,43.0,,,,,1560.0,990.0,22.0,180.0,,44.0,105.0,,65.0,14.0,2.6,9.6,,,,3.2,2.4,,,,,Continental arc,162.5,59.75,,
3.189,7.508,18.43,48.17,0.229,1.186,11.55,1.008,0.1599,7.49,,234.3,160.4,,80.8,,,,105.0,,,,,,,,,,,,,,,,,,Continental arc,23.281,37.622,,2022
2.57,6.33,18.25,52.05,0.11,0.62,9.77,0.74,0.15,8.55,17.0,,,,82.0,150.0,187.0,18.2,61.7,2.92,6.03,12.8,2.07,8.82,2.5,0.804,3.13,0.535,3.49,0.742,2.21,2.12,0.325,1.94,0.293,1.32,Continental arc,140.75,37.75,MIOCENE / CENOZOIC,1988; 2006
1.97,11.65,15.08,47.06,0.24,0.45,11.71,0.79,0.19,9.76,9.0,297.0,737.0,,204.0,57.0,418.0,18.0,35.0,2.0,9.0,16.0,,,,,,,,,,,,,,,Continental arc,8.87,39.63,CENOZOIC,1997
2.829,8.663,14.244,52.098,0.254,1.226,9.179,0.936,0.143,8.28,16.1699028,,383.603699,,85.4102554,587.074036,468.197144,19.3969803,89.3588181,1.86562753,10.8283701,25.3834953,3.62240529,17.3204136,4.19984627,1.30473304,4.22831583,0.582580864,3.31893826,0.565320194,1.76895905,1.78354537,0.271712899,2.29100251,0.116137564,1.04943788,Continental arc,160.452,55.894,,2015
2.3,5.63,16.24,49.43,0.69,3.68,9.66,0.9,0.16,7.41,123.0,265.0,70.0,29.0,30.0,1718.0,797.0,26.0,179.0,36.0,55.0,113.0,11.8,44.0,10.5,2.7,8.2,1.2,5.5,1.0,2.7,2.2,0.33,4.8,1.9,19.4,Continental arc,15.215,38.799,HOLOCENE,2014
2.31,5.65,15.75,44.17,0.71,1.97,10.5,3.44,0.19,10.6717585955983,21.0,360.0,,37.0,35.0,918.0,1168.0,29.0,366.0,112.0,71.5519482231526,140.426560460149,17.0769482509233,64.2282399212608,10.9078586724345,3.06054726559945,8.57620870335873,1.13446827407612,5.9501447188679,1.09832249813403,2.84289434003418,2.38601254784984,0.341048081757344,8.12745230291294,8.43677966513138,8.10872709045171,Continental arc,-2.05,34.705,NEOGENE,2005
1.54,10.14,15.11,46.49,0.11,0.25,14.71,0.65,0.18,9.99,10.0,303.0,234.0,56.2,83.0,187.0,383.0,12.0,29.0,,3.97,9.0,,6.0,1.71,0.66,,0.4,,,,1.13,0.17,0.8,0.3,0.3,Continental arc,-86.314,12.143,QUATERNARY,2012
2.92,7.56,15.4,50.6,0.38,1.39,9.77,1.26,0.16,9.07,31.4,283.9,281.1,40.0,91.3,327.0,298.9,25.5,134.2,3.0,10.1,27.8,,18.8,,,,,,,,,,,,1.6,Continental arc,160.239,55.686,,2015
2.77,8.14,16.46,52.17,0.14,0.63,9.46,0.91,0.14,8.46,14.0,217.0,476.0,,166.0,230.0,263.0,33.0,81.0,4.3,9.99,19.11,2.97,14.26,3.3,1.18,4.41,0.73,4.43,0.99,2.79,2.38,0.37,2.0,,1.1,Continental arc,140.3,39.3,MIOCENE,2007
