Craton,REFERENCE,SAMPLE_ID,ROCK_NAME,LATITUDE,LONGITUDE,MIN_AGE,AGE,MAX_AGE,C_MIN_AGE,C_AGE,C_MAX_AGE,Arc_probability3,CITATIONS,TECTONIC SETTING,LOCATION,LOCATION COMMENT,LATITUDE MIN,LATITUDE MAX,LONGITUDE MIN,LONGITUDE MAX,LAND OR SEA,ELEVATION MIN,ELEVATION MAX,SAMPLE NAME,ROCK NAME,MIN. AGE (YRS.),MAX. AGE (YRS.),GEOL.,ERUPTION DAY,ERUPTION MONTH,ERUPTION YEAR,ROCK TEXTURE,ROCK TYPE,DRILL DEPTH MIN,DRILL DEPTHAX,ALTERATION,MINERAL,MATERIAL,SIO2(WT%),TIO2(WT%),B2O3(WT%),AL2O3(WT%),CR2O3(WT%),FE2O3(WT%),FEO(WT%),FEOT(WT%),CAO(WT%),MGO(WT%),MNO(WT%),NIO(WT%),K2O(WT%),NA2O(WT%),P2O5(WT%),H2O(WT%),H2OP(WT%),H2OM(WT%),H2OT(WT%),CO2(WT%),CO1(WT%),F(WT%),CL(WT%),CL2(WT%),OH(WT%),CH4(WT%),SO2(WT%),SO3(WT%),SO4(WT%),S(WT%),LOI(WT%),VOLATILES(WT%),O(WT%),OTHERS(WT%),HE(CCM/G),HE(CCMSTP/G),HE3(CCMSTP/G),HE3(AT/G),HE4(CCM/G),HE4(CCMSTP/G),HE4(AT/G),HE4(MOLE/G),HE4(NCC/G),HE(NCC/G),LI(PPM),BE(PPM),B(PPM),C(PPM),CO2(PPM),F(PPM),NA(PPM),MG(PPM),AL(PPM),P(PPM),S(PPM),CL(PPM),K(PPM),CA(PPM),SC(PPM),TI(PPM),V(PPM),CR(PPM),MN(PPM),FE(PPM),CO(PPM),NI(PPM),CU(PPM),ZN(PPM),GA(PPM),GE(PPM),AS(PPM),SE(PPM),BR(PPM),RB(PPM),SR(PPM),Y(PPM),ZR(PPM),NB(PPM),MO(PPM),RU(PPM),RH(PPM),PD(PPM),AG(PPM),CD(PPM),IN(PPM),SN(PPM),SB(PPM),TE(PPM),I(PPM),CS(PPM),BA(PPM),LA(PPM),CE(PPM),PR(PPM),ND(PPM),SM(PPM),EU(PPM),GD(PPM),TB(PPM),DY(PPM),HO(PPM),ER(PPM),TM(PPM),YB(PPM),LU(PPM),HF(PPM),TA(PPM),W(PPM),RE(PPM),OS(PPM),IR(PPM),PT(PPM),AU(PPM),HG(PPM),TL(PPM),PB(PPM),BI(PPM),TH(PPM),U(PPM),ND143_ND144,ND143_ND144_INI,EPSILON_ND,SR87_SR86,SR87_SR86_INI,PB206_PB204,PB206_PB204_INI,PB207_PB204,PB207_PB204_INI,PB208_PB204,PB208_PB204_INI,OS184_OS188,OS186_OS188,OS187_OS186,OS187_OS188,RE187_OS186,RE187_OS188,HF176_HF177,HE3_HE4,HE3_HE4(R/R(A)),HE4_HE3,HE4_HE3(R/R(A)),K40_AR40,AR40_K40,UNIQUE_ID,Unnamed: 171
Abitibi,"A 2.7 GA DEPLETED THOLEIITE SUITE: EVIDENCE OF PLUME-ARC INTERACTION IN THE ABITIBI GREENSTONE BELT, CANADA",VB-1,THOLEIITE,48.12,-77.77,2700.0,ARCHEAN,2700.0,2707.0,2713.5,2720.0,0.003813402,"A 2.7 GA DEPLETED THOLEIITE SUITE: EVIDENCE OF PLUME-ARC INTERACTION IN THE ABITIBI GREENSTONE BELT, CANADA",ARCHEAN CRATON (INCLUDING GREENSTONE BELTS),Abitibi,,48.12,48.12,-77.77,-77.77,,,,VB-1,THOLEIITE,2700000000.0,2700000000.0,PALEO,,,,,THOLEIITE,,,,,WR,53.3,0.89,,13.4,,,,13.05,8.46,4.9,0.25,,0.1,3.2,0.09,,,,,,,,,,,,,,,,,,,,,,,,,,,,,,,,,,,,,,,,,,,,84.0,,428.0,38.0,,,37.0,81.0,,,,,,,,0.7,94.0,,58.0,2.61,,,,,,,,,,,,0.04,18.0,8.38,19.5,2.57,12.6,3.69,1.59,5.15,0.92,7.1,1.75,5.6,,6.32,0.99,1.8,0.17,,,,,,,,,47.0,,0.35,0.14,,,,,,,,,,,,,,,,,,,,,,,,,,
Abitibi,"A 2.7 GA DEPLETED THOLEIITE SUITE: EVIDENCE OF PLUME-ARC INTERACTION IN THE ABITIBI GREENSTONE BELT, CANADA",VA,THOLEIITE,48.12,-77.77,2700.0,ARCHEAN,2700.0,2707.0,2713.5,2720.0,0.084668271,"A 2.7 GA DEPLETED THOLEIITE SUITE: EVIDENCE OF PLUME-ARC INTERACTION IN THE ABITIBI GREENSTONE BELT, CANADA",ARCHEAN CRATON (INCLUDING GREENSTONE BELTS),Abitibi,,48.12,48.12,-77.77,-77.77,,,,VA,THOLEIITE,2700000000.0,2700000000.0,PALEO,,,,,THOLEIITE,,,,,WR,50.9,0.97,,13.6,,,,15.66,6.36,6.3,0.3,,,3.3,0.08,,,,,,,,,,,,,,,,,,,,,,,,,,,,,,,,,,,,,,,,,,,,82.0,,416.0,154.0,,,52.0,73.0,,,,,,,,0.3,26.0,,70.0,2.79,,,,,,,,,,,,0.05,16.0,4.02,11.5,1.65,7.88,2.49,0.44,3.53,0.66,5.36,1.31,4.75,,5.29,0.87,2.0,0.17,,,,,,,,,35.0,,0.42,0.09,,,,,,,,,,,,,,,,,,,,,,,,,,
Abitibi,"A 2.7 GA DEPLETED THOLEIITE SUITE: EVIDENCE OF PLUME-ARC INTERACTION IN THE ABITIBI GREENSTONE BELT, CANADA",V44-2,THOLEIITE,48.12,-77.77,2700.0,ARCHEAN,2700.0,2707.0,2713.5,2720.0,0.031693321,"A 2.7 GA DEPLETED THOLEIITE SUITE: EVIDENCE OF PLUME-ARC INTERACTION IN THE ABITIBI GREENSTONE BELT, CANADA",ARCHEAN CRATON (INCLUDING GREENSTONE BELTS),Abitibi,,48.12,48.12,-77.77,-77.77,,,,V44-2,THOLEIITE,2700000000.0,2700000000.0,PALEO,,,,,THOLEIITE,,,,,WR,49.1,0.47,,17.7,,,,8.91,11.7,8.4,0.16,,,1.2,0.03,,,,,,,,,,,,,,,,,,,,,,,,,,,,,,,,,,,,,,,,,,,,40.0,,255.0,135.0,,,42.0,75.0,,,,,,,,0.5,140.0,,23.0,1.16,,,,,,,,,,,,0.04,7.0,1.0,2.49,0.37,2.08,0.61,0.26,0.88,0.16,1.26,0.32,1.27,,1.58,0.26,0.5,0.06,,,,,,,,,12.2,,0.15,0.06,,,,,,,,,,,,,,,,,,,,,,,,,,
Abitibi,"A 2.7 GA DEPLETED THOLEIITE SUITE: EVIDENCE OF PLUME-ARC INTERACTION IN THE ABITIBI GREENSTONE BELT, CANADA",V17-2,BASALT,48.12,-77.77,2700.0,ARCHEAN,2700.0,2707.0,2713.5,2720.0,0.770442665,"A 2.7 GA DEPLETED THOLEIITE SUITE: EVIDENCE OF PLUME-ARC INTERACTION IN THE ABITIBI GREENSTONE BELT, CANADA",ARCHEAN CRATON (INCLUDING GREENSTONE BELTS),Abitibi,,48.12,48.12,-77.77,-77.77,,,,V17-2,BASALT,2700000000.0,2700000000.0,PALEO,,,,,BASALT,,,,,WR,49.7,0.83,,13.7,,,,11.97,10.39,7.3,0.23,,2.4,0.7,0.06,,,,,,,,,,,,,,,,,,,,,,,,,,,,,,,,,,,,,,,,,,,,49.0,,328.0,153.0,,,47.0,80.0,,,,,,,,25.0,526.0,,49.0,2.3,,,,,,,,,,,,2.0,189.0,3.66,8.87,1.27,6.64,2.15,0.77,3.01,0.49,3.5,0.78,2.47,,2.36,0.37,1.5,0.15,,,,,,,,,20.7,,0.31,0.07,,,,,,,,,,,,,,,,,,,,,,,,,,
Abitibi,"A 2.7 GA DEPLETED THOLEIITE SUITE: EVIDENCE OF PLUME-ARC INTERACTION IN THE ABITIBI GREENSTONE BELT, CANADA",V44-3,THOLEIITE,48.12,-77.77,2700.0,ARCHEAN,2700.0,2707.0,2713.5,2720.0,0.972293139,"A 2.7 GA DEPLETED THOLEIITE SUITE: EVIDENCE OF PLUME-ARC INTERACTION IN THE ABITIBI GREENSTONE BELT, CANADA",ARCHEAN CRATON (INCLUDING GREENSTONE BELTS),Abitibi,,48.12,48.12,-77.77,-77.77,,,,V44-3,THOLEIITE,2700000000.0,2700000000.0,PALEO,,,,,THOLEIITE,,,,,WR,50.34,0.46,,18.04,,,,10.66,6.46,10.91,0.18,,1.82,0.05,0.03,,,,,,,,,,,,,,,,,,,,,,,,,,,,,,,,,,,,,,,,,,,,46.0,,207.0,98.0,,,49.0,80.0,,,,,,,,2.0,99.0,,22.0,1.01,,,,,,,,,,,,,32.0,1.34,3.39,0.44,2.27,0.66,0.38,0.94,0.18,1.62,0.37,1.36,,1.78,0.3,0.63,0.06,,,,,,,,,11.44,,0.15,0.15,,,,,,,,,,,,,,,,,,,,,,,,,,
Abitibi,"A 2.7 GA DEPLETED THOLEIITE SUITE: EVIDENCE OF PLUME-ARC INTERACTION IN THE ABITIBI GREENSTONE BELT, CANADA",V53,THOLEIITE,48.12,-77.77,2700.0,ARCHEAN,2700.0,2707.0,2713.5,2720.0,0.883591831,"A 2.7 GA DEPLETED THOLEIITE SUITE: EVIDENCE OF PLUME-ARC INTERACTION IN THE ABITIBI GREENSTONE BELT, CANADA",ARCHEAN CRATON (INCLUDING GREENSTONE BELTS),Abitibi,,48.12,48.12,-77.77,-77.77,,,,V53,THOLEIITE,2700000000.0,2700000000.0,PALEO,,,,,THOLEIITE,,,,,WR,47.9,0.44,,18.8,,,,9.09,10.7,9.3,0.19,,0.2,2.1,0.03,,,,,,,,,,,,,,,,,,,,,,,,,,,,,,,,,,,,,,,,,,,,40.0,,151.0,219.0,,,107.0,231.0,,,,,,,,6.0,187.0,,24.0,1.08,,,,,,,,,,,,0.35,39.0,1.66,4.32,0.61,3.12,0.95,0.39,1.3,0.22,1.79,0.43,1.49,,1.91,0.28,0.7,0.08,,,,,,,,,9.6,,0.15,0.03,,,,,,,,,,,,,,,,,,,,,,,,,,
Abitibi,"A 2.7 GA DEPLETED THOLEIITE SUITE: EVIDENCE OF PLUME-ARC INTERACTION IN THE ABITIBI GREENSTONE BELT, CANADA",V47,THOLEIITE,48.12,-77.77,2700.0,ARCHEAN,2700.0,2707.0,2713.5,2720.0,0.726993024,"A 2.7 GA DEPLETED THOLEIITE SUITE: EVIDENCE OF PLUME-ARC INTERACTION IN THE ABITIBI GREENSTONE BELT, CANADA",ARCHEAN CRATON (INCLUDING GREENSTONE BELTS),Abitibi,,48.12,48.12,-77.77,-77.77,,,,V47,THOLEIITE,2700000000.0,2700000000.0,PALEO,,,,,THOLEIITE,,,,,WR,47.8,0.27,,17.5,,,,9.0,8.29,11.4,0.19,,0.8,2.4,0.02,,,,,,,,,,,,,,,,,,,,,,,,,,,,,,,,,,,,,,,,,,,,66.0,,165.0,179.0,,,37.0,295.0,,,,,,,,36.6,176.0,,19.0,0.78,,,,,,,,,,,,1.61,161.0,1.54,3.41,0.48,2.37,0.65,0.31,1.06,0.18,1.61,0.38,1.35,,1.6,0.25,0.5,0.05,,,,,,,,,9.6,,0.14,0.05,,,,,,,,,,,,,,,,,,,,,,,,,,
Abitibi,"A 2.7 GA DEPLETED THOLEIITE SUITE: EVIDENCE OF PLUME-ARC INTERACTION IN THE ABITIBI GREENSTONE BELT, CANADA",V17-3,BASALT,48.12,-77.77,2700.0,ARCHEAN,2700.0,,2713.5,2720.0,0.528722048,"A 2.7 GA DEPLETED THOLEIITE SUITE: EVIDENCE OF PLUME-ARC INTERACTION IN THE ABITIBI GREENSTONE BELT, CANADA",ARCHEAN CRATON (INCLUDING GREENSTONE BELTS),Abitibi,,48.12,48.12,-77.77,-77.77,,,,V17-3,BASALT,2700000000.0,2700000000.0,PALEO,,,,,BASALT,,,,,WR,51.7,0.86,,17.0,,,,7.47,7.65,7.6,0.17,,4.2,0.4,0.13,,,,,,,,,,,,,,,,,,,,,,,,,,,,,,,,,,,,,,,,,,,,38.0,,261.0,396.0,,,32.0,147.0,,,,,,,,14.0,385.0,,103.0,5.37,,,,,,,,,,,,1.0,219.0,8.1,20.05,2.56,12.5,2.7,0.81,3.14,0.43,2.61,0.54,1.69,,1.73,0.28,2.1,0.24,,,,,,,,,19.0,,1.05,0.27,,,,,,,,,,,,,,,,,,,,,,,,,,
Abitibi,"A 2.7 GA DEPLETED THOLEIITE SUITE: EVIDENCE OF PLUME-ARC INTERACTION IN THE ABITIBI GREENSTONE BELT, CANADA",V54B,THOLEIITE,48.12,-77.77,2700.0,ARCHEAN,2700.0,2707.0,2713.5,2720.0,0.682599664,"A 2.7 GA DEPLETED THOLEIITE SUITE: EVIDENCE OF PLUME-ARC INTERACTION IN THE ABITIBI GREENSTONE BELT, CANADA",ARCHEAN CRATON (INCLUDING GREENSTONE BELTS),Abitibi,,48.12,48.12,-77.77,-77.77,,,,V54B,THOLEIITE,2700000000.0,2700000000.0,PALEO,,,,,THOLEIITE,,,,,WR,50.4,0.99,,13.8,,,,15.21,6.89,4.7,0.27,,0.2,4.3,0.1,,,,,,,,,,,,,,,,,,,,,,,,,,,,,,,,,,,,,,,,,,,,75.0,,347.0,331.0,,,50.0,67.0,,,,,,,,16.0,82.0,,77.0,3.53,,,,,,,,,,,,49.4,188.0,4.42,12.1,1.65,8.39,2.67,0.79,3.78,0.77,6.31,1.57,5.07,,5.99,0.96,2.3,0.21,,,,,,,,,39.4,,0.46,0.1,,,,,,,,,,,,,,,,,,,,,,,,,,
Superior Province,"AN ARCHEAN ARC BASALT-NB-ENRICHED BASALT-ADAKITE ASSOCIATION: THE 2.7 GA CONFEDERATION ASSEMBLAGE OF THE BIRCH-UCHI GREENSTONE BELT, SUPERIOR PROVINCE",SJV91-1A,BASALT,51.0,-91.0,2700.0,ARCHEAN,2700.0,2673.0,2700.0,2727.0,0.002655002,"AN ARCHEAN ARC BASALT-NB-ENRICHED BASALT-ADAKITE ASSOCIATION: THE 2.7 GA CONFEDERATION ASSEMBLAGE OF THE BIRCH-UCHI GREENSTONE BELT, SUPERIOR PROVINCE",ARCHEAN CRATON (INCLUDING GREENSTONE BELTS),Superior Province,,51.0,51.0,-91.0,-91.0,,,,SJV91-1A,BASALT,2700000000.0,2700000000.0,PALEO,,,,,BASALT,,,,,WR,48.02,2.97,,13.4,,,,16.26,7.97,3.84,0.34,,0.39,3.34,1.66,,,,,,,,,,,,,,,,,,,,,,,,,,,,,,,,,,,,,,,,,,,,31.0,,40.0,4.0,,,39.0,2.0,27.0,,,,,,,7.0,406.0,57.0,68.0,13.7,,,,,,,,,,,,0.0,137.0,27.05,69.81,10.03,48.23,12.56,4.5,14.03,1.95,11.39,2.24,5.74,,4.59,0.66,1.56,0.93,,,,,,,,,,,0.55,0.14,,,,,,,,,,,,,,,,,,,,,,,,,,
Superior Province,"AN ARCHEAN ARC BASALT-NB-ENRICHED BASALT-ADAKITE ASSOCIATION: THE 2.7 GA CONFEDERATION ASSEMBLAGE OF THE BIRCH-UCHI GREENSTONE BELT, SUPERIOR PROVINCE",SL95-34,BASALT,51.0,-91.0,2700.0,ARCHEAN,2700.0,2673.0,2700.0,2727.0,0.189694881,"AN ARCHEAN ARC BASALT-NB-ENRICHED BASALT-ADAKITE ASSOCIATION: THE 2.7 GA CONFEDERATION ASSEMBLAGE OF THE BIRCH-UCHI GREENSTONE BELT, SUPERIOR PROVINCE",ARCHEAN CRATON (INCLUDING GREENSTONE BELTS),Superior Province,,51.0,51.0,-91.0,-91.0,,,,SL95-34,BASALT,2700000000.0,2700000000.0,PALEO,,,,,BASALT,,,,,WR,52.84,0.79,,17.25,,,,9.66,9.07,6.18,0.18,,0.06,2.83,0.05,,,,,,,,,,,,,,,,,,,,,,,,,,,,,,,,,,,,,,,,,,,,71.0,,393.0,459.0,,,70.0,163.0,154.0,,,,,,,2.0,101.0,23.0,48.0,1.6,,,,,,,,,,,,0.0,24.0,2.14,5.67,0.82,4.93,1.6,0.66,2.7,0.49,3.57,0.83,2.34,,2.13,0.33,1.41,0.09,,,,,,,,,,,0.65,0.08,,,,,,,,,,,,,,,,,,,,,,,,,,
Superior Province,"AN ARCHEAN ARC BASALT-NB-ENRICHED BASALT-ADAKITE ASSOCIATION: THE 2.7 GA CONFEDERATION ASSEMBLAGE OF THE BIRCH-UCHI GREENSTONE BELT, SUPERIOR PROVINCE",SL87-04,BASALT,51.0,-91.0,2700.0,ARCHEAN,2700.0,2673.0,2700.0,2727.0,0.495335281,"AN ARCHEAN ARC BASALT-NB-ENRICHED BASALT-ADAKITE ASSOCIATION: THE 2.7 GA CONFEDERATION ASSEMBLAGE OF THE BIRCH-UCHI GREENSTONE BELT, SUPERIOR PROVINCE",ARCHEAN CRATON (INCLUDING GREENSTONE BELTS),Superior Province,,51.0,51.0,-91.0,-91.0,,,,SL87-04,BASALT,2700000000.0,2700000000.0,PALEO,,,,,BASALT,,,,,WR,50.73,2.26,,12.74,,,,17.67,7.29,3.1,0.28,,0.46,3.16,0.35,,,,,,,,,,,,,,,,,,,,,,,,,,,,,,,,,,,,,,,,,,,,33.0,,112.0,3.0,,,46.0,2.0,51.0,,,,,,,15.0,103.0,60.0,197.0,11.5,,,,,,,,,,,,12.0,134.0,14.72,34.27,5.31,25.38,2.32,,9.7,1.51,9.84,2.24,6.86,,5.63,0.92,5.85,0.69,,,,,,,,,,,1.76,0.43,,,,,,,,,,,,,,,,,,,,,,,,,,
Superior Province,"AN ARCHEAN ARC BASALT-NB-ENRICHED BASALT-ADAKITE ASSOCIATION: THE 2.7 GA CONFEDERATION ASSEMBLAGE OF THE BIRCH-UCHI GREENSTONE BELT, SUPERIOR PROVINCE",SL95-4N,BASALT,51.0,-91.0,2700.0,ARCHEAN,2700.0,2673.0,2700.0,2727.0,0.000711005,"AN ARCHEAN ARC BASALT-NB-ENRICHED BASALT-ADAKITE ASSOCIATION: THE 2.7 GA CONFEDERATION ASSEMBLAGE OF THE BIRCH-UCHI GREENSTONE BELT, SUPERIOR PROVINCE",ARCHEAN CRATON (INCLUDING GREENSTONE BELTS),Superior Province,,51.0,51.0,-91.0,-91.0,,,,SL95-4N,BASALT,2700000000.0,2700000000.0,PALEO,,,,,BASALT,,,,,WR,49.68,1.88,,12.19,,,,17.66,8.01,5.31,0.26,,0.37,2.52,0.15,,,,,,,,,,,,,,,,,,,,,,,,,,,,,,,,,,,,,,,,,,,,33.0,,461.0,42.0,,,63.0,71.0,129.0,,,,,,,6.0,148.0,38.0,129.0,7.1,,,,,,,,,,,,0.0,42.0,11.02,26.89,3.67,17.62,1.56,,6.2,1.04,7.04,1.51,4.53,,4.27,0.62,3.91,0.45,,,,,,,,,,,1.36,0.34,,,,,,,,,,,,,,,,,,,,,,,,,,
Superior Province,"AN ARCHEAN ARC BASALT-NB-ENRICHED BASALT-ADAKITE ASSOCIATION: THE 2.7 GA CONFEDERATION ASSEMBLAGE OF THE BIRCH-UCHI GREENSTONE BELT, SUPERIOR PROVINCE",SJV94-1A,BASALT,51.0,-91.0,2700.0,ARCHEAN,2700.0,2673.0,2700.0,2727.0,0.000218059,"AN ARCHEAN ARC BASALT-NB-ENRICHED BASALT-ADAKITE ASSOCIATION: THE 2.7 GA CONFEDERATION ASSEMBLAGE OF THE BIRCH-UCHI GREENSTONE BELT, SUPERIOR PROVINCE",ARCHEAN CRATON (INCLUDING GREENSTONE BELTS),Superior Province,,51.0,51.0,-91.0,-91.0,,,,SJV94-1A,BASALT,2700000000.0,2700000000.0,PALEO,,,,,BASALT,,,,,WR,52.12,2.24,,13.21,,,,15.06,6.09,4.56,0.25,,0.39,4.21,0.2,,,,,,,,,,,,,,,,,,,,,,,,,,,,,,,,,,,,,,,,,,,,26.0,,233.0,1.0,,,67.0,1.0,14.0,,,,,,,8.0,361.0,38.0,177.0,13.8,,,,,,,,,,,,1.0,163.0,20.1,46.73,6.06,26.7,6.29,2.09,6.75,1.06,6.63,1.41,4.07,,3.9,0.57,4.34,0.72,,,,,,,,,,,2.59,0.65,,,,,,,,,,,,,,,,,,,,,,,,,,
Superior Province,"AN ARCHEAN ARC BASALT-NB-ENRICHED BASALT-ADAKITE ASSOCIATION: THE 2.7 GA CONFEDERATION ASSEMBLAGE OF THE BIRCH-UCHI GREENSTONE BELT, SUPERIOR PROVINCE",SJV94-1V,BASALT,51.0,-91.0,2700.0,ARCHEAN,2700.0,2673.0,2700.0,2727.0,0.016239533,"AN ARCHEAN ARC BASALT-NB-ENRICHED BASALT-ADAKITE ASSOCIATION: THE 2.7 GA CONFEDERATION ASSEMBLAGE OF THE BIRCH-UCHI GREENSTONE BELT, SUPERIOR PROVINCE",ARCHEAN CRATON (INCLUDING GREENSTONE BELTS),Superior Province,,51.0,51.0,-91.0,-91.0,,,,SJV94-1V,BASALT,2700000000.0,2700000000.0,PALEO,,,,,BASALT,,,,,WR,51.65,2.11,,12.76,,,,15.95,8.14,4.04,0.23,,0.31,2.82,0.22,,,,,,,,,,,,,,,,,,,,,,,,,,,,,,,,,,,,,,,,,,,,43.0,,566.0,6.0,,,75.0,20.0,78.0,,,,,,,2.0,155.0,47.0,122.0,12.8,,,,,,,,,,,,0.0,50.0,16.84,40.69,5.45,24.58,6.42,1.8,7.67,1.27,8.2,1.8,5.26,,5.01,0.74,3.56,0.72,,,,,,,,,,,2.03,0.5,,,,,,,,,,,,,,,,,,,,,,,,,,
Superior Province,"AN ARCHEAN ARC BASALT-NB-ENRICHED BASALT-ADAKITE ASSOCIATION: THE 2.7 GA CONFEDERATION ASSEMBLAGE OF THE BIRCH-UCHI GREENSTONE BELT, SUPERIOR PROVINCE",SL87-05,BASALT,51.0,-91.0,2700.0,ARCHEAN,2700.0,2673.0,2700.0,2727.0,0.873638213,"AN ARCHEAN ARC BASALT-NB-ENRICHED BASALT-ADAKITE ASSOCIATION: THE 2.7 GA CONFEDERATION ASSEMBLAGE OF THE BIRCH-UCHI GREENSTONE BELT, SUPERIOR PROVINCE",ARCHEAN CRATON (INCLUDING GREENSTONE BELTS),Superior Province,,51.0,51.0,-91.0,-91.0,,,,SL87-05,BASALT,2700000000.0,2700000000.0,PALEO,,,,,BASALT,,,,,WR,48.04,0.93,,15.03,,,,12.38,13.54,5.75,0.24,,0.29,2.38,0.05,,,,,,,,,,,,,,,,,,,,,,,,,,,,,,,,,,,,,,,,,,,,47.0,,309.0,395.0,,,81.0,191.0,146.0,,,,,,,5.0,453.0,24.0,54.0,3.0,,,,,,,,,,,,0.0,85.0,4.24,11.19,1.64,8.02,0.96,,3.31,0.59,3.88,0.86,2.46,,2.3,0.33,1.67,0.18,,,,,,,,,,,0.47,0.1,,,,,,,,,,,,,,,,,,,,,,,,,,
Superior Province,"AN ARCHEAN ARC BASALT-NB-ENRICHED BASALT-ADAKITE ASSOCIATION: THE 2.7 GA CONFEDERATION ASSEMBLAGE OF THE BIRCH-UCHI GREENSTONE BELT, SUPERIOR PROVINCE",SL88-15,BASALT,51.0,-91.0,2700.0,ARCHEAN,2700.0,2673.0,2700.0,2727.0,0.00982023,"AN ARCHEAN ARC BASALT-NB-ENRICHED BASALT-ADAKITE ASSOCIATION: THE 2.7 GA CONFEDERATION ASSEMBLAGE OF THE BIRCH-UCHI GREENSTONE BELT, SUPERIOR PROVINCE",ARCHEAN CRATON (INCLUDING GREENSTONE BELTS),Superior Province,,51.0,51.0,-91.0,-91.0,,,,SL88-15,BASALT,2700000000.0,2700000000.0,PALEO,,,,,BASALT,,,,,WR,49.65,0.94,,14.71,,,,9.84,14.06,5.35,0.19,,0.03,4.06,0.06,,,,,,,,,,,,,,,,,,,,,,,,,,,,,,,,,,,,,,,,,,,,34.0,,230.0,112.0,,,62.0,116.0,164.0,,,,,,,1.0,121.0,16.0,59.0,4.4,,,,,,,,,,,,0.0,30.0,5.11,12.92,1.81,9.1,0.84,,3.19,0.46,2.84,0.64,1.67,,1.47,0.23,1.64,0.27,,,,,,,,,,,0.38,0.11,,,,,,,,,,,,,,,,,,,,,,,,,,
Superior Province,"AN ARCHEAN ARC BASALT-NB-ENRICHED BASALT-ADAKITE ASSOCIATION: THE 2.7 GA CONFEDERATION ASSEMBLAGE OF THE BIRCH-UCHI GREENSTONE BELT, SUPERIOR PROVINCE",SL95-22,BASALT,51.0,-91.0,2700.0,ARCHEAN,2700.0,2673.0,2700.0,2727.0,0.253001839,"AN ARCHEAN ARC BASALT-NB-ENRICHED BASALT-ADAKITE ASSOCIATION: THE 2.7 GA CONFEDERATION ASSEMBLAGE OF THE BIRCH-UCHI GREENSTONE BELT, SUPERIOR PROVINCE",ARCHEAN CRATON (INCLUDING GREENSTONE BELTS),Superior Province,,51.0,51.0,-91.0,-91.0,,,,SL95-22,BASALT,2700000000.0,2700000000.0,PALEO,,,,,BASALT,,,,,WR,51.65,2.07,,12.02,,,,16.84,8.37,3.87,0.24,,0.45,2.34,0.27,,,,,,,,,,,,,,,,,,,,,,,,,,,,,,,,,,,,,,,,,,,,33.0,,281.0,24.0,,,45.0,30.0,126.0,,,,,,,13.0,94.0,46.0,168.0,9.6,,,,,,,,,,,,1.0,83.0,12.66,32.71,4.54,21.6,2.11,,8.05,1.35,8.65,1.92,5.61,,5.22,0.79,4.46,0.65,,,,,,,,,,,1.68,0.41,,,,,,,,,,,,,,,,,,,,,,,,,,
Superior Province,"AN ARCHEAN ARC BASALT-NB-ENRICHED BASALT-ADAKITE ASSOCIATION: THE 2.7 GA CONFEDERATION ASSEMBLAGE OF THE BIRCH-UCHI GREENSTONE BELT, SUPERIOR PROVINCE",SL95-35,BASALT,51.0,-91.0,2700.0,ARCHEAN,2700.0,2673.0,2700.0,2727.0,0.108525544,"AN ARCHEAN ARC BASALT-NB-ENRICHED BASALT-ADAKITE ASSOCIATION: THE 2.7 GA CONFEDERATION ASSEMBLAGE OF THE BIRCH-UCHI GREENSTONE BELT, SUPERIOR PROVINCE",ARCHEAN CRATON (INCLUDING GREENSTONE BELTS),Superior Province,,51.0,51.0,-91.0,-91.0,,,,SL95-35,BASALT,2700000000.0,2700000000.0,PALEO,,,,,BASALT,,,,,WR,51.33,0.73,,15.64,,,,10.77,10.89,6.18,0.38,,1.57,1.26,0.05,,,,,,,,,,,,,,,,,,,,,,,,,,,,,,,,,,,,,,,,,,,,52.0,,318.0,348.0,,,59.0,131.0,45.0,,,,,,,74.0,46.0,18.0,47.0,1.3,,,,,,,,,,,,5.0,88.0,2.2,5.59,0.81,4.17,1.63,0.57,2.35,0.45,3.11,0.66,1.96,,2.05,0.31,1.32,0.09,,,,,,,,,,,0.53,0.06,,,,,,,,,,,,,,,,,,,,,,,,,,
Superior Province,"AN ARCHEAN ARC BASALT-NB-ENRICHED BASALT-ADAKITE ASSOCIATION: THE 2.7 GA CONFEDERATION ASSEMBLAGE OF THE BIRCH-UCHI GREENSTONE BELT, SUPERIOR PROVINCE",SL95-27,BASALT,51.0,-91.0,2700.0,ARCHEAN,2700.0,2673.0,2700.0,2727.0,0.041608993,"AN ARCHEAN ARC BASALT-NB-ENRICHED BASALT-ADAKITE ASSOCIATION: THE 2.7 GA CONFEDERATION ASSEMBLAGE OF THE BIRCH-UCHI GREENSTONE BELT, SUPERIOR PROVINCE",ARCHEAN CRATON (INCLUDING GREENSTONE BELTS),Superior Province,,51.0,51.0,-91.0,-91.0,,,,SL95-27,BASALT,2700000000.0,2700000000.0,PALEO,,,,,BASALT,,,,,WR,47.52,0.61,,16.02,,,,10.33,10.85,10.28,0.18,,1.76,1.26,0.03,,,,,,,,,,,,,,,,,,,,,,,,,,,,,,,,,,,,,,,,,,,,29.0,,188.0,389.0,,,61.0,248.0,101.0,,,,,,,27.0,144.0,10.0,30.0,1.6,,,,,,,,,,,,0.0,252.0,1.91,5.05,0.72,3.54,1.17,0.51,1.63,0.25,1.64,0.35,0.99,,0.83,0.11,0.82,0.1,,,,,,,,,,,0.67,0.05,,,,,,,,,,,,,,,,,,,,,,,,,,
Superior Province,"AN ARCHEAN ARC BASALT-NB-ENRICHED BASALT-ADAKITE ASSOCIATION: THE 2.7 GA CONFEDERATION ASSEMBLAGE OF THE BIRCH-UCHI GREENSTONE BELT, SUPERIOR PROVINCE",SJV91-1M,BASALT,51.0,-91.0,2700.0,ARCHEAN,2700.0,2673.0,2700.0,2727.0,0.001484956,"AN ARCHEAN ARC BASALT-NB-ENRICHED BASALT-ADAKITE ASSOCIATION: THE 2.7 GA CONFEDERATION ASSEMBLAGE OF THE BIRCH-UCHI GREENSTONE BELT, SUPERIOR PROVINCE",ARCHEAN CRATON (INCLUDING GREENSTONE BELTS),Superior Province,,51.0,51.0,-91.0,-91.0,,,,SJV91-1M,BASALT,2700000000.0,2700000000.0,PALEO,,,,,BASALT,,,,,WR,51.99,0.64,,15.84,,,,11.33,8.11,7.27,0.17,,0.51,2.8,0.07,,,,,,,,,,,,,,,,,,,,,,,,,,,,,,,,,,,,,,,,,,,,33.0,,215.0,46.0,,,75.0,146.0,44.0,,,,,,,10.0,164.0,21.0,50.0,8.6,,,,,,,,,,,,0.0,271.0,8.07,18.47,2.62,11.91,3.17,1.49,3.62,0.58,3.6,0.77,2.15,,2.01,0.32,1.54,0.31,,,,,,,,,,,0.75,0.23,,,,,,,,,,,,,,,,,,,,,,,,,,
Superior Province,"AN ARCHEAN ARC BASALT-NB-ENRICHED BASALT-ADAKITE ASSOCIATION: THE 2.7 GA CONFEDERATION ASSEMBLAGE OF THE BIRCH-UCHI GREENSTONE BELT, SUPERIOR PROVINCE",SJV91-2H,BASALT,51.0,-91.0,2700.0,ARCHEAN,2700.0,2673.0,2700.0,2727.0,0.65738374,"AN ARCHEAN ARC BASALT-NB-ENRICHED BASALT-ADAKITE ASSOCIATION: THE 2.7 GA CONFEDERATION ASSEMBLAGE OF THE BIRCH-UCHI GREENSTONE BELT, SUPERIOR PROVINCE",ARCHEAN CRATON (INCLUDING GREENSTONE BELTS),Superior Province,,51.0,51.0,-91.0,-91.0,,,,SJV91-2H,BASALT,2700000000.0,2700000000.0,PALEO,,,,,BASALT,,,,,WR,50.2,0.61,,18.98,,,,11.02,9.06,3.17,0.33,,2.24,3.08,0.08,,,,,,,,,,,,,,,,,,,,,,,,,,,,,,,,,,,,,,,,,,,,24.0,,136.0,217.0,,,44.0,121.0,5.0,,,,,,,64.0,186.0,14.0,70.0,3.9,,,,,,,,,,,,6.0,323.0,10.31,20.7,2.43,9.84,2.16,0.69,2.3,0.39,2.4,0.5,1.46,,1.44,0.22,1.82,0.26,,,,,,,,,,,1.98,0.5,,,,,,,,,,,,,,,,,,,,,,,,,,
Superior Province,"AN ARCHEAN ARC BASALT-NB-ENRICHED BASALT-ADAKITE ASSOCIATION: THE 2.7 GA CONFEDERATION ASSEMBLAGE OF THE BIRCH-UCHI GREENSTONE BELT, SUPERIOR PROVINCE",SL95-18,BASALT,51.0,-91.0,2700.0,ARCHEAN,2700.0,2673.0,2700.0,2727.0,0.857575119,"AN ARCHEAN ARC BASALT-NB-ENRICHED BASALT-ADAKITE ASSOCIATION: THE 2.7 GA CONFEDERATION ASSEMBLAGE OF THE BIRCH-UCHI GREENSTONE BELT, SUPERIOR PROVINCE",ARCHEAN CRATON (INCLUDING GREENSTONE BELTS),Superior Province,,51.0,51.0,-91.0,-91.0,,,,SL95-18,BASALT,2700000000.0,2700000000.0,PALEO,,,,,BASALT,,,,,WR,47.03,0.69,,17.14,,,,10.82,12.96,8.35,0.18,,0.1,1.48,0.05,,,,,,,,,,,,,,,,,,,,,,,,,,,,,,,,,,,,,,,,,,,,26.0,,191.0,205.0,,,73.0,204.0,136.0,,,,,,,2.0,234.0,11.0,44.0,2.7,,,,,,,,,,,,0.0,28.0,4.49,11.16,1.56,7.2,1.86,0.88,2.32,0.34,2.11,0.42,1.19,,1.12,0.16,1.28,0.25,,,,,,,,,,,2.51,0.12,,,,,,,,,,,,,,,,,,,,,,,,,,
Superior Province,"AN ARCHEAN ARC BASALT-NB-ENRICHED BASALT-ADAKITE ASSOCIATION: THE 2.7 GA CONFEDERATION ASSEMBLAGE OF THE BIRCH-UCHI GREENSTONE BELT, SUPERIOR PROVINCE",SJV91-4R,BASALT,51.0,-91.0,2700.0,ARCHEAN,2700.0,2673.0,2700.0,2727.0,0.002648307,"AN ARCHEAN ARC BASALT-NB-ENRICHED BASALT-ADAKITE ASSOCIATION: THE 2.7 GA CONFEDERATION ASSEMBLAGE OF THE BIRCH-UCHI GREENSTONE BELT, SUPERIOR PROVINCE",ARCHEAN CRATON (INCLUDING GREENSTONE BELTS),Superior Province,,51.0,51.0,-91.0,-91.0,,,,SJV91-4R,BASALT,2700000000.0,2700000000.0,PALEO,,,,,BASALT,,,,,WR,51.63,1.9,,17.35,,,,13.58,1.41,10.99,0.28,,0.06,1.03,0.24,,,,,,,,,,,,,,,,,,,,,,,,,,,,,,,,,,,,,,,,,,,,21.0,,182.0,50.0,,,68.0,70.0,7.0,,,,,,,2.0,58.0,24.0,143.0,13.0,,,,,,,,,,,,0.0,12.0,19.8,46.36,5.88,24.89,5.32,1.72,5.63,0.81,4.82,0.96,2.58,,2.34,0.35,3.52,0.68,,,,,,,,,,,2.1,0.39,,,,,,,,,,,,,,,,,,,,,,,,,,
Superior Province,"AN ARCHEAN ARC BASALT-NB-ENRICHED BASALT-ADAKITE ASSOCIATION: THE 2.7 GA CONFEDERATION ASSEMBLAGE OF THE BIRCH-UCHI GREENSTONE BELT, SUPERIOR PROVINCE",SL95-43,BASALT,51.0,-91.0,2700.0,ARCHEAN,2700.0,2673.0,2700.0,2727.0,0.990066886,"AN ARCHEAN ARC BASALT-NB-ENRICHED BASALT-ADAKITE ASSOCIATION: THE 2.7 GA CONFEDERATION ASSEMBLAGE OF THE BIRCH-UCHI GREENSTONE BELT, SUPERIOR PROVINCE",ARCHEAN CRATON (INCLUDING GREENSTONE BELTS),Superior Province,,51.0,51.0,-91.0,-91.0,,,,SL95-43,BASALT,2700000000.0,2700000000.0,PALEO,,,,,BASALT,,,,,WR,51.98,0.45,,17.75,,,,8.84,10.02,4.41,0.29,,0.05,5.2,0.03,,,,,,,,,,,,,,,,,,,,,,,,,,,,,,,,,,,,,,,,,,,,32.0,,146.0,371.0,,,43.0,91.0,95.0,,,,,,,1.0,210.0,9.0,34.0,2.4,,,,,,,,,,,,0.0,45.0,3.34,7.98,0.99,4.38,1.26,0.4,1.45,0.24,1.49,0.33,0.86,,0.76,0.12,0.86,0.18,,,,,,,,,,,1.02,0.36,,,,,,,,,,,,,,,,,,,,,,,,,,
Superior Province,"AN ARCHEAN ARC BASALT-NB-ENRICHED BASALT-ADAKITE ASSOCIATION: THE 2.7 GA CONFEDERATION ASSEMBLAGE OF THE BIRCH-UCHI GREENSTONE BELT, SUPERIOR PROVINCE",SL87-05,BASALT,51.0,-91.0,2700.0,ARCHEAN,2700.0,2673.0,2700.0,2727.0,0.995554507,"AN ARCHEAN ARC BASALT-NB-ENRICHED BASALT-ADAKITE ASSOCIATION: THE 2.7 GA CONFEDERATION ASSEMBLAGE OF THE BIRCH-UCHI GREENSTONE BELT, SUPERIOR PROVINCE",ARCHEAN CRATON (INCLUDING GREENSTONE BELTS),Superior Province,,51.0,51.0,-91.0,-91.0,,,,SL87-05,BASALT,2700000000.0,2700000000.0,PALEO,,,,,BASALT,,,,,WR,49.95,0.57,,18.02,,,,9.49,8.09,8.57,0.27,,0.05,3.9,0.04,,,,,,,,,,,,,,,,,,,,,,,,,,,,,,,,,,,,,,,,,,,,42.0,,262.0,496.0,,,78.0,273.0,129.0,,,,,,,1.0,184.0,11.0,47.0,3.0,,,,,,,,,,,,0.0,59.0,4.66,9.82,1.4,6.17,1.65,0.74,1.79,0.28,1.86,0.37,0.95,,0.9,0.13,1.22,0.22,,,,,,,,,,,1.19,0.36,,,,,,,,,,,,,,,,,,,,,,,,,,
Superior Province,"AN ARCHEAN ARC BASALT-NB-ENRICHED BASALT-ADAKITE ASSOCIATION: THE 2.7 GA CONFEDERATION ASSEMBLAGE OF THE BIRCH-UCHI GREENSTONE BELT, SUPERIOR PROVINCE",SL95-20,BASALT,51.0,-91.0,2700.0,ARCHEAN,2700.0,2673.0,2700.0,2727.0,0.200658098,"AN ARCHEAN ARC BASALT-NB-ENRICHED BASALT-ADAKITE ASSOCIATION: THE 2.7 GA CONFEDERATION ASSEMBLAGE OF THE BIRCH-UCHI GREENSTONE BELT, SUPERIOR PROVINCE",ARCHEAN CRATON (INCLUDING GREENSTONE BELTS),Superior Province,,51.0,51.0,-91.0,-91.0,,,,SL95-20,BASALT,2700000000.0,2700000000.0,PALEO,,,,,BASALT,,,,,WR,46.58,1.43,,17.76,,,,12.79,9.7,6.97,0.17,,0.21,2.84,0.14,,,,,,,,,,,,,,,,,,,,,,,,,,,,,,,,,,,,,,,,,,,,39.0,,267.0,337.0,,,60.0,235.0,62.0,,,,,,,4.0,437.0,22.0,85.0,7.7,,,,,,,,,,,,0.0,74.0,11.5,27.44,3.43,13.93,3.34,1.22,3.63,0.61,3.92,0.85,2.31,,2.06,0.3,2.32,0.38,,,,,,,,,,,2.21,0.31,,,,,,,,,,,,,,,,,,,,,,,,,,
Superior Province,"AN ARCHEAN ARC BASALT-NB-ENRICHED BASALT-ADAKITE ASSOCIATION: THE 2.7 GA CONFEDERATION ASSEMBLAGE OF THE BIRCH-UCHI GREENSTONE BELT, SUPERIOR PROVINCE",SL95-21,BASALT,51.0,-91.0,2700.0,ARCHEAN,2700.0,2673.0,2700.0,2727.0,0.163382828,"AN ARCHEAN ARC BASALT-NB-ENRICHED BASALT-ADAKITE ASSOCIATION: THE 2.7 GA CONFEDERATION ASSEMBLAGE OF THE BIRCH-UCHI GREENSTONE BELT, SUPERIOR PROVINCE",ARCHEAN CRATON (INCLUDING GREENSTONE BELTS),Superior Province,,51.0,51.0,-91.0,-91.0,,,,SL95-21,BASALT,2700000000.0,2700000000.0,PALEO,,,,,BASALT,,,,,WR,47.99,0.82,,15.48,,,,12.15,11.43,8.26,0.2,,0.3,1.97,0.06,,,,,,,,,,,,,,,,,,,,,,,,,,,,,,,,,,,,,,,,,,,,33.0,,224.0,282.0,,,65.0,177.0,115.0,,,,,,,5.0,114.0,16.0,51.0,2.3,,,,,,,,,,,,0.0,56.0,2.81,7.46,1.1,6.08,2.1,0.7,2.88,0.44,2.9,0.61,1.66,,1.62,0.26,1.5,0.15,,,,,,,,,,,1.08,0.11,,,,,,,,,,,,,,,,,,,,,,,,,,
Superior Province,"AN ARCHEAN ARC BASALT-NB-ENRICHED BASALT-ADAKITE ASSOCIATION: THE 2.7 GA CONFEDERATION ASSEMBLAGE OF THE BIRCH-UCHI GREENSTONE BELT, SUPERIOR PROVINCE",SL88-09,BASALT,51.0,-91.0,2700.0,ARCHEAN,2700.0,2673.0,2700.0,2727.0,0.525448143,"AN ARCHEAN ARC BASALT-NB-ENRICHED BASALT-ADAKITE ASSOCIATION: THE 2.7 GA CONFEDERATION ASSEMBLAGE OF THE BIRCH-UCHI GREENSTONE BELT, SUPERIOR PROVINCE",ARCHEAN CRATON (INCLUDING GREENSTONE BELTS),Superior Province,,51.0,51.0,-91.0,-91.0,,,,SL88-09,BASALT,2700000000.0,2700000000.0,PALEO,,,,,BASALT,,,,,WR,49.82,0.6,,16.61,,,,11.9,10.33,7.71,0.28,,0.0,1.38,0.05,,,,,,,,,,,,,,,,,,,,,,,,,,,,,,,,,,,,,,,,,,,,30.0,,187.0,392.0,,,70.0,221.0,131.0,,,,,,,0.0,303.0,13.0,43.0,3.3,,,,,,,,,,,,0.0,12.0,5.33,12.02,1.48,6.21,1.7,0.64,2.01,0.32,2.02,0.43,1.17,,1.1,0.16,1.09,0.19,,,,,,,,,,,0.97,0.26,,,,,,,,,,,,,,,,,,,,,,,,,,
Superior Province,"AN ARCHEAN ARC BASALT-NB-ENRICHED BASALT-ADAKITE ASSOCIATION: THE 2.7 GA CONFEDERATION ASSEMBLAGE OF THE BIRCH-UCHI GREENSTONE BELT, SUPERIOR PROVINCE",SL95-23,BASALT,51.0,-91.0,2700.0,ARCHEAN,2700.0,2673.0,2700.0,2727.0,0.01625111,"AN ARCHEAN ARC BASALT-NB-ENRICHED BASALT-ADAKITE ASSOCIATION: THE 2.7 GA CONFEDERATION ASSEMBLAGE OF THE BIRCH-UCHI GREENSTONE BELT, SUPERIOR PROVINCE",ARCHEAN CRATON (INCLUDING GREENSTONE BELTS),Superior Province,,51.0,51.0,-91.0,-91.0,,,,SL95-23,BASALT,2700000000.0,2700000000.0,PALEO,,,,,BASALT,,,,,WR,47.67,0.92,,15.44,,,,13.71,8.22,8.95,0.25,,0.63,2.64,0.06,,,,,,,,,,,,,,,,,,,,,,,,,,,,,,,,,,,,,,,,,,,,35.0,,241.0,268.0,,,74.0,211.0,46.0,,,,,,,5.0,86.0,14.0,55.0,3.9,,,,,,,,,,,,0.0,83.0,4.33,11.29,1.6,7.95,0.82,,2.83,0.45,2.76,0.54,1.49,,1.36,0.21,1.6,0.26,,,,,,,,,,,0.64,0.1,,,,,,,,,,,,,,,,,,,,,,,,,,
Superior Province,"AN ARCHEAN ARC BASALT-NB-ENRICHED BASALT-ADAKITE ASSOCIATION: THE 2.7 GA CONFEDERATION ASSEMBLAGE OF THE BIRCH-UCHI GREENSTONE BELT, SUPERIOR PROVINCE",SL95-4M,BASALT,51.0,-91.0,2700.0,ARCHEAN,2700.0,2673.0,2700.0,2727.0,0.043074049,"AN ARCHEAN ARC BASALT-NB-ENRICHED BASALT-ADAKITE ASSOCIATION: THE 2.7 GA CONFEDERATION ASSEMBLAGE OF THE BIRCH-UCHI GREENSTONE BELT, SUPERIOR PROVINCE",ARCHEAN CRATON (INCLUDING GREENSTONE BELTS),Superior Province,,51.0,51.0,-91.0,-91.0,,,,SL95-4M,BASALT,2700000000.0,2700000000.0,PALEO,,,,,BASALT,,,,,WR,52.32,1.76,,13.57,,,,15.72,7.61,4.08,0.22,,0.56,2.21,0.22,,,,,,,,,,,,,,,,,,,,,,,,,,,,,,,,,,,,,,,,,,,,30.0,,269.0,12.0,,,49.0,27.0,12.0,,,,,,,11.0,235.0,43.0,156.0,9.0,,,,,,,,,,,,1.0,80.0,12.62,31.58,4.41,20.32,1.9,,7.21,1.22,8.31,1.79,5.2,,4.94,0.72,4.61,0.54,,,,,,,,,,,1.65,0.42,,,,,,,,,,,,,,,,,,,,,,,,,,
Superior Province,"AN ARCHEAN ARC BASALT-NB-ENRICHED BASALT-ADAKITE ASSOCIATION: THE 2.7 GA CONFEDERATION ASSEMBLAGE OF THE BIRCH-UCHI GREENSTONE BELT, SUPERIOR PROVINCE",SL88-06,BASALT,51.0,-91.0,2700.0,ARCHEAN,2700.0,2673.0,2700.0,2727.0,0.00987218,"AN ARCHEAN ARC BASALT-NB-ENRICHED BASALT-ADAKITE ASSOCIATION: THE 2.7 GA CONFEDERATION ASSEMBLAGE OF THE BIRCH-UCHI GREENSTONE BELT, SUPERIOR PROVINCE",ARCHEAN CRATON (INCLUDING GREENSTONE BELTS),Superior Province,,51.0,51.0,-91.0,-91.0,,,,SL88-06,BASALT,2700000000.0,2700000000.0,PALEO,,,,,BASALT,,,,,WR,50.38,1.31,,16.97,,,,14.89,3.68,7.51,0.2,,1.13,2.18,0.09,,,,,,,,,,,,,,,,,,,,,,,,,,,,,,,,,,,,,,,,,,,,37.0,,287.0,247.0,,,80.0,214.0,126.0,,,,,,,33.0,33.0,21.0,63.0,3.5,,,,,,,,,,,,1.0,185.0,4.64,11.21,1.78,9.13,1.11,,3.4,0.52,3.58,0.78,2.13,,1.89,0.32,1.89,0.2,,,,,,,,,,,0.57,0.13,,,,,,,,,,,,,,,,,,,,,,,,,,
Superior Province,"AN ARCHEAN ARC BASALT-NB-ENRICHED BASALT-ADAKITE ASSOCIATION: THE 2.7 GA CONFEDERATION ASSEMBLAGE OF THE BIRCH-UCHI GREENSTONE BELT, SUPERIOR PROVINCE",SJV91-4Q,BASALT,51.0,-91.0,2700.0,ARCHEAN,2700.0,2673.0,2700.0,2727.0,0.002900688,"AN ARCHEAN ARC BASALT-NB-ENRICHED BASALT-ADAKITE ASSOCIATION: THE 2.7 GA CONFEDERATION ASSEMBLAGE OF THE BIRCH-UCHI GREENSTONE BELT, SUPERIOR PROVINCE",ARCHEAN CRATON (INCLUDING GREENSTONE BELTS),Superior Province,,51.0,51.0,-91.0,-91.0,,,,SJV91-4Q,BASALT,2700000000.0,2700000000.0,PALEO,,,,,BASALT,,,,,WR,50.34,1.92,,17.47,,,,12.6,0.3,15.62,0.03,,0.02,0.09,0.21,,,,,,,,,,,,,,,,,,,,,,,,,,,,,,,,,,,,,,,,,,,,19.0,,152.0,36.0,,,51.0,63.0,5.0,,,,,,,1.0,3.0,23.0,146.0,13.2,,,,,,,,,,,,0.0,2.0,17.44,39.97,5.05,21.26,4.97,1.56,4.88,0.71,4.26,0.83,2.24,,2.02,0.29,3.53,0.43,,,,,,,,,,,1.9,0.19,,,,,,,,,,,,,,,,,,,,,,,,,,
Superior Province,"AN ARCHEAN ARC BASALT-NB-ENRICHED BASALT-ADAKITE ASSOCIATION: THE 2.7 GA CONFEDERATION ASSEMBLAGE OF THE BIRCH-UCHI GREENSTONE BELT, SUPERIOR PROVINCE",SL95-4,BASALT,51.0,-91.0,2700.0,ARCHEAN,2700.0,2673.0,2700.0,2727.0,0.201146573,"AN ARCHEAN ARC BASALT-NB-ENRICHED BASALT-ADAKITE ASSOCIATION: THE 2.7 GA CONFEDERATION ASSEMBLAGE OF THE BIRCH-UCHI GREENSTONE BELT, SUPERIOR PROVINCE",ARCHEAN CRATON (INCLUDING GREENSTONE BELTS),Superior Province,,51.0,51.0,-91.0,-91.0,,,,SL95-4,BASALT,2700000000.0,2700000000.0,PALEO,,,,,BASALT,,,,,WR,48.66,0.59,,16.29,,,,10.38,11.85,9.6,0.15,,0.12,1.17,0.04,,,,,,,,,,,,,,,,,,,,,,,,,,,,,,,,,,,,,,,,,,,,44.0,,204.0,398.0,,,67.0,171.0,154.0,,,,,,,1.0,125.0,14.0,43.0,2.2,,,,,,,,,,,,0.0,16.0,3.46,8.43,1.11,5.15,1.55,0.61,2.19,0.36,2.29,0.5,1.28,,1.18,0.16,1.14,0.21,,,,,,,,,,,1.44,0.08,,,,,,,,,,,,,,,,,,,,,,,,,,
Superior Province,"AN ARCHEAN ARC BASALT-NB-ENRICHED BASALT-ADAKITE ASSOCIATION: THE 2.7 GA CONFEDERATION ASSEMBLAGE OF THE BIRCH-UCHI GREENSTONE BELT, SUPERIOR PROVINCE",SL95-1,BASALT,51.0,-91.0,2700.0,ARCHEAN,2700.0,2673.0,2700.0,2727.0,0.001238909,"AN ARCHEAN ARC BASALT-NB-ENRICHED BASALT-ADAKITE ASSOCIATION: THE 2.7 GA CONFEDERATION ASSEMBLAGE OF THE BIRCH-UCHI GREENSTONE BELT, SUPERIOR PROVINCE",ARCHEAN CRATON (INCLUDING GREENSTONE BELTS),Superior Province,,51.0,51.0,-91.0,-91.0,,,,SL95-1,BASALT,2700000000.0,2700000000.0,PALEO,,,,,BASALT,,,,,WR,50.18,1.24,,14.25,,,,12.91,10.59,6.52,0.22,,0.35,2.18,0.11,,,,,,,,,,,,,,,,,,,,,,,,,,,,,,,,,,,,,,,,,,,,53.0,,398.0,215.0,,,64.0,88.0,159.0,,,,,,,4.0,126.0,28.0,82.0,3.9,,,,,,,,,,,,0.0,66.0,4.65,12.75,1.83,8.56,2.8,0.99,3.94,0.66,4.57,1.07,3.1,,3.0,0.45,2.3,0.29,,,,,,,,,,,1.57,0.1,,,,,,,,,,,,,,,,,,,,,,,,,,
Superior Province,"AN ARCHEAN ARC BASALT-NB-ENRICHED BASALT-ADAKITE ASSOCIATION: THE 2.7 GA CONFEDERATION ASSEMBLAGE OF THE BIRCH-UCHI GREENSTONE BELT, SUPERIOR PROVINCE",SL95-26,BASALT,51.0,-91.0,2700.0,ARCHEAN,2700.0,2673.0,2700.0,2727.0,0.149097025,"AN ARCHEAN ARC BASALT-NB-ENRICHED BASALT-ADAKITE ASSOCIATION: THE 2.7 GA CONFEDERATION ASSEMBLAGE OF THE BIRCH-UCHI GREENSTONE BELT, SUPERIOR PROVINCE",ARCHEAN CRATON (INCLUDING GREENSTONE BELTS),Superior Province,,51.0,51.0,-91.0,-91.0,,,,SL95-26,BASALT,2700000000.0,2700000000.0,PALEO,,,,,BASALT,,,,,WR,48.35,0.89,,16.43,,,,11.23,10.61,7.67,0.19,,1.11,2.2,0.07,,,,,,,,,,,,,,,,,,,,,,,,,,,,,,,,,,,,,,,,,,,,35.0,,243.0,242.0,,,61.0,191.0,86.0,,,,,,,20.0,143.0,20.0,71.0,4.9,,,,,,,,,,,,0.0,134.0,6.12,15.11,2.08,9.24,2.53,0.86,3.3,0.55,3.61,0.8,2.05,,1.85,0.3,2.14,0.3,,,,,,,,,,,1.3,0.3,,,,,,,,,,,,,,,,,,,,,,,,,,
Superior Province,"AN ARCHEAN ARC BASALT-NB-ENRICHED BASALT-ADAKITE ASSOCIATION: THE 2.7 GA CONFEDERATION ASSEMBLAGE OF THE BIRCH-UCHI GREENSTONE BELT, SUPERIOR PROVINCE",SJV91-1D,BASALT,51.0,-91.0,2700.0,ARCHEAN,2700.0,2673.0,2700.0,2727.0,0.000783581,"AN ARCHEAN ARC BASALT-NB-ENRICHED BASALT-ADAKITE ASSOCIATION: THE 2.7 GA CONFEDERATION ASSEMBLAGE OF THE BIRCH-UCHI GREENSTONE BELT, SUPERIOR PROVINCE",ARCHEAN CRATON (INCLUDING GREENSTONE BELTS),Superior Province,,51.0,51.0,-91.0,-91.0,,,,SJV91-1D,BASALT,2700000000.0,2700000000.0,PALEO,,,,,BASALT,,,,,WR,51.06,2.02,,14.0,,,,16.12,7.2,3.09,0.28,,0.31,3.27,0.86,,,,,,,,,,,,,,,,,,,,,,,,,,,,,,,,,,,,,,,,,,,,30.0,,38.0,18.0,,,49.0,14.0,16.0,,,,,,,5.0,575.0,49.0,128.0,18.4,,,,,,,,,,,,0.0,106.0,23.42,58.6,8.09,37.85,9.24,3.72,10.41,1.51,9.14,1.86,5.11,,4.36,0.67,3.35,1.01,,,,,,,,,,,0.99,0.35,,,,,,,,,,,,,,,,,,,,,,,,,,
Superior Province,"AN ARCHEAN ARC BASALT-NB-ENRICHED BASALT-ADAKITE ASSOCIATION: THE 2.7 GA CONFEDERATION ASSEMBLAGE OF THE BIRCH-UCHI GREENSTONE BELT, SUPERIOR PROVINCE",SL87-03,BASALT,51.0,-91.0,2700.0,ARCHEAN,2700.0,2673.0,2700.0,2727.0,0.124632105,"AN ARCHEAN ARC BASALT-NB-ENRICHED BASALT-ADAKITE ASSOCIATION: THE 2.7 GA CONFEDERATION ASSEMBLAGE OF THE BIRCH-UCHI GREENSTONE BELT, SUPERIOR PROVINCE",ARCHEAN CRATON (INCLUDING GREENSTONE BELTS),Superior Province,,51.0,51.0,-91.0,-91.0,,,,SL87-03,BASALT,2700000000.0,2700000000.0,PALEO,,,,,BASALT,,,,,WR,45.02,0.74,,15.73,,,,13.13,11.51,9.71,0.23,,1.39,1.03,0.05,,,,,,,,,,,,,,,,,,,,,,,,,,,,,,,,,,,,,,,,,,,,45.0,,236.0,379.0,,,79.0,228.0,134.0,,,,,,,2.0,116.0,12.0,35.0,1.7,,,,,,,,,,,,0.0,88.0,2.01,5.93,0.9,4.88,0.92,,2.32,0.38,2.34,0.47,1.28,,1.06,0.16,1.05,0.07,,,,,,,,,,,0.21,0.05,,,,,,,,,,,,,,,,,,,,,,,,,,
Superior Province,"AN ARCHEAN ARC BASALT-NB-ENRICHED BASALT-ADAKITE ASSOCIATION: THE 2.7 GA CONFEDERATION ASSEMBLAGE OF THE BIRCH-UCHI GREENSTONE BELT, SUPERIOR PROVINCE",SL95-5,BASALT,51.0,-91.0,2700.0,ARCHEAN,2700.0,2673.0,2700.0,2727.0,0.50723958,"AN ARCHEAN ARC BASALT-NB-ENRICHED BASALT-ADAKITE ASSOCIATION: THE 2.7 GA CONFEDERATION ASSEMBLAGE OF THE BIRCH-UCHI GREENSTONE BELT, SUPERIOR PROVINCE",ARCHEAN CRATON (INCLUDING GREENSTONE BELTS),Superior Province,,51.0,51.0,-91.0,-91.0,,,,SL95-5,BASALT,2700000000.0,2700000000.0,PALEO,,,,,BASALT,,,,,WR,49.83,0.94,,14.64,,,,12.62,10.49,7.55,0.21,,0.46,1.78,0.09,,,,,,,,,,,,,,,,,,,,,,,,,,,,,,,,,,,,,,,,,,,,35.0,,263.0,190.0,,,72.0,93.0,217.0,,,,,,,13.0,202.0,17.0,61.0,3.5,,,,,,,,,,,,1.0,131.0,5.84,13.69,1.83,7.97,2.14,0.86,3.27,0.49,3.14,0.66,1.79,,1.56,0.27,1.61,0.31,,,,,,,,,,,1.15,0.16,,,,,,,,,,,,,,,,,,,,,,,,,,
Superior Province,"AN ARCHEAN ARC BASALT-NB-ENRICHED BASALT-ADAKITE ASSOCIATION: THE 2.7 GA CONFEDERATION ASSEMBLAGE OF THE BIRCH-UCHI GREENSTONE BELT, SUPERIOR PROVINCE",SL95-6,BASALT,51.0,-91.0,2700.0,ARCHEAN,2700.0,2673.0,2700.0,2727.0,0.583703041,"AN ARCHEAN ARC BASALT-NB-ENRICHED BASALT-ADAKITE ASSOCIATION: THE 2.7 GA CONFEDERATION ASSEMBLAGE OF THE BIRCH-UCHI GREENSTONE BELT, SUPERIOR PROVINCE",ARCHEAN CRATON (INCLUDING GREENSTONE BELTS),Superior Province,,51.0,51.0,-91.0,-91.0,,,,SL95-6,BASALT,2700000000.0,2700000000.0,PALEO,,,,,BASALT,,,,,WR,52.34,0.8,,16.69,,,,10.02,9.12,5.15,0.22,,0.53,4.0,0.04,,,,,,,,,,,,,,,,,,,,,,,,,,,,,,,,,,,,,,,,,,,,40.0,,259.0,348.0,,,54.0,176.0,77.0,,,,,,,12.0,148.0,18.0,39.0,1.4,,,,,,,,,,,,0.0,134.0,2.59,6.84,0.95,5.31,1.82,0.81,3.01,0.46,3.23,0.71,2.08,,2.02,0.34,1.11,0.14,,,,,,,,,,,1.15,0.09,,,,,,,,,,,,,,,,,,,,,,,,,,
Abitibi,"AN ARCHEAN OCEANIC FELSIC DYKE SWARM IN A NASCENT ARC: THE HUNTER MINE GROUP, ABITIBI GREENSTONE BELT, CANADA",J-26,BASALT,48.5,-80.5,2500.0,ARCHEAN,3850.0,2728.6,2730.0,2731.4,0.668364704,"AN ARCHEAN OCEANIC FELSIC DYKE SWARM IN A NASCENT ARC: THE HUNTER MINE GROUP, ABITIBI GREENSTONE BELT, CANADA",ARCHEAN CRATON (INCLUDING GREENSTONE BELTS),Abitibi,,48.5,48.5,-80.5,-80.5,,,,J-26,BASALT,2500000000.0,3850000000.0,PALEO,,,,,BASALT,,,,,WR,52.41,1.34,,15.44,,,,10.27,5.78,6.49,0.16,,0.14,3.59,0.25,,,,,,,,,,,,,,,,,,,,,,,,,,,,,,,,,,,,,,,,,,,,,,219.0,233.0,,,,102.0,21.0,77.0,17.0,,,,,,354.0,17.0,103.0,4.1,,,,,,,,,,,,,323.0,10.73,26.21,3.42,14.54,3.42,1.07,3.22,0.51,3.66,0.67,2.0,,1.82,0.29,2.39,0.3,,,,,,,,,,,1.08,,,,,,,,,,,,,,,,,,,,,,,,,,,
Superior Province,"ARCHEAN GREENSTONE BELT MAGMATISM AND THE CONTINENTAL GROWTH-MANTLE EVOLUTION CONNECTION: CONSTRAINTS FROM TH-U-NB-LREE SYSTEMATICS OF THE 2.7 GA WAWA SUBPROVINCE, SUPERIOR PROVINCE, CANADA",MW95-5,BASALT,49.0,-85.5,2500.0,ARCHEAN,3850.0,2650.0,2700.0,2750.0,0.005702719,"ARCHEAN GREENSTONE BELT MAGMATISM AND THE CONTINENTAL GROWTH-MANTLE EVOLUTION CONNECTION: CONSTRAINTS FROM TH-U-NB-LREE SYSTEMATICS OF THE 2.7 GA WAWA SUBPROVINCE, SUPERIOR PROVINCE, CANADA",ARCHEAN CRATON (INCLUDING GREENSTONE BELTS),Superior Province,,49.0,49.0,-85.5,-85.5,,,,MW95-5,BASALT,2500000000.0,3850000000.0,PALEO,,,,,BASALT,,,,,WR,52.2,1.27,,15.3,,,,12.24,10.9,4.3,0.18,,0.5,1.6,0.1,,,,,,,,,,,,,,,,,,,,,,,,,,,,,,,,,,,,,,,,,,,,49.0,,379.0,113.0,,,62.0,104.0,,,,,,,,18.0,132.0,29.0,76.0,3.62,,,,,,,,,,,,1.3,128.0,4.7,12.6,1.93,9.9,3.22,1.15,4.4,0.77,5.05,1.13,3.21,,3.28,0.51,2.4,0.242,,,,,,,,,,,0.438,0.081,,,,,,,,,,,,,,,,,,,,,,,,,,
Superior Province,"ARCHEAN GREENSTONE BELT MAGMATISM AND THE CONTINENTAL GROWTH-MANTLE EVOLUTION CONNECTION: CONSTRAINTS FROM TH-U-NB-LREE SYSTEMATICS OF THE 2.7 GA WAWA SUBPROVINCE, SUPERIOR PROVINCE, CANADA",BD-40-1,BASALT,48.8,-87.0,2500.0,ARCHEAN,3850.0,2650.0,2700.0,2750.0,0.000466516,"ARCHEAN GREENSTONE BELT MAGMATISM AND THE CONTINENTAL GROWTH-MANTLE EVOLUTION CONNECTION: CONSTRAINTS FROM TH-U-NB-LREE SYSTEMATICS OF THE 2.7 GA WAWA SUBPROVINCE, SUPERIOR PROVINCE, CANADA",ARCHEAN CRATON (INCLUDING GREENSTONE BELTS),Superior Province,,48.8,48.8,-87.0,-87.0,,,,BD-40-1,BASALT,2500000000.0,3850000000.0,PALEO,,,,,BASALT,,,,,WR,53.1,1.2,,13.8,,,,13.68,7.7,6.3,0.24,,0.1,2.2,0.13,,,,,,,,,,,,,,,,,,,,,,,,,,,,,,,,,,,,,,,,,,,,50.0,,356.0,24.0,,,56.0,47.0,,,,,,,,2.1,184.0,40.0,120.0,6.77,,,,,,,,,,,,0.3,16.0,7.9,21.3,3.18,15.8,4.73,1.39,6.1,1.05,6.92,1.53,4.36,,4.29,0.63,3.42,0.381,,,,,,,,,,,0.723,0.181,,,,,,,,,,,,,,,,,,,,,,,,,,
Superior Province,"ARCHEAN GREENSTONE BELT MAGMATISM AND THE CONTINENTAL GROWTH-MANTLE EVOLUTION CONNECTION: CONSTRAINTS FROM TH-U-NB-LREE SYSTEMATICS OF THE 2.7 GA WAWA SUBPROVINCE, SUPERIOR PROVINCE, CANADA",WA95-4,BASALT,47.95,-84.92,2500.0,ARCHEAN,3850.0,2650.0,2700.0,2750.0,0.065608211,"ARCHEAN GREENSTONE BELT MAGMATISM AND THE CONTINENTAL GROWTH-MANTLE EVOLUTION CONNECTION: CONSTRAINTS FROM TH-U-NB-LREE SYSTEMATICS OF THE 2.7 GA WAWA SUBPROVINCE, SUPERIOR PROVINCE, CANADA",ARCHEAN CRATON (INCLUDING GREENSTONE BELTS),Superior Province,,47.95,47.95,-84.92,-84.92,,,,WA95-4,BASALT,2500000000.0,3850000000.0,PALEO,,,,,BASALT,,,,,WR,49.3,1.2,,15.6,,,,12.69,8.7,8.3,0.15,,0.4,2.1,0.09,,,,,,,,,,,,,,,,,,,,,,,,,,,,,,,,,,,,,,,,,,,,41.0,,322.0,229.0,,,55.0,157.0,,,,,,,,12.0,194.0,26.0,73.0,3.89,,,,,,,,,,,,0.48,66.0,4.4,12.1,1.83,9.2,2.91,1.03,3.98,0.66,4.5,0.98,2.84,,2.76,0.44,2.24,0.258,,,,,,,,,,,0.496,0.124,,,,,,,,,,,,,,,,,,,,,,,,,,
Superior Province,"ARCHEAN GREENSTONE BELT MAGMATISM AND THE CONTINENTAL GROWTH-MANTLE EVOLUTION CONNECTION: CONSTRAINTS FROM TH-U-NB-LREE SYSTEMATICS OF THE 2.7 GA WAWA SUBPROVINCE, SUPERIOR PROVINCE, CANADA",DH96-7,BASALT,48.8,-85.0,2500.0,ARCHEAN,3850.0,2650.0,2700.0,2750.0,0.012409442,"ARCHEAN GREENSTONE BELT MAGMATISM AND THE CONTINENTAL GROWTH-MANTLE EVOLUTION CONNECTION: CONSTRAINTS FROM TH-U-NB-LREE SYSTEMATICS OF THE 2.7 GA WAWA SUBPROVINCE, SUPERIOR PROVINCE, CANADA",ARCHEAN CRATON (INCLUDING GREENSTONE BELTS),Superior Province,,48.8,48.8,-85.0,-85.0,,,,DH96-7,BASALT,2500000000.0,3850000000.0,PALEO,,,,,BASALT,,,,,WR,52.1,1.59,,12.7,,,,14.85,9.6,5.0,0.23,,0.4,1.8,0.2,,,,,,,,,,,,,,,,,,,,,,,,,,,,,,,,,,,,,,,,,,,,45.0,,374.0,130.0,,,59.0,25.0,,,,,,,,14.0,99.0,36.0,118.0,5.78,,,,,,,,,,,,2.2,199.0,5.8,15.2,2.46,12.4,3.99,1.37,5.21,0.9,6.47,1.42,4.02,,4.04,0.62,3.56,0.322,,,,,,,,,,,0.623,0.151,,,,,,,,,,,,,,,,,,,,,,,,,,
Superior Province,"ARCHEAN GREENSTONE BELT MAGMATISM AND THE CONTINENTAL GROWTH-MANTLE EVOLUTION CONNECTION: CONSTRAINTS FROM TH-U-NB-LREE SYSTEMATICS OF THE 2.7 GA WAWA SUBPROVINCE, SUPERIOR PROVINCE, CANADA",WL-7-2,BASALT,48.8,-87.0,2500.0,ARCHEAN,3850.0,2650.0,2700.0,2750.0,0.100730345,"ARCHEAN GREENSTONE BELT MAGMATISM AND THE CONTINENTAL GROWTH-MANTLE EVOLUTION CONNECTION: CONSTRAINTS FROM TH-U-NB-LREE SYSTEMATICS OF THE 2.7 GA WAWA SUBPROVINCE, SUPERIOR PROVINCE, CANADA",ARCHEAN CRATON (INCLUDING GREENSTONE BELTS),Superior Province,,48.8,48.8,-87.0,-87.0,,,,WL-7-2,BASALT,2500000000.0,3850000000.0,PALEO,,,,,BASALT,,,,,WR,50.1,0.82,,15.9,,,,10.71,11.0,6.4,0.18,,0.5,3.0,0.2,,,,,,,,,,,,,,,,,,,,,,,,,,,,,,,,,,,,,,,,,,,,36.0,,259.0,141.0,,,49.0,72.0,,,,,,,,11.0,300.0,22.0,82.0,3.81,,,,,,,,,,,,0.7,124.0,18.6,43.5,5.72,25.3,5.81,1.55,5.35,0.735,4.18,0.79,2.25,,1.94,0.282,2.16,0.21,,,,,,,,,,,2.436,0.544,,,,,,,,,,,,,,,,,,,,,,,,,,
Superior Province,"ARCHEAN GREENSTONE BELT MAGMATISM AND THE CONTINENTAL GROWTH-MANTLE EVOLUTION CONNECTION: CONSTRAINTS FROM TH-U-NB-LREE SYSTEMATICS OF THE 2.7 GA WAWA SUBPROVINCE, SUPERIOR PROVINCE, CANADA",WA96-31,BASALT,47.95,-84.92,2500.0,ARCHEAN,3850.0,2650.0,2700.0,2750.0,0.007684742,"ARCHEAN GREENSTONE BELT MAGMATISM AND THE CONTINENTAL GROWTH-MANTLE EVOLUTION CONNECTION: CONSTRAINTS FROM TH-U-NB-LREE SYSTEMATICS OF THE 2.7 GA WAWA SUBPROVINCE, SUPERIOR PROVINCE, CANADA",ARCHEAN CRATON (INCLUDING GREENSTONE BELTS),Superior Province,,47.95,47.95,-84.92,-84.92,,,,WA96-31,BASALT,2500000000.0,3850000000.0,PALEO,,,,,BASALT,,,,,WR,48.9,0.88,,15.6,,,,11.79,11.7,8.0,0.16,,0.1,1.5,0.06,,,,,,,,,,,,,,,,,,,,,,,,,,,,,,,,,,,,,,,,,,,,39.0,,285.0,361.0,,,53.0,143.0,,,,,,,,4.0,106.0,20.0,49.0,2.86,,,,,,,,,,,,0.17,29.0,3.2,8.8,1.29,6.6,2.15,0.79,2.86,0.48,3.38,0.77,2.13,,1.99,0.32,1.52,0.203,,,,,,,,,,,0.426,0.091,,,,,,,,,,,,,,,,,,,,,,,,,,
Superior Province,"ARCHEAN GREENSTONE BELT MAGMATISM AND THE CONTINENTAL GROWTH-MANTLE EVOLUTION CONNECTION: CONSTRAINTS FROM TH-U-NB-LREE SYSTEMATICS OF THE 2.7 GA WAWA SUBPROVINCE, SUPERIOR PROVINCE, CANADA",DH96-4,BASALT,48.8,-85.0,2500.0,ARCHEAN,3850.0,2650.0,2700.0,2750.0,0.01018513,"ARCHEAN GREENSTONE BELT MAGMATISM AND THE CONTINENTAL GROWTH-MANTLE EVOLUTION CONNECTION: CONSTRAINTS FROM TH-U-NB-LREE SYSTEMATICS OF THE 2.7 GA WAWA SUBPROVINCE, SUPERIOR PROVINCE, CANADA",ARCHEAN CRATON (INCLUDING GREENSTONE BELTS),Superior Province,,48.8,48.8,-85.0,-85.0,,,,DH96-4,BASALT,2500000000.0,3850000000.0,PALEO,,,,,BASALT,,,,,WR,52.1,0.85,,13.9,,,,11.88,9.1,7.2,0.2,,0.8,2.6,0.1,,,,,,,,,,,,,,,,,,,,,,,,,,,,,,,,,,,,,,,,,,,,48.0,,301.0,209.0,,,60.0,64.0,,,,,,,,72.0,162.0,18.0,52.0,2.46,,,,,,,,,,,,1.9,129.0,3.2,8.2,1.23,6.4,1.98,0.72,2.67,0.47,3.31,0.72,2.03,,2.11,0.3,1.64,0.151,,,,,,,,,,,0.283,0.061,,,,,,,,,,,,,,,,,,,,,,,,,,
Superior Province,"ARCHEAN GREENSTONE BELT MAGMATISM AND THE CONTINENTAL GROWTH-MANTLE EVOLUTION CONNECTION: CONSTRAINTS FROM TH-U-NB-LREE SYSTEMATICS OF THE 2.7 GA WAWA SUBPROVINCE, SUPERIOR PROVINCE, CANADA",SC95-38,BASALT,48.8,-87.27,2500.0,ARCHEAN,3850.0,2650.0,2700.0,2750.0,0.000626709,"ARCHEAN GREENSTONE BELT MAGMATISM AND THE CONTINENTAL GROWTH-MANTLE EVOLUTION CONNECTION: CONSTRAINTS FROM TH-U-NB-LREE SYSTEMATICS OF THE 2.7 GA WAWA SUBPROVINCE, SUPERIOR PROVINCE, CANADA",ARCHEAN CRATON (INCLUDING GREENSTONE BELTS),Superior Province,,48.8,48.8,-87.27,-87.27,,,,SC95-38,BASALT,2500000000.0,3850000000.0,PALEO,,,,,BASALT,,,,,WR,51.5,1.25,,13.6,,,,13.86,9.3,6.1,0.2,,0.2,2.3,0.12,,,,,,,,,,,,,,,,,,,,,,,,,,,,,,,,,,,,,,,,,,,,41.0,,313.0,20.0,,,60.0,52.0,,,,,,,,6.0,107.0,38.0,121.0,6.42,,,,,,,,,,,,0.1,35.0,7.5,20.5,3.02,15.2,4.3,1.34,5.72,0.98,6.85,1.41,4.06,,4.2,0.65,3.53,0.413,,,,,,,,,,,0.564,0.161,,,,,,,,,,,,,,,,,,,,,,,,,,
Superior Province,"ARCHEAN GREENSTONE BELT MAGMATISM AND THE CONTINENTAL GROWTH-MANTLE EVOLUTION CONNECTION: CONSTRAINTS FROM TH-U-NB-LREE SYSTEMATICS OF THE 2.7 GA WAWA SUBPROVINCE, SUPERIOR PROVINCE, CANADA",MW93-12,BASALT,49.0,-85.5,2500.0,ARCHEAN,3850.0,2650.0,2700.0,2750.0,0.261860222,"ARCHEAN GREENSTONE BELT MAGMATISM AND THE CONTINENTAL GROWTH-MANTLE EVOLUTION CONNECTION: CONSTRAINTS FROM TH-U-NB-LREE SYSTEMATICS OF THE 2.7 GA WAWA SUBPROVINCE, SUPERIOR PROVINCE, CANADA",ARCHEAN CRATON (INCLUDING GREENSTONE BELTS),Superior Province,,49.0,49.0,-85.5,-85.5,,,,MW93-12,BASALT,2500000000.0,3850000000.0,PALEO,,,,,BASALT,,,,,WR,52.1,1.14,,13.6,,,,12.6,8.5,7.1,0.21,,0.7,2.6,0.1,,,,,,,,,,,,,,,,,,,,,,,,,,,,,,,,,,,,,,,,,,,,39.0,,268.0,48.0,,,47.0,49.0,,,,,,,,22.0,190.0,32.0,103.0,4.98,,,,,,,,,,,,0.8,105.0,5.6,15.2,2.31,11.6,3.83,1.23,4.82,0.81,5.73,1.26,3.6,,3.58,0.51,3.06,0.342,,,,,,,,,,,0.513,0.131,,,,,,,,,,,,,,,,,,,,,,,,,,
Superior Province,"ARCHEAN GREENSTONE BELT MAGMATISM AND THE CONTINENTAL GROWTH-MANTLE EVOLUTION CONNECTION: CONSTRAINTS FROM TH-U-NB-LREE SYSTEMATICS OF THE 2.7 GA WAWA SUBPROVINCE, SUPERIOR PROVINCE, CANADA",WA95-23,BASALT,47.95,-84.92,2500.0,ARCHEAN,3850.0,2650.0,2700.0,2750.0,0.012932861,"ARCHEAN GREENSTONE BELT MAGMATISM AND THE CONTINENTAL GROWTH-MANTLE EVOLUTION CONNECTION: CONSTRAINTS FROM TH-U-NB-LREE SYSTEMATICS OF THE 2.7 GA WAWA SUBPROVINCE, SUPERIOR PROVINCE, CANADA",ARCHEAN CRATON (INCLUDING GREENSTONE BELTS),Superior Province,,47.95,47.95,-84.92,-84.92,,,,WA95-23,BASALT,2500000000.0,3850000000.0,PALEO,,,,,BASALT,,,,,WR,51.4,0.92,,17.4,,,,10.44,11.9,3.7,0.22,,0.4,2.4,0.06,,,,,,,,,,,,,,,,,,,,,,,,,,,,,,,,,,,,,,,,,,,,43.0,,292.0,370.0,,,59.0,175.0,,,,,,,,14.0,127.0,21.0,49.0,2.58,,,,,,,,,,,,1.0,73.0,3.3,9.1,1.42,7.2,2.28,0.89,3.14,0.54,3.74,0.82,2.44,,2.45,0.38,1.61,0.182,,,,,,,,,,,0.364,0.071,,,,,,,,,,,,,,,,,,,,,,,,,,
Superior Province,"ARCHEAN GREENSTONE BELT MAGMATISM AND THE CONTINENTAL GROWTH-MANTLE EVOLUTION CONNECTION: CONSTRAINTS FROM TH-U-NB-LREE SYSTEMATICS OF THE 2.7 GA WAWA SUBPROVINCE, SUPERIOR PROVINCE, CANADA",SC95-129,BASALT,48.8,-87.27,2500.0,ARCHEAN,3850.0,2650.0,2700.0,2750.0,0.024393653,"ARCHEAN GREENSTONE BELT MAGMATISM AND THE CONTINENTAL GROWTH-MANTLE EVOLUTION CONNECTION: CONSTRAINTS FROM TH-U-NB-LREE SYSTEMATICS OF THE 2.7 GA WAWA SUBPROVINCE, SUPERIOR PROVINCE, CANADA",ARCHEAN CRATON (INCLUDING GREENSTONE BELTS),Superior Province,,48.8,48.8,-87.27,-87.27,,,,SC95-129,BASALT,2500000000.0,3850000000.0,PALEO,,,,,BASALT,,,,,WR,50.2,1.22,,14.4,,,,12.42,12.4,4.9,0.26,,0.4,2.4,0.11,,,,,,,,,,,,,,,,,,,,,,,,,,,,,,,,,,,,,,,,,,,,44.0,,344.0,77.0,,,52.0,69.0,,,,,,,,9.0,203.0,30.0,99.0,4.23,,,,,,,,,,,,0.4,146.0,5.5,14.7,2.18,10.4,3.53,1.18,4.37,0.77,5.4,1.19,3.44,,3.23,0.5,2.33,0.274,,,,,,,,,,,0.516,0.126,,,,,,,,,,,,,,,,,,,,,,,,,,
Superior Province,"ARCHEAN GREENSTONE BELT MAGMATISM AND THE CONTINENTAL GROWTH-MANTLE EVOLUTION CONNECTION: CONSTRAINTS FROM TH-U-NB-LREE SYSTEMATICS OF THE 2.7 GA WAWA SUBPROVINCE, SUPERIOR PROVINCE, CANADA",WA96-2,BASALT,47.95,-84.92,2500.0,ARCHEAN,3850.0,2650.0,2700.0,2750.0,0.134461164,"ARCHEAN GREENSTONE BELT MAGMATISM AND THE CONTINENTAL GROWTH-MANTLE EVOLUTION CONNECTION: CONSTRAINTS FROM TH-U-NB-LREE SYSTEMATICS OF THE 2.7 GA WAWA SUBPROVINCE, SUPERIOR PROVINCE, CANADA",ARCHEAN CRATON (INCLUDING GREENSTONE BELTS),Superior Province,,47.95,47.95,-84.92,-84.92,,,,WA96-2,BASALT,2500000000.0,3850000000.0,PALEO,,,,,BASALT,,,,,WR,52.3,0.82,,13.7,,,,12.51,7.1,8.4,0.2,,0.1,3.5,0.07,,,,,,,,,,,,,,,,,,,,,,,,,,,,,,,,,,,,,,,,,,,,50.0,,369.0,9.0,,,55.0,23.0,,,,,,,,0.61,47.0,20.0,65.0,2.05,,,,,,,,,,,,0.1,8.0,2.3,6.8,1.05,5.6,1.93,0.73,2.73,0.5,3.54,0.78,2.26,,2.29,0.32,1.8,0.124,,,,,,,,,,,0.299,0.062,,,,,,,,,,,,,,,,,,,,,,,,,,
Superior Province,"ARCHEAN GREENSTONE BELT MAGMATISM AND THE CONTINENTAL GROWTH-MANTLE EVOLUTION CONNECTION: CONSTRAINTS FROM TH-U-NB-LREE SYSTEMATICS OF THE 2.7 GA WAWA SUBPROVINCE, SUPERIOR PROVINCE, CANADA",WA96-1,BASALT,47.95,-84.92,2500.0,ARCHEAN,3850.0,2650.0,2700.0,2750.0,0.011500287,"ARCHEAN GREENSTONE BELT MAGMATISM AND THE CONTINENTAL GROWTH-MANTLE EVOLUTION CONNECTION: CONSTRAINTS FROM TH-U-NB-LREE SYSTEMATICS OF THE 2.7 GA WAWA SUBPROVINCE, SUPERIOR PROVINCE, CANADA",ARCHEAN CRATON (INCLUDING GREENSTONE BELTS),Superior Province,,47.95,47.95,-84.92,-84.92,,,,WA96-1,BASALT,2500000000.0,3850000000.0,PALEO,,,,,BASALT,,,,,WR,52.1,0.93,,14.1,,,,13.23,8.5,6.5,0.21,,0.1,2.8,0.06,,,,,,,,,,,,,,,,,,,,,,,,,,,,,,,,,,,,,,,,,,,,51.0,,352.0,26.0,,,65.0,42.0,,,,,,,,0.84,172.0,22.0,63.0,2.51,,,,,,,,,,,,0.06,15.0,2.7,7.7,1.19,6.0,2.04,0.76,2.84,0.53,3.76,0.82,2.45,,2.42,0.34,1.8,0.144,,,,,,,,,,,0.39,0.082,,,,,,,,,,,,,,,,,,,,,,,,,,
Superior Province,"ARCHEAN GREENSTONE BELT MAGMATISM AND THE CONTINENTAL GROWTH-MANTLE EVOLUTION CONNECTION: CONSTRAINTS FROM TH-U-NB-LREE SYSTEMATICS OF THE 2.7 GA WAWA SUBPROVINCE, SUPERIOR PROVINCE, CANADA",HE95-13,BASALT,48.6,-87.85,2500.0,ARCHEAN,3850.0,2650.0,2700.0,2750.0,0.000194731,"ARCHEAN GREENSTONE BELT MAGMATISM AND THE CONTINENTAL GROWTH-MANTLE EVOLUTION CONNECTION: CONSTRAINTS FROM TH-U-NB-LREE SYSTEMATICS OF THE 2.7 GA WAWA SUBPROVINCE, SUPERIOR PROVINCE, CANADA",ARCHEAN CRATON (INCLUDING GREENSTONE BELTS),Superior Province,,48.6,48.6,-87.85,-87.85,,,,HE95-13,BASALT,2500000000.0,3850000000.0,PALEO,,,,,BASALT,,,,,WR,48.2,2.06,,14.4,,,,16.11,7.6,5.8,0.16,,0.2,3.4,0.2,,,,,,,,,,,,,,,,,,,,,,,,,,,,,,,,,,,,,,,,,,,,46.0,,440.0,138.0,,,72.0,66.0,,,,,,,,2.0,115.0,35.0,101.0,5.8,,,,,,,,,,,,0.1,36.0,7.0,19.0,2.76,13.9,4.38,1.55,5.45,0.92,6.0,1.33,3.75,,3.65,0.55,3.27,0.361,,,,,,,,,,,0.752,0.14,,,,,,,,,,,,,,,,,,,,,,,,,,
Superior Province,"ARCHEAN GREENSTONE BELT MAGMATISM AND THE CONTINENTAL GROWTH-MANTLE EVOLUTION CONNECTION: CONSTRAINTS FROM TH-U-NB-LREE SYSTEMATICS OF THE 2.7 GA WAWA SUBPROVINCE, SUPERIOR PROVINCE, CANADA",WA95-25,BASALT,47.95,-84.92,2500.0,ARCHEAN,3850.0,2650.0,2700.0,2750.0,0.331293195,"ARCHEAN GREENSTONE BELT MAGMATISM AND THE CONTINENTAL GROWTH-MANTLE EVOLUTION CONNECTION: CONSTRAINTS FROM TH-U-NB-LREE SYSTEMATICS OF THE 2.7 GA WAWA SUBPROVINCE, SUPERIOR PROVINCE, CANADA",ARCHEAN CRATON (INCLUDING GREENSTONE BELTS),Superior Province,,47.95,47.95,-84.92,-84.92,,,,WA95-25,BASALT,2500000000.0,3850000000.0,PALEO,,,,,BASALT,,,,,WR,51.1,1.15,,14.5,,,,13.95,7.4,7.2,0.2,,0.0,2.7,0.1,,,,,,,,,,,,,,,,,,,,,,,,,,,,,,,,,,,,,,,,,,,,44.0,,319.0,197.0,,,60.0,107.0,,,,,,,,0.0,51.0,26.0,71.0,3.6,,,,,,,,,,,,0.04,9.0,4.3,12.0,1.8,9.3,2.91,1.13,3.94,0.69,4.6,0.97,2.92,,2.67,0.37,2.21,0.196,,,,,,,,,,,0.512,0.109,,,,,,,,,,,,,,,,,,,,,,,,,,
Superior Province,"ARCHEAN GREENSTONE BELT MAGMATISM AND THE CONTINENTAL GROWTH-MANTLE EVOLUTION CONNECTION: CONSTRAINTS FROM TH-U-NB-LREE SYSTEMATICS OF THE 2.7 GA WAWA SUBPROVINCE, SUPERIOR PROVINCE, CANADA",SC95-3,BASALT,48.8,-87.27,2500.0,ARCHEAN,3850.0,2650.0,2700.0,2750.0,0.53008312,"ARCHEAN GREENSTONE BELT MAGMATISM AND THE CONTINENTAL GROWTH-MANTLE EVOLUTION CONNECTION: CONSTRAINTS FROM TH-U-NB-LREE SYSTEMATICS OF THE 2.7 GA WAWA SUBPROVINCE, SUPERIOR PROVINCE, CANADA",ARCHEAN CRATON (INCLUDING GREENSTONE BELTS),Superior Province,,48.8,48.8,-87.27,-87.27,,,,SC95-3,BASALT,2500000000.0,3850000000.0,PALEO,,,,,BASALT,,,,,WR,53.5,1.15,,15.2,,,,9.81,8.0,7.2,0.19,,0.1,3.6,0.13,,,,,,,,,,,,,,,,,,,,,,,,,,,,,,,,,,,,,,,,,,,,39.0,,271.0,211.0,,,36.0,57.0,,,,,,,,2.0,209.0,27.0,93.0,3.7,,,,,,,,,,,,0.1,52.0,5.3,13.9,2.15,10.2,3.17,0.98,4.24,0.77,5.13,1.07,3.29,,3.26,0.42,2.73,0.294,,,,,,,,,,,0.494,0.116,,,,,,,,,,,,,,,,,,,,,,,,,,
Superior Province,"ARCHEAN GREENSTONE BELT MAGMATISM AND THE CONTINENTAL GROWTH-MANTLE EVOLUTION CONNECTION: CONSTRAINTS FROM TH-U-NB-LREE SYSTEMATICS OF THE 2.7 GA WAWA SUBPROVINCE, SUPERIOR PROVINCE, CANADA",SC95-117,BASALT,48.8,-87.27,2500.0,ARCHEAN,3850.0,2650.0,2700.0,2750.0,0.013944042,"ARCHEAN GREENSTONE BELT MAGMATISM AND THE CONTINENTAL GROWTH-MANTLE EVOLUTION CONNECTION: CONSTRAINTS FROM TH-U-NB-LREE SYSTEMATICS OF THE 2.7 GA WAWA SUBPROVINCE, SUPERIOR PROVINCE, CANADA",ARCHEAN CRATON (INCLUDING GREENSTONE BELTS),Superior Province,,48.8,48.8,-87.27,-87.27,,,,SC95-117,BASALT,2500000000.0,3850000000.0,PALEO,,,,,BASALT,,,,,WR,50.3,0.95,,14.8,,,,11.52,9.8,8.6,0.13,,0.1,2.4,0.1,,,,,,,,,,,,,,,,,,,,,,,,,,,,,,,,,,,,,,,,,,,,38.0,,268.0,294.0,,,48.0,117.0,,,,,,,,3.7,136.0,23.0,71.0,3.81,,,,,,,,,,,,0.1,42.0,5.1,13.5,1.85,9.0,2.78,0.94,3.52,0.57,3.87,0.86,2.3,,2.29,0.33,1.94,0.246,,,,,,,,,,,0.491,0.133,,,,,,,,,,,,,,,,,,,,,,,,,,
Superior Province,"ARCHEAN GREENSTONE BELT MAGMATISM AND THE CONTINENTAL GROWTH-MANTLE EVOLUTION CONNECTION: CONSTRAINTS FROM TH-U-NB-LREE SYSTEMATICS OF THE 2.7 GA WAWA SUBPROVINCE, SUPERIOR PROVINCE, CANADA",SC95-127,BASALT,48.8,-87.27,2500.0,ARCHEAN,3850.0,2650.0,2700.0,2750.0,0.003135478,"ARCHEAN GREENSTONE BELT MAGMATISM AND THE CONTINENTAL GROWTH-MANTLE EVOLUTION CONNECTION: CONSTRAINTS FROM TH-U-NB-LREE SYSTEMATICS OF THE 2.7 GA WAWA SUBPROVINCE, SUPERIOR PROVINCE, CANADA",ARCHEAN CRATON (INCLUDING GREENSTONE BELTS),Superior Province,,48.8,48.8,-87.27,-87.27,,,,SC95-127,BASALT,2500000000.0,3850000000.0,PALEO,,,,,BASALT,,,,,WR,49.4,1.63,,14.2,,,,13.32,8.5,7.0,0.25,,0.3,3.7,0.17,,,,,,,,,,,,,,,,,,,,,,,,,,,,,,,,,,,,,,,,,,,,41.0,,282.0,183.0,,,57.0,96.0,,,,,,,,11.0,225.0,41.0,119.0,7.85,,,,,,,,,,,,0.8,101.0,9.3,23.8,3.68,18.1,5.52,1.9,6.7,1.17,7.55,1.64,4.77,,4.76,0.7,3.41,0.493,,,,,,,,,,,0.537,0.226,,,,,,,,,,,,,,,,,,,,,,,,,,
Superior Province,"ARCHEAN GREENSTONE BELT MAGMATISM AND THE CONTINENTAL GROWTH-MANTLE EVOLUTION CONNECTION: CONSTRAINTS FROM TH-U-NB-LREE SYSTEMATICS OF THE 2.7 GA WAWA SUBPROVINCE, SUPERIOR PROVINCE, CANADA",WA95-11,BASALT,47.95,-84.92,2500.0,ARCHEAN,3850.0,2650.0,2700.0,2750.0,0.855557323,"ARCHEAN GREENSTONE BELT MAGMATISM AND THE CONTINENTAL GROWTH-MANTLE EVOLUTION CONNECTION: CONSTRAINTS FROM TH-U-NB-LREE SYSTEMATICS OF THE 2.7 GA WAWA SUBPROVINCE, SUPERIOR PROVINCE, CANADA",ARCHEAN CRATON (INCLUDING GREENSTONE BELTS),Superior Province,,47.95,47.95,-84.92,-84.92,,,,WA95-11,BASALT,2500000000.0,3850000000.0,PALEO,,,,,BASALT,,,,,WR,51.0,1.19,,17.3,,,,12.78,8.0,4.1,0.34,,0.7,3.1,0.1,,,,,,,,,,,,,,,,,,,,,,,,,,,,,,,,,,,,,,,,,,,,45.0,,308.0,291.0,,,81.0,145.0,,,,,,,,18.0,392.0,28.0,87.0,4.12,,,,,,,,,,,,2.69,71.0,5.1,13.8,2.01,10.0,3.19,1.2,4.36,0.76,4.91,1.07,3.03,,2.88,0.46,2.62,0.262,,,,,,,,,,,0.665,0.151,,,,,,,,,,,,,,,,,,,,,,,,,,
Superior Province,"ARCHEAN GREENSTONE BELT MAGMATISM AND THE CONTINENTAL GROWTH-MANTLE EVOLUTION CONNECTION: CONSTRAINTS FROM TH-U-NB-LREE SYSTEMATICS OF THE 2.7 GA WAWA SUBPROVINCE, SUPERIOR PROVINCE, CANADA",WA95-26,BASALT,47.95,-84.92,2500.0,ARCHEAN,3850.0,2650.0,2700.0,2750.0,0.00266358,"ARCHEAN GREENSTONE BELT MAGMATISM AND THE CONTINENTAL GROWTH-MANTLE EVOLUTION CONNECTION: CONSTRAINTS FROM TH-U-NB-LREE SYSTEMATICS OF THE 2.7 GA WAWA SUBPROVINCE, SUPERIOR PROVINCE, CANADA",ARCHEAN CRATON (INCLUDING GREENSTONE BELTS),Superior Province,,47.95,47.95,-84.92,-84.92,,,,WA95-26,BASALT,2500000000.0,3850000000.0,PALEO,,,,,BASALT,,,,,WR,50.3,0.76,,14.7,,,,11.07,11.5,8.0,0.21,,0.1,2.1,0.06,,,,,,,,,,,,,,,,,,,,,,,,,,,,,,,,,,,,,,,,,,,,44.0,,272.0,680.0,,,64.0,172.0,,,,,,,,3.0,94.0,21.0,56.0,2.96,,,,,,,,,,,,0.18,30.0,3.2,9.2,1.35,7.1,2.27,0.81,3.24,0.57,3.82,0.83,2.52,,2.27,0.32,1.45,0.154,,,,,,,,,,,0.359,0.072,,,,,,,,,,,,,,,,,,,,,,,,,,
Superior Province,"ARCHEAN GREENSTONE BELT MAGMATISM AND THE CONTINENTAL GROWTH-MANTLE EVOLUTION CONNECTION: CONSTRAINTS FROM TH-U-NB-LREE SYSTEMATICS OF THE 2.7 GA WAWA SUBPROVINCE, SUPERIOR PROVINCE, CANADA",MW95-9,BASALT,49.0,-85.5,2500.0,ARCHEAN,3850.0,2650.0,2700.0,2750.0,0.001023739,"ARCHEAN GREENSTONE BELT MAGMATISM AND THE CONTINENTAL GROWTH-MANTLE EVOLUTION CONNECTION: CONSTRAINTS FROM TH-U-NB-LREE SYSTEMATICS OF THE 2.7 GA WAWA SUBPROVINCE, SUPERIOR PROVINCE, CANADA",ARCHEAN CRATON (INCLUDING GREENSTONE BELTS),Superior Province,,49.0,49.0,-85.5,-85.5,,,,MW95-9,BASALT,2500000000.0,3850000000.0,PALEO,,,,,BASALT,,,,,WR,50.8,0.81,,14.3,,,,11.97,11.0,7.4,0.16,,0.3,2.0,0.1,,,,,,,,,,,,,,,,,,,,,,,,,,,,,,,,,,,,,,,,,,,,48.0,,280.0,158.0,,,61.0,87.0,,,,,,,,5.0,96.0,19.0,46.0,2.37,,,,,,,,,,,,0.4,28.0,2.4,7.2,1.08,5.7,1.93,0.77,2.54,0.42,3.11,0.65,1.95,,1.8,0.29,1.55,0.151,,,,,,,,,,,0.212,0.07,,,,,,,,,,,,,,,,,,,,,,,,,,
Superior Province,"ARCHEAN GREENSTONE BELT MAGMATISM AND THE CONTINENTAL GROWTH-MANTLE EVOLUTION CONNECTION: CONSTRAINTS FROM TH-U-NB-LREE SYSTEMATICS OF THE 2.7 GA WAWA SUBPROVINCE, SUPERIOR PROVINCE, CANADA",HB95-31,BASALT,48.65,-86.28,2700.0,ARCHEAN,2700.0,2650.0,2700.0,2750.0,0.090028748,"ARCHEAN GREENSTONE BELT MAGMATISM AND THE CONTINENTAL GROWTH-MANTLE EVOLUTION CONNECTION: CONSTRAINTS FROM TH-U-NB-LREE SYSTEMATICS OF THE 2.7 GA WAWA SUBPROVINCE, SUPERIOR PROVINCE, CANADA",ARCHEAN CRATON (INCLUDING GREENSTONE BELTS),Superior Province,,48.65,48.65,-86.28,-86.28,,,,HB95-31,BASALT,2700000000.0,2700000000.0,PALEO,,,,,BASALT,,,,,WR,46.4,1.07,,16.6,,,,14.76,11.2,5.5,0.22,,0.5,2.1,0.1,,,,,,,,,,,,,,,,,,,,,,,,,,,,,,,,,,,,,,,,,,,,50.0,,344.0,362.0,,,52.0,37.0,,,,,,,,12.0,279.0,21.0,69.0,3.16,,,,,,,,,,,,0.4,207.0,7.2,18.3,2.46,11.1,3.06,1.061,3.46,0.548,3.51,0.78,2.12,,2.16,0.348,2.13,0.18,,,,,,,,,,,0.813,0.144,,,,,,,,,,,,,,,,,,,,,,,,,,
Superior Province,"ARCHEAN GREENSTONE BELT MAGMATISM AND THE CONTINENTAL GROWTH-MANTLE EVOLUTION CONNECTION: CONSTRAINTS FROM TH-U-NB-LREE SYSTEMATICS OF THE 2.7 GA WAWA SUBPROVINCE, SUPERIOR PROVINCE, CANADA",BD-34-1,BASALT,48.8,-87.0,2500.0,ARCHEAN,3850.0,2650.0,2700.0,2750.0,0.00066735,"ARCHEAN GREENSTONE BELT MAGMATISM AND THE CONTINENTAL GROWTH-MANTLE EVOLUTION CONNECTION: CONSTRAINTS FROM TH-U-NB-LREE SYSTEMATICS OF THE 2.7 GA WAWA SUBPROVINCE, SUPERIOR PROVINCE, CANADA",ARCHEAN CRATON (INCLUDING GREENSTONE BELTS),Superior Province,,48.8,48.8,-87.0,-87.0,,,,BD-34-1,BASALT,2500000000.0,3850000000.0,PALEO,,,,,BASALT,,,,,WR,52.8,1.18,,13.4,,,,13.41,8.3,6.0,0.24,,0.2,2.9,0.14,,,,,,,,,,,,,,,,,,,,,,,,,,,,,,,,,,,,,,,,,,,,49.0,,352.0,19.0,,,58.0,46.0,,,,,,,,2.9,145.0,39.0,128.0,6.64,,,,,,,,,,,,0.3,12.0,7.5,20.1,2.97,14.9,4.67,1.33,5.89,1.0,6.9,1.51,4.3,,4.29,0.65,3.61,0.364,,,,,,,,,,,0.687,0.172,,,,,,,,,,,,,,,,,,,,,,,,,,
Superior Province,"ARCHEAN GREENSTONE BELT MAGMATISM AND THE CONTINENTAL GROWTH-MANTLE EVOLUTION CONNECTION: CONSTRAINTS FROM TH-U-NB-LREE SYSTEMATICS OF THE 2.7 GA WAWA SUBPROVINCE, SUPERIOR PROVINCE, CANADA",WA95-12,BASALT,47.95,-84.92,2500.0,ARCHEAN,3850.0,2650.0,2700.0,2750.0,0.000440386,"ARCHEAN GREENSTONE BELT MAGMATISM AND THE CONTINENTAL GROWTH-MANTLE EVOLUTION CONNECTION: CONSTRAINTS FROM TH-U-NB-LREE SYSTEMATICS OF THE 2.7 GA WAWA SUBPROVINCE, SUPERIOR PROVINCE, CANADA",ARCHEAN CRATON (INCLUDING GREENSTONE BELTS),Superior Province,,47.95,47.95,-84.92,-84.92,,,,WA95-12,BASALT,2500000000.0,3850000000.0,PALEO,,,,,BASALT,,,,,WR,51.6,1.36,,15.2,,,,12.78,8.7,5.1,0.27,,0.3,3.2,0.12,,,,,,,,,,,,,,,,,,,,,,,,,,,,,,,,,,,,,,,,,,,,48.0,,354.0,198.0,,,57.0,87.0,,,,,,,,7.0,120.0,31.0,76.0,3.82,,,,,,,,,,,,0.22,78.0,5.2,14.3,2.13,10.5,3.2,1.09,4.54,0.78,5.24,1.16,3.62,,3.39,0.54,2.34,0.252,,,,,,,,,,,0.525,0.105,,,,,,,,,,,,,,,,,,,,,,,,,,
Superior Province,"ARCHEAN GREENSTONE BELT MAGMATISM AND THE CONTINENTAL GROWTH-MANTLE EVOLUTION CONNECTION: CONSTRAINTS FROM TH-U-NB-LREE SYSTEMATICS OF THE 2.7 GA WAWA SUBPROVINCE, SUPERIOR PROVINCE, CANADA",SC95-34,BASALT,48.8,-87.27,2500.0,ARCHEAN,3850.0,2650.0,2700.0,2750.0,0.037617154,"ARCHEAN GREENSTONE BELT MAGMATISM AND THE CONTINENTAL GROWTH-MANTLE EVOLUTION CONNECTION: CONSTRAINTS FROM TH-U-NB-LREE SYSTEMATICS OF THE 2.7 GA WAWA SUBPROVINCE, SUPERIOR PROVINCE, CANADA",ARCHEAN CRATON (INCLUDING GREENSTONE BELTS),Superior Province,,48.8,48.8,-87.27,-87.27,,,,SC95-34,BASALT,2500000000.0,3850000000.0,PALEO,,,,,BASALT,,,,,WR,52.9,1.58,,12.5,,,,15.3,6.3,4.6,0.2,,1.5,3.3,0.19,,,,,,,,,,,,,,,,,,,,,,,,,,,,,,,,,,,,,,,,,,,,42.0,,348.0,7.0,,,54.0,26.0,,,,,,,,34.0,135.0,53.0,165.0,9.12,,,,,,,,,,,,2.3,307.0,10.8,29.7,4.22,20.1,6.24,1.8,7.68,1.37,9.08,1.96,5.59,,5.28,0.82,4.45,0.506,,,,,,,,,,,1.063,0.253,,,,,,,,,,,,,,,,,,,,,,,,,,
Superior Province,"ARCHEAN GREENSTONE BELT MAGMATISM AND THE CONTINENTAL GROWTH-MANTLE EVOLUTION CONNECTION: CONSTRAINTS FROM TH-U-NB-LREE SYSTEMATICS OF THE 2.7 GA WAWA SUBPROVINCE, SUPERIOR PROVINCE, CANADA",SC95-79,BASALT,48.8,-87.27,2500.0,ARCHEAN,3850.0,2650.0,2700.0,2750.0,0.054306176,"ARCHEAN GREENSTONE BELT MAGMATISM AND THE CONTINENTAL GROWTH-MANTLE EVOLUTION CONNECTION: CONSTRAINTS FROM TH-U-NB-LREE SYSTEMATICS OF THE 2.7 GA WAWA SUBPROVINCE, SUPERIOR PROVINCE, CANADA",ARCHEAN CRATON (INCLUDING GREENSTONE BELTS),Superior Province,,48.8,48.8,-87.27,-87.27,,,,SC95-79,BASALT,2500000000.0,3850000000.0,PALEO,,,,,BASALT,,,,,WR,49.6,0.89,,15.4,,,,11.79,11.1,7.2,0.26,,0.5,1.8,0.07,,,,,,,,,,,,,,,,,,,,,,,,,,,,,,,,,,,,,,,,,,,,40.0,,274.0,317.0,,,54.0,122.0,,,,,,,,17.0,300.0,20.0,53.0,2.78,,,,,,,,,,,,4.6,80.0,3.3,8.9,1.28,6.5,2.09,0.79,2.76,0.48,3.22,0.72,2.1,,2.04,0.32,1.35,0.172,,,,,,,,,,,0.245,0.091,,,,,,,,,,,,,,,,,,,,,,,,,,
Superior Province,"ARCHEAN GREENSTONE BELT MAGMATISM AND THE CONTINENTAL GROWTH-MANTLE EVOLUTION CONNECTION: CONSTRAINTS FROM TH-U-NB-LREE SYSTEMATICS OF THE 2.7 GA WAWA SUBPROVINCE, SUPERIOR PROVINCE, CANADA",SC95-28,BASALT,48.8,-87.27,2500.0,ARCHEAN,3850.0,2650.0,2700.0,2750.0,0.001154384,"ARCHEAN GREENSTONE BELT MAGMATISM AND THE CONTINENTAL GROWTH-MANTLE EVOLUTION CONNECTION: CONSTRAINTS FROM TH-U-NB-LREE SYSTEMATICS OF THE 2.7 GA WAWA SUBPROVINCE, SUPERIOR PROVINCE, CANADA",ARCHEAN CRATON (INCLUDING GREENSTONE BELTS),Superior Province,,48.8,48.8,-87.27,-87.27,,,,SC95-28,BASALT,2500000000.0,3850000000.0,PALEO,,,,,BASALT,,,,,WR,47.9,1.32,,15.0,,,,14.22,11.9,3.9,0.34,,0.2,3.5,0.14,,,,,,,,,,,,,,,,,,,,,,,,,,,,,,,,,,,,,,,,,,,,48.0,,354.0,199.0,,,63.0,123.0,,,,,,,,8.0,115.0,29.0,80.0,4.2,,,,,,,,,,,,0.8,83.0,5.0,13.4,1.99,10.0,3.12,1.08,4.35,0.72,4.94,1.06,3.2,,3.13,0.46,2.24,0.231,,,,,,,,,,,0.507,0.11,,,,,,,,,,,,,,,,,,,,,,,,,,
Superior Province,"ARCHEAN GREENSTONE BELT MAGMATISM AND THE CONTINENTAL GROWTH-MANTLE EVOLUTION CONNECTION: CONSTRAINTS FROM TH-U-NB-LREE SYSTEMATICS OF THE 2.7 GA WAWA SUBPROVINCE, SUPERIOR PROVINCE, CANADA",BD-34-2,BASALT,48.8,-87.0,2500.0,ARCHEAN,3850.0,2650.0,2700.0,2750.0,0.0065374,"ARCHEAN GREENSTONE BELT MAGMATISM AND THE CONTINENTAL GROWTH-MANTLE EVOLUTION CONNECTION: CONSTRAINTS FROM TH-U-NB-LREE SYSTEMATICS OF THE 2.7 GA WAWA SUBPROVINCE, SUPERIOR PROVINCE, CANADA",ARCHEAN CRATON (INCLUDING GREENSTONE BELTS),Superior Province,,48.8,48.8,-87.0,-87.0,,,,BD-34-2,BASALT,2500000000.0,3850000000.0,PALEO,,,,,BASALT,,,,,WR,51.6,1.14,,14.2,,,,13.23,7.9,7.2,0.23,,0.1,2.7,0.1,,,,,,,,,,,,,,,,,,,,,,,,,,,,,,,,,,,,,,,,,,,,52.0,,352.0,61.0,,,64.0,48.0,,,,,,,,2.1,142.0,35.0,102.0,6.01,,,,,,,,,,,,0.3,11.0,6.3,17.3,2.62,13.4,4.03,1.21,5.29,0.91,6.25,1.34,3.89,,3.79,0.55,2.98,0.353,,,,,,,,,,,0.635,0.151,,,,,,,,,,,,,,,,,,,,,,,,,,
Superior Province,"ARCHEAN GREENSTONE BELT MAGMATISM AND THE CONTINENTAL GROWTH-MANTLE EVOLUTION CONNECTION: CONSTRAINTS FROM TH-U-NB-LREE SYSTEMATICS OF THE 2.7 GA WAWA SUBPROVINCE, SUPERIOR PROVINCE, CANADA",MW95-14,BASALT,49.0,-85.5,2500.0,ARCHEAN,3850.0,2650.0,2700.0,2750.0,0.289008647,"ARCHEAN GREENSTONE BELT MAGMATISM AND THE CONTINENTAL GROWTH-MANTLE EVOLUTION CONNECTION: CONSTRAINTS FROM TH-U-NB-LREE SYSTEMATICS OF THE 2.7 GA WAWA SUBPROVINCE, SUPERIOR PROVINCE, CANADA",ARCHEAN CRATON (INCLUDING GREENSTONE BELTS),Superior Province,,49.0,49.0,-85.5,-85.5,,,,MW95-14,BASALT,2500000000.0,3850000000.0,PALEO,,,,,BASALT,,,,,WR,52.7,2.21,,12.7,,,,13.5,11.4,3.8,0.17,,0.9,0.9,0.3,,,,,,,,,,,,,,,,,,,,,,,,,,,,,,,,,,,,,,,,,,,,41.0,,294.0,48.0,,,46.0,32.0,,,,,,,,13.0,187.0,63.0,232.0,11.01,,,,,,,,,,,,2.3,189.0,13.7,37.1,5.44,26.0,8.19,2.3,10.01,1.69,11.26,2.4,7.01,,6.89,1.06,6.35,0.684,,,,,,,,,,,1.225,0.362,,,,,,,,,,,,,,,,,,,,,,,,,,
Superior Province,"ARCHEAN GREENSTONE BELT MAGMATISM AND THE CONTINENTAL GROWTH-MANTLE EVOLUTION CONNECTION: CONSTRAINTS FROM TH-U-NB-LREE SYSTEMATICS OF THE 2.7 GA WAWA SUBPROVINCE, SUPERIOR PROVINCE, CANADA",HB96-6,BASALT,48.65,-86.28,2500.0,ARCHEAN,3850.0,2650.0,2700.0,2750.0,0.001899376,"ARCHEAN GREENSTONE BELT MAGMATISM AND THE CONTINENTAL GROWTH-MANTLE EVOLUTION CONNECTION: CONSTRAINTS FROM TH-U-NB-LREE SYSTEMATICS OF THE 2.7 GA WAWA SUBPROVINCE, SUPERIOR PROVINCE, CANADA",ARCHEAN CRATON (INCLUDING GREENSTONE BELTS),Superior Province,,48.65,48.65,-86.28,-86.28,,,,HB96-6,BASALT,2500000000.0,3850000000.0,PALEO,,,,,BASALT,,,,,WR,50.2,0.89,,14.4,,,,11.52,11.6,7.8,0.2,,0.1,1.9,0.07,,,,,,,,,,,,,,,,,,,,,,,,,,,,,,,,,,,,,,,,,,,,32.0,,216.0,228.0,,,49.0,86.0,,,,,,,,1.0,90.0,18.0,54.0,2.7,,,,,,,,,,,,0.04,25.0,2.9,8.0,1.22,6.0,1.99,0.73,2.81,0.46,3.24,0.72,2.1,,1.88,0.28,1.52,0.174,,,,,,,,,,,0.347,0.061,,,,,,,,,,,,,,,,,,,,,,,,,,
Superior Province,"ARCHEAN GREENSTONE BELT MAGMATISM AND THE CONTINENTAL GROWTH-MANTLE EVOLUTION CONNECTION: CONSTRAINTS FROM TH-U-NB-LREE SYSTEMATICS OF THE 2.7 GA WAWA SUBPROVINCE, SUPERIOR PROVINCE, CANADA",DH95-1,BASALT,48.8,-85.0,2500.0,ARCHEAN,3850.0,2650.0,2700.0,2750.0,0.022757813,"ARCHEAN GREENSTONE BELT MAGMATISM AND THE CONTINENTAL GROWTH-MANTLE EVOLUTION CONNECTION: CONSTRAINTS FROM TH-U-NB-LREE SYSTEMATICS OF THE 2.7 GA WAWA SUBPROVINCE, SUPERIOR PROVINCE, CANADA",ARCHEAN CRATON (INCLUDING GREENSTONE BELTS),Superior Province,,48.8,48.8,-85.0,-85.0,,,,DH95-1,BASALT,2500000000.0,3850000000.0,PALEO,,,,,BASALT,,,,,WR,52.1,1.11,,13.8,,,,12.15,11.5,5.9,0.2,,0.2,1.6,0.1,,,,,,,,,,,,,,,,,,,,,,,,,,,,,,,,,,,,,,,,,,,,39.0,,282.0,158.0,,,68.0,70.0,,,,,,,,5.0,84.0,30.0,94.0,4.85,,,,,,,,,,,,2.0,74.0,5.2,13.6,2.17,11.1,3.47,1.05,4.69,0.78,5.35,1.21,3.41,,3.24,0.51,2.83,0.311,,,,,,,,,,,0.481,0.12,,,,,,,,,,,,,,,,,,,,,,,,,,
Superior Province,"ARCHEAN GREENSTONE BELT MAGMATISM AND THE CONTINENTAL GROWTH-MANTLE EVOLUTION CONNECTION: CONSTRAINTS FROM TH-U-NB-LREE SYSTEMATICS OF THE 2.7 GA WAWA SUBPROVINCE, SUPERIOR PROVINCE, CANADA",HB96-9,BASALT,48.65,-86.28,2500.0,ARCHEAN,3850.0,2650.0,2700.0,2750.0,0.049206596,"ARCHEAN GREENSTONE BELT MAGMATISM AND THE CONTINENTAL GROWTH-MANTLE EVOLUTION CONNECTION: CONSTRAINTS FROM TH-U-NB-LREE SYSTEMATICS OF THE 2.7 GA WAWA SUBPROVINCE, SUPERIOR PROVINCE, CANADA",ARCHEAN CRATON (INCLUDING GREENSTONE BELTS),Superior Province,,48.65,48.65,-86.28,-86.28,,,,HB96-9,BASALT,2500000000.0,3850000000.0,PALEO,,,,,BASALT,,,,,WR,49.6,0.8,,15.2,,,,11.07,12.6,7.0,0.18,,0.2,2.2,0.07,,,,,,,,,,,,,,,,,,,,,,,,,,,,,,,,,,,,,,,,,,,,32.0,,199.0,277.0,,,52.0,121.0,,,,,,,,1.0,133.0,18.0,51.0,2.51,,,,,,,,,,,,0.02,29.0,2.9,7.8,1.19,6.2,1.94,0.82,2.75,0.45,3.25,0.68,1.96,,1.82,0.27,1.46,0.152,,,,,,,,,,,0.325,0.051,,,,,,,,,,,,,,,,,,,,,,,,,,
Superior Province,"ARCHEAN GREENSTONE BELT MAGMATISM AND THE CONTINENTAL GROWTH-MANTLE EVOLUTION CONNECTION: CONSTRAINTS FROM TH-U-NB-LREE SYSTEMATICS OF THE 2.7 GA WAWA SUBPROVINCE, SUPERIOR PROVINCE, CANADA",SC95-40,BASALT,48.8,-87.27,2500.0,ARCHEAN,3850.0,2650.0,2700.0,2750.0,0.079105109,"ARCHEAN GREENSTONE BELT MAGMATISM AND THE CONTINENTAL GROWTH-MANTLE EVOLUTION CONNECTION: CONSTRAINTS FROM TH-U-NB-LREE SYSTEMATICS OF THE 2.7 GA WAWA SUBPROVINCE, SUPERIOR PROVINCE, CANADA",ARCHEAN CRATON (INCLUDING GREENSTONE BELTS),Superior Province,,48.8,48.8,-87.27,-87.27,,,,SC95-40,BASALT,2500000000.0,3850000000.0,PALEO,,,,,BASALT,,,,,WR,52.6,1.47,,13.0,,,,15.03,8.1,4.8,0.22,,0.3,2.5,0.16,,,,,,,,,,,,,,,,,,,,,,,,,,,,,,,,,,,,,,,,,,,,44.0,,324.0,73.0,,,60.0,23.0,,,,,,,,4.0,155.0,51.0,137.0,8.98,,,,,,,,,,,,0.3,41.0,11.0,28.6,4.36,20.8,6.36,1.75,7.59,1.31,8.88,1.93,5.55,,5.62,0.85,3.33,0.583,,,,,,,,,,,0.878,0.271,,,,,,,,,,,,,,,,,,,,,,,,,,
Superior Province,"ARCHEAN GREENSTONE BELT MAGMATISM AND THE CONTINENTAL GROWTH-MANTLE EVOLUTION CONNECTION: CONSTRAINTS FROM TH-U-NB-LREE SYSTEMATICS OF THE 2.7 GA WAWA SUBPROVINCE, SUPERIOR PROVINCE, CANADA",WA95-1,BASALT,47.95,-84.92,2500.0,ARCHEAN,3850.0,2650.0,2700.0,2750.0,0.116675384,"ARCHEAN GREENSTONE BELT MAGMATISM AND THE CONTINENTAL GROWTH-MANTLE EVOLUTION CONNECTION: CONSTRAINTS FROM TH-U-NB-LREE SYSTEMATICS OF THE 2.7 GA WAWA SUBPROVINCE, SUPERIOR PROVINCE, CANADA",ARCHEAN CRATON (INCLUDING GREENSTONE BELTS),Superior Province,,47.95,47.95,-84.92,-84.92,,,,WA95-1,BASALT,2500000000.0,3850000000.0,PALEO,,,,,BASALT,,,,,WR,49.2,0.96,,15.8,,,,12.24,12.4,6.2,0.23,,0.1,1.4,0.07,,,,,,,,,,,,,,,,,,,,,,,,,,,,,,,,,,,,,,,,,,,,42.0,,292.0,303.0,,,58.0,147.0,,,,,,,,1.0,221.0,22.0,60.0,3.01,,,,,,,,,,,,0.02,7.0,3.8,10.1,1.44,7.4,2.31,0.83,3.28,0.54,3.68,0.79,2.42,,2.27,0.34,1.7,0.185,,,,,,,,,,,0.412,0.103,,,,,,,,,,,,,,,,,,,,,,,,,,
Superior Province,"ARCHEAN GREENSTONE BELT MAGMATISM AND THE CONTINENTAL GROWTH-MANTLE EVOLUTION CONNECTION: CONSTRAINTS FROM TH-U-NB-LREE SYSTEMATICS OF THE 2.7 GA WAWA SUBPROVINCE, SUPERIOR PROVINCE, CANADA",DH96-2,BASALT,48.8,-85.0,2500.0,ARCHEAN,3850.0,2650.0,2700.0,2750.0,0.009815206,"ARCHEAN GREENSTONE BELT MAGMATISM AND THE CONTINENTAL GROWTH-MANTLE EVOLUTION CONNECTION: CONSTRAINTS FROM TH-U-NB-LREE SYSTEMATICS OF THE 2.7 GA WAWA SUBPROVINCE, SUPERIOR PROVINCE, CANADA",ARCHEAN CRATON (INCLUDING GREENSTONE BELTS),Superior Province,,48.8,48.8,-85.0,-85.0,,,,DH96-2,BASALT,2500000000.0,3850000000.0,PALEO,,,,,BASALT,,,,,WR,51.3,1.13,,13.8,,,,13.32,10.8,5.8,0.2,,0.1,2.0,0.1,,,,,,,,,,,,,,,,,,,,,,,,,,,,,,,,,,,,,,,,,,,,53.0,,360.0,155.0,,,74.0,65.0,,,,,,,,7.0,136.0,25.0,70.0,3.29,,,,,,,,,,,,1.1,31.0,3.8,10.3,1.58,8.0,2.63,0.95,3.63,0.65,4.42,0.94,2.7,,2.65,0.41,2.14,0.181,,,,,,,,,,,0.352,0.09,,,,,,,,,,,,,,,,,,,,,,,,,,
Superior Province,"ARCHEAN GREENSTONE BELT MAGMATISM AND THE CONTINENTAL GROWTH-MANTLE EVOLUTION CONNECTION: CONSTRAINTS FROM TH-U-NB-LREE SYSTEMATICS OF THE 2.7 GA WAWA SUBPROVINCE, SUPERIOR PROVINCE, CANADA",HE95-27,BASALT,48.6,-87.85,2500.0,ARCHEAN,3850.0,2650.0,2700.0,2750.0,0.019890077,"ARCHEAN GREENSTONE BELT MAGMATISM AND THE CONTINENTAL GROWTH-MANTLE EVOLUTION CONNECTION: CONSTRAINTS FROM TH-U-NB-LREE SYSTEMATICS OF THE 2.7 GA WAWA SUBPROVINCE, SUPERIOR PROVINCE, CANADA",ARCHEAN CRATON (INCLUDING GREENSTONE BELTS),Superior Province,,48.6,48.6,-87.85,-87.85,,,,HE95-27,BASALT,2500000000.0,3850000000.0,PALEO,,,,,BASALT,,,,,WR,50.1,1.69,,13.6,,,,13.41,11.7,4.5,0.23,,0.7,2.3,0.2,,,,,,,,,,,,,,,,,,,,,,,,,,,,,,,,,,,,,,,,,,,,43.0,,303.0,168.0,,,45.0,72.0,,,,,,,,16.0,198.0,35.0,118.0,6.44,,,,,,,,,,,,1.0,193.0,7.4,20.1,3.05,14.1,4.35,1.45,5.38,0.92,5.9,1.28,3.57,,3.66,0.58,3.67,0.414,,,,,,,,,,,0.694,0.182,,,,,,,,,,,,,,,,,,,,,,,,,,
Superior Province,"ARCHEAN GREENSTONE BELT MAGMATISM AND THE CONTINENTAL GROWTH-MANTLE EVOLUTION CONNECTION: CONSTRAINTS FROM TH-U-NB-LREE SYSTEMATICS OF THE 2.7 GA WAWA SUBPROVINCE, SUPERIOR PROVINCE, CANADA",SC95-102,BASALT,48.8,-87.27,2500.0,ARCHEAN,3850.0,2650.0,2700.0,2750.0,0.053714704,"ARCHEAN GREENSTONE BELT MAGMATISM AND THE CONTINENTAL GROWTH-MANTLE EVOLUTION CONNECTION: CONSTRAINTS FROM TH-U-NB-LREE SYSTEMATICS OF THE 2.7 GA WAWA SUBPROVINCE, SUPERIOR PROVINCE, CANADA",ARCHEAN CRATON (INCLUDING GREENSTONE BELTS),Superior Province,,48.8,48.8,-87.27,-87.27,,,,SC95-102,BASALT,2500000000.0,3850000000.0,PALEO,,,,,BASALT,,,,,WR,45.9,0.99,,16.5,,,,18.9,6.8,4.0,0.59,,0.5,3.3,0.4,,,,,,,,,,,,,,,,,,,,,,,,,,,,,,,,,,,,,,,,,,,,23.0,,178.0,26.0,,,66.0,92.0,,,,,,,,9.0,286.0,18.0,151.0,8.43,,,,,,,,,,,,1.0,152.0,35.7,81.3,10.28,40.4,6.94,1.845,5.0,0.592,3.35,0.68,1.82,,1.71,0.268,3.81,0.43,,,,,,,,,,,2.179,0.526,,,,,,,,,,,,,,,,,,,,,,,,,,
Superior Province,"ARCHEAN GREENSTONE BELT MAGMATISM AND THE CONTINENTAL GROWTH-MANTLE EVOLUTION CONNECTION: CONSTRAINTS FROM TH-U-NB-LREE SYSTEMATICS OF THE 2.7 GA WAWA SUBPROVINCE, SUPERIOR PROVINCE, CANADA",SC96-2,BASALT,48.8,-87.27,2500.0,ARCHEAN,3850.0,2650.0,2700.0,2750.0,0.543846011,"ARCHEAN GREENSTONE BELT MAGMATISM AND THE CONTINENTAL GROWTH-MANTLE EVOLUTION CONNECTION: CONSTRAINTS FROM TH-U-NB-LREE SYSTEMATICS OF THE 2.7 GA WAWA SUBPROVINCE, SUPERIOR PROVINCE, CANADA",ARCHEAN CRATON (INCLUDING GREENSTONE BELTS),Superior Province,,48.8,48.8,-87.27,-87.27,,,,SC96-2,BASALT,2500000000.0,3850000000.0,PALEO,,,,,BASALT,,,,,WR,52.5,0.75,,14.8,,,,10.17,10.4,7.8,0.17,,0.3,1.9,0.06,,,,,,,,,,,,,,,,,,,,,,,,,,,,,,,,,,,,,,,,,,,,31.0,,186.0,313.0,,,46.0,70.0,,,,,,,,8.0,148.0,15.0,43.0,2.19,,,,,,,,,,,,0.9,61.0,2.5,6.9,1.01,5.3,1.66,0.64,2.34,0.39,2.6,0.6,1.71,,1.61,0.26,1.1,0.141,,,,,,,,,,,0.313,0.071,,,,,,,,,,,,,,,,,,,,,,,,,,
Superior Province,"ARCHEAN GREENSTONE BELT MAGMATISM AND THE CONTINENTAL GROWTH-MANTLE EVOLUTION CONNECTION: CONSTRAINTS FROM TH-U-NB-LREE SYSTEMATICS OF THE 2.7 GA WAWA SUBPROVINCE, SUPERIOR PROVINCE, CANADA",HEG-18,BASALT,48.6,-87.85,2500.0,ARCHEAN,3850.0,2650.0,2700.0,2750.0,0.661653817,"ARCHEAN GREENSTONE BELT MAGMATISM AND THE CONTINENTAL GROWTH-MANTLE EVOLUTION CONNECTION: CONSTRAINTS FROM TH-U-NB-LREE SYSTEMATICS OF THE 2.7 GA WAWA SUBPROVINCE, SUPERIOR PROVINCE, CANADA",ARCHEAN CRATON (INCLUDING GREENSTONE BELTS),Superior Province,,48.6,48.6,-87.85,-87.85,,,,HEG-18,BASALT,2500000000.0,3850000000.0,PALEO,,,,,BASALT,,,,,WR,50.6,0.73,,12.9,,,,11.7,10.5,9.6,0.21,,0.3,2.2,0.1,,,,,,,,,,,,,,,,,,,,,,,,,,,,,,,,,,,,,,,,,,,,44.0,,279.0,605.0,,,66.0,119.0,,,,,,,,10.0,162.0,18.0,48.0,1.99,,,,,,,,,,,,0.6,52.0,2.9,8.0,1.19,5.9,1.93,0.63,2.7,0.45,3.08,0.68,2.0,,1.88,0.28,1.39,0.121,,,,,,,,,,,0.342,0.07,,,,,,,,,,,,,,,,,,,,,,,,,,
Superior Province,"ARCHEAN GREENSTONE BELT MAGMATISM AND THE CONTINENTAL GROWTH-MANTLE EVOLUTION CONNECTION: CONSTRAINTS FROM TH-U-NB-LREE SYSTEMATICS OF THE 2.7 GA WAWA SUBPROVINCE, SUPERIOR PROVINCE, CANADA",WA96-8,BASALT,47.95,-84.92,2500.0,ARCHEAN,3850.0,2650.0,2700.0,2750.0,0.017693873,"ARCHEAN GREENSTONE BELT MAGMATISM AND THE CONTINENTAL GROWTH-MANTLE EVOLUTION CONNECTION: CONSTRAINTS FROM TH-U-NB-LREE SYSTEMATICS OF THE 2.7 GA WAWA SUBPROVINCE, SUPERIOR PROVINCE, CANADA",ARCHEAN CRATON (INCLUDING GREENSTONE BELTS),Superior Province,,47.95,47.95,-84.92,-84.92,,,,WA96-8,BASALT,2500000000.0,3850000000.0,PALEO,,,,,BASALT,,,,,WR,49.2,0.99,,15.9,,,,12.06,9.6,8.1,0.2,,0.2,2.4,0.07,,,,,,,,,,,,,,,,,,,,,,,,,,,,,,,,,,,,,,,,,,,,34.0,,273.0,204.0,,,62.0,145.0,,,,,,,,5.0,248.0,21.0,57.0,3.13,,,,,,,,,,,,0.21,61.0,3.5,9.6,1.45,7.4,2.44,0.89,3.16,0.56,3.79,0.79,2.3,,2.2,0.34,1.69,0.196,,,,,,,,,,,0.391,0.062,,,,,,,,,,,,,,,,,,,,,,,,,,
Superior Province,"ARCHEAN GREENSTONE BELT MAGMATISM AND THE CONTINENTAL GROWTH-MANTLE EVOLUTION CONNECTION: CONSTRAINTS FROM TH-U-NB-LREE SYSTEMATICS OF THE 2.7 GA WAWA SUBPROVINCE, SUPERIOR PROVINCE, CANADA",MW95-17,BASALT,49.0,-85.5,2500.0,ARCHEAN,3850.0,2650.0,2700.0,2750.0,0.017299382,"ARCHEAN GREENSTONE BELT MAGMATISM AND THE CONTINENTAL GROWTH-MANTLE EVOLUTION CONNECTION: CONSTRAINTS FROM TH-U-NB-LREE SYSTEMATICS OF THE 2.7 GA WAWA SUBPROVINCE, SUPERIOR PROVINCE, CANADA",ARCHEAN CRATON (INCLUDING GREENSTONE BELTS),Superior Province,,49.0,49.0,-85.5,-85.5,,,,MW95-17,BASALT,2500000000.0,3850000000.0,PALEO,,,,,BASALT,,,,,WR,50.7,1.18,,14.7,,,,12.06,11.2,5.9,0.28,,0.3,2.2,0.1,,,,,,,,,,,,,,,,,,,,,,,,,,,,,,,,,,,,,,,,,,,,44.0,,312.0,216.0,,,51.0,64.0,,,,,,,,3.0,127.0,37.0,109.0,5.44,,,,,,,,,,,,0.8,77.0,7.6,19.9,2.84,14.1,4.4,1.32,5.97,0.95,6.24,1.39,4.01,,4.01,0.57,3.41,0.342,,,,,,,,,,,0.643,0.171,,,,,,,,,,,,,,,,,,,,,,,,,,
Superior Province,"ARCHEAN GREENSTONE BELT MAGMATISM AND THE CONTINENTAL GROWTH-MANTLE EVOLUTION CONNECTION: CONSTRAINTS FROM TH-U-NB-LREE SYSTEMATICS OF THE 2.7 GA WAWA SUBPROVINCE, SUPERIOR PROVINCE, CANADA",WL-42-1,BASALT,48.8,-87.0,2500.0,ARCHEAN,3850.0,2650.0,2700.0,2750.0,0.001787916,"ARCHEAN GREENSTONE BELT MAGMATISM AND THE CONTINENTAL GROWTH-MANTLE EVOLUTION CONNECTION: CONSTRAINTS FROM TH-U-NB-LREE SYSTEMATICS OF THE 2.7 GA WAWA SUBPROVINCE, SUPERIOR PROVINCE, CANADA",ARCHEAN CRATON (INCLUDING GREENSTONE BELTS),Superior Province,,48.8,48.8,-87.0,-87.0,,,,WL-42-1,BASALT,2500000000.0,3850000000.0,PALEO,,,,,BASALT,,,,,WR,50.6,1.95,,12.5,,,,17.19,7.8,4.3,0.26,,0.4,2.9,0.2,,,,,,,,,,,,,,,,,,,,,,,,,,,,,,,,,,,,,,,,,,,,44.0,,435.0,15.0,,,60.0,28.0,,,,,,,,8.9,95.0,36.0,123.0,6.5,,,,,,,,,,,,0.3,57.0,8.4,21.9,3.27,16.1,4.61,1.49,5.93,1.01,6.6,1.43,4.2,,3.98,0.6,3.39,0.382,,,,,,,,,,,0.734,0.181,,,,,,,,,,,,,,,,,,,,,,,,,,
Superior Province,"ARCHEAN GREENSTONE BELT MAGMATISM AND THE CONTINENTAL GROWTH-MANTLE EVOLUTION CONNECTION: CONSTRAINTS FROM TH-U-NB-LREE SYSTEMATICS OF THE 2.7 GA WAWA SUBPROVINCE, SUPERIOR PROVINCE, CANADA",SC20,BASALT,48.8,-87.27,2500.0,ARCHEAN,3850.0,2650.0,2700.0,2750.0,0.235390887,"ARCHEAN GREENSTONE BELT MAGMATISM AND THE CONTINENTAL GROWTH-MANTLE EVOLUTION CONNECTION: CONSTRAINTS FROM TH-U-NB-LREE SYSTEMATICS OF THE 2.7 GA WAWA SUBPROVINCE, SUPERIOR PROVINCE, CANADA",ARCHEAN CRATON (INCLUDING GREENSTONE BELTS),Superior Province,,48.8,48.8,-87.27,-87.27,,,,SC20,BASALT,2500000000.0,3850000000.0,PALEO,,,,,BASALT,,,,,WR,49.4,0.93,,13.4,,,,10.17,10.7,6.6,0.23,,0.2,1.4,0.1,,,,,,,,,,,,,,,,,,,,,,,,,,,,,,,,,,,,,,,,,,,,41.0,,248.0,307.0,,,,63.0,,,,,,,,5.0,171.0,26.0,79.0,4.16,,,,,,,,,,,,0.4,53.0,4.8,12.9,1.79,9.5,3.05,1.07,3.87,0.6,4.57,0.91,2.8,,2.69,0.4,2.0,0.24,,,,,,,,,,,0.48,0.14,,,,,,,,,,,,,,,,,,,,,,,,,,
Superior Province,"ARCHEAN GREENSTONE BELT MAGMATISM AND THE CONTINENTAL GROWTH-MANTLE EVOLUTION CONNECTION: CONSTRAINTS FROM TH-U-NB-LREE SYSTEMATICS OF THE 2.7 GA WAWA SUBPROVINCE, SUPERIOR PROVINCE, CANADA",MN1,BASALT,49.0,-85.5,2500.0,ARCHEAN,3850.0,2650.0,2700.0,2750.0,0.001701267,"ARCHEAN GREENSTONE BELT MAGMATISM AND THE CONTINENTAL GROWTH-MANTLE EVOLUTION CONNECTION: CONSTRAINTS FROM TH-U-NB-LREE SYSTEMATICS OF THE 2.7 GA WAWA SUBPROVINCE, SUPERIOR PROVINCE, CANADA",ARCHEAN CRATON (INCLUDING GREENSTONE BELTS),Superior Province,,49.0,49.0,-85.5,-85.5,,,,MN1,BASALT,2500000000.0,3850000000.0,PALEO,,,,,BASALT,,,,,WR,50.5,1.41,,14.1,,,,13.68,10.4,5.8,0.23,,0.2,1.9,0.2,,,,,,,,,,,,,,,,,,,,,,,,,,,,,,,,,,,,,,,,,,,,42.0,,258.0,286.0,,,,67.0,,,,,,,,7.0,176.0,36.0,108.0,6.6,,,,,,,,,,,,1.4,20.0,7.4,19.9,2.79,13.8,4.23,1.33,5.32,0.83,5.99,1.19,3.73,,3.64,0.56,2.85,0.38,,,,,,,,,,,0.74,0.13,,,,,,,,,,,,,,,,,,,,,,,,,,
Superior Province,"ARCHEAN GREENSTONE BELT MAGMATISM AND THE CONTINENTAL GROWTH-MANTLE EVOLUTION CONNECTION: CONSTRAINTS FROM TH-U-NB-LREE SYSTEMATICS OF THE 2.7 GA WAWA SUBPROVINCE, SUPERIOR PROVINCE, CANADA",WR95-13,BASALT,48.5,-85.5,2500.0,ARCHEAN,3850.0,2650.0,2700.0,2750.0,0.021919254,"ARCHEAN GREENSTONE BELT MAGMATISM AND THE CONTINENTAL GROWTH-MANTLE EVOLUTION CONNECTION: CONSTRAINTS FROM TH-U-NB-LREE SYSTEMATICS OF THE 2.7 GA WAWA SUBPROVINCE, SUPERIOR PROVINCE, CANADA",ARCHEAN CRATON (INCLUDING GREENSTONE BELTS),Superior Province,,48.5,48.5,-85.5,-85.5,,,,WR95-13,BASALT,2500000000.0,3850000000.0,PALEO,,,,,BASALT,,,,,WR,50.7,1.48,,13.1,,,,15.03,10.3,5.0,0.15,,0.7,1.8,0.1,,,,,,,,,,,,,,,,,,,,,,,,,,,,,,,,,,,,,,,,,,,,52.0,,411.0,261.0,,,55.0,52.0,,,,,,,,16.0,74.0,31.0,79.0,3.46,,,,,,,,,,,,1.9,56.0,4.2,12.3,1.91,9.6,3.12,1.25,4.67,0.82,5.29,1.19,3.55,,3.49,0.54,2.55,0.197,,,,,,,,,,,0.526,0.086,,,,,,,,,,,,,,,,,,,,,,,,,,
Superior Province,"ARCHEAN GREENSTONE BELT MAGMATISM AND THE CONTINENTAL GROWTH-MANTLE EVOLUTION CONNECTION: CONSTRAINTS FROM TH-U-NB-LREE SYSTEMATICS OF THE 2.7 GA WAWA SUBPROVINCE, SUPERIOR PROVINCE, CANADA",WL-46-1,BASALT,48.8,-87.0,2500.0,ARCHEAN,3850.0,2650.0,2700.0,2750.0,0.579960227,"ARCHEAN GREENSTONE BELT MAGMATISM AND THE CONTINENTAL GROWTH-MANTLE EVOLUTION CONNECTION: CONSTRAINTS FROM TH-U-NB-LREE SYSTEMATICS OF THE 2.7 GA WAWA SUBPROVINCE, SUPERIOR PROVINCE, CANADA",ARCHEAN CRATON (INCLUDING GREENSTONE BELTS),Superior Province,,48.8,48.8,-87.0,-87.0,,,,WL-46-1,BASALT,2500000000.0,3850000000.0,PALEO,,,,,BASALT,,,,,WR,52.3,1.42,,12.6,,,,14.13,7.2,6.0,0.34,,0.1,4.3,0.13,,,,,,,,,,,,,,,,,,,,,,,,,,,,,,,,,,,,,,,,,,,,40.0,,362.0,7.0,,,55.0,30.0,,,,,,,,0.9,29.0,41.0,147.0,7.48,,,,,,,,,,,,0.1,5.0,8.1,21.8,3.25,16.1,4.9,1.38,5.89,1.05,7.12,1.6,4.65,,4.49,0.67,4.04,0.434,,,,,,,,,,,0.919,0.232,,,,,,,,,,,,,,,,,,,,,,,,,,
Superior Province,"ARCHEAN GREENSTONE BELT MAGMATISM AND THE CONTINENTAL GROWTH-MANTLE EVOLUTION CONNECTION: CONSTRAINTS FROM TH-U-NB-LREE SYSTEMATICS OF THE 2.7 GA WAWA SUBPROVINCE, SUPERIOR PROVINCE, CANADA",WL-46-2,BASALT,48.8,-87.0,2500.0,ARCHEAN,3850.0,2650.0,2700.0,2750.0,0.021169767,"ARCHEAN GREENSTONE BELT MAGMATISM AND THE CONTINENTAL GROWTH-MANTLE EVOLUTION CONNECTION: CONSTRAINTS FROM TH-U-NB-LREE SYSTEMATICS OF THE 2.7 GA WAWA SUBPROVINCE, SUPERIOR PROVINCE, CANADA",ARCHEAN CRATON (INCLUDING GREENSTONE BELTS),Superior Province,,48.8,48.8,-87.0,-87.0,,,,WL-46-2,BASALT,2500000000.0,3850000000.0,PALEO,,,,,BASALT,,,,,WR,51.9,1.17,,13.2,,,,13.23,7.9,6.8,0.23,,1.0,3.0,0.11,,,,,,,,,,,,,,,,,,,,,,,,,,,,,,,,,,,,,,,,,,,,41.0,,341.0,18.0,,,55.0,44.0,,,,,,,,34.0,221.0,36.0,116.0,5.7,,,,,,,,,,,,0.7,169.0,6.8,18.4,2.79,13.8,4.35,1.25,5.42,0.93,6.44,1.38,4.08,,3.82,0.58,3.27,0.343,,,,,,,,,,,0.635,0.131,,,,,,,,,,,,,,,,,,,,,,,,,,
Superior Province,"ARCHEAN GREENSTONE BELT MAGMATISM AND THE CONTINENTAL GROWTH-MANTLE EVOLUTION CONNECTION: CONSTRAINTS FROM TH-U-NB-LREE SYSTEMATICS OF THE 2.7 GA WAWA SUBPROVINCE, SUPERIOR PROVINCE, CANADA",WL-6-2,BASALT,48.8,-87.0,2700.0,ARCHEAN,2700.0,2650.0,2700.0,2750.0,0.09589085,"ARCHEAN GREENSTONE BELT MAGMATISM AND THE CONTINENTAL GROWTH-MANTLE EVOLUTION CONNECTION: CONSTRAINTS FROM TH-U-NB-LREE SYSTEMATICS OF THE 2.7 GA WAWA SUBPROVINCE, SUPERIOR PROVINCE, CANADA",ARCHEAN CRATON (INCLUDING GREENSTONE BELTS),Superior Province,,48.8,48.8,-87.0,-87.0,,,,WL-6-2,BASALT,2700000000.0,2700000000.0,PALEO,,,,,BASALT,,,,,WR,53.6,1.38,,15.0,,,,10.53,8.8,5.3,0.16,,0.5,3.3,0.3,,,,,,,,,,,,,,,,,,,,,,,,,,,,,,,,,,,,,,,,,,,,30.0,,323.0,102.0,,,36.0,49.0,,,,,,,,10.0,326.0,18.0,110.0,7.82,,,,,,,,,,,,0.3,64.0,16.4,41.5,5.55,24.1,4.75,1.488,4.18,0.543,3.34,0.65,1.84,,1.71,0.261,2.77,0.4,,,,,,,,,,,1.668,0.472,,,,,,,,,,,,,,,,,,,,,,,,,,
Superior Province,"ARCHEAN GREENSTONE BELT MAGMATISM AND THE CONTINENTAL GROWTH-MANTLE EVOLUTION CONNECTION: CONSTRAINTS FROM TH-U-NB-LREE SYSTEMATICS OF THE 2.7 GA WAWA SUBPROVINCE, SUPERIOR PROVINCE, CANADA",WA95-5,BASALT,47.95,-84.92,2500.0,ARCHEAN,3850.0,2650.0,2700.0,2750.0,0.006675954,"ARCHEAN GREENSTONE BELT MAGMATISM AND THE CONTINENTAL GROWTH-MANTLE EVOLUTION CONNECTION: CONSTRAINTS FROM TH-U-NB-LREE SYSTEMATICS OF THE 2.7 GA WAWA SUBPROVINCE, SUPERIOR PROVINCE, CANADA",ARCHEAN CRATON (INCLUDING GREENSTONE BELTS),Superior Province,,47.95,47.95,-84.92,-84.92,,,,WA95-5,BASALT,2500000000.0,3850000000.0,PALEO,,,,,BASALT,,,,,WR,49.3,1.25,,15.5,,,,12.96,9.3,7.9,0.14,,0.3,1.8,0.09,,,,,,,,,,,,,,,,,,,,,,,,,,,,,,,,,,,,,,,,,,,,43.0,,337.0,236.0,,,53.0,126.0,,,,,,,,5.0,260.0,27.0,76.0,3.79,,,,,,,,,,,,0.32,38.0,4.1,11.5,1.74,8.9,2.69,1.04,3.94,0.7,4.71,1.01,3.08,,2.89,0.42,2.3,0.227,,,,,,,,,,,0.371,0.093,,,,,,,,,,,,,,,,,,,,,,,,,,
Superior Province,"ARCHEAN GREENSTONE BELT MAGMATISM AND THE CONTINENTAL GROWTH-MANTLE EVOLUTION CONNECTION: CONSTRAINTS FROM TH-U-NB-LREE SYSTEMATICS OF THE 2.7 GA WAWA SUBPROVINCE, SUPERIOR PROVINCE, CANADA",HB95-17,BASALT,48.65,-86.28,2500.0,ARCHEAN,3850.0,2650.0,2700.0,2750.0,0.276221722,"ARCHEAN GREENSTONE BELT MAGMATISM AND THE CONTINENTAL GROWTH-MANTLE EVOLUTION CONNECTION: CONSTRAINTS FROM TH-U-NB-LREE SYSTEMATICS OF THE 2.7 GA WAWA SUBPROVINCE, SUPERIOR PROVINCE, CANADA",ARCHEAN CRATON (INCLUDING GREENSTONE BELTS),Superior Province,,48.65,48.65,-86.28,-86.28,,,,HB95-17,BASALT,2500000000.0,3850000000.0,PALEO,,,,,BASALT,,,,,WR,49.5,0.8,,17.5,,,,10.44,9.8,7.0,0.2,,0.7,2.7,0.06,,,,,,,,,,,,,,,,,,,,,,,,,,,,,,,,,,,,,,,,,,,,39.0,,275.0,412.0,,,51.0,215.0,,,,,,,,27.0,172.0,18.0,46.0,2.61,,,,,,,,,,,,2.54,359.0,3.2,8.6,1.3,6.4,2.04,0.83,2.77,0.47,3.15,0.74,2.02,,1.95,0.29,1.53,0.172,,,,,,,,,,,0.445,0.081,,,,,,,,,,,,,,,,,,,,,,,,,,
Superior Province,"ARCHEAN GREENSTONE BELT MAGMATISM AND THE CONTINENTAL GROWTH-MANTLE EVOLUTION CONNECTION: CONSTRAINTS FROM TH-U-NB-LREE SYSTEMATICS OF THE 2.7 GA WAWA SUBPROVINCE, SUPERIOR PROVINCE, CANADA",HE95-6,BASALT,48.6,-87.85,2500.0,ARCHEAN,3850.0,2650.0,2700.0,2750.0,0.046859309,"ARCHEAN GREENSTONE BELT MAGMATISM AND THE CONTINENTAL GROWTH-MANTLE EVOLUTION CONNECTION: CONSTRAINTS FROM TH-U-NB-LREE SYSTEMATICS OF THE 2.7 GA WAWA SUBPROVINCE, SUPERIOR PROVINCE, CANADA",ARCHEAN CRATON (INCLUDING GREENSTONE BELTS),Superior Province,,48.6,48.6,-87.85,-87.85,,,,HE95-6,BASALT,2500000000.0,3850000000.0,PALEO,,,,,BASALT,,,,,WR,49.5,1.35,,14.7,,,,13.86,9.0,5.6,0.19,,0.6,3.5,0.1,,,,,,,,,,,,,,,,,,,,,,,,,,,,,,,,,,,,,,,,,,,,47.0,,347.0,199.0,,,60.0,91.0,,,,,,,,12.0,250.0,27.0,69.0,3.56,,,,,,,,,,,,0.4,137.0,4.3,12.1,1.85,9.0,3.11,1.14,3.79,0.69,4.55,0.98,2.91,,2.89,0.41,2.29,0.191,,,,,,,,,,,0.544,0.091,,,,,,,,,,,,,,,,,,,,,,,,,,
Superior Province,"ARCHEAN GREENSTONE BELT MAGMATISM AND THE CONTINENTAL GROWTH-MANTLE EVOLUTION CONNECTION: CONSTRAINTS FROM TH-U-NB-LREE SYSTEMATICS OF THE 2.7 GA WAWA SUBPROVINCE, SUPERIOR PROVINCE, CANADA",HE7,BASALT,48.6,-87.85,2700.0,ARCHEAN,2700.0,2650.0,2700.0,2750.0,0.184600905,"ARCHEAN GREENSTONE BELT MAGMATISM AND THE CONTINENTAL GROWTH-MANTLE EVOLUTION CONNECTION: CONSTRAINTS FROM TH-U-NB-LREE SYSTEMATICS OF THE 2.7 GA WAWA SUBPROVINCE, SUPERIOR PROVINCE, CANADA",ARCHEAN CRATON (INCLUDING GREENSTONE BELTS),Superior Province,,48.6,48.6,-87.85,-87.85,,,,HE7,BASALT,2700000000.0,2700000000.0,PALEO,,,,,BASALT,,,,,WR,52.5,0.67,,17.0,,,,8.82,10.9,5.2,0.25,,0.6,3.1,0.1,,,,,,,,,,,,,,,,,,,,,,,,,,,,,,,,,,,,,,,,,,,,40.0,,237.0,237.0,,,,44.0,,,,,,,,21.0,300.0,22.0,71.0,3.94,,,,,,,,,,,,0.7,250.0,10.2,24.5,3.08,13.2,3.2,1.02,3.5,0.52,3.55,0.73,2.24,,1.92,0.3,2.06,0.19,,,,,,,,,,,0.92,0.17,,,,,,,,,,,,,,,,,,,,,,,,,,
Superior Province,"ARCHEAN GREENSTONE BELT MAGMATISM AND THE CONTINENTAL GROWTH-MANTLE EVOLUTION CONNECTION: CONSTRAINTS FROM TH-U-NB-LREE SYSTEMATICS OF THE 2.7 GA WAWA SUBPROVINCE, SUPERIOR PROVINCE, CANADA",WA95-10,BASALT,47.95,-84.92,2500.0,ARCHEAN,3850.0,2650.0,2700.0,2750.0,0.010545906,"ARCHEAN GREENSTONE BELT MAGMATISM AND THE CONTINENTAL GROWTH-MANTLE EVOLUTION CONNECTION: CONSTRAINTS FROM TH-U-NB-LREE SYSTEMATICS OF THE 2.7 GA WAWA SUBPROVINCE, SUPERIOR PROVINCE, CANADA",ARCHEAN CRATON (INCLUDING GREENSTONE BELTS),Superior Province,,47.95,47.95,-84.92,-84.92,,,,WA95-10,BASALT,2500000000.0,3850000000.0,PALEO,,,,,BASALT,,,,,WR,53.4,0.97,,16.9,,,,9.72,12.5,3.3,0.21,,0.2,1.6,0.07,,,,,,,,,,,,,,,,,,,,,,,,,,,,,,,,,,,,,,,,,,,,46.0,,306.0,333.0,,,61.0,171.0,,,,,,,,2.0,156.0,23.0,56.0,2.71,,,,,,,,,,,,0.06,39.0,2.8,8.1,1.22,6.4,2.12,0.85,3.08,0.54,3.64,0.8,2.42,,2.34,0.35,1.75,0.157,,,,,,,,,,,0.282,0.063,,,,,,,,,,,,,,,,,,,,,,,,,,
Superior Province,"ARCHEAN GREENSTONE BELT MAGMATISM AND THE CONTINENTAL GROWTH-MANTLE EVOLUTION CONNECTION: CONSTRAINTS FROM TH-U-NB-LREE SYSTEMATICS OF THE 2.7 GA WAWA SUBPROVINCE, SUPERIOR PROVINCE, CANADA",HE95-28,BASALT,48.6,-87.85,2500.0,ARCHEAN,3850.0,2650.0,2700.0,2750.0,0.007799193,"ARCHEAN GREENSTONE BELT MAGMATISM AND THE CONTINENTAL GROWTH-MANTLE EVOLUTION CONNECTION: CONSTRAINTS FROM TH-U-NB-LREE SYSTEMATICS OF THE 2.7 GA WAWA SUBPROVINCE, SUPERIOR PROVINCE, CANADA",ARCHEAN CRATON (INCLUDING GREENSTONE BELTS),Superior Province,,48.6,48.6,-87.85,-87.85,,,,HE95-28,BASALT,2500000000.0,3850000000.0,PALEO,,,,,BASALT,,,,,WR,50.6,1.88,,14.4,,,,13.5,8.6,5.9,0.17,,0.6,2.7,0.2,,,,,,,,,,,,,,,,,,,,,,,,,,,,,,,,,,,,,,,,,,,,46.0,,331.0,156.0,,,44.0,52.0,,,,,,,,12.0,270.0,37.0,136.0,6.98,,,,,,,,,,,,5.7,130.0,8.7,24.0,3.39,16.6,4.97,1.61,6.45,1.06,6.77,1.44,4.09,,4.15,0.64,3.99,0.494,,,,,,,,,,,0.798,0.202,,,,,,,,,,,,,,,,,,,,,,,,,,
Superior Province,"ARCHEAN GREENSTONE BELT MAGMATISM AND THE CONTINENTAL GROWTH-MANTLE EVOLUTION CONNECTION: CONSTRAINTS FROM TH-U-NB-LREE SYSTEMATICS OF THE 2.7 GA WAWA SUBPROVINCE, SUPERIOR PROVINCE, CANADA",HE95-14,BASALT,48.6,-87.85,2500.0,ARCHEAN,3850.0,2650.0,2700.0,2750.0,0.045209449,"ARCHEAN GREENSTONE BELT MAGMATISM AND THE CONTINENTAL GROWTH-MANTLE EVOLUTION CONNECTION: CONSTRAINTS FROM TH-U-NB-LREE SYSTEMATICS OF THE 2.7 GA WAWA SUBPROVINCE, SUPERIOR PROVINCE, CANADA",ARCHEAN CRATON (INCLUDING GREENSTONE BELTS),Superior Province,,48.6,48.6,-87.85,-87.85,,,,HE95-14,BASALT,2500000000.0,3850000000.0,PALEO,,,,,BASALT,,,,,WR,51.4,1.0,,13.8,,,,10.53,10.3,7.6,0.22,,0.3,3.5,0.1,,,,,,,,,,,,,,,,,,,,,,,,,,,,,,,,,,,,,,,,,,,,49.0,,290.0,464.0,,,55.0,152.0,,,,,,,,9.0,231.0,27.0,79.0,3.98,,,,,,,,,,,,0.7,47.0,4.2,12.4,1.84,9.1,3.07,1.05,3.87,0.66,4.51,1.0,2.87,,2.76,0.42,2.41,0.273,,,,,,,,,,,0.575,0.111,,,,,,,,,,,,,,,,,,,,,,,,,,
Superior Province,"ARCHEAN GREENSTONE BELT MAGMATISM AND THE CONTINENTAL GROWTH-MANTLE EVOLUTION CONNECTION: CONSTRAINTS FROM TH-U-NB-LREE SYSTEMATICS OF THE 2.7 GA WAWA SUBPROVINCE, SUPERIOR PROVINCE, CANADA",HB96-1,BASALT,48.65,-86.28,2500.0,ARCHEAN,3850.0,2650.0,2700.0,2750.0,0.124139406,"ARCHEAN GREENSTONE BELT MAGMATISM AND THE CONTINENTAL GROWTH-MANTLE EVOLUTION CONNECTION: CONSTRAINTS FROM TH-U-NB-LREE SYSTEMATICS OF THE 2.7 GA WAWA SUBPROVINCE, SUPERIOR PROVINCE, CANADA",ARCHEAN CRATON (INCLUDING GREENSTONE BELTS),Superior Province,,48.65,48.65,-86.28,-86.28,,,,HB96-1,BASALT,2500000000.0,3850000000.0,PALEO,,,,,BASALT,,,,,WR,49.2,0.77,,16.2,,,,10.89,10.5,8.6,0.19,,0.2,2.2,0.06,,,,,,,,,,,,,,,,,,,,,,,,,,,,,,,,,,,,,,,,,,,,28.0,,186.0,315.0,,,52.0,144.0,,,,,,,,3.0,224.0,16.0,46.0,2.41,,,,,,,,,,,,0.1,41.0,2.7,7.2,1.09,5.6,1.82,0.68,2.51,0.43,2.92,0.67,1.8,,1.93,0.26,1.27,0.153,,,,,,,,,,,0.366,0.061,,,,,,,,,,,,,,,,,,,,,,,,,,
Superior Province,"ARCHEAN GREENSTONE BELT MAGMATISM AND THE CONTINENTAL GROWTH-MANTLE EVOLUTION CONNECTION: CONSTRAINTS FROM TH-U-NB-LREE SYSTEMATICS OF THE 2.7 GA WAWA SUBPROVINCE, SUPERIOR PROVINCE, CANADA",WA95-22,BASALT,47.95,-84.92,2500.0,ARCHEAN,3850.0,2650.0,2700.0,2750.0,0.004687594,"ARCHEAN GREENSTONE BELT MAGMATISM AND THE CONTINENTAL GROWTH-MANTLE EVOLUTION CONNECTION: CONSTRAINTS FROM TH-U-NB-LREE SYSTEMATICS OF THE 2.7 GA WAWA SUBPROVINCE, SUPERIOR PROVINCE, CANADA",ARCHEAN CRATON (INCLUDING GREENSTONE BELTS),Superior Province,,47.95,47.95,-84.92,-84.92,,,,WA95-22,BASALT,2500000000.0,3850000000.0,PALEO,,,,,BASALT,,,,,WR,50.8,0.83,,15.7,,,,11.79,12.0,4.6,0.29,,0.3,2.4,0.05,,,,,,,,,,,,,,,,,,,,,,,,,,,,,,,,,,,,,,,,,,,,40.0,,277.0,327.0,,,46.0,162.0,,,,,,,,8.0,150.0,18.0,44.0,2.3,,,,,,,,,,,,0.64,41.0,2.4,6.9,1.03,5.6,1.86,0.72,2.42,0.45,2.87,0.66,1.89,,1.86,0.27,1.26,0.132,,,,,,,,,,,0.213,0.061,,,,,,,,,,,,,,,,,,,,,,,,,,
Superior Province,"ARCHEAN GREENSTONE BELT MAGMATISM AND THE CONTINENTAL GROWTH-MANTLE EVOLUTION CONNECTION: CONSTRAINTS FROM TH-U-NB-LREE SYSTEMATICS OF THE 2.7 GA WAWA SUBPROVINCE, SUPERIOR PROVINCE, CANADA",SC22,BASALT,48.8,-87.27,2500.0,ARCHEAN,3850.0,2650.0,2700.0,2750.0,0.264891088,"ARCHEAN GREENSTONE BELT MAGMATISM AND THE CONTINENTAL GROWTH-MANTLE EVOLUTION CONNECTION: CONSTRAINTS FROM TH-U-NB-LREE SYSTEMATICS OF THE 2.7 GA WAWA SUBPROVINCE, SUPERIOR PROVINCE, CANADA",ARCHEAN CRATON (INCLUDING GREENSTONE BELTS),Superior Province,,48.8,48.8,-87.27,-87.27,,,,SC22,BASALT,2500000000.0,3850000000.0,PALEO,,,,,BASALT,,,,,WR,52.0,1.06,,14.4,,,,9.81,9.5,5.3,0.23,,0.7,2.5,0.11,,,,,,,,,,,,,,,,,,,,,,,,,,,,,,,,,,,,,,,,,,,,42.0,,256.0,433.0,,,,118.0,,,,,,,,26.0,98.0,30.0,92.0,4.77,,,,,,,,,,,,0.8,121.0,5.2,14.1,2.05,10.7,3.57,0.99,4.6,0.73,5.25,1.1,3.56,,3.42,0.52,2.46,0.28,,,,,,,,,,,0.56,0.19,,,,,,,,,,,,,,,,,,,,,,,,,,
Superior Province,"ARCHEAN GREENSTONE BELT MAGMATISM AND THE CONTINENTAL GROWTH-MANTLE EVOLUTION CONNECTION: CONSTRAINTS FROM TH-U-NB-LREE SYSTEMATICS OF THE 2.7 GA WAWA SUBPROVINCE, SUPERIOR PROVINCE, CANADA",SC95-13,BASALT,48.8,-87.27,2500.0,ARCHEAN,3850.0,2650.0,2700.0,2750.0,0.005026072,"ARCHEAN GREENSTONE BELT MAGMATISM AND THE CONTINENTAL GROWTH-MANTLE EVOLUTION CONNECTION: CONSTRAINTS FROM TH-U-NB-LREE SYSTEMATICS OF THE 2.7 GA WAWA SUBPROVINCE, SUPERIOR PROVINCE, CANADA",ARCHEAN CRATON (INCLUDING GREENSTONE BELTS),Superior Province,,48.8,48.8,-87.27,-87.27,,,,SC95-13,BASALT,2500000000.0,3850000000.0,PALEO,,,,,BASALT,,,,,WR,50.8,0.85,,13.1,,,,9.63,10.2,10.4,0.19,,0.6,2.7,0.44,,,,,,,,,,,,,,,,,,,,,,,,,,,,,,,,,,,,,,,,,,,,56.0,,311.0,123.0,,,51.0,66.0,,,,,,,,17.0,116.0,37.0,111.0,5.55,,,,,,,,,,,,3.9,112.0,7.0,18.5,2.52,13.7,4.37,1.3,5.53,0.96,6.38,1.41,4.06,,3.85,0.57,3.03,0.315,,,,,,,,,,,0.65,0.13,,,,,,,,,,,,,,,,,,,,,,,,,,
"Abitibi, CANADA","ARCHEAN SHOSHONITES FROM THE ABITIBI GREENSTONE BELT, CHIBOUGAMU /QUEBEC, CANADA): GEOCHEMISTRY AND TECTONIC SETTING",JW-22,BASALT,49.87,-74.35,2700.0,ARCHEAN,2700.0,2695.0,2697.5,2700.0,0.99976939,"ARCHEAN SHOSHONITES FROM THE ABITIBI GREENSTONE BELT, CHIBOUGAMU /QUEBEC, CANADA): GEOCHEMISTRY AND TECTONIC SETTING",ARCHEAN CRATON (INCLUDING GREENSTONE BELTS),"Abitibi, CANADA",,49.87,49.87,-74.35,-74.35,,,,JW-22,BASALT,2700000000.0,2700000000.0,PALEO,,,,,BASALT,,,,,WR,50.74,0.5,,19.51,,,,7.3,4.16,4.31,0.14,,1.68,5.03,0.24,,,,,,,,,,,,,,,,,,,,,,,,,,,,,,,,,,,,,,,,,,,,11.0,,79.0,21.0,,,,24.0,,,,,,,,44.0,522.0,7.0,76.0,0.3,,,,,,,,,,,,1.86,527.0,17.5,41.5,5.45,22.0,3.73,1.04,2.77,0.29,1.61,0.29,0.76,,0.77,0.1,2.05,0.02,,,,,,,,,7.0,,2.12,0.42,,,,,,,,,,,,,,,,,,,,,,,,,,
"Abitibi, CANADA","ARCHEAN SHOSHONITES FROM THE ABITIBI GREENSTONE BELT, CHIBOUGAMU /QUEBEC, CANADA): GEOCHEMISTRY AND TECTONIC SETTING",JW-14,ANDESITE,49.87,-74.35,2700.0,ARCHEAN,2700.0,2695.0,2697.5,2700.0,0.183344409,"ARCHEAN SHOSHONITES FROM THE ABITIBI GREENSTONE BELT, CHIBOUGAMU /QUEBEC, CANADA): GEOCHEMISTRY AND TECTONIC SETTING",ARCHEAN CRATON (INCLUDING GREENSTONE BELTS),"Abitibi, CANADA",,49.87,49.87,-74.35,-74.35,,,,JW-14,ANDESITE,2700000000.0,2700000000.0,PALEO,,,,,ANDESITE,,,,,WR,51.27,0.84,,13.25,,,,7.83,6.55,7.36,0.12,,0.67,3.97,0.25,,,,,,,,,,,,,,,,,,,,,,,,,,,,,,,,,,,,,,,,,,,,23.0,,154.0,821.0,,,,190.0,,,,,,,,35.0,666.0,14.0,147.0,10.3,,,,,,,,,,,,7.15,367.0,22.6,55.2,6.97,28.2,5.41,1.5,4.82,0.58,3.11,0.59,1.59,,1.32,0.19,3.62,0.49,,,,,,,,,5.0,,3.97,1.08,,,,,,,,,,,,,,,,,,,,,,,,,,
"Abitibi, CANADA","ARCHEAN SHOSHONITES FROM THE ABITIBI GREENSTONE BELT, CHIBOUGAMU /QUEBEC, CANADA): GEOCHEMISTRY AND TECTONIC SETTING",JW-19,BASALT,49.87,-74.35,2700.0,ARCHEAN,2700.0,2695.0,2697.5,2700.0,0.869094312,"ARCHEAN SHOSHONITES FROM THE ABITIBI GREENSTONE BELT, CHIBOUGAMU /QUEBEC, CANADA): GEOCHEMISTRY AND TECTONIC SETTING",ARCHEAN CRATON (INCLUDING GREENSTONE BELTS),"Abitibi, CANADA",,49.87,49.87,-74.35,-74.35,,,,JW-19,BASALT,2700000000.0,2700000000.0,PALEO,,,,,BASALT,,,,,WR,49.72,0.57,,11.82,,,,9.34,9.71,11.13,0.2,,1.23,2.18,0.24,,,,,,,,,,,,,,,,,,,,,,,,,,,,,,,,,,,,,,,,,,,,27.0,,185.0,1091.0,,,,257.0,,,,,,,,30.0,771.0,12.0,73.0,4.1,,,,,,,,,,,,1.11,522.0,20.0,44.0,5.44,21.9,4.27,1.15,3.85,0.43,2.42,0.46,1.33,,1.18,0.18,1.78,0.24,,,,,,,,,5.0,,2.46,0.71,,,,,,,,,,,,,,,,,,,,,,,,,,
"Abitibi, CANADA","ARCHEAN SHOSHONITES FROM THE ABITIBI GREENSTONE BELT, CHIBOUGAMU /QUEBEC, CANADA): GEOCHEMISTRY AND TECTONIC SETTING",JW-18,BASALT,49.87,-74.35,2700.0,ARCHEAN,2700.0,2695.0,2697.5,2700.0,0.948269367,"ARCHEAN SHOSHONITES FROM THE ABITIBI GREENSTONE BELT, CHIBOUGAMU /QUEBEC, CANADA): GEOCHEMISTRY AND TECTONIC SETTING",ARCHEAN CRATON (INCLUDING GREENSTONE BELTS),"Abitibi, CANADA",,49.87,49.87,-74.35,-74.35,,,,JW-18,BASALT,2700000000.0,2700000000.0,PALEO,,,,,BASALT,,,,,WR,53.86,0.5,,12.96,,,,5.52,7.19,6.42,0.13,,0.5,4.4,0.46,,,,,,,,,,,,,,,,,,,,,,,,,,,,,,,,,,,,,,,,,,,,17.0,,118.0,448.0,,,,64.0,,,,,,,,13.0,1112.0,15.0,164.0,5.0,,,,,,,,,,,,1.82,535.0,40.0,90.4,11.2,44.6,8.11,2.01,6.56,0.63,3.22,0.55,1.51,,1.35,0.18,4.08,0.29,,,,,,,,,218.0,,4.82,1.54,,,,,,,,,,,,,,,,,,,,,,,,,,
"Abitibi, CANADA","ARCHEAN SHOSHONITES FROM THE ABITIBI GREENSTONE BELT, CHIBOUGAMU /QUEBEC, CANADA): GEOCHEMISTRY AND TECTONIC SETTING",JW-15,ANDESITE,49.87,-74.35,2700.0,ARCHEAN,2700.0,2695.0,2697.5,2700.0,0.997485399,"ARCHEAN SHOSHONITES FROM THE ABITIBI GREENSTONE BELT, CHIBOUGAMU /QUEBEC, CANADA): GEOCHEMISTRY AND TECTONIC SETTING",ARCHEAN CRATON (INCLUDING GREENSTONE BELTS),"Abitibi, CANADA",,49.87,49.87,-74.35,-74.35,,,,JW-15,ANDESITE,2700000000.0,2700000000.0,PALEO,,,,,ANDESITE,,,,,WR,51.74,0.8,,12.91,,,,7.31,7.23,6.43,0.14,,0.8,3.08,0.26,,,,,,,,,,,,,,,,,,,,,,,,,,,,,,,,,,,,,,,,,,,,19.0,,127.0,931.0,,,,186.0,,,,,,,,27.0,411.0,10.0,148.0,1.1,,,,,,,,,,,,0.75,223.0,25.7,60.5,7.52,29.6,5.35,1.35,4.57,0.43,2.09,0.4,1.04,,1.12,0.15,3.45,0.04,,,,,,,,,5.0,,3.97,1.04,,,,,,,,,,,,,,,,,,,,,,,,,,
"Abitibi, CANADA","ARCHEAN SHOSHONITES FROM THE ABITIBI GREENSTONE BELT, CHIBOUGAMU /QUEBEC, CANADA): GEOCHEMISTRY AND TECTONIC SETTING",JW-21,BASALT,49.87,-74.35,2700.0,ARCHEAN,2700.0,2695.0,2697.5,2700.0,0.757698774,"ARCHEAN SHOSHONITES FROM THE ABITIBI GREENSTONE BELT, CHIBOUGAMU /QUEBEC, CANADA): GEOCHEMISTRY AND TECTONIC SETTING",ARCHEAN CRATON (INCLUDING GREENSTONE BELTS),"Abitibi, CANADA",,49.87,49.87,-74.35,-74.35,,,,JW-21,BASALT,2700000000.0,2700000000.0,PALEO,,,,,BASALT,,,,,WR,50.66,0.69,,12.94,,,,8.99,9.07,8.15,0.19,,1.52,3.32,0.24,,,,,,,,,,,,,,,,,,,,,,,,,,,,,,,,,,,,,,,,,,,,27.0,,213.0,476.0,,,,76.0,,,,,,,,34.0,594.0,14.0,64.0,4.1,,,,,,,,,,,,1.49,728.0,16.3,36.8,4.64,19.1,4.15,1.1,4.33,0.48,2.74,0.55,1.63,,1.52,0.22,1.74,0.24,,,,,,,,,5.0,,1.9,0.55,,,,,,,,,,,,,,,,,,,,,,,,,,
Superior,BASIC LAVAS OF THE ARCHEAN LA GRANDE GREENSTONE BELT: PRODUCTS OF POLYBARIC FRACTIONATION AND CRUSTAL CONTAMINATION,158,THOLEIITE,53.75,-75.5,2500.0,ARCHEAN,3850.0,2732.0,2741.5,2751.0,0.619498968,BASIC LAVAS OF THE ARCHEAN LA GRANDE GREENSTONE BELT: PRODUCTS OF POLYBARIC FRACTIONATION AND CRUSTAL CONTAMINATION,ARCHEAN CRATON (INCLUDING GREENSTONE BELTS),Superior,,53.75,53.75,-75.5,-75.5,,,,158,THOLEIITE,2500000000.0,3850000000.0,PALEO,,,,,THOLEIITE,,,,,WR,51.57,1.51,,13.35,,,,15.04,6.23,5.62,0.24,,0.1,3.99,0.09,,,,,,,,,,,,,,,,,,,,,,,,,,,,,,,,,,,,,,,,,,,,48.0,,482.0,90.0,,,,47.0,,,,,,,,,80.0,34.0,82.0,,,,,,,,,,,,,,88.0,4.22,11.85,,8.58,3.13,0.96,,0.97,,1.15,,,3.5,0.48,,,,,,,,,,,,,,,,,,,,,,,,,,,,,,,,,,,,,,,,
Superior,BASIC LAVAS OF THE ARCHEAN LA GRANDE GREENSTONE BELT: PRODUCTS OF POLYBARIC FRACTIONATION AND CRUSTAL CONTAMINATION,216,THOLEIITE,53.75,-75.5,2500.0,ARCHEAN,3850.0,2732.0,2741.5,2751.0,0.998144507,BASIC LAVAS OF THE ARCHEAN LA GRANDE GREENSTONE BELT: PRODUCTS OF POLYBARIC FRACTIONATION AND CRUSTAL CONTAMINATION,ARCHEAN CRATON (INCLUDING GREENSTONE BELTS),Superior,,53.75,53.75,-75.5,-75.5,,,,216,THOLEIITE,2500000000.0,3850000000.0,PALEO,,,,,THOLEIITE,,,,,WR,48.47,0.83,,16.51,,,,10.85,9.4,7.61,0.2,,0.02,2.23,0.06,,,,,,,,,,,,,,,,,,,,,,,,,,,,,,,,,,,,,,,,,,,,39.0,,195.0,272.0,,,,148.0,,,,,,,,,246.0,20.0,45.0,,,,,,,,,,,,,,41.0,2.6,6.41,,4.62,1.9,0.59,,0.25,,0.63,,,2.01,0.29,,,,,,,,,,,,,,,,,,,,,,,,,,,,,,,,,,,,,,,,
Superior,BASIC LAVAS OF THE ARCHEAN LA GRANDE GREENSTONE BELT: PRODUCTS OF POLYBARIC FRACTIONATION AND CRUSTAL CONTAMINATION,18A,THOLEIITE,53.75,-75.5,2500.0,ARCHEAN,3850.0,2732.0,2741.5,2751.0,0.98706007,BASIC LAVAS OF THE ARCHEAN LA GRANDE GREENSTONE BELT: PRODUCTS OF POLYBARIC FRACTIONATION AND CRUSTAL CONTAMINATION,ARCHEAN CRATON (INCLUDING GREENSTONE BELTS),Superior,,53.75,53.75,-75.5,-75.5,,,,18A,THOLEIITE,2500000000.0,3850000000.0,PALEO,,,,,THOLEIITE,,,,,WR,51.83,1.05,,15.02,,,,11.1,9.46,6.83,0.23,,0.16,1.81,0.06,,,,,,,,,,,,,,,,,,,,,,,,,,,,,,,,,,,,,,,,,,,,45.0,,279.0,233.0,,,,122.0,,,,,,,,,133.0,22.0,54.0,,,,,,,,,,,,,,86.0,2.75,6.28,,5.61,2.32,0.72,,0.5,,0.85,,,2.31,0.36,,,,,,,,,,,,,,,,,,,,,,,,,,,,,,,,,,,,,,,,
Superior,BASIC LAVAS OF THE ARCHEAN LA GRANDE GREENSTONE BELT: PRODUCTS OF POLYBARIC FRACTIONATION AND CRUSTAL CONTAMINATION,285C,ANDESITE,53.75,-75.5,2500.0,ARCHEAN,3850.0,2732.0,2741.5,2751.0,0.955420375,BASIC LAVAS OF THE ARCHEAN LA GRANDE GREENSTONE BELT: PRODUCTS OF POLYBARIC FRACTIONATION AND CRUSTAL CONTAMINATION,ARCHEAN CRATON (INCLUDING GREENSTONE BELTS),Superior,,53.75,53.75,-75.5,-75.5,,,,285C,ANDESITE,2500000000.0,3850000000.0,PALEO,,,,,ANDESITE,,,,,WR,49.79,0.4,,9.39,,,,8.81,10.34,15.43,0.18,,0.54,1.49,0.09,,,,,,,,,,,,,,,,,,,,,,,,,,,,,,,,,,,,,,,,,,,,40.0,,,1558.0,,,,430.0,,,,,,,,,155.0,9.0,42.0,,,,,,,,,,,,,,180.0,15.0,35.64,,17.52,3.41,0.76,,0.2,,0.2,,,0.79,0.07,,,,,,,,,,,,,,,,,,,,,,,,,,,,,,,,,,,,,,,,
Superior,"COMPOSITION-VOLUME CHANGES DURING HYDROTHERMAL ALTERATION OF ANDESITE AT BUTTERCUP HILL, NORANDA DISTRICT, QUEBEC",BH-8,ANDESITE,48.25,-79.02,2500.0,ARCHEAN,3850.0,2695.0,2699.5,2704.0,0.94922477,"COMPOSITION-VOLUME CHANGES DURING HYDROTHERMAL ALTERATION OF ANDESITE AT BUTTERCUP HILL, NORANDA DISTRICT, QUEBEC",ARCHEAN CRATON (INCLUDING GREENSTONE BELTS),Superior,,48.25,48.25,-79.02,-79.02,,,,BH-8,ANDESITE,2500000000.0,3850000000.0,PALEO,,,,,ANDESITE,,,,,WR,52.7,0.96,,15.1,,,,16.47,2.37,3.97,0.33,,0.19,1.87,0.23,,,,,,,,,,,,,,,,,,,,,,,,,,,,,,,,,,,,,,,,,,,,17.5,,,56.0,,,38.5,,,240.0,,,,,,2.0,79.0,41.2,201.0,,,,,,,,,,,,,0.125,80.0,17.2,43.0,,23.0,5.97,2.1,,1.02,,,,,4.58,0.74,4.4,0.63,,,,,,,,,,,2.21,0.68,,,,,,,,,,,,,,,,,,,,,,,,,,
Superior,"DECIPHERING AN ARCHEAN MANTLE PLUME: ABITIBI GREENSTONE BELT, CANADA",WP-7,BASALT,48.2,-80.0,2722.0,ARCHEAN,2724.0,2722.0,2723.0,2724.0,0.033738464,"DECIPHERING AN ARCHEAN MANTLE PLUME: ABITIBI GREENSTONE BELT, CANADA",ARCHEAN CRATON (INCLUDING GREENSTONE BELTS),Superior,,48.2,48.2,-80.0,-80.0,,,,WP-7,BASALT,2722000000.0,2724000000.0,PALEO,,,,,BASALT,,,,,WR,52.01,1.36,,14.71,,,,8.93,8.57,4.71,0.25,,0.34,3.67,0.22,,,,,,,,,,,,,,,,,,,,,,,,,,,,,,,,,,,,,,,,,,,,,,202.0,116.0,,,35.0,31.0,,,,,,,,13.0,277.0,19.3,119.0,6.89,,,,,,,,,,,,,255.0,10.16,23.73,3.15,13.76,3.45,1.17,3.72,0.56,3.58,0.75,2.4,,2.16,0.33,3.39,,,,,,,,,,,,0.92,,,,,,,,,,,,,,,,,,,,,,,,,,,
Superior,"DECIPHERING AN ARCHEAN MANTLE PLUME: ABITIBI GREENSTONE BELT, CANADA",WM-4,BASALT,48.2,-80.0,2720.0,ARCHEAN,2720.0,2722.0,2723.0,2724.0,0.720357776,"DECIPHERING AN ARCHEAN MANTLE PLUME: ABITIBI GREENSTONE BELT, CANADA",ARCHEAN CRATON (INCLUDING GREENSTONE BELTS),Superior,,48.2,48.2,-80.0,-80.0,,,,WM-4,BASALT,2720000000.0,2720000000.0,PALEO,,,,,BASALT,,,,,WR,49.54,0.67,,12.63,,,,10.73,7.59,11.66,0.17,,0.03,3.48,0.05,,,,,,,,,,,,,,,,,,,,,,,,,,,,,,,,,,,,,,,,,,,,,,197.0,1122.0,,,75.0,335.0,,,,,,,,6.0,42.0,12.4,44.5,3.21,,,,,,,,,,,,,13.0,2.75,6.68,1.02,5.11,1.52,0.55,2.09,0.37,2.36,0.5,1.51,,1.43,0.21,1.32,,,,,,,,,,,,0.19,,,,,,,,,,,,,,,,,,,,,,,,,,,
Superior,"DECIPHERING AN ARCHEAN MANTLE PLUME: ABITIBI GREENSTONE BELT, CANADA",ROQ-8B,BASALT,48.2,-80.0,2720.0,ARCHEAN,2720.0,2722.0,2723.0,2724.0,0.994649708,"DECIPHERING AN ARCHEAN MANTLE PLUME: ABITIBI GREENSTONE BELT, CANADA",ARCHEAN CRATON (INCLUDING GREENSTONE BELTS),Superior,,48.2,48.2,-80.0,-80.0,,,,ROQ-8B,BASALT,2720000000.0,2720000000.0,PALEO,,,,,BASALT,,,,,WR,49.85,0.74,,13.77,,,,10.62,10.77,7.83,0.17,,0.03,2.87,0.06,,,,,,,,,,,,,,,,,,,,,,,,,,,,,,,,,,,,,,,,,,,,,,247.0,406.0,,,46.0,92.0,,,,,,,,0.0,745.0,14.4,44.1,1.87,,,,,,,,,,,,,27.0,2.09,5.43,0.85,4.41,1.45,0.52,2.13,0.39,2.59,0.54,1.64,,1.64,0.24,1.2,,,,,,,,,,,,0.23,,,,,,,,,,,,,,,,,,,,,,,,,,,
Superior,"DECIPHERING AN ARCHEAN MANTLE PLUME: ABITIBI GREENSTONE BELT, CANADA",ROQ-3,BASALT,48.2,-80.0,2720.0,ARCHEAN,2720.0,2722.0,2723.0,2724.0,0.855601788,"DECIPHERING AN ARCHEAN MANTLE PLUME: ABITIBI GREENSTONE BELT, CANADA",ARCHEAN CRATON (INCLUDING GREENSTONE BELTS),Superior,,48.2,48.2,-80.0,-80.0,,,,ROQ-3,BASALT,2720000000.0,2720000000.0,PALEO,,,,,BASALT,,,,,WR,50.19,0.76,,14.52,,,,11.03,7.21,8.23,0.18,,0.04,4.05,0.06,,,,,,,,,,,,,,,,,,,,,,,,,,,,,,,,,,,,,,,,,,,,,,249.0,396.0,,,47.0,97.0,,,,,,,,1.0,158.0,17.6,57.1,2.74,,,,,,,,,,,,,49.0,2.69,7.32,1.13,5.78,1.97,0.75,2.6,0.46,3.21,0.7,1.98,,2.06,0.32,1.48,,,,,,,,,,,,0.19,,,,,,,,,,,,,,,,,,,,,,,,,,,
Superior,"DECIPHERING AN ARCHEAN MANTLE PLUME: ABITIBI GREENSTONE BELT, CANADA",ROQ-1,BASALT,48.2,-80.0,2720.0,ARCHEAN,2720.0,2722.0,2723.0,2724.0,0.045402195,"DECIPHERING AN ARCHEAN MANTLE PLUME: ABITIBI GREENSTONE BELT, CANADA",ARCHEAN CRATON (INCLUDING GREENSTONE BELTS),Superior,,48.2,48.2,-80.0,-80.0,,,,ROQ-1,BASALT,2720000000.0,2720000000.0,PALEO,,,,,BASALT,,,,,WR,52.94,1.11,,12.52,,,,10.52,7.12,7.68,0.17,,0.02,4.52,0.08,,,,,,,,,,,,,,,,,,,,,,,,,,,,,,,,,,,,,,,,,,,,,,269.0,144.0,,,39.0,120.0,,,,,,,,2.0,98.0,17.4,61.2,3.23,,,,,,,,,,,,,24.0,4.16,10.75,1.78,9.0,2.82,0.91,3.82,0.53,3.61,0.67,1.89,,1.39,0.18,1.55,,,,,,,,,,,,0.29,,,,,,,,,,,,,,,,,,,,,,,,,,,
Superior,"DECIPHERING AN ARCHEAN MANTLE PLUME: ABITIBI GREENSTONE BELT, CANADA",ROQ-8,BASALT,48.2,-80.0,2720.0,ARCHEAN,2720.0,2722.0,2723.0,2724.0,0.910108685,"DECIPHERING AN ARCHEAN MANTLE PLUME: ABITIBI GREENSTONE BELT, CANADA",ARCHEAN CRATON (INCLUDING GREENSTONE BELTS),Superior,,48.2,48.2,-80.0,-80.0,,,,ROQ-8,BASALT,2720000000.0,2720000000.0,PALEO,,,,,BASALT,,,,,WR,49.87,0.73,,13.48,,,,10.69,10.67,8.14,0.17,,0.03,2.8,0.05,,,,,,,,,,,,,,,,,,,,,,,,,,,,,,,,,,,,,,,,,,,,,,245.0,408.0,,,43.0,95.0,,,,,,,,1.0,728.0,18.4,57.2,2.79,,,,,,,,,,,,,32.0,2.87,7.81,1.22,5.9,2.08,0.74,2.85,0.48,3.29,0.75,2.19,,2.22,0.33,1.48,,,,,,,,,,,,0.22,,,,,,,,,,,,,,,,,,,,,,,,,,,
Superior,"DECIPHERING AN ARCHEAN MANTLE PLUME: ABITIBI GREENSTONE BELT, CANADA",ROQ-1B,BASALT,48.2,-80.0,2722.0,ARCHEAN,2724.0,2722.0,2723.0,2724.0,0.976286829,"DECIPHERING AN ARCHEAN MANTLE PLUME: ABITIBI GREENSTONE BELT, CANADA",ARCHEAN CRATON (INCLUDING GREENSTONE BELTS),Superior,,48.2,48.2,-80.0,-80.0,,,,ROQ-1B,BASALT,2722000000.0,2724000000.0,PALEO,,,,,BASALT,,,,,WR,50.89,0.76,,13.66,,,,10.86,8.74,7.32,0.18,,0.06,3.46,0.06,,,,,,,,,,,,,,,,,,,,,,,,,,,,,,,,,,,,,,,,,,,,,,254.0,209.0,,,44.0,71.0,,,,,,,,4.0,382.0,16.2,43.6,2.32,,,,,,,,,,,,,49.0,2.01,5.51,0.81,4.37,1.51,0.57,2.17,0.43,2.88,0.57,1.63,,1.75,0.28,1.23,,,,,,,,,,,,0.2,,,,,,,,,,,,,,,,,,,,,,,,,,,
Superior,"DEVELOPMENT AND DEGRADATION OF ARCHEAN LAVAS, ABITIBI AREA, IN LIGHT OF MAJOR ELEMENT GEOCHEMISTRY",287,BASALT,48.5,-79.2,2700.0,ARCHEAN,2700.0,2750.0,2750.0,2750.0,0.999815524,"DEVELOPMENT AND DEGRADATION OF ARCHEAN LAVAS, ABITIBI AREA, IN LIGHT OF MAJOR ELEMENT GEOCHEMISTRY",ARCHEAN CRATON (INCLUDING GREENSTONE BELTS),Superior,,48.5,48.5,-79.2,-79.2,,,,287,BASALT,2700000000.0,2700000000.0,PALEO,,,,,BASALT,,,,,WR,49.1,1.25,,15.7,,,,10.83,9.88,6.6,0.09,,0.68,0.62,,,,,,,,,,,,,,,,,,,,,,,,,,,,,,,,,,,,,,,,,,,,,,,,,,,,,,,,,,,,,,,,,,,,,,,,,,,,,,,,,,,,,,,,,,,,,,,,,,,,,,,,,,,,,,,,,,,,,,,,,,,,,,,,,,,
Superior,"DEVELOPMENT AND DEGRADATION OF ARCHEAN LAVAS, ABITIBI AREA, IN LIGHT OF MAJOR ELEMENT GEOCHEMISTRY",208,BASALT,48.5,-79.2,2700.0,ARCHEAN,2700.0,2750.0,2750.0,2750.0,0.999346316,"DEVELOPMENT AND DEGRADATION OF ARCHEAN LAVAS, ABITIBI AREA, IN LIGHT OF MAJOR ELEMENT GEOCHEMISTRY",ARCHEAN CRATON (INCLUDING GREENSTONE BELTS),Superior,,48.5,48.5,-79.2,-79.2,,,,208,BASALT,2700000000.0,2700000000.0,PALEO,,,,,BASALT,,,,,WR,49.0,1.83,,15.1,,,,12.56,8.38,4.81,0.22,,0.12,3.48,,,,,,,,,,,,,,,,,,,,,,,,,,,,,,,,,,,,,,,,,,,,,,,,,,,,,,,,,,,,,,,,,,,,,,,,,,,,,,,,,,,,,,,,,,,,,,,,,,,,,,,,,,,,,,,,,,,,,,,,,,,,,,,,,,,
Superior,"DEVELOPMENT AND DEGRADATION OF ARCHEAN LAVAS, ABITIBI AREA, IN LIGHT OF MAJOR ELEMENT GEOCHEMISTRY",226S,ANDESITE,48.5,-79.2,2700.0,ARCHEAN,2700.0,2750.0,2750.0,2750.0,0.999815524,"DEVELOPMENT AND DEGRADATION OF ARCHEAN LAVAS, ABITIBI AREA, IN LIGHT OF MAJOR ELEMENT GEOCHEMISTRY",ARCHEAN CRATON (INCLUDING GREENSTONE BELTS),Superior,,48.5,48.5,-79.2,-79.2,,,,226S,ANDESITE,2700000000.0,2700000000.0,PALEO,,,,,ANDESITE,,,,,WR,53.3,1.25,,17.1,,,,8.3,5.45,4.18,0.1,,0.09,4.88,,,,,,,,,,,,,,,,,,,,,,,,,,,,,,,,,,,,,,,,,,,,,,,,,,,,,,,,,,,,,,,,,,,,,,,,,,,,,,,,,,,,,,,,,,,,,,,,,,,,,,,,,,,,,,,,,,,,,,,,,,,,,,,,,,,
Superior,"DEVELOPMENT AND DEGRADATION OF ARCHEAN LAVAS, ABITIBI AREA, IN LIGHT OF MAJOR ELEMENT GEOCHEMISTRY",1095(26),BASALT,48.5,-79.2,2700.0,ARCHEAN,2700.0,2750.0,2750.0,2750.0,0.999934673,"DEVELOPMENT AND DEGRADATION OF ARCHEAN LAVAS, ABITIBI AREA, IN LIGHT OF MAJOR ELEMENT GEOCHEMISTRY",ARCHEAN CRATON (INCLUDING GREENSTONE BELTS),Superior,,48.5,48.5,-79.2,-79.2,,,,1095(26),BASALT,2700000000.0,2700000000.0,PALEO,,,,,BASALT,,,,,WR,49.5,0.79,,10.7,,,,12.9,10.5,7.8,0.21,,0.17,2.7,,,,,,,,,,,,,,,,,,,,,,,,,,,,,,,,,,,,,,,,,,,,,,,,,,,,,,,,,,,,,,,,,,,,,,,,,,,,,,,,,,,,,,,,,,,,,,,,,,,,,,,,,,,,,,,,,,,,,,,,,,,,,,,,,,,
Superior,"DEVELOPMENT AND DEGRADATION OF ARCHEAN LAVAS, ABITIBI AREA, IN LIGHT OF MAJOR ELEMENT GEOCHEMISTRY",364,BASALT,47.6,-80.1,2700.0,ARCHEAN,2700.0,2750.0,2750.0,2750.0,0.999726474,"DEVELOPMENT AND DEGRADATION OF ARCHEAN LAVAS, ABITIBI AREA, IN LIGHT OF MAJOR ELEMENT GEOCHEMISTRY",ARCHEAN CRATON (INCLUDING GREENSTONE BELTS),Superior,,47.6,47.6,-80.1,-80.1,,,,364,BASALT,2700000000.0,2700000000.0,PALEO,,,,,BASALT,,,,,WR,53.7,1.49,,14.1,,,,14.45,7.19,3.7,0.25,,0.1,3.69,,,,,,,,,,,,,,,,,,,,,,,,,,,,,,,,,,,,,,,,,,,,,,,,,,,,,,,,,,,,,,,,,,,,,,,,,,,,,,,,,,,,,,,,,,,,,,,,,,,,,,,,,,,,,,,,,,,,,,,,,,,,,,,,,,,
Superior,"DEVELOPMENT AND DEGRADATION OF ARCHEAN LAVAS, ABITIBI AREA, IN LIGHT OF MAJOR ELEMENT GEOCHEMISTRY",417,BASALT,47.6,-80.1,2500.0,ARCHEAN,3850.0,2750.0,2750.0,2750.0,0.999934673,"DEVELOPMENT AND DEGRADATION OF ARCHEAN LAVAS, ABITIBI AREA, IN LIGHT OF MAJOR ELEMENT GEOCHEMISTRY",ARCHEAN CRATON (INCLUDING GREENSTONE BELTS),Superior,,47.6,47.6,-80.1,-80.1,,,,417,BASALT,2500000000.0,3850000000.0,PALEO,,,,,BASALT,,,,,WR,51.6,0.88,,17.7,,,,11.07,13.81,3.18,0.16,,0.25,0.63,,,,,,,,,,,,,,,,,,,,,,,,,,,,,,,,,,,,,,,,,,,,,,,,,,,,,,,,,,,,,,,,,,,,,,,,,,,,,,,,,,,,,,,,,,,,,,,,,,,,,,,,,,,,,,,,,,,,,,,,,,,,,,,,,,,
Superior,"DEVELOPMENT AND DEGRADATION OF ARCHEAN LAVAS, ABITIBI AREA, IN LIGHT OF MAJOR ELEMENT GEOCHEMISTRY",1060(60),BASALT,48.5,-79.2,2700.0,ARCHEAN,2700.0,2750.0,2750.0,2750.0,0.999934673,"DEVELOPMENT AND DEGRADATION OF ARCHEAN LAVAS, ABITIBI AREA, IN LIGHT OF MAJOR ELEMENT GEOCHEMISTRY",ARCHEAN CRATON (INCLUDING GREENSTONE BELTS),Superior,,48.5,48.5,-79.2,-79.2,,,,1060(60),BASALT,2700000000.0,2700000000.0,PALEO,,,,,BASALT,,,,,WR,49.9,0.95,,14.0,,,,13.8,9.68,7.64,0.22,,0.24,1.59,,,,,,,,,,,,,,,,,,,,,,,,,,,,,,,,,,,,,,,,,,,,,,,,,,,,,,,,,,,,,,,,,,,,,,,,,,,,,,,,,,,,,,,,,,,,,,,,,,,,,,,,,,,,,,,,,,,,,,,,,,,,,,,,,,,
Superior,"DEVELOPMENT AND DEGRADATION OF ARCHEAN LAVAS, ABITIBI AREA, IN LIGHT OF MAJOR ELEMENT GEOCHEMISTRY",222,BASALT,48.5,-79.2,2700.0,ARCHEAN,2700.0,2750.0,2750.0,2750.0,0.999934673,"DEVELOPMENT AND DEGRADATION OF ARCHEAN LAVAS, ABITIBI AREA, IN LIGHT OF MAJOR ELEMENT GEOCHEMISTRY",ARCHEAN CRATON (INCLUDING GREENSTONE BELTS),Superior,,48.5,48.5,-79.2,-79.2,,,,222,BASALT,2700000000.0,2700000000.0,PALEO,,,,,BASALT,,,,,WR,51.6,1.08,,17.5,,,,8.85,8.63,4.31,0.14,,0.2,2.96,,,,,,,,,,,,,,,,,,,,,,,,,,,,,,,,,,,,,,,,,,,,,,,,,,,,,,,,,,,,,,,,,,,,,,,,,,,,,,,,,,,,,,,,,,,,,,,,,,,,,,,,,,,,,,,,,,,,,,,,,,,,,,,,,,,
Superior,"DEVELOPMENT AND DEGRADATION OF ARCHEAN LAVAS, ABITIBI AREA, IN LIGHT OF MAJOR ELEMENT GEOCHEMISTRY",1054A(68),BASALT,48.5,-79.2,2700.0,ARCHEAN,2700.0,2750.0,2750.0,2750.0,0.999934673,"DEVELOPMENT AND DEGRADATION OF ARCHEAN LAVAS, ABITIBI AREA, IN LIGHT OF MAJOR ELEMENT GEOCHEMISTRY",ARCHEAN CRATON (INCLUDING GREENSTONE BELTS),Superior,,48.5,48.5,-79.2,-79.2,,,,1054A(68),BASALT,2700000000.0,2700000000.0,PALEO,,,,,BASALT,,,,,WR,47.8,0.81,,16.9,,,,13.4,10.4,9.43,0.21,,0.19,0.91,,,,,,,,,,,,,,,,,,,,,,,,,,,,,,,,,,,,,,,,,,,,,,,,,,,,,,,,,,,,,,,,,,,,,,,,,,,,,,,,,,,,,,,,,,,,,,,,,,,,,,,,,,,,,,,,,,,,,,,,,,,,,,,,,,,
Superior,"DEVELOPMENT AND DEGRADATION OF ARCHEAN LAVAS, ABITIBI AREA, IN LIGHT OF MAJOR ELEMENT GEOCHEMISTRY",213,ANDESITE,48.3,-78.85,2700.0,ARCHEAN,2700.0,2750.0,2750.0,2750.0,0.999726474,"DEVELOPMENT AND DEGRADATION OF ARCHEAN LAVAS, ABITIBI AREA, IN LIGHT OF MAJOR ELEMENT GEOCHEMISTRY",ARCHEAN CRATON (INCLUDING GREENSTONE BELTS),Superior,,48.3,48.3,-78.85,-78.85,,,,213,ANDESITE,2700000000.0,2700000000.0,PALEO,,,,,ANDESITE,,,,,WR,51.5,1.49,,16.5,,,,9.91,7.53,6.18,0.12,,0.51,2.38,,,,,,,,,,,,,,,,,,,,,,,,,,,,,,,,,,,,,,,,,,,,,,,,,,,,,,,,,,,,,,,,,,,,,,,,,,,,,,,,,,,,,,,,,,,,,,,,,,,,,,,,,,,,,,,,,,,,,,,,,,,,,,,,,,,
Superior,"DEVELOPMENT AND DEGRADATION OF ARCHEAN LAVAS, ABITIBI AREA, IN LIGHT OF MAJOR ELEMENT GEOCHEMISTRY",1071(50),ANDESITE,48.5,-79.2,2700.0,ARCHEAN,2700.0,2750.0,2750.0,2750.0,0.999934673,"DEVELOPMENT AND DEGRADATION OF ARCHEAN LAVAS, ABITIBI AREA, IN LIGHT OF MAJOR ELEMENT GEOCHEMISTRY",ARCHEAN CRATON (INCLUDING GREENSTONE BELTS),Superior,,48.5,48.5,-79.2,-79.2,,,,1071(50),ANDESITE,2700000000.0,2700000000.0,PALEO,,,,,ANDESITE,,,,,WR,53.1,1.04,,11.0,,,,13.5,9.0,7.12,0.2,,0.17,1.38,,,,,,,,,,,,,,,,,,,,,,,,,,,,,,,,,,,,,,,,,,,,,,,,,,,,,,,,,,,,,,,,,,,,,,,,,,,,,,,,,,,,,,,,,,,,,,,,,,,,,,,,,,,,,,,,,,,,,,,,,,,,,,,,,,,
Superior,"DEVELOPMENT AND DEGRADATION OF ARCHEAN LAVAS, ABITIBI AREA, IN LIGHT OF MAJOR ELEMENT GEOCHEMISTRY",1116(23),BASALT,48.5,-79.2,2700.0,ARCHEAN,2700.0,2750.0,2750.0,2750.0,0.999934673,"DEVELOPMENT AND DEGRADATION OF ARCHEAN LAVAS, ABITIBI AREA, IN LIGHT OF MAJOR ELEMENT GEOCHEMISTRY",ARCHEAN CRATON (INCLUDING GREENSTONE BELTS),Superior,,48.5,48.5,-79.2,-79.2,,,,1116(23),BASALT,2700000000.0,2700000000.0,PALEO,,,,,BASALT,,,,,WR,46.6,0.5,,13.3,,,,7.85,14.9,9.28,0.16,,0.15,1.06,,,,,,,,,,,,,,,,,,,,,,,,,,,,,,,,,,,,,,,,,,,,,,,,,,,,,,,,,,,,,,,,,,,,,,,,,,,,,,,,,,,,,,,,,,,,,,,,,,,,,,,,,,,,,,,,,,,,,,,,,,,,,,,,,,,
Superior,"DEVELOPMENT AND DEGRADATION OF ARCHEAN LAVAS, ABITIBI AREA, IN LIGHT OF MAJOR ELEMENT GEOCHEMISTRY",365,ANDESITE,48.3,-78.85,2700.0,ARCHEAN,2700.0,2750.0,2750.0,2750.0,0.999815524,"DEVELOPMENT AND DEGRADATION OF ARCHEAN LAVAS, ABITIBI AREA, IN LIGHT OF MAJOR ELEMENT GEOCHEMISTRY",ARCHEAN CRATON (INCLUDING GREENSTONE BELTS),Superior,,48.3,48.3,-78.85,-78.85,,,,365,ANDESITE,2700000000.0,2700000000.0,PALEO,,,,,ANDESITE,,,,,WR,47.4,1.27,,14.7,,,,15.88,9.32,6.08,0.19,,0.12,2.46,,,,,,,,,,,,,,,,,,,,,,,,,,,,,,,,,,,,,,,,,,,,,,,,,,,,,,,,,,,,,,,,,,,,,,,,,,,,,,,,,,,,,,,,,,,,,,,,,,,,,,,,,,,,,,,,,,,,,,,,,,,,,,,,,,,
Superior,"DEVELOPMENT AND DEGRADATION OF ARCHEAN LAVAS, ABITIBI AREA, IN LIGHT OF MAJOR ELEMENT GEOCHEMISTRY",241C,BASALT,48.5,-79.2,2700.0,ARCHEAN,2700.0,2750.0,2750.0,2750.0,0.998829424,"DEVELOPMENT AND DEGRADATION OF ARCHEAN LAVAS, ABITIBI AREA, IN LIGHT OF MAJOR ELEMENT GEOCHEMISTRY",ARCHEAN CRATON (INCLUDING GREENSTONE BELTS),Superior,,48.5,48.5,-79.2,-79.2,,,,241C,BASALT,2700000000.0,2700000000.0,PALEO,,,,,BASALT,,,,,WR,45.5,2.76,,13.0,,,,17.55,7.68,5.29,0.29,,0.14,1.27,,,,,,,,,,,,,,,,,,,,,,,,,,,,,,,,,,,,,,,,,,,,,,,,,,,,,,,,,,,,,,,,,,,,,,,,,,,,,,,,,,,,,,,,,,,,,,,,,,,,,,,,,,,,,,,,,,,,,,,,,,,,,,,,,,,
Superior,"DEVELOPMENT AND DEGRADATION OF ARCHEAN LAVAS, ABITIBI AREA, IN LIGHT OF MAJOR ELEMENT GEOCHEMISTRY",242B1,BASALT,48.5,-79.2,2700.0,ARCHEAN,2700.0,2750.0,2750.0,2750.0,0.998829424,"DEVELOPMENT AND DEGRADATION OF ARCHEAN LAVAS, ABITIBI AREA, IN LIGHT OF MAJOR ELEMENT GEOCHEMISTRY",ARCHEAN CRATON (INCLUDING GREENSTONE BELTS),Superior,,48.5,48.5,-79.2,-79.2,,,,242B1,BASALT,2700000000.0,2700000000.0,PALEO,,,,,BASALT,,,,,WR,47.3,2.59,,13.4,,,,17.0,7.34,5.11,0.32,,0.3,3.72,,,,,,,,,,,,,,,,,,,,,,,,,,,,,,,,,,,,,,,,,,,,,,,,,,,,,,,,,,,,,,,,,,,,,,,,,,,,,,,,,,,,,,,,,,,,,,,,,,,,,,,,,,,,,,,,,,,,,,,,,,,,,,,,,,,
Superior,"DEVELOPMENT AND DEGRADATION OF ARCHEAN LAVAS, ABITIBI AREA, IN LIGHT OF MAJOR ELEMENT GEOCHEMISTRY",1075B(46),BASALT,48.5,-79.2,2700.0,ARCHEAN,2700.0,2750.0,2750.0,2750.0,0.999934673,"DEVELOPMENT AND DEGRADATION OF ARCHEAN LAVAS, ABITIBI AREA, IN LIGHT OF MAJOR ELEMENT GEOCHEMISTRY",ARCHEAN CRATON (INCLUDING GREENSTONE BELTS),Superior,,48.5,48.5,-79.2,-79.2,,,,1075B(46),BASALT,2700000000.0,2700000000.0,PALEO,,,,,BASALT,,,,,WR,49.3,0.69,,13.2,,,,11.1,10.5,8.48,0.21,,0.68,1.3,,,,,,,,,,,,,,,,,,,,,,,,,,,,,,,,,,,,,,,,,,,,,,,,,,,,,,,,,,,,,,,,,,,,,,,,,,,,,,,,,,,,,,,,,,,,,,,,,,,,,,,,,,,,,,,,,,,,,,,,,,,,,,,,,,,
Superior,"DEVELOPMENT AND DEGRADATION OF ARCHEAN LAVAS, ABITIBI AREA, IN LIGHT OF MAJOR ELEMENT GEOCHEMISTRY",265,BASALT,48.5,-79.2,2700.0,ARCHEAN,2700.0,2750.0,2750.0,2750.0,0.999934673,"DEVELOPMENT AND DEGRADATION OF ARCHEAN LAVAS, ABITIBI AREA, IN LIGHT OF MAJOR ELEMENT GEOCHEMISTRY",ARCHEAN CRATON (INCLUDING GREENSTONE BELTS),Superior,,48.5,48.5,-79.2,-79.2,,,,265,BASALT,2700000000.0,2700000000.0,PALEO,,,,,BASALT,,,,,WR,48.1,0.26,,18.7,,,,12.52,5.91,6.75,0.14,,0.13,0.47,,,,,,,,,,,,,,,,,,,,,,,,,,,,,,,,,,,,,,,,,,,,,,,,,,,,,,,,,,,,,,,,,,,,,,,,,,,,,,,,,,,,,,,,,,,,,,,,,,,,,,,,,,,,,,,,,,,,,,,,,,,,,,,,,,,
Superior,"ENRICHED KOMATIITIC BASALTS FROM NEWTON TOWNSHIP, ONTARIO; THEIR GENESIS BY CRUSTAL CONTAMINATION OF DEPLETED KOMATIITE MAGMA",28,BASALT,48.47,-81.4,2700.0,ARCHEAN,2680.0,2678.0,2688.5,2699.0,0.9991768,"ENRICHED KOMATIITIC BASALTS FROM NEWTON TOWNSHIP, ONTARIO; THEIR GENESIS BY CRUSTAL CONTAMINATION OF DEPLETED KOMATIITE MAGMA",ARCHEAN CRATON (INCLUDING GREENSTONE BELTS),Superior,,48.47,48.47,-81.4,-81.4,,,,28,BASALT,2700000000.0,2680000000.0,PALEO,,,,,BASALT,,,,,WR,49.02,0.66,,9.79,,,,11.21,10.8,15.33,,,0.21,1.12,,,,,,,,,,,,,,,,,,,,,,,,,,,,,,,,,,,,,,,,,,,,,40.0,,245.0,1440.0,,,,426.0,,,,,,,,,,14.0,37.0,2.9,,,,,,,,,,,,,,,,,,,,,,,,,,,,,,,,,,,,,,,,,,,,,,,,,,,,,,,,,,,,,,,,,,,
Superior,"EVOLUTION OF THE SOUTH-CENTRAL SEGMENT OF THE ARCHEAN ABITIBI BELT, QUEBEC. PART III: PLUTONIC AND METAMORPHIC EVOLUTION AND GEOTECTONIC MODEL",1A,pillow lava,47.5,-78.0,2700.0,ARCHEAN,2710.0,2703.0,2706.5,2710.0,0.999870539,"EVOLUTION OF THE SOUTH-CENTRAL SEGMENT OF THE ARCHEAN ABITIBI BELT, QUEBEC. PART III: PLUTONIC AND METAMORPHIC EVOLUTION AND GEOTECTONIC MODEL",ARCHEAN CRATON (INCLUDING GREENSTONE BELTS),Superior,,47.5,47.5,-78.0,-78.0,,,,1A,pillow lava,2700000000.0,2710000000.0,PALEO,,,,,pillow lava,,,,,WR,50.53,0.79,,8.5,,,,13.14,10.97,8.32,,,0.18,0.23,0.51,,,,,,,,,,,,,,,,,,,,,,,,,,,,,,,,,,,,,,,,,,,,,,,,,,,,,,,,,,,,,,,,,,,,,,,,,,,,,,,,,,,,,,,,,,,,,,,,,,,,,,,,,,,,,,,,,,,,,,,,,,,,,,,,,,
Superior,"EVOLUTION OF THE SOUTH-CENTRAL SEGMENT OF THE ARCHEAN ABITIBI BELT, QUEBEC. PART III: PLUTONIC AND METAMORPHIC EVOLUTION AND GEOTECTONIC MODEL",5,pillow lava,47.5,-78.0,2700.0,ARCHEAN,2710.0,2703.0,2706.5,2710.0,0.99993825,"EVOLUTION OF THE SOUTH-CENTRAL SEGMENT OF THE ARCHEAN ABITIBI BELT, QUEBEC. PART III: PLUTONIC AND METAMORPHIC EVOLUTION AND GEOTECTONIC MODEL",ARCHEAN CRATON (INCLUDING GREENSTONE BELTS),Superior,,47.5,47.5,-78.0,-78.0,,,,5,pillow lava,2700000000.0,2710000000.0,PALEO,,,,,pillow lava,,,,,WR,53.78,0.95,,9.84,,,,15.45,1.75,8.9,,,0.0,0.15,0.15,,,,,,,,,,,,,,,,,,,,,,,,,,,,,,,,,,,,,,,,,,,,,,,,,,,,,,,,,,,,,,,,,,,,,,,,,,,,,,,,,,,,,,,,,,,,,,,,,,,,,,,,,,,,,,,,,,,,,,,,,,,,,,,,,,
Superior,"EVOLUTION OF THE SOUTH-CENTRAL SEGMENT OF THE ARCHEAN ABITIBI BELT, QUEBEC. PART III: PLUTONIC AND METAMORPHIC EVOLUTION AND GEOTECTONIC MODEL",8B,pillow lava,47.5,-78.0,2700.0,ARCHEAN,2710.0,2703.0,2706.5,2710.0,0.999870539,"EVOLUTION OF THE SOUTH-CENTRAL SEGMENT OF THE ARCHEAN ABITIBI BELT, QUEBEC. PART III: PLUTONIC AND METAMORPHIC EVOLUTION AND GEOTECTONIC MODEL",ARCHEAN CRATON (INCLUDING GREENSTONE BELTS),Superior,,47.5,47.5,-78.0,-78.0,,,,8B,pillow lava,2700000000.0,2710000000.0,PALEO,,,,,pillow lava,,,,,WR,48.19,0.8,,14.92,,,,11.41,10.52,7.66,,,0.32,0.91,0.4,,,,,,,,,,,,,,,,,,,,,,,,,,,,,,,,,,,,,,,,,,,,,,,,,,,,,,,,,,,,,,,,,,,,,,,,,,,,,,,,,,,,,,,,,,,,,,,,,,,,,,,,,,,,,,,,,,,,,,,,,,,,,,,,,,
Superior,"EVOLUTION OF THE SOUTH-CENTRAL SEGMENT OF THE ARCHEAN ABITIBI BELT, QUEBEC. PART III: PLUTONIC AND METAMORPHIC EVOLUTION AND GEOTECTONIC MODEL",3,pillow lava,47.5,-78.0,2700.0,ARCHEAN,2710.0,2703.0,2706.5,2710.0,0.999934673,"EVOLUTION OF THE SOUTH-CENTRAL SEGMENT OF THE ARCHEAN ABITIBI BELT, QUEBEC. PART III: PLUTONIC AND METAMORPHIC EVOLUTION AND GEOTECTONIC MODEL",ARCHEAN CRATON (INCLUDING GREENSTONE BELTS),Superior,,47.5,47.5,-78.0,-78.0,,,,3,pillow lava,2700000000.0,2710000000.0,PALEO,,,,,pillow lava,,,,,WR,51.2,0.6,,16.95,,,,9.18,8.5,6.55,,,0.35,1.55,0.05,,,,,,,,,,,,,,,,,,,,,,,,,,,,,,,,,,,,,,,,,,,,,,,,,,,,,,,,,,,,,,,,,,,,,,,,,,,,,,,,,,,,,,,,,,,,,,,,,,,,,,,,,,,,,,,,,,,,,,,,,,,,,,,,,,
Superior,"EVOLUTION OF THE SOUTH-CENTRAL SEGMENT OF THE ARCHEAN ABITIBI BELT, QUEBEC. PART III: PLUTONIC AND METAMORPHIC EVOLUTION AND GEOTECTONIC MODEL",7B,pillow lava,47.5,-78.0,2700.0,ARCHEAN,2710.0,2703.0,2706.5,2710.0,0.999922752,"EVOLUTION OF THE SOUTH-CENTRAL SEGMENT OF THE ARCHEAN ABITIBI BELT, QUEBEC. PART III: PLUTONIC AND METAMORPHIC EVOLUTION AND GEOTECTONIC MODEL",ARCHEAN CRATON (INCLUDING GREENSTONE BELTS),Superior,,47.5,47.5,-78.0,-78.0,,,,7B,pillow lava,2700000000.0,2710000000.0,PALEO,,,,,pillow lava,,,,,WR,45.59,0.91,,16.14,,,,13.44,8.47,8.83,,,0.37,0.8,0.33,,,,,,,,,,,,,,,,,,,,,,,,,,,,,,,,,,,,,,,,,,,,,,,,,,,,,,,,,,,,,,,,,,,,,,,,,,,,,,,,,,,,,,,,,,,,,,,,,,,,,,,,,,,,,,,,,,,,,,,,,,,,,,,,,,
Superior,"EVOLUTION OF THE SOUTH-CENTRAL SEGMENT OF THE ARCHEAN ABITIBI BELT, QUEBEC. PART III: PLUTONIC AND METAMORPHIC EVOLUTION AND GEOTECTONIC MODEL",4,pillow lava,47.5,-78.0,2700.0,ARCHEAN,2710.0,2703.0,2706.5,2710.0,0.999934673,"EVOLUTION OF THE SOUTH-CENTRAL SEGMENT OF THE ARCHEAN ABITIBI BELT, QUEBEC. PART III: PLUTONIC AND METAMORPHIC EVOLUTION AND GEOTECTONIC MODEL",ARCHEAN CRATON (INCLUDING GREENSTONE BELTS),Superior,,47.5,47.5,-78.0,-78.0,,,,4,pillow lava,2700000000.0,2710000000.0,PALEO,,,,,pillow lava,,,,,WR,50.0,0.45,,16.05,,,,8.95,9.55,7.0,,,0.94,0.4,0.05,,,,,,,,,,,,,,,,,,,,,,,,,,,,,,,,,,,,,,,,,,,,,,,,,,,,,,,,,,,,,,,,,,,,,,,,,,,,,,,,,,,,,,,,,,,,,,,,,,,,,,,,,,,,,,,,,,,,,,,,,,,,,,,,,,
Superior,"EVOLUTION OF THE SOUTH-CENTRAL SEGMENT OF THE ARCHEAN ABITIBI BELT, QUEBEC. PART III: PLUTONIC AND METAMORPHIC EVOLUTION AND GEOTECTONIC MODEL",7A,pillow lava,47.5,-78.0,2700.0,ARCHEAN,2710.0,2703.0,2706.5,2710.0,0.999922752,"EVOLUTION OF THE SOUTH-CENTRAL SEGMENT OF THE ARCHEAN ABITIBI BELT, QUEBEC. PART III: PLUTONIC AND METAMORPHIC EVOLUTION AND GEOTECTONIC MODEL",ARCHEAN CRATON (INCLUDING GREENSTONE BELTS),Superior,,47.5,47.5,-78.0,-78.0,,,,7A,pillow lava,2700000000.0,2710000000.0,PALEO,,,,,pillow lava,,,,,WR,48.61,0.85,,15.06,,,,12.28,8.85,8.34,,,0.39,1.01,0.26,,,,,,,,,,,,,,,,,,,,,,,,,,,,,,,,,,,,,,,,,,,,,,,,,,,,,,,,,,,,,,,,,,,,,,,,,,,,,,,,,,,,,,,,,,,,,,,,,,,,,,,,,,,,,,,,,,,,,,,,,,,,,,,,,,
Superior,"EVOLUTION OF THE SOUTH-CENTRAL SEGMENT OF THE ARCHEAN ABITIBI BELT, QUEBEC. PART III: PLUTONIC AND METAMORPHIC EVOLUTION AND GEOTECTONIC MODEL",9B,pillow lava,47.5,-78.0,2700.0,ARCHEAN,2710.0,2703.0,2706.5,2710.0,0.999870539,"EVOLUTION OF THE SOUTH-CENTRAL SEGMENT OF THE ARCHEAN ABITIBI BELT, QUEBEC. PART III: PLUTONIC AND METAMORPHIC EVOLUTION AND GEOTECTONIC MODEL",ARCHEAN CRATON (INCLUDING GREENSTONE BELTS),Superior,,47.5,47.5,-78.0,-78.0,,,,9B,pillow lava,2700000000.0,2710000000.0,PALEO,,,,,pillow lava,,,,,WR,48.22,0.82,,15.22,,,,12.12,10.06,7.41,,,0.64,0.74,0.39,,,,,,,,,,,,,,,,,,,,,,,,,,,,,,,,,,,,,,,,,,,,,,,,,,,,,,,,,,,,,,,,,,,,,,,,,,,,,,,,,,,,,,,,,,,,,,,,,,,,,,,,,,,,,,,,,,,,,,,,,,,,,,,,,,
Superior,"EVOLUTION OF THE SOUTH-CENTRAL SEGMENT OF THE ARCHEAN ABITIBI BELT, QUEBEC. PART III: PLUTONIC AND METAMORPHIC EVOLUTION AND GEOTECTONIC MODEL",2,pillow lava,47.5,-78.0,2700.0,ARCHEAN,2710.0,2703.0,2706.5,2710.0,0.999934673,"EVOLUTION OF THE SOUTH-CENTRAL SEGMENT OF THE ARCHEAN ABITIBI BELT, QUEBEC. PART III: PLUTONIC AND METAMORPHIC EVOLUTION AND GEOTECTONIC MODEL",ARCHEAN CRATON (INCLUDING GREENSTONE BELTS),Superior,,47.5,47.5,-78.0,-78.0,,,,2,pillow lava,2700000000.0,2710000000.0,PALEO,,,,,pillow lava,,,,,WR,50.55,0.6,,18.6,,,,7.11,10.8,5.65,,,0.9,0.8,0.05,,,,,,,,,,,,,,,,,,,,,,,,,,,,,,,,,,,,,,,,,,,,,,,,,,,,,,,,,,,,,,,,,,,,,,,,,,,,,,,,,,,,,,,,,,,,,,,,,,,,,,,,,,,,,,,,,,,,,,,,,,,,,,,,,,
Superior,"EVOLUTION OF THE SOUTH-CENTRAL SEGMENT OF THE ARCHEAN ABITIBI BELT, QUEBEC. PART III: PLUTONIC AND METAMORPHIC EVOLUTION AND GEOTECTONIC MODEL",6,pillow lava,47.5,-78.0,2700.0,ARCHEAN,2710.0,2703.0,2706.5,2710.0,0.999873877,"EVOLUTION OF THE SOUTH-CENTRAL SEGMENT OF THE ARCHEAN ABITIBI BELT, QUEBEC. PART III: PLUTONIC AND METAMORPHIC EVOLUTION AND GEOTECTONIC MODEL",ARCHEAN CRATON (INCLUDING GREENSTONE BELTS),Superior,,47.5,47.5,-78.0,-78.0,,,,6,pillow lava,2700000000.0,2710000000.0,PALEO,,,,,pillow lava,,,,,WR,52.12,1.2,,16.62,,,,12.84,6.1,3.51,,,0.68,2.89,0.23,,,,,,,,,,,,,,,,,,,,,,,,,,,,,,,,,,,,,,,,,,,,,,,,,,,,,,,,,,,,,,,,,,,,,,,,,,,,,,,,,,,,,,,,,,,,,,,,,,,,,,,,,,,,,,,,,,,,,,,,,,,,,,,,,,
Superior,"EVOLUTION OF THE SOUTH-CENTRAL SEGMENT OF THE ARCHEAN ABITIBI BELT, QUEBEC. PART III: PLUTONIC AND METAMORPHIC EVOLUTION AND GEOTECTONIC MODEL",8A,pillow lava,47.5,-78.0,2700.0,ARCHEAN,2710.0,2703.0,2706.5,2710.0,0.999922752,"EVOLUTION OF THE SOUTH-CENTRAL SEGMENT OF THE ARCHEAN ABITIBI BELT, QUEBEC. PART III: PLUTONIC AND METAMORPHIC EVOLUTION AND GEOTECTONIC MODEL",ARCHEAN CRATON (INCLUDING GREENSTONE BELTS),Superior,,47.5,47.5,-78.0,-78.0,,,,8A,pillow lava,2700000000.0,2710000000.0,PALEO,,,,,pillow lava,,,,,WR,50.06,0.84,,14.89,,,,12.29,7.09,7.83,,,0.28,1.18,0.28,,,,,,,,,,,,,,,,,,,,,,,,,,,,,,,,,,,,,,,,,,,,,,,,,,,,,,,,,,,,,,,,,,,,,,,,,,,,,,,,,,,,,,,,,,,,,,,,,,,,,,,,,,,,,,,,,,,,,,,,,,,,,,,,,,
Superior,"EVOLUTION OF THE SUBAQUEOUS TO NEAR-EMERGENT JOUTEL VOLCANIC COMPLEX, NORTHERN VOLCANIC ZONE, ABITIBI SUBPROVINCE, QUEBEC, CANADA",29091,"Mafic tuffs, basalt",49.5,-78.4,2500.0,ARCHEAN,3850.0,2721.0,2724.5,2728.0,0.001959894,"EVOLUTION OF THE SUBAQUEOUS TO NEAR-EMERGENT JOUTEL VOLCANIC COMPLEX, NORTHERN VOLCANIC ZONE, ABITIBI SUBPROVINCE, QUEBEC, CANADA",ARCHEAN CRATON (INCLUDING GREENSTONE BELTS),Superior,,49.5,49.5,-78.4,-78.4,,,,29091,"Mafic tuffs, basalt",2500000000.0,3850000000.0,PALEO,,,,,"Mafic tuffs, basalt",,,,,WR,52.7,0.82,,15.8,,,,7.96,6.21,4.98,0.14,,0.28,5.88,0.08,,,,,,,,,,,,,,,,,,,,,,,,,,,,,,,,,,,,,,,,,,,,,,,,,,,,,,14.0,,,,,4.0,213.0,16.0,84.0,5.0,,,,,,,,,,,,0.23,,7.6,21.0,,17.0,5.4,1.7,7.2,1.2,,1.7,,,4.8,0.76,3.1,0.43,,,,,,,,,,,0.51,0.14,,,,,,,,,,,,,,,,,,,,,,,,,,
Superior,"EVOLUTION OF THE SUBAQUEOUS TO NEAR-EMERGENT JOUTEL VOLCANIC COMPLEX, NORTHERN VOLCANIC ZONE, ABITIBI SUBPROVINCE, QUEBEC, CANADA",29162,BASALT,49.5,-78.4,2500.0,ARCHEAN,3850.0,2721.0,2724.5,2728.0,0.001141414,"EVOLUTION OF THE SUBAQUEOUS TO NEAR-EMERGENT JOUTEL VOLCANIC COMPLEX, NORTHERN VOLCANIC ZONE, ABITIBI SUBPROVINCE, QUEBEC, CANADA",ARCHEAN CRATON (INCLUDING GREENSTONE BELTS),Superior,,49.5,49.5,-78.4,-78.4,,,,29162,BASALT,2500000000.0,3850000000.0,PALEO,,,,,BASALT,,,,,WR,49.2,0.85,,14.6,,,,10.08,13.7,6.38,0.19,,0.16,1.86,0.05,,,,,,,,,,,,,,,,,,,,,,,,,,,,,,,,,,,,,,,,,,,,,,,,,,,,,,15.0,,,,,6.0,115.0,17.0,49.0,3.0,,,,,,,,,,,,0.11,,2.5,7.1,,5.5,1.9,0.69,2.6,0.46,,0.65,,,1.9,0.29,0.99,0.15,,,,,,,,,,,0.19,0.05,,,,,,,,,,,,,,,,,,,,,,,,,,
Superior,"EXOGENOUS AND ENDOGENOUS CONSTRUCTION OF THE SUBAQUEOUS GLENWOOD FELSIC LAVA FLOW COMPLEX; ABITIBI GREENSTONE BELT, QUEBEC, CANADA",LM-08-13,BASALT,48.0,-79.0,2500.0,ARCHEAN,3850.0,2701.5,2702.9,2704.3,0.426853329,"EXOGENOUS AND ENDOGENOUS CONSTRUCTION OF THE SUBAQUEOUS GLENWOOD FELSIC LAVA FLOW COMPLEX; ABITIBI GREENSTONE BELT, QUEBEC, CANADA",ARCHEAN CRATON (INCLUDING GREENSTONE BELTS),Superior,,48.0,48.0,-79.0,-79.0,,,,LM-08-13,BASALT,2500000000.0,3850000000.0,PALEO,,,,,BASALT,,,,,WR,46.6,0.73,,14.6,,,,7.75,10.49,3.08,0.29,,0.12,5.11,0.13,,,,,,,,,,,,,,,,,,,,,,,,,,,,,,,,,,,,,,,,,,,,,,,,,,,,,,,,,,,,,13.62,55.0,3.13,,,,,,,,,,,,,,7.38,16.5,2.16,9.41,2.12,0.67,2.14,0.34,2.2,0.45,1.35,,1.22,0.18,1.31,0.2,,,,,,,,,,,0.51,,,,,,,,,,,,,,,,,,,,,,,,,,,
Superior,"EXOGENOUS AND ENDOGENOUS CONSTRUCTION OF THE SUBAQUEOUS GLENWOOD FELSIC LAVA FLOW COMPLEX; ABITIBI GREENSTONE BELT, QUEBEC, CANADA",LM-09-04,BASALT,48.0,-79.0,2500.0,ARCHEAN,3850.0,2701.5,2702.9,2704.3,0.047976777,"EXOGENOUS AND ENDOGENOUS CONSTRUCTION OF THE SUBAQUEOUS GLENWOOD FELSIC LAVA FLOW COMPLEX; ABITIBI GREENSTONE BELT, QUEBEC, CANADA",ARCHEAN CRATON (INCLUDING GREENSTONE BELTS),Superior,,48.0,48.0,-79.0,-79.0,,,,LM-09-04,BASALT,2500000000.0,3850000000.0,PALEO,,,,,BASALT,,,,,WR,47.96,1.1,,14.97,,,,9.38,8.56,4.16,0.24,,2.52,1.72,0.11,,,,,,,,,,,,,,,,,,,,,,,,,,,,,,,,,,,,,,,,,,,,,,,,,,,,,,,,,,,,,12.95,44.0,2.98,,,,,,,,,,,,,,4.52,10.02,1.37,6.29,1.74,0.76,2.05,0.34,2.3,0.48,1.41,,1.4,0.22,1.23,0.28,,,,,,,,,,,0.47,,,,,,,,,,,,,,,,,,,,,,,,,,,
Superior,"EXOGENOUS AND ENDOGENOUS CONSTRUCTION OF THE SUBAQUEOUS GLENWOOD FELSIC LAVA FLOW COMPLEX; ABITIBI GREENSTONE BELT, QUEBEC, CANADA",LM-09-21,BASALT,48.0,-79.0,2500.0,ARCHEAN,3850.0,2701.5,2702.9,2704.3,0.038099185,"EXOGENOUS AND ENDOGENOUS CONSTRUCTION OF THE SUBAQUEOUS GLENWOOD FELSIC LAVA FLOW COMPLEX; ABITIBI GREENSTONE BELT, QUEBEC, CANADA",ARCHEAN CRATON (INCLUDING GREENSTONE BELTS),Superior,,48.0,48.0,-79.0,-79.0,,,,LM-09-21,BASALT,2500000000.0,3850000000.0,PALEO,,,,,BASALT,,,,,WR,48.36,0.91,,19.69,,,,7.71,4.82,5.84,0.19,,1.36,4.49,0.1,,,,,,,,,,,,,,,,,,,,,,,,,,,,,,,,,,,,,,,,,,,,,,,,,,,,,,,,,,,,,10.95,28.0,1.92,,,,,,,,,,,,,,3.12,6.98,0.96,4.57,1.27,0.64,1.65,0.27,1.85,0.4,1.18,,1.12,0.17,0.77,0.22,,,,,,,,,,,0.26,,,,,,,,,,,,,,,,,,,,,,,,,,,
Superior,"EXOGENOUS AND ENDOGENOUS CONSTRUCTION OF THE SUBAQUEOUS GLENWOOD FELSIC LAVA FLOW COMPLEX; ABITIBI GREENSTONE BELT, QUEBEC, CANADA",LM-08-34,BASALT,48.0,-79.0,2500.0,ARCHEAN,3850.0,2701.5,2702.9,2704.3,0.887701809,"EXOGENOUS AND ENDOGENOUS CONSTRUCTION OF THE SUBAQUEOUS GLENWOOD FELSIC LAVA FLOW COMPLEX; ABITIBI GREENSTONE BELT, QUEBEC, CANADA",ARCHEAN CRATON (INCLUDING GREENSTONE BELTS),Superior,,48.0,48.0,-79.0,-79.0,,,,LM-08-34,BASALT,2500000000.0,3850000000.0,PALEO,,,,,BASALT,,,,,WR,48.86,0.87,,16.88,,,,9.31,10.17,7.29,0.16,,0.12,2.57,0.24,,,,,,,,,,,,,,,,,,,,,,,,,,,,,,,,,,,,,,,,,,,,,,,,,,,,,,,,,,,,,15.37,79.0,4.76,,,,,,,,,,,,,,17.36,41.7,5.48,22.28,4.11,1.26,3.43,0.47,2.8,0.56,1.6,,1.46,0.22,1.83,0.2,,,,,,,,,,,1.11,,,,,,,,,,,,,,,,,,,,,,,,,,,
Superior,"EXOGENOUS AND ENDOGENOUS CONSTRUCTION OF THE SUBAQUEOUS GLENWOOD FELSIC LAVA FLOW COMPLEX; ABITIBI GREENSTONE BELT, QUEBEC, CANADA",LM-08-05,BASALT,48.0,-79.0,2500.0,ARCHEAN,3850.0,2701.5,2702.9,2704.3,0.003296994,"EXOGENOUS AND ENDOGENOUS CONSTRUCTION OF THE SUBAQUEOUS GLENWOOD FELSIC LAVA FLOW COMPLEX; ABITIBI GREENSTONE BELT, QUEBEC, CANADA",ARCHEAN CRATON (INCLUDING GREENSTONE BELTS),Superior,,48.0,48.0,-79.0,-79.0,,,,LM-08-05,BASALT,2500000000.0,3850000000.0,PALEO,,,,,BASALT,,,,,WR,49.83,1.13,,12.16,,,,10.45,7.42,5.67,0.19,,0.16,2.06,0.14,,,,,,,,,,,,,,,,,,,,,,,,,,,,,,,,,,,,,,,,,,,,,,,,,,,,,,,,,,,,,26.17,96.0,5.13,,,,,,,,,,,,,,6.65,16.7,2.37,11.28,3.2,1.15,3.77,0.66,4.4,0.93,2.86,,2.81,0.42,2.6,0.3,,,,,,,,,,,0.72,,,,,,,,,,,,,,,,,,,,,,,,,,,
Superior,"EXOGENOUS AND ENDOGENOUS CONSTRUCTION OF THE SUBAQUEOUS GLENWOOD FELSIC LAVA FLOW COMPLEX; ABITIBI GREENSTONE BELT, QUEBEC, CANADA",LM-08-27,BASALT,48.0,-79.0,2500.0,ARCHEAN,3850.0,2701.5,2702.9,2704.3,0.025894944,"EXOGENOUS AND ENDOGENOUS CONSTRUCTION OF THE SUBAQUEOUS GLENWOOD FELSIC LAVA FLOW COMPLEX; ABITIBI GREENSTONE BELT, QUEBEC, CANADA",ARCHEAN CRATON (INCLUDING GREENSTONE BELTS),Superior,,48.0,48.0,-79.0,-79.0,,,,LM-08-27,BASALT,2500000000.0,3850000000.0,PALEO,,,,,BASALT,,,,,WR,45.3,0.8,,13.83,,,,10.27,9.78,7.44,0.26,,0.59,1.3,0.07,,,,,,,,,,,,,,,,,,,,,,,,,,,,,,,,,,,,,,,,,,,,,,,,,,,,,,,,,,,,,15.75,42.0,2.18,,,,,,,,,,,,,,3.16,8.1,1.19,5.85,1.78,0.72,2.26,0.41,2.8,0.58,1.73,,1.63,0.25,1.19,0.0,,,,,,,,,,,0.21,,,,,,,,,,,,,,,,,,,,,,,,,,,
Superior,"EXOGENOUS AND ENDOGENOUS CONSTRUCTION OF THE SUBAQUEOUS GLENWOOD FELSIC LAVA FLOW COMPLEX; ABITIBI GREENSTONE BELT, QUEBEC, CANADA",LM-08-23,BASALT,48.0,-79.0,2500.0,ARCHEAN,3850.0,2701.5,2702.9,2704.3,0.002433598,"EXOGENOUS AND ENDOGENOUS CONSTRUCTION OF THE SUBAQUEOUS GLENWOOD FELSIC LAVA FLOW COMPLEX; ABITIBI GREENSTONE BELT, QUEBEC, CANADA",ARCHEAN CRATON (INCLUDING GREENSTONE BELTS),Superior,,48.0,48.0,-79.0,-79.0,,,,LM-08-23,BASALT,2500000000.0,3850000000.0,PALEO,,,,,BASALT,,,,,WR,46.61,0.93,,13.65,,,,10.59,10.8,7.17,0.26,,0.03,0.6,0.09,,,,,,,,,,,,,,,,,,,,,,,,,,,,,,,,,,,,,,,,,,,,,,,,,,,,,,,,,,,,,19.7,58.0,2.93,,,,,,,,,,,,,,3.93,10.1,1.52,7.28,2.24,0.84,2.82,0.5,3.3,0.73,2.19,,2.13,0.31,1.59,0.2,,,,,,,,,,,0.32,,,,,,,,,,,,,,,,,,,,,,,,,,,
Superior,"EXOGENOUS AND ENDOGENOUS CONSTRUCTION OF THE SUBAQUEOUS GLENWOOD FELSIC LAVA FLOW COMPLEX; ABITIBI GREENSTONE BELT, QUEBEC, CANADA",LM-08-25,BASALT,48.0,-79.0,2500.0,ARCHEAN,3850.0,2701.5,2702.9,2704.3,0.002718419,"EXOGENOUS AND ENDOGENOUS CONSTRUCTION OF THE SUBAQUEOUS GLENWOOD FELSIC LAVA FLOW COMPLEX; ABITIBI GREENSTONE BELT, QUEBEC, CANADA",ARCHEAN CRATON (INCLUDING GREENSTONE BELTS),Superior,,48.0,48.0,-79.0,-79.0,,,,LM-08-25,BASALT,2500000000.0,3850000000.0,PALEO,,,,,BASALT,,,,,WR,49.57,1.14,,13.5,,,,13.11,7.76,5.87,0.34,,0.03,0.48,0.11,,,,,,,,,,,,,,,,,,,,,,,,,,,,,,,,,,,,,,,,,,,,,,,,,,,,,,,,,,,,,24.62,79.0,4.19,,,,,,,,,,,,,,5.24,13.2,1.93,9.26,2.8,1.03,3.57,0.62,4.2,0.89,2.66,,2.59,0.38,2.14,0.3,,,,,,,,,,,0.49,,,,,,,,,,,,,,,,,,,,,,,,,,,
Superior,"EXOGENOUS AND ENDOGENOUS CONSTRUCTION OF THE SUBAQUEOUS GLENWOOD FELSIC LAVA FLOW COMPLEX; ABITIBI GREENSTONE BELT, QUEBEC, CANADA",LM-08-22,BASALT,48.0,-79.0,2500.0,ARCHEAN,3850.0,2701.5,2702.9,2704.3,0.792600036,"EXOGENOUS AND ENDOGENOUS CONSTRUCTION OF THE SUBAQUEOUS GLENWOOD FELSIC LAVA FLOW COMPLEX; ABITIBI GREENSTONE BELT, QUEBEC, CANADA",ARCHEAN CRATON (INCLUDING GREENSTONE BELTS),Superior,,48.0,48.0,-79.0,-79.0,,,,LM-08-22,BASALT,2500000000.0,3850000000.0,PALEO,,,,,BASALT,,,,,WR,47.33,0.88,,16.27,,,,8.82,9.07,6.39,0.27,,0.1,2.9,0.25,,,,,,,,,,,,,,,,,,,,,,,,,,,,,,,,,,,,,,,,,,,,,,,,,,,,,,,,,,,,,15.33,84.0,5.06,,,,,,,,,,,,,,17.34,41.7,5.48,22.18,4.04,1.22,3.31,0.46,2.8,0.54,1.52,,1.47,0.22,1.9,0.3,,,,,,,,,,,1.18,,,,,,,,,,,,,,,,,,,,,,,,,,,
Superior,"EXOGENOUS AND ENDOGENOUS CONSTRUCTION OF THE SUBAQUEOUS GLENWOOD FELSIC LAVA FLOW COMPLEX; ABITIBI GREENSTONE BELT, QUEBEC, CANADA",LM-09-02,BASALT,48.0,-79.0,2500.0,ARCHEAN,3850.0,2701.5,2702.9,2704.3,0.026454328,"EXOGENOUS AND ENDOGENOUS CONSTRUCTION OF THE SUBAQUEOUS GLENWOOD FELSIC LAVA FLOW COMPLEX; ABITIBI GREENSTONE BELT, QUEBEC, CANADA",ARCHEAN CRATON (INCLUDING GREENSTONE BELTS),Superior,,48.0,48.0,-79.0,-79.0,,,,LM-09-02,BASALT,2500000000.0,3850000000.0,PALEO,,,,,BASALT,,,,,WR,51.04,1.17,,12.88,,,,11.19,10.6,6.53,0.23,,0.12,1.76,0.1,,,,,,,,,,,,,,,,,,,,,,,,,,,,,,,,,,,,,,,,,,,,,,,,,,,,,,,,,,,,,24.07,72.0,3.89,,,,,,,,,,,,,,5.54,13.85,2.06,9.99,2.99,1.1,3.77,0.66,4.3,0.92,2.7,,2.66,0.4,2.11,0.48,,,,,,,,,,,0.47,,,,,,,,,,,,,,,,,,,,,,,,,,,
Superior,"EXOGENOUS AND ENDOGENOUS CONSTRUCTION OF THE SUBAQUEOUS GLENWOOD FELSIC LAVA FLOW COMPLEX; ABITIBI GREENSTONE BELT, QUEBEC, CANADA",LM-08-16,BASALT,48.0,-79.0,2500.0,ARCHEAN,3850.0,2701.5,2702.9,2704.3,0.052791376,"EXOGENOUS AND ENDOGENOUS CONSTRUCTION OF THE SUBAQUEOUS GLENWOOD FELSIC LAVA FLOW COMPLEX; ABITIBI GREENSTONE BELT, QUEBEC, CANADA",ARCHEAN CRATON (INCLUDING GREENSTONE BELTS),Superior,,48.0,48.0,-79.0,-79.0,,,,LM-08-16,BASALT,2500000000.0,3850000000.0,PALEO,,,,,BASALT,,,,,WR,49.06,1.31,,11.97,,,,10.38,10.08,2.93,0.21,,0.89,1.03,0.16,,,,,,,,,,,,,,,,,,,,,,,,,,,,,,,,,,,,,,,,,,,,,,,,,,,,,,,,,,,,,38.06,152.0,8.45,,,,,,,,,,,,,,11.62,28.2,3.98,18.37,5.07,1.37,5.74,1.0,6.6,1.38,4.16,,4.15,0.62,4.01,0.5,,,,,,,,,,,1.27,,,,,,,,,,,,,,,,,,,,,,,,,,,
Superior,"EXOGENOUS AND ENDOGENOUS CONSTRUCTION OF THE SUBAQUEOUS GLENWOOD FELSIC LAVA FLOW COMPLEX; ABITIBI GREENSTONE BELT, QUEBEC, CANADA",LM-08-28,BASALT,48.0,-79.0,2500.0,ARCHEAN,3850.0,2701.5,2702.9,2704.3,0.111905172,"EXOGENOUS AND ENDOGENOUS CONSTRUCTION OF THE SUBAQUEOUS GLENWOOD FELSIC LAVA FLOW COMPLEX; ABITIBI GREENSTONE BELT, QUEBEC, CANADA",ARCHEAN CRATON (INCLUDING GREENSTONE BELTS),Superior,,48.0,48.0,-79.0,-79.0,,,,LM-08-28,BASALT,2500000000.0,3850000000.0,PALEO,,,,,BASALT,,,,,WR,48.14,0.72,,17.69,,,,8.42,9.25,7.58,0.15,,0.47,3.06,0.18,,,,,,,,,,,,,,,,,,,,,,,,,,,,,,,,,,,,,,,,,,,,,,,,,,,,,,,,,,,,,9.14,78.0,5.23,,,,,,,,,,,,,,9.96,22.0,2.85,11.35,2.12,0.66,1.8,0.28,1.6,0.33,0.96,,0.88,0.13,1.78,0.3,,,,,,,,,,,0.97,,,,,,,,,,,,,,,,,,,,,,,,,,,
Superior,"EXOGENOUS AND ENDOGENOUS CONSTRUCTION OF THE SUBAQUEOUS GLENWOOD FELSIC LAVA FLOW COMPLEX; ABITIBI GREENSTONE BELT, QUEBEC, CANADA",LM-09-05,ANDESITE,48.0,-79.0,2500.0,ARCHEAN,3850.0,2701.5,2702.9,2704.3,0.004039468,"EXOGENOUS AND ENDOGENOUS CONSTRUCTION OF THE SUBAQUEOUS GLENWOOD FELSIC LAVA FLOW COMPLEX; ABITIBI GREENSTONE BELT, QUEBEC, CANADA",ARCHEAN CRATON (INCLUDING GREENSTONE BELTS),Superior,,48.0,48.0,-79.0,-79.0,,,,LM-09-05,ANDESITE,2500000000.0,3850000000.0,PALEO,,,,,ANDESITE,,,,,WR,52.16,1.24,,14.7,,,,9.57,8.84,5.81,0.18,,0.2,4.12,0.2,,,,,,,,,,,,,,,,,,,,,,,,,,,,,,,,,,,,,,,,,,,,,,,,,,,,,,,,,,,,,18.17,82.0,4.83,,,,,,,,,,,,,,9.17,21.93,3.1,13.69,3.21,1.08,3.46,0.53,3.37,0.69,2.03,,1.89,0.29,2.12,0.67,,,,,,,,,,,0.62,,,,,,,,,,,,,,,,,,,,,,,,,,,
Superior,"EXTREME ELEMENT MOBILITY DURING TRANSFORMATION OF NEOARCHEAN (CA. 2.7 GA) PILLOW BASALTS TO A PALEOPROTEROZOIC (CA. 1.9 GA) PALEOSOL, SCHREIBER BEACH, ONTARIO, CANADA",SC2007-33,BASALT,48.7947,-87.2948,2700.0,ARCHEAN,2700.0,2720.0,2735.0,2750.0,0.070392646,"EXTREME ELEMENT MOBILITY DURING TRANSFORMATION OF NEOARCHEAN (CA. 2.7 GA) PILLOW BASALTS TO A PALEOPROTEROZOIC (CA. 1.9 GA) PALEOSOL, SCHREIBER BEACH, ONTARIO, CANADA",ARCHEAN CRATON (INCLUDING GREENSTONE BELTS),Superior,,48.7947,48.7947,-87.2948,-87.2948,,,,SC2007-33,BASALT,2700000000.0,2700000000.0,PALEO,,,,,BASALT,,,,,WR,53.2,1.39,,14.0,,,,11.25,7.7,3.7,0.26,,0.31,2.22,0.186,,,,,,,,,,,,,,,,,,,,,,,,,,,,,,,,,,,,,,,,,,,,46.0,,351.0,155.0,,,57.0,99.0,127.0,123.0,18.2,,,,,10.7,101.0,27.9,88.0,3.55,,,,,,,,,,,,0.78,114.0,4.44,11.71,1.83,9.61,3.13,1.36,4.08,0.71,4.82,1.04,3.04,,2.94,0.45,2.4,0.23,,,,,,,,,0.7,,0.38,0.11,,,,,,,,,,,,,,,,,,,,,,,,,,
Superior,"EXTREME ELEMENT MOBILITY DURING TRANSFORMATION OF NEOARCHEAN (CA. 2.7 GA) PILLOW BASALTS TO A PALEOPROTEROZOIC (CA. 1.9 GA) PALEOSOL, SCHREIBER BEACH, ONTARIO, CANADA",SC2007-30,BASALT,48.7947,-87.2932,2700.0,ARCHEAN,2700.0,2720.0,2735.0,2750.0,0.722638905,"EXTREME ELEMENT MOBILITY DURING TRANSFORMATION OF NEOARCHEAN (CA. 2.7 GA) PILLOW BASALTS TO A PALEOPROTEROZOIC (CA. 1.9 GA) PALEOSOL, SCHREIBER BEACH, ONTARIO, CANADA",ARCHEAN CRATON (INCLUDING GREENSTONE BELTS),Superior,,48.7947,48.7947,-87.2932,-87.2932,,,,SC2007-30,BASALT,2700000000.0,2700000000.0,PALEO,,,,,BASALT,,,,,WR,46.9,1.15,,13.7,,,,14.58,10.5,3.7,0.39,,0.16,1.94,0.126,,,,,,,,,,,,,,,,,,,,,,,,,,,,,,,,,,,,,,,,,,,,44.0,,317.0,167.0,,,47.0,83.0,110.0,100.0,15.9,,,,,5.1,93.0,24.3,69.0,2.68,,,,,,,,,,,,0.26,60.0,4.06,10.29,1.59,8.22,2.64,0.89,3.52,0.62,4.12,0.89,2.73,,2.6,0.4,1.94,0.18,,,,,,,,,0.8,,0.29,0.09,,,,,,,,,,,,,,,,,,,,,,,,,,
Superior,"EXTREME ELEMENT MOBILITY DURING TRANSFORMATION OF NEOARCHEAN (CA. 2.7 GA) PILLOW BASALTS TO A PALEOPROTEROZOIC (CA. 1.9 GA) PALEOSOL, SCHREIBER BEACH, ONTARIO, CANADA",SC2007-20,BASALT,48.7947,-87.2948,2700.0,ARCHEAN,2700.0,2720.0,2735.0,2750.0,0.110147268,"EXTREME ELEMENT MOBILITY DURING TRANSFORMATION OF NEOARCHEAN (CA. 2.7 GA) PILLOW BASALTS TO A PALEOPROTEROZOIC (CA. 1.9 GA) PALEOSOL, SCHREIBER BEACH, ONTARIO, CANADA",ARCHEAN CRATON (INCLUDING GREENSTONE BELTS),Superior,,48.7947,48.7947,-87.2948,-87.2948,,,,SC2007-20,BASALT,2700000000.0,2700000000.0,PALEO,,,,,BASALT,,,,,WR,47.9,1.11,,13.4,,,,10.8,10.5,3.06,0.29,,0.22,2.55,0.09,,,,,,,,,,,,,,,,,,,,,,,,,,,,,,,,,,,,,,,,,,,,43.0,,310.0,168.0,,,52.0,107.0,112.0,111.0,16.5,,,,,9.39,134.0,22.4,70.0,2.74,,,,,,,,,,,,0.83,108.0,3.5,8.95,1.43,7.18,2.36,0.7,3.15,0.56,3.82,0.82,2.49,,2.44,0.38,1.94,0.18,,,,,,,,,1.3,,0.29,0.08,,,,,,,,,,,,,,,,,,,,,,,,,,
Superior,"EXTREME ELEMENT MOBILITY DURING TRANSFORMATION OF NEOARCHEAN (CA. 2.7 GA) PILLOW BASALTS TO A PALEOPROTEROZOIC (CA. 1.9 GA) PALEOSOL, SCHREIBER BEACH, ONTARIO, CANADA",SC2007-20,BASALT,48.7947,-87.2948,2700.0,ARCHEAN,2700.0,2720.0,2735.0,2750.0,0.999930263,"EXTREME ELEMENT MOBILITY DURING TRANSFORMATION OF NEOARCHEAN (CA. 2.7 GA) PILLOW BASALTS TO A PALEOPROTEROZOIC (CA. 1.9 GA) PALEOSOL, SCHREIBER BEACH, ONTARIO, CANADA",ARCHEAN CRATON (INCLUDING GREENSTONE BELTS),Superior,,48.7947,48.7947,-87.2948,-87.2948,,,,SC2007-20,BASALT,2700000000.0,2700000000.0,PALEO,,,,,BASALT,,,,,WR,47.8,1.11,,13.3,,,,10.89,10.5,3.07,0.29,,0.23,2.55,0.08,,,,,,,,,,,,,,,,,,,,,,,,,,,,,,,,,,,,,,,,,,,,,,,,,,,,,,,,,,,,,,,,,,,,,,,,,,,,,,,,,,,,,,,,,,,,,,,,,,,,,,,,,,,,,,,,,,,,,,,,,,,,,,,,,,
Superior,"EXTREME ELEMENT MOBILITY DURING TRANSFORMATION OF NEOARCHEAN (CA. 2.7 GA) PILLOW BASALTS TO A PALEOPROTEROZOIC (CA. 1.9 GA) PALEOSOL, SCHREIBER BEACH, ONTARIO, CANADA",SC2007-31,BASALT,48.7947,-87.2941,2700.0,ARCHEAN,2700.0,2720.0,2735.0,2750.0,0.36262992,"EXTREME ELEMENT MOBILITY DURING TRANSFORMATION OF NEOARCHEAN (CA. 2.7 GA) PILLOW BASALTS TO A PALEOPROTEROZOIC (CA. 1.9 GA) PALEOSOL, SCHREIBER BEACH, ONTARIO, CANADA",ARCHEAN CRATON (INCLUDING GREENSTONE BELTS),Superior,,48.7947,48.7947,-87.2941,-87.2941,,,,SC2007-31,BASALT,2700000000.0,2700000000.0,PALEO,,,,,BASALT,,,,,WR,47.4,1.16,,13.6,,,,13.95,9.1,4.0,0.36,,0.65,2.04,0.126,,,,,,,,,,,,,,,,,,,,,,,,,,,,,,,,,,,,,,,,,,,,44.0,,307.0,160.0,,,60.0,115.0,120.0,125.0,16.4,,,,,19.7,95.0,26.0,70.0,2.93,,,,,,,,,,,,0.47,184.0,4.47,11.53,1.81,9.41,3.02,1.15,3.79,0.68,4.58,0.97,2.93,,2.91,0.44,1.95,0.19,,,,,,,,,0.6,,0.31,0.1,,,,,,,,,,,,,,,,,,,,,,,,,,
Superior,"EXTREME ELEMENT MOBILITY DURING TRANSFORMATION OF NEOARCHEAN (CA. 2.7 GA) PILLOW BASALTS TO A PALEOPROTEROZOIC (CA. 1.9 GA) PALEOSOL, SCHREIBER BEACH, ONTARIO, CANADA",SC2007-04,BASALT,48.7964,-87.3053,2700.0,ARCHEAN,2700.0,2720.0,2735.0,2750.0,0.955063581,"EXTREME ELEMENT MOBILITY DURING TRANSFORMATION OF NEOARCHEAN (CA. 2.7 GA) PILLOW BASALTS TO A PALEOPROTEROZOIC (CA. 1.9 GA) PALEOSOL, SCHREIBER BEACH, ONTARIO, CANADA",ARCHEAN CRATON (INCLUDING GREENSTONE BELTS),Superior,,48.7964,48.7964,-87.3053,-87.3053,,,,SC2007-04,BASALT,2700000000.0,2700000000.0,PALEO,,,,,BASALT,,,,,WR,48.77,0.26,,9.0,,,,23.93,3.73,3.73,0.13,,0.06,0.01,0.1,,,,,,,,,,,,,,,,,,,,,,,,,,,,,,,,,,,,,,,,,,,,26.0,,651.0,82.0,,,55.0,95.0,8.0,103.0,21.7,,,,,1.12,47.5,91.7,29.0,1.03,,,,,,,,,,,,0.27,31.0,22.0,51.95,7.4,33.91,8.59,2.63,10.48,1.95,14.77,3.35,9.54,,6.7,0.92,0.81,0.06,,,,,,,,,1.2,,0.34,0.14,,,,,,,,,,,,,,,,,,,,,,,,,,
Superior,"EXTREME ELEMENT MOBILITY DURING TRANSFORMATION OF NEOARCHEAN (CA. 2.7 GA) PILLOW BASALTS TO A PALEOPROTEROZOIC (CA. 1.9 GA) PALEOSOL, SCHREIBER BEACH, ONTARIO, CANADA",SC2008-20,BASALT,48.7965,-87.3062,2700.0,ARCHEAN,2700.0,2720.0,2735.0,2750.0,0.127615646,"EXTREME ELEMENT MOBILITY DURING TRANSFORMATION OF NEOARCHEAN (CA. 2.7 GA) PILLOW BASALTS TO A PALEOPROTEROZOIC (CA. 1.9 GA) PALEOSOL, SCHREIBER BEACH, ONTARIO, CANADA",ARCHEAN CRATON (INCLUDING GREENSTONE BELTS),Superior,,48.7965,48.7965,-87.3062,-87.3062,,,,SC2008-20,BASALT,2700000000.0,2700000000.0,PALEO,,,,,BASALT,,,,,WR,51.5,1.28,,12.6,,,,19.08,1.4,3.6,0.06,,2.25,0.18,0.27,,,,,,,,,,,,,,,,,,,,,,,,,,,,,,,,,,,,,,,,,,,,35.0,,300.0,289.0,,,37.0,125.0,2547.0,96.0,17.0,,,,,44.0,32.0,70.0,165.0,4.31,,,,,,,,,,,,2.6,204.0,7.98,23.09,3.39,17.82,5.96,2.17,8.52,1.62,11.74,2.5,7.5,,6.32,0.91,4.35,0.3,,,,,,,,,1.4,,2.43,0.37,,,,,,,,,,,,,,,,,,,,,,,,,,
Superior,"EXTREME ELEMENT MOBILITY DURING TRANSFORMATION OF NEOARCHEAN (CA. 2.7 GA) PILLOW BASALTS TO A PALEOPROTEROZOIC (CA. 1.9 GA) PALEOSOL, SCHREIBER BEACH, ONTARIO, CANADA",SC2008-22,BASALT,48.7966,-87.3059,2700.0,ARCHEAN,2700.0,2720.0,2735.0,2750.0,0.031613346,"EXTREME ELEMENT MOBILITY DURING TRANSFORMATION OF NEOARCHEAN (CA. 2.7 GA) PILLOW BASALTS TO A PALEOPROTEROZOIC (CA. 1.9 GA) PALEOSOL, SCHREIBER BEACH, ONTARIO, CANADA",ARCHEAN CRATON (INCLUDING GREENSTONE BELTS),Superior,,48.7966,48.7966,-87.3059,-87.3059,,,,SC2008-22,BASALT,2700000000.0,2700000000.0,PALEO,,,,,BASALT,,,,,WR,50.4,0.97,,12.5,,,,22.95,0.27,4.5,0.06,,0.66,0.09,0.16,,,,,,,,,,,,,,,,,,,,,,,,,,,,,,,,,,,,,,,,,,,,40.0,,200.0,153.0,,,39.0,130.0,12.0,119.0,19.6,,,,,35.1,7.0,18.88,59.0,2.4,,,,,,,,,,,,4.8,26.0,4.54,11.03,1.7,8.68,2.61,0.88,3.45,0.56,3.65,0.75,2.23,,2.01,0.32,1.7,0.16,,,,,,,,,0.6,,0.27,0.17,,,,,,,,,,,,,,,,,,,,,,,,,,
Superior,"EXTREME ELEMENT MOBILITY DURING TRANSFORMATION OF NEOARCHEAN (CA. 2.7 GA) PILLOW BASALTS TO A PALEOPROTEROZOIC (CA. 1.9 GA) PALEOSOL, SCHREIBER BEACH, ONTARIO, CANADA",SC2008-14,BASALT,48.7949,-87.2951,2700.0,ARCHEAN,2700.0,2720.0,2735.0,2750.0,0.023971662,"EXTREME ELEMENT MOBILITY DURING TRANSFORMATION OF NEOARCHEAN (CA. 2.7 GA) PILLOW BASALTS TO A PALEOPROTEROZOIC (CA. 1.9 GA) PALEOSOL, SCHREIBER BEACH, ONTARIO, CANADA",ARCHEAN CRATON (INCLUDING GREENSTONE BELTS),Superior,,48.7949,48.7949,-87.2951,-87.2951,,,,SC2008-14,BASALT,2700000000.0,2700000000.0,PALEO,,,,,BASALT,,,,,WR,47.4,1.27,,14.8,,,,12.42,10.1,4.2,0.33,,0.28,2.65,0.125,,,,,,,,,,,,,,,,,,,,,,,,,,,,,,,,,,,,,,,,,,,,50.0,,345.0,180.0,,,62.0,116.0,125.0,136.0,17.8,,,,,9.6,87.0,26.8,75.0,3.05,,,,,,,,,,,,0.55,88.0,4.28,11.49,1.83,9.39,3.09,1.14,4.08,0.7,4.8,1.03,3.06,,2.97,0.46,2.16,0.2,,,,,,,,,1.0,,0.33,0.09,,,,,,,,,,,,,,,,,,,,,,,,,,
Superior,"EXTREME ELEMENT MOBILITY DURING TRANSFORMATION OF NEOARCHEAN (CA. 2.7 GA) PILLOW BASALTS TO A PALEOPROTEROZOIC (CA. 1.9 GA) PALEOSOL, SCHREIBER BEACH, ONTARIO, CANADA",SC2008-15,BASALT,48.7949,-87.295,2700.0,ARCHEAN,2700.0,2720.0,2735.0,2750.0,0.014797645,"EXTREME ELEMENT MOBILITY DURING TRANSFORMATION OF NEOARCHEAN (CA. 2.7 GA) PILLOW BASALTS TO A PALEOPROTEROZOIC (CA. 1.9 GA) PALEOSOL, SCHREIBER BEACH, ONTARIO, CANADA",ARCHEAN CRATON (INCLUDING GREENSTONE BELTS),Superior,,48.7949,48.7949,-87.295,-87.295,,,,SC2008-15,BASALT,2700000000.0,2700000000.0,PALEO,,,,,BASALT,,,,,WR,50.7,1.26,,14.6,,,,10.89,8.9,3.3,0.3,,0.3,2.98,0.125,,,,,,,,,,,,,,,,,,,,,,,,,,,,,,,,,,,,,,,,,,,,48.0,,335.0,174.0,,,53.0,109.0,98.0,117.0,17.6,,,,,9.6,106.0,25.7,75.0,3.04,,,,,,,,,,,,0.54,85.0,3.98,10.71,1.72,8.77,2.85,1.01,3.82,0.65,4.53,0.96,2.88,,2.84,0.44,2.13,0.2,,,,,,,,,0.6,,0.32,0.09,,,,,,,,,,,,,,,,,,,,,,,,,,
Superior,"EXTREME ELEMENT MOBILITY DURING TRANSFORMATION OF NEOARCHEAN (CA. 2.7 GA) PILLOW BASALTS TO A PALEOPROTEROZOIC (CA. 1.9 GA) PALEOSOL, SCHREIBER BEACH, ONTARIO, CANADA",SC2007-29,BASALT,48.7946,-87.2929,2700.0,ARCHEAN,2700.0,2720.0,2735.0,2750.0,0.027202768,"EXTREME ELEMENT MOBILITY DURING TRANSFORMATION OF NEOARCHEAN (CA. 2.7 GA) PILLOW BASALTS TO A PALEOPROTEROZOIC (CA. 1.9 GA) PALEOSOL, SCHREIBER BEACH, ONTARIO, CANADA",ARCHEAN CRATON (INCLUDING GREENSTONE BELTS),Superior,,48.7946,48.7946,-87.2929,-87.2929,,,,SC2007-29,BASALT,2700000000.0,2700000000.0,PALEO,,,,,BASALT,,,,,WR,50.6,1.32,,15.2,,,,11.79,8.2,3.4,0.29,,0.42,2.59,0.156,,,,,,,,,,,,,,,,,,,,,,,,,,,,,,,,,,,,,,,,,,,,49.0,,357.0,189.0,,,50.0,121.0,116.0,104.0,18.5,,,,,16.1,143.0,25.4,78.0,3.07,,,,,,,,,,,,1.49,103.0,4.43,11.65,1.82,9.22,2.94,1.06,3.91,0.68,4.58,0.98,2.87,,2.75,0.41,2.21,0.2,,,,,,,,,1.3,,0.33,0.1,,,,,,,,,,,,,,,,,,,,,,,,,,
Superior,"GENESIS OF ARCHEAN KOMATIITES FROM MUNRO TOWNSHIP, ONTARIO: TRACE-ELEMENT EVIDENCE",158,THOLEIITE,48.2,-80.1,2500.0,ARCHEAN,3850.0,2700.0,2720.0,2740.0,0.999856591,"GENESIS OF ARCHEAN KOMATIITES FROM MUNRO TOWNSHIP, ONTARIO: TRACE-ELEMENT EVIDENCE",ARCHEAN CRATON (INCLUDING GREENSTONE BELTS),Superior,,48.2,48.2,-80.1,-80.1,,,,158,THOLEIITE,2500000000.0,3850000000.0,PALEO,,,,,THOLEIITE,,,,,WR,50.4,1.14,,9.5,,,,12.8,10.2,9.1,0.02,,0.03,3.8,,,,,,,,,,,,,,,,,,,,,,,,,,,,,,,,,,,,,,,,,,,,,28.0,,,,,,,,,,,,,,,,,,,,,,,,,,,,,,,,,,22.4,,16.8,5.03,1.78,,,5.54,,2.95,,2.61,0.419,,,,,,,,,,,,,,,,,,,,,,,,,,,,,,,,,,,,,,,,
Superior,"GENESIS OF ARCHEAN KOMATIITES FROM MUNRO TOWNSHIP, ONTARIO: TRACE-ELEMENT EVIDENCE",195,THOLEIITE,48.2,-80.1,2500.0,ARCHEAN,3850.0,2700.0,2720.0,2740.0,0.943174183,"GENESIS OF ARCHEAN KOMATIITES FROM MUNRO TOWNSHIP, ONTARIO: TRACE-ELEMENT EVIDENCE",ARCHEAN CRATON (INCLUDING GREENSTONE BELTS),Superior,,48.2,48.2,-80.1,-80.1,,,,195,THOLEIITE,2500000000.0,3850000000.0,PALEO,,,,,THOLEIITE,,,,,WR,48.6,1.51,,12.0,,,,14.52,9.4,4.67,0.21,,0.05,4.6,,,,,,,,,,,,,,,,,,,,,,,,,,,,,,,,,,,,,,,,,,,,,21.0,,,,,,,,,,,,,,,1.0,67.0,,,,,,,,,,,,,,,,20.0,,20.3,,14.0,3.99,1.41,4.4,,4.49,,2.51,,2.42,0.374,,,,,,,,,,,,,,,,,,,,,,,,,,,,,,,,,,,,,,,,
Superior,"GEOCHEMICAL CHARACTERISTICS OF ALUMINUM DEPLETED AND UNDEPLETED KOMATIITES AND HREE-ENRICHED LOW-TI THOLEIITES, WESTERN ABITIBI GREENSTONE BELT: A HETEROGENEOUS MANTLE PLUME-CONVERGENT MARGIN ENVIRONMENT",T5,BASALT,48.47,-81.4,2500.0,ARCHEAN,3850.0,2703.0,2706.5,2710.0,0.206141666,"GEOCHEMICAL CHARACTERISTICS OF ALUMINUM DEPLETED AND UNDEPLETED KOMATIITES AND HREE-ENRICHED LOW-TI THOLEIITES, WESTERN ABITIBI GREENSTONE BELT: A HETEROGENEOUS MANTLE PLUME-CONVERGENT MARGIN ENVIRONMENT",ARCHEAN CRATON (INCLUDING GREENSTONE BELTS),Superior,,48.47,48.47,-81.4,-81.4,,,,T5,BASALT,2500000000.0,3850000000.0,PALEO,,,,,BASALT,,,,,WR,53.1,0.33,,16.1,,,,11.25,7.75,6.11,0.314,,0.063,2.7,0.073,,,,,,,,,,,,,,,,,,,,,,,,,,,,,,,,,,,,,,,,,,,,59.7,,321.0,96.6,,,53.0,106.0,,,,,,,,0.322,85.3,24.2,45.9,2.0,,,,,,,,,,,,,19.5,2.46,6.63,0.967,4.76,1.57,0.528,2.13,0.458,3.72,0.939,3.07,,3.72,0.593,1.27,,,,,,,,,,,,0.281,0.073,,,,,,,,,,,,,,,,,,,,,,,,,,
Superior,"GEOCHEMICAL CHARACTERISTICS OF ALUMINUM DEPLETED AND UNDEPLETED KOMATIITES AND HREE-ENRICHED LOW-TI THOLEIITES, WESTERN ABITIBI GREENSTONE BELT: A HETEROGENEOUS MANTLE PLUME-CONVERGENT MARGIN ENVIRONMENT",B7,BASALT,48.47,-81.4,2700.0,ARCHEAN,2700.0,2703.0,2706.5,2710.0,0.117734745,"GEOCHEMICAL CHARACTERISTICS OF ALUMINUM DEPLETED AND UNDEPLETED KOMATIITES AND HREE-ENRICHED LOW-TI THOLEIITES, WESTERN ABITIBI GREENSTONE BELT: A HETEROGENEOUS MANTLE PLUME-CONVERGENT MARGIN ENVIRONMENT",ARCHEAN CRATON (INCLUDING GREENSTONE BELTS),Superior,,48.47,48.47,-81.4,-81.4,,,,B7,BASALT,2700000000.0,2700000000.0,PALEO,,,,,BASALT,,,,,WR,53.6,0.33,,16.3,,,,12.33,7.92,5.97,0.304,,0.042,2.5,0.063,,,,,,,,,,,,,,,,,,,,,,,,,,,,,,,,,,,,,,,,,,,,58.0,,307.0,32.1,,,38.0,112.0,,,,,,,,0.259,87.4,21.9,43.1,1.94,,,,,,,,,,,,,18.3,2.2,5.94,0.858,4.25,1.4,0.464,1.92,0.413,3.33,0.842,2.78,,3.39,0.555,1.19,,,,,,,,,,,,0.264,0.072,,,,,,,,,,,,,,,,,,,,,,,,,,
Superior,"GEOCHEMICAL CHARACTERISTICS OF ALUMINUM DEPLETED AND UNDEPLETED KOMATIITES AND HREE-ENRICHED LOW-TI THOLEIITES, WESTERN ABITIBI GREENSTONE BELT: A HETEROGENEOUS MANTLE PLUME-CONVERGENT MARGIN ENVIRONMENT",T14,BASALT,48.47,-81.4,2500.0,ARCHEAN,3850.0,2703.0,2706.5,2710.0,0.009888769,"GEOCHEMICAL CHARACTERISTICS OF ALUMINUM DEPLETED AND UNDEPLETED KOMATIITES AND HREE-ENRICHED LOW-TI THOLEIITES, WESTERN ABITIBI GREENSTONE BELT: A HETEROGENEOUS MANTLE PLUME-CONVERGENT MARGIN ENVIRONMENT",ARCHEAN CRATON (INCLUDING GREENSTONE BELTS),Superior,,48.47,48.47,-81.4,-81.4,,,,T14,BASALT,2500000000.0,3850000000.0,PALEO,,,,,BASALT,,,,,WR,53.6,0.33,,16.2,,,,10.17,9.11,6.72,0.21,,0.031,1.66,0.073,,,,,,,,,,,,,,,,,,,,,,,,,,,,,,,,,,,,,,,,,,,,49.7,,250.0,211.0,,,60.0,141.0,,,,,,,,0.332,56.6,23.0,42.5,2.04,,,,,,,,,,,,,14.2,2.44,6.25,0.894,4.71,1.6,0.664,2.31,0.469,3.71,0.973,3.2,,3.8,0.606,1.27,,,,,,,,,,,,0.225,0.052,,,,,,,,,,,,,,,,,,,,,,,,,,
Superior,"GEOCHEMICAL CHARACTERISTICS OF ALUMINUM DEPLETED AND UNDEPLETED KOMATIITES AND HREE-ENRICHED LOW-TI THOLEIITES, WESTERN ABITIBI GREENSTONE BELT: A HETEROGENEOUS MANTLE PLUME-CONVERGENT MARGIN ENVIRONMENT",T2,BASALT,48.47,-81.4,2500.0,ARCHEAN,3850.0,2703.0,2706.5,2710.0,0.010438414,"GEOCHEMICAL CHARACTERISTICS OF ALUMINUM DEPLETED AND UNDEPLETED KOMATIITES AND HREE-ENRICHED LOW-TI THOLEIITES, WESTERN ABITIBI GREENSTONE BELT: A HETEROGENEOUS MANTLE PLUME-CONVERGENT MARGIN ENVIRONMENT",ARCHEAN CRATON (INCLUDING GREENSTONE BELTS),Superior,,48.47,48.47,-81.4,-81.4,,,,T2,BASALT,2500000000.0,3850000000.0,PALEO,,,,,BASALT,,,,,WR,52.6,0.33,,14.4,,,,9.99,11.7,4.23,0.262,,0.098,3.9,0.109,,,,,,,,,,,,,,,,,,,,,,,,,,,,,,,,,,,,,,,,,,,,44.9,,376.0,220.0,,,53.0,91.2,,,,,,,,1.17,101.0,30.3,78.5,3.39,,,,,,,,,,,,,39.9,4.1,11.3,1.68,8.81,2.98,0.91,4.19,0.754,5.77,1.29,3.94,,4.03,0.643,2.35,,,,,,,,,,,,0.377,0.087,,,,,,,,,,,,,,,,,,,,,,,,,,
Superior,"GEOCHEMICAL CHARACTERISTICS OF ALUMINUM DEPLETED AND UNDEPLETED KOMATIITES AND HREE-ENRICHED LOW-TI THOLEIITES, WESTERN ABITIBI GREENSTONE BELT: A HETEROGENEOUS MANTLE PLUME-CONVERGENT MARGIN ENVIRONMENT",T12,BASALT,48.47,-81.4,2700.0,ARCHEAN,2700.0,2703.0,2706.5,2710.0,0.659880996,"GEOCHEMICAL CHARACTERISTICS OF ALUMINUM DEPLETED AND UNDEPLETED KOMATIITES AND HREE-ENRICHED LOW-TI THOLEIITES, WESTERN ABITIBI GREENSTONE BELT: A HETEROGENEOUS MANTLE PLUME-CONVERGENT MARGIN ENVIRONMENT",ARCHEAN CRATON (INCLUDING GREENSTONE BELTS),Superior,,48.47,48.47,-81.4,-81.4,,,,T12,BASALT,2700000000.0,2700000000.0,PALEO,,,,,BASALT,,,,,WR,49.4,0.33,,16.0,,,,10.89,12.3,6.57,0.432,,0.054,2.02,0.065,,,,,,,,,,,,,,,,,,,,,,,,,,,,,,,,,,,,,,,,,,,,47.2,,227.0,193.0,,,46.0,172.0,,,,,,,,0.129,30.8,24.0,40.0,1.76,,,,,,,,,,,,,12.4,1.77,5.26,0.776,4.18,1.5,0.506,2.28,0.464,3.87,0.974,3.39,,4.39,0.694,1.26,,,,,,,,,,,,0.221,0.054,,,,,,,,,,,,,,,,,,,,,,,,,,
Superior,"GEOCHEMICAL CHARACTERISTICS OF ALUMINUM DEPLETED AND UNDEPLETED KOMATIITES AND HREE-ENRICHED LOW-TI THOLEIITES, WESTERN ABITIBI GREENSTONE BELT: A HETEROGENEOUS MANTLE PLUME-CONVERGENT MARGIN ENVIRONMENT",B6,BASALT,48.47,-81.4,2700.0,ARCHEAN,2700.0,2703.0,2706.5,2710.0,0.094225287,"GEOCHEMICAL CHARACTERISTICS OF ALUMINUM DEPLETED AND UNDEPLETED KOMATIITES AND HREE-ENRICHED LOW-TI THOLEIITES, WESTERN ABITIBI GREENSTONE BELT: A HETEROGENEOUS MANTLE PLUME-CONVERGENT MARGIN ENVIRONMENT",ARCHEAN CRATON (INCLUDING GREENSTONE BELTS),Superior,,48.47,48.47,-81.4,-81.4,,,,B6,BASALT,2700000000.0,2700000000.0,PALEO,,,,,BASALT,,,,,WR,52.2,0.33,,9.38,,,,9.99,11.4,13.0,0.224,,0.032,2.83,0.043,,,,,,,,,,,,,,,,,,,,,,,,,,,,,,,,,,,,,,,,,,,,36.4,,203.0,2995.0,,,83.0,848.0,,,,,,,,0.307,80.6,11.6,27.2,0.978,,,,,,,,,,,,,17.8,1.2,3.45,0.538,3.25,1.21,0.538,1.79,0.333,2.13,0.455,1.31,,1.29,0.179,0.872,,,,,,,,,,,,0.095,0.021,,,,,,,,,,,,,,,,,,,,,,,,,,
Superior,"GEOCHEMICAL CHARACTERISTICS OF ALUMINUM DEPLETED AND UNDEPLETED KOMATIITES AND HREE-ENRICHED LOW-TI THOLEIITES, WESTERN ABITIBI GREENSTONE BELT: A HETEROGENEOUS MANTLE PLUME-CONVERGENT MARGIN ENVIRONMENT",T10,BASALT,48.47,-81.4,2700.0,ARCHEAN,2700.0,2703.0,2706.5,2710.0,0.073539414,"GEOCHEMICAL CHARACTERISTICS OF ALUMINUM DEPLETED AND UNDEPLETED KOMATIITES AND HREE-ENRICHED LOW-TI THOLEIITES, WESTERN ABITIBI GREENSTONE BELT: A HETEROGENEOUS MANTLE PLUME-CONVERGENT MARGIN ENVIRONMENT",ARCHEAN CRATON (INCLUDING GREENSTONE BELTS),Superior,,48.47,48.47,-81.4,-81.4,,,,T10,BASALT,2700000000.0,2700000000.0,PALEO,,,,,BASALT,,,,,WR,52.3,0.33,,9.36,,,,9.54,9.99,13.7,0.222,,0.021,2.87,0.053,,,,,,,,,,,,,,,,,,,,,,,,,,,,,,,,,,,,,,,,,,,,37.8,,226.0,3247.0,,,96.0,881.0,,,,,,,,0.378,60.5,12.2,28.1,0.89,,,,,,,,,,,,,35.6,1.02,3.32,0.552,3.0,1.21,0.491,1.75,0.324,2.25,0.481,1.35,,1.23,0.176,0.803,,,,,,,,,,,,0.085,0.021,,,,,,,,,,,,,,,,,,,,,,,,,,
Superior,"GEOCHEMICAL CHARACTERISTICS OF ALUMINUM DEPLETED AND UNDEPLETED KOMATIITES AND HREE-ENRICHED LOW-TI THOLEIITES, WESTERN ABITIBI GREENSTONE BELT: A HETEROGENEOUS MANTLE PLUME-CONVERGENT MARGIN ENVIRONMENT",T7,BASALT,48.47,-81.4,2700.0,ARCHEAN,2700.0,2703.0,2706.5,2710.0,0.075024888,"GEOCHEMICAL CHARACTERISTICS OF ALUMINUM DEPLETED AND UNDEPLETED KOMATIITES AND HREE-ENRICHED LOW-TI THOLEIITES, WESTERN ABITIBI GREENSTONE BELT: A HETEROGENEOUS MANTLE PLUME-CONVERGENT MARGIN ENVIRONMENT",ARCHEAN CRATON (INCLUDING GREENSTONE BELTS),Superior,,48.47,48.47,-81.4,-81.4,,,,T7,BASALT,2700000000.0,2700000000.0,PALEO,,,,,BASALT,,,,,WR,49.9,0.33,,8.58,,,,10.71,10.5,16.1,0.288,,0.011,1.62,0.053,,,,,,,,,,,,,,,,,,,,,,,,,,,,,,,,,,,,,,,,,,,,32.9,,220.0,2952.0,,,92.0,942.0,,,,,,,,0.159,44.3,11.2,26.0,1.06,,,,,,,,,,,,,11.2,1.09,3.31,0.542,3.09,1.16,0.514,1.64,0.304,2.07,0.457,1.19,,1.15,0.174,0.787,,,,,,,,,,,,0.086,0.021,,,,,,,,,,,,,,,,,,,,,,,,,,
Superior,"GEOCHEMICAL DIVERSITY IN OCEANIC KOMATIITES AND BASALTS FROM THE LATE ARCHEAN WAWA GREENSTONE BELTS, SUPERIOR PROVINCE, CANADA: TRACE ELEMENT AND ND ISOTOPE EVIDENCE FOR A HETEROGENEOUS MANTLE",DH95-3,BASALT,48.8,-85.0,2500.0,ARCHEAN,3850.0,2700.0,2725.0,2750.0,0.019764122,"GEOCHEMICAL DIVERSITY IN OCEANIC KOMATIITES AND BASALTS FROM THE LATE ARCHEAN WAWA GREENSTONE BELTS, SUPERIOR PROVINCE, CANADA: TRACE ELEMENT AND ND ISOTOPE EVIDENCE FOR A HETEROGENEOUS MANTLE",ARCHEAN CRATON (INCLUDING GREENSTONE BELTS),Superior,,48.8,48.8,-85.0,-85.0,,,,DH95-3,BASALT,2500000000.0,3850000000.0,PALEO,,,,,BASALT,,,,,WR,48.31,0.33,,13.33,,,,11.17,11.9,11.8,0.19,,0.07,1.29,0.04,,,,,,,,,,,,,,,,,,,,,,,,,,,,,,,,,,,,,,,,,,,,40.0,,266.0,881.0,,,78.0,277.0,,,,,,,,,,16.6,36.0,1.56,,,,,,,,,,,,,,1.43,4.39,0.72,4.07,1.57,0.572,2.1,0.361,2.55,0.572,1.68,,1.57,0.261,1.05,0.1,,,,,,,,,,,0.19,,,,,,,,,,,,,,,,,,,,,,,,,,,
Superior,"GEOCHEMICAL DIVERSITY IN OCEANIC KOMATIITES AND BASALTS FROM THE LATE ARCHEAN WAWA GREENSTONE BELTS, SUPERIOR PROVINCE, CANADA: TRACE ELEMENT AND ND ISOTOPE EVIDENCE FOR A HETEROGENEOUS MANTLE",DH95-4,BASALT,48.8,-85.0,2500.0,ARCHEAN,3850.0,2700.0,2725.0,2750.0,0.004397469,"GEOCHEMICAL DIVERSITY IN OCEANIC KOMATIITES AND BASALTS FROM THE LATE ARCHEAN WAWA GREENSTONE BELTS, SUPERIOR PROVINCE, CANADA: TRACE ELEMENT AND ND ISOTOPE EVIDENCE FOR A HETEROGENEOUS MANTLE",ARCHEAN CRATON (INCLUDING GREENSTONE BELTS),Superior,,48.8,48.8,-85.0,-85.0,,,,DH95-4,BASALT,2500000000.0,3850000000.0,PALEO,,,,,BASALT,,,,,WR,49.46,0.33,,15.28,,,,13.21,10.66,6.18,0.2,,0.15,2.08,0.08,,,,,,,,,,,,,,,,,,,,,,,,,,,,,,,,,,,,,,,,,,,,41.0,,326.0,194.0,,,60.0,76.0,,,,,,,,,,27.2,68.0,4.22,,,,,,,,,,,,,,3.7,10.4,1.64,8.91,3.15,1.093,4.2,0.712,4.95,1.093,3.11,,3.17,0.511,2.11,0.24,,,,,,,,,,,0.38,,,,,,,,,,,,,,,,,,,,,,,,,,,
Superior,"GEOCHEMICAL DIVERSITY IN OCEANIC KOMATIITES AND BASALTS FROM THE LATE ARCHEAN WAWA GREENSTONE BELTS, SUPERIOR PROVINCE, CANADA: TRACE ELEMENT AND ND ISOTOPE EVIDENCE FOR A HETEROGENEOUS MANTLE",DH95-6,BASALT,48.8,-85.0,2500.0,ARCHEAN,3850.0,2700.0,2725.0,2750.0,0.008353594,"GEOCHEMICAL DIVERSITY IN OCEANIC KOMATIITES AND BASALTS FROM THE LATE ARCHEAN WAWA GREENSTONE BELTS, SUPERIOR PROVINCE, CANADA: TRACE ELEMENT AND ND ISOTOPE EVIDENCE FOR A HETEROGENEOUS MANTLE",ARCHEAN CRATON (INCLUDING GREENSTONE BELTS),Superior,,48.8,48.8,-85.0,-85.0,,,,DH95-6,BASALT,2500000000.0,3850000000.0,PALEO,,,,,BASALT,,,,,WR,48.42,0.33,,14.54,,,,13.82,9.75,7.42,0.25,,0.61,2.58,0.07,,,,,,,,,,,,,,,,,,,,,,,,,,,,,,,,,,,,,,,,,,,,54.0,,339.0,161.0,,,71.0,64.0,,,,,,,,,,21.6,65.0,2.98,,,,,,,,,,,,,,3.85,10.46,1.55,7.94,2.52,0.839,3.2,0.566,3.86,0.859,2.5,,2.38,0.364,1.88,0.18,,,,,,,,,,,0.33,,,,,,,,,,,,,,,,,,,,,,,,,,,
Superior,"GEOCHEMICAL DIVERSITY IN OCEANIC KOMATIITES AND BASALTS FROM THE LATE ARCHEAN WAWA GREENSTONE BELTS, SUPERIOR PROVINCE, CANADA: TRACE ELEMENT AND ND ISOTOPE EVIDENCE FOR A HETEROGENEOUS MANTLE",DH95-7,BASALT,48.8,-85.0,2500.0,ARCHEAN,3850.0,2700.0,2725.0,2750.0,0.003594417,"GEOCHEMICAL DIVERSITY IN OCEANIC KOMATIITES AND BASALTS FROM THE LATE ARCHEAN WAWA GREENSTONE BELTS, SUPERIOR PROVINCE, CANADA: TRACE ELEMENT AND ND ISOTOPE EVIDENCE FOR A HETEROGENEOUS MANTLE",ARCHEAN CRATON (INCLUDING GREENSTONE BELTS),Superior,,48.8,48.8,-85.0,-85.0,,,,DH95-7,BASALT,2500000000.0,3850000000.0,PALEO,,,,,BASALT,,,,,WR,46.55,0.33,,13.33,,,,18.09,7.93,5.91,0.26,,0.66,3.54,0.1,,,,,,,,,,,,,,,,,,,,,,,,,,,,,,,,,,,,,,,,,,,,49.0,,405.0,85.0,,,74.0,73.0,,,,,,,,,,34.9,73.0,3.79,,,,,,,,,,,,,,4.25,12.67,2.07,10.79,3.73,1.348,5.15,0.875,6.06,1.368,3.96,,3.79,0.573,2.34,0.19,,,,,,,,,,,0.17,,,,,,,,,,,,,,,,,,,,,,,,,,,
Superior,"GEOCHEMICAL DIVERSITY IN OCEANIC KOMATIITES AND BASALTS FROM THE LATE ARCHEAN WAWA GREENSTONE BELTS, SUPERIOR PROVINCE, CANADA: TRACE ELEMENT AND ND ISOTOPE EVIDENCE FOR A HETEROGENEOUS MANTLE",DH95-8,BASALT,48.8,-85.0,2500.0,ARCHEAN,3850.0,2700.0,2725.0,2750.0,0.006738243,"GEOCHEMICAL DIVERSITY IN OCEANIC KOMATIITES AND BASALTS FROM THE LATE ARCHEAN WAWA GREENSTONE BELTS, SUPERIOR PROVINCE, CANADA: TRACE ELEMENT AND ND ISOTOPE EVIDENCE FOR A HETEROGENEOUS MANTLE",ARCHEAN CRATON (INCLUDING GREENSTONE BELTS),Superior,,48.8,48.8,-85.0,-85.0,,,,DH95-8,BASALT,2500000000.0,3850000000.0,PALEO,,,,,BASALT,,,,,WR,51.31,0.33,,13.42,,,,14.84,9.64,4.16,0.29,,0.48,2.41,0.12,,,,,,,,,,,,,,,,,,,,,,,,,,,,,,,,,,,,,,,,,,,,50.0,,412.0,82.0,,,71.0,59.0,,,,,,,,,,30.4,70.0,3.86,,,,,,,,,,,,,,3.94,11.11,1.83,10.17,3.26,1.324,4.91,0.829,5.66,1.183,3.55,,3.57,0.505,2.18,0.24,,,,,,,,,,,0.23,,,,,,,,,,,,,,,,,,,,,,,,,,,
Superior,"GEOCHEMICAL DIVERSITY IN OCEANIC KOMATIITES AND BASALTS FROM THE LATE ARCHEAN WAWA GREENSTONE BELTS, SUPERIOR PROVINCE, CANADA: TRACE ELEMENT AND ND ISOTOPE EVIDENCE FOR A HETEROGENEOUS MANTLE",DH96-10,BASALT,48.8,-85.0,2500.0,ARCHEAN,3850.0,2700.0,2725.0,2750.0,0.057177145,"GEOCHEMICAL DIVERSITY IN OCEANIC KOMATIITES AND BASALTS FROM THE LATE ARCHEAN WAWA GREENSTONE BELTS, SUPERIOR PROVINCE, CANADA: TRACE ELEMENT AND ND ISOTOPE EVIDENCE FOR A HETEROGENEOUS MANTLE",ARCHEAN CRATON (INCLUDING GREENSTONE BELTS),Superior,,48.8,48.8,-85.0,-85.0,,,,DH96-10,BASALT,2500000000.0,3850000000.0,PALEO,,,,,BASALT,,,,,WR,51.08,0.33,,10.73,,,,11.52,9.01,14.3,0.2,,0.13,0.87,0.08,,,,,,,,,,,,,,,,,,,,,,,,,,,,,,,,,,,,,,,,,,,,47.0,,252.0,775.0,,,65.0,209.0,,,,,,,,,,20.5,57.0,1.96,,,,,,,,,,,,,,3.26,8.93,1.38,6.95,2.24,0.66,3.11,0.53,3.71,0.8,2.33,,2.21,0.33,1.63,0.13,,,,,,,,,,,0.32,,,,,,,,,,,,,,,,,,,,,,,,,,,
Superior,"GEOCHEMICAL DIVERSITY IN OCEANIC KOMATIITES AND BASALTS FROM THE LATE ARCHEAN WAWA GREENSTONE BELTS, SUPERIOR PROVINCE, CANADA: TRACE ELEMENT AND ND ISOTOPE EVIDENCE FOR A HETEROGENEOUS MANTLE",DH96-3,BASALT,48.8,-85.0,2500.0,ARCHEAN,3850.0,2700.0,2725.0,2750.0,0.019256566,"GEOCHEMICAL DIVERSITY IN OCEANIC KOMATIITES AND BASALTS FROM THE LATE ARCHEAN WAWA GREENSTONE BELTS, SUPERIOR PROVINCE, CANADA: TRACE ELEMENT AND ND ISOTOPE EVIDENCE FOR A HETEROGENEOUS MANTLE",ARCHEAN CRATON (INCLUDING GREENSTONE BELTS),Superior,,48.8,48.8,-85.0,-85.0,,,,DH96-3,BASALT,2500000000.0,3850000000.0,PALEO,,,,,BASALT,,,,,WR,50.06,0.33,,15.47,,,,11.56,10.09,6.75,0.19,,0.66,2.98,0.06,,,,,,,,,,,,,,,,,,,,,,,,,,,,,,,,,,,,,,,,,,,,52.0,,343.0,231.0,,,59.0,78.0,,,,,,,,,,18.9,50.0,2.25,,,,,,,,,,,,,,2.77,7.35,1.13,5.87,1.97,0.733,2.58,0.472,3.11,0.703,2.0,,2.03,0.301,1.49,0.12,,,,,,,,,,,0.23,,,,,,,,,,,,,,,,,,,,,,,,,,,
Superior,"GEOCHEMICAL DIVERSITY IN OCEANIC KOMATIITES AND BASALTS FROM THE LATE ARCHEAN WAWA GREENSTONE BELTS, SUPERIOR PROVINCE, CANADA: TRACE ELEMENT AND ND ISOTOPE EVIDENCE FOR A HETEROGENEOUS MANTLE",HB4-2,BASALT,48.65,-86.28,2500.0,ARCHEAN,3850.0,2700.0,2725.0,2750.0,0.004684587,"GEOCHEMICAL DIVERSITY IN OCEANIC KOMATIITES AND BASALTS FROM THE LATE ARCHEAN WAWA GREENSTONE BELTS, SUPERIOR PROVINCE, CANADA: TRACE ELEMENT AND ND ISOTOPE EVIDENCE FOR A HETEROGENEOUS MANTLE",ARCHEAN CRATON (INCLUDING GREENSTONE BELTS),Superior,,48.65,48.65,-86.28,-86.28,,,,HB4-2,BASALT,2500000000.0,3850000000.0,PALEO,,,,,BASALT,,,,,WR,48.7,0.33,,15.1,,,,10.98,12.2,7.36,0.19,,0.18,1.59,0.07,,,,,,,,,,,,,,,,,,,,,,,,,,,,,,,,,,,,,,,,,,,,43.0,,266.0,435.0,,,,147.0,,,,,,,,,,19.9,54.0,3.04,,,,,,,,,,,,,,3.02,8.36,1.22,5.74,2.06,0.78,2.6,0.44,3.09,0.66,2.14,,1.98,0.28,1.37,0.16,,,,,,,,,,,0.37,,,,,,,,,,,,,,,,,,,,,,,,,,,
Superior,"GEOCHEMICAL DIVERSITY IN OCEANIC KOMATIITES AND BASALTS FROM THE LATE ARCHEAN WAWA GREENSTONE BELTS, SUPERIOR PROVINCE, CANADA: TRACE ELEMENT AND ND ISOTOPE EVIDENCE FOR A HETEROGENEOUS MANTLE",HB95-17,BASALT,48.65,-86.28,2500.0,ARCHEAN,3850.0,2700.0,2725.0,2750.0,0.036154229,"GEOCHEMICAL DIVERSITY IN OCEANIC KOMATIITES AND BASALTS FROM THE LATE ARCHEAN WAWA GREENSTONE BELTS, SUPERIOR PROVINCE, CANADA: TRACE ELEMENT AND ND ISOTOPE EVIDENCE FOR A HETEROGENEOUS MANTLE",ARCHEAN CRATON (INCLUDING GREENSTONE BELTS),Superior,,48.65,48.65,-86.28,-86.28,,,,HB95-17,BASALT,2500000000.0,3850000000.0,PALEO,,,,,BASALT,,,,,WR,49.5,0.33,,17.49,,,,10.47,9.85,7.03,0.2,,0.71,2.74,0.06,,,,,,,,,,,,,,,,,,,,,,,,,,,,,,,,,,,,,,,,,,,,39.0,,275.0,412.0,,,51.0,215.0,,,,,,,,,,18.0,46.0,2.61,,,,,,,,,,,,,,3.2,8.65,1.3,6.38,2.04,0.828,2.77,0.475,3.15,0.738,2.02,,1.95,0.293,1.53,0.17,,,,,,,,,,,0.44,,,,,,,,,,,,,,,,,,,,,,,,,,,
Superior,"GEOCHEMICAL DIVERSITY IN OCEANIC KOMATIITES AND BASALTS FROM THE LATE ARCHEAN WAWA GREENSTONE BELTS, SUPERIOR PROVINCE, CANADA: TRACE ELEMENT AND ND ISOTOPE EVIDENCE FOR A HETEROGENEOUS MANTLE",HB96-12,BASALT,48.65,-86.28,2500.0,ARCHEAN,3850.0,2700.0,2725.0,2750.0,0.029818153,"GEOCHEMICAL DIVERSITY IN OCEANIC KOMATIITES AND BASALTS FROM THE LATE ARCHEAN WAWA GREENSTONE BELTS, SUPERIOR PROVINCE, CANADA: TRACE ELEMENT AND ND ISOTOPE EVIDENCE FOR A HETEROGENEOUS MANTLE",ARCHEAN CRATON (INCLUDING GREENSTONE BELTS),Superior,,48.65,48.65,-86.28,-86.28,,,,HB96-12,BASALT,2500000000.0,3850000000.0,PALEO,,,,,BASALT,,,,,WR,48.3,0.33,,15.2,,,,10.35,10.7,7.43,0.18,,0.2,2.75,0.06,,,,,,,,,,,,,,,,,,,,,,,,,,,,,,,,,,,,,,,,,,,,29.0,,201.0,282.0,,,49.0,126.0,,,,,,,,,,15.8,46.0,2.34,,,,,,,,,,,,,,2.67,7.14,1.05,5.39,1.78,0.662,2.29,0.387,2.71,0.591,1.75,,1.63,0.234,1.29,0.14,,,,,,,,,,,0.39,,,,,,,,,,,,,,,,,,,,,,,,,,,
Superior,"GEOCHEMICAL DIVERSITY IN OCEANIC KOMATIITES AND BASALTS FROM THE LATE ARCHEAN WAWA GREENSTONE BELTS, SUPERIOR PROVINCE, CANADA: TRACE ELEMENT AND ND ISOTOPE EVIDENCE FOR A HETEROGENEOUS MANTLE",HB96-16,BASALT,48.65,-86.28,2500.0,ARCHEAN,3850.0,2700.0,2725.0,2750.0,0.003242436,"GEOCHEMICAL DIVERSITY IN OCEANIC KOMATIITES AND BASALTS FROM THE LATE ARCHEAN WAWA GREENSTONE BELTS, SUPERIOR PROVINCE, CANADA: TRACE ELEMENT AND ND ISOTOPE EVIDENCE FOR A HETEROGENEOUS MANTLE",ARCHEAN CRATON (INCLUDING GREENSTONE BELTS),Superior,,48.65,48.65,-86.28,-86.28,,,,HB96-16,BASALT,2500000000.0,3850000000.0,PALEO,,,,,BASALT,,,,,WR,52.32,0.33,,13.54,,,,11.91,10.99,6.31,0.23,,0.17,1.92,0.12,,,,,,,,,,,,,,,,,,,,,,,,,,,,,,,,,,,,,,,,,,,,38.0,,255.0,98.0,,,52.0,54.0,,,,,,,,,,29.8,93.0,4.82,,,,,,,,,,,,,,5.18,14.02,2.13,10.21,3.34,0.572,4.73,0.787,5.36,1.175,3.36,,3.36,0.48,2.62,0.31,,,,,,,,,,,0.56,,,,,,,,,,,,,,,,,,,,,,,,,,,
Superior,"GEOCHEMICAL DIVERSITY IN OCEANIC KOMATIITES AND BASALTS FROM THE LATE ARCHEAN WAWA GREENSTONE BELTS, SUPERIOR PROVINCE, CANADA: TRACE ELEMENT AND ND ISOTOPE EVIDENCE FOR A HETEROGENEOUS MANTLE",HE10-1,BASALT,48.6,-87.85,2500.0,ARCHEAN,3850.0,2700.0,2725.0,2750.0,0.003704469,"GEOCHEMICAL DIVERSITY IN OCEANIC KOMATIITES AND BASALTS FROM THE LATE ARCHEAN WAWA GREENSTONE BELTS, SUPERIOR PROVINCE, CANADA: TRACE ELEMENT AND ND ISOTOPE EVIDENCE FOR A HETEROGENEOUS MANTLE",ARCHEAN CRATON (INCLUDING GREENSTONE BELTS),Superior,,48.6,48.6,-87.85,-87.85,,,,HE10-1,BASALT,2500000000.0,3850000000.0,PALEO,,,,,BASALT,,,,,WR,47.0,0.33,,8.24,,,,15.93,8.7,11.2,0.24,,1.25,2.35,0.14,,,,,,,,,,,,,,,,,,,,,,,,,,,,,,,,,,,,,,,,,,,,39.0,,270.0,1238.0,,,,819.0,,,,,,,,,,15.0,109.0,30.41,,,,,,,,,,,,,,22.14,51.39,6.18,25.16,5.23,1.43,4.26,0.51,3.04,0.5,1.24,,0.97,0.15,2.78,1.71,,,,,,,,,,,1.58,,,,,,,,,,,,,,,,,,,,,,,,,,,
Superior,"GEOCHEMICAL DIVERSITY IN OCEANIC KOMATIITES AND BASALTS FROM THE LATE ARCHEAN WAWA GREENSTONE BELTS, SUPERIOR PROVINCE, CANADA: TRACE ELEMENT AND ND ISOTOPE EVIDENCE FOR A HETEROGENEOUS MANTLE",HE10-2,BASALT,48.6,-87.85,2500.0,ARCHEAN,3850.0,2700.0,2725.0,2750.0,0.004599552,"GEOCHEMICAL DIVERSITY IN OCEANIC KOMATIITES AND BASALTS FROM THE LATE ARCHEAN WAWA GREENSTONE BELTS, SUPERIOR PROVINCE, CANADA: TRACE ELEMENT AND ND ISOTOPE EVIDENCE FOR A HETEROGENEOUS MANTLE",ARCHEAN CRATON (INCLUDING GREENSTONE BELTS),Superior,,48.6,48.6,-87.85,-87.85,,,,HE10-2,BASALT,2500000000.0,3850000000.0,PALEO,,,,,BASALT,,,,,WR,47.8,0.33,,8.23,,,,14.13,11.4,9.47,0.23,,0.1,2.7,0.14,,,,,,,,,,,,,,,,,,,,,,,,,,,,,,,,,,,,,,,,,,,,41.0,,295.0,925.0,,,,508.0,,,,,,,,,,16.2,120.0,34.55,,,,,,,,,,,,,,22.62,54.02,6.75,28.19,5.73,1.71,4.92,0.59,3.41,0.56,1.41,,1.12,0.15,3.24,1.97,,,,,,,,,,,1.76,,,,,,,,,,,,,,,,,,,,,,,,,,,
Superior,"GEOCHEMICAL DIVERSITY IN OCEANIC KOMATIITES AND BASALTS FROM THE LATE ARCHEAN WAWA GREENSTONE BELTS, SUPERIOR PROVINCE, CANADA: TRACE ELEMENT AND ND ISOTOPE EVIDENCE FOR A HETEROGENEOUS MANTLE",HE11-1,BASALT,48.6,-87.85,2500.0,ARCHEAN,3850.0,2700.0,2725.0,2750.0,0.000972379,"GEOCHEMICAL DIVERSITY IN OCEANIC KOMATIITES AND BASALTS FROM THE LATE ARCHEAN WAWA GREENSTONE BELTS, SUPERIOR PROVINCE, CANADA: TRACE ELEMENT AND ND ISOTOPE EVIDENCE FOR A HETEROGENEOUS MANTLE",ARCHEAN CRATON (INCLUDING GREENSTONE BELTS),Superior,,48.6,48.6,-87.85,-87.85,,,,HE11-1,BASALT,2500000000.0,3850000000.0,PALEO,,,,,BASALT,,,,,WR,49.7,0.33,,14.1,,,,11.43,12.4,5.53,0.25,,0.16,1.9,0.16,,,,,,,,,,,,,,,,,,,,,,,,,,,,,,,,,,,,,,,,,,,,38.0,,367.0,260.0,,,,96.0,,,,,,,,,,25.7,120.0,13.38,,,,,,,,,,,,,,13.43,32.92,4.41,21.92,5.77,1.86,5.82,0.81,4.98,0.9,2.41,,1.94,0.27,4.1,0.68,,,,,,,,,,,1.1,,,,,,,,,,,,,,,,,,,,,,,,,,,
Superior,"GEOCHEMICAL DIVERSITY IN OCEANIC KOMATIITES AND BASALTS FROM THE LATE ARCHEAN WAWA GREENSTONE BELTS, SUPERIOR PROVINCE, CANADA: TRACE ELEMENT AND ND ISOTOPE EVIDENCE FOR A HETEROGENEOUS MANTLE",HE11-2,BASALT,48.6,-87.85,2500.0,ARCHEAN,3850.0,2700.0,2725.0,2750.0,0.000881454,"GEOCHEMICAL DIVERSITY IN OCEANIC KOMATIITES AND BASALTS FROM THE LATE ARCHEAN WAWA GREENSTONE BELTS, SUPERIOR PROVINCE, CANADA: TRACE ELEMENT AND ND ISOTOPE EVIDENCE FOR A HETEROGENEOUS MANTLE",ARCHEAN CRATON (INCLUDING GREENSTONE BELTS),Superior,,48.6,48.6,-87.85,-87.85,,,,HE11-2,BASALT,2500000000.0,3850000000.0,PALEO,,,,,BASALT,,,,,WR,49.6,0.33,,13.8,,,,12.69,11.6,5.97,0.25,,0.13,1.64,0.16,,,,,,,,,,,,,,,,,,,,,,,,,,,,,,,,,,,,,,,,,,,,35.0,,346.0,241.0,,,,91.0,,,,,,,,,,25.6,115.0,13.49,,,,,,,,,,,,,,12.48,32.78,4.51,21.14,5.48,1.78,5.98,0.85,4.9,0.9,2.4,,2.03,0.27,3.89,0.68,,,,,,,,,,,1.06,,,,,,,,,,,,,,,,,,,,,,,,,,,
Superior,"GEOCHEMICAL DIVERSITY IN OCEANIC KOMATIITES AND BASALTS FROM THE LATE ARCHEAN WAWA GREENSTONE BELTS, SUPERIOR PROVINCE, CANADA: TRACE ELEMENT AND ND ISOTOPE EVIDENCE FOR A HETEROGENEOUS MANTLE",HE-13,BASALT,48.6,-87.85,2500.0,ARCHEAN,3850.0,2700.0,2725.0,2750.0,0.010058416,"GEOCHEMICAL DIVERSITY IN OCEANIC KOMATIITES AND BASALTS FROM THE LATE ARCHEAN WAWA GREENSTONE BELTS, SUPERIOR PROVINCE, CANADA: TRACE ELEMENT AND ND ISOTOPE EVIDENCE FOR A HETEROGENEOUS MANTLE",ARCHEAN CRATON (INCLUDING GREENSTONE BELTS),Superior,,48.6,48.6,-87.85,-87.85,,,,HE-13,BASALT,2500000000.0,3850000000.0,PALEO,,,,,BASALT,,,,,WR,48.0,0.33,,14.1,,,,15.57,8.73,5.13,0.22,,0.24,3.39,0.19,,,,,,,,,,,,,,,,,,,,,,,,,,,,,,,,,,,,,,,,,,,,42.0,,362.0,237.0,,,,72.0,,,,,,,,,,35.1,113.0,7.12,,,,,,,,,,,,,,6.95,19.41,2.79,14.11,4.48,1.59,5.61,0.9,6.11,1.27,3.89,,3.8,0.52,3.45,0.39,,,,,,,,,,,0.76,,,,,,,,,,,,,,,,,,,,,,,,,,,
Superior,"GEOCHEMICAL DIVERSITY IN OCEANIC KOMATIITES AND BASALTS FROM THE LATE ARCHEAN WAWA GREENSTONE BELTS, SUPERIOR PROVINCE, CANADA: TRACE ELEMENT AND ND ISOTOPE EVIDENCE FOR A HETEROGENEOUS MANTLE",HE-14,BASALT,48.6,-87.85,2500.0,ARCHEAN,3850.0,2700.0,2725.0,2750.0,0.002667199,"GEOCHEMICAL DIVERSITY IN OCEANIC KOMATIITES AND BASALTS FROM THE LATE ARCHEAN WAWA GREENSTONE BELTS, SUPERIOR PROVINCE, CANADA: TRACE ELEMENT AND ND ISOTOPE EVIDENCE FOR A HETEROGENEOUS MANTLE",ARCHEAN CRATON (INCLUDING GREENSTONE BELTS),Superior,,48.6,48.6,-87.85,-87.85,,,,HE-14,BASALT,2500000000.0,3850000000.0,PALEO,,,,,BASALT,,,,,WR,48.7,0.33,,13.9,,,,12.42,8.47,9.83,0.2,,0.27,2.57,0.12,,,,,,,,,,,,,,,,,,,,,,,,,,,,,,,,,,,,,,,,,,,,44.0,,269.0,619.0,,,,202.0,,,,,,,,,,30.9,94.0,4.85,,,,,,,,,,,,,,4.28,12.41,1.85,9.52,3.29,0.98,4.3,0.76,5.28,1.09,3.34,,3.13,0.48,2.6,0.25,,,,,,,,,,,0.56,,,,,,,,,,,,,,,,,,,,,,,,,,,
Superior,"GEOCHEMICAL DIVERSITY IN OCEANIC KOMATIITES AND BASALTS FROM THE LATE ARCHEAN WAWA GREENSTONE BELTS, SUPERIOR PROVINCE, CANADA: TRACE ELEMENT AND ND ISOTOPE EVIDENCE FOR A HETEROGENEOUS MANTLE",HE-16,BASALT,48.6,-87.85,2500.0,ARCHEAN,3850.0,2700.0,2725.0,2750.0,0.003884593,"GEOCHEMICAL DIVERSITY IN OCEANIC KOMATIITES AND BASALTS FROM THE LATE ARCHEAN WAWA GREENSTONE BELTS, SUPERIOR PROVINCE, CANADA: TRACE ELEMENT AND ND ISOTOPE EVIDENCE FOR A HETEROGENEOUS MANTLE",ARCHEAN CRATON (INCLUDING GREENSTONE BELTS),Superior,,48.6,48.6,-87.85,-87.85,,,,HE-16,BASALT,2500000000.0,3850000000.0,PALEO,,,,,BASALT,,,,,WR,48.2,0.33,,13.7,,,,12.06,10.2,9.32,0.17,,0.21,2.48,0.11,,,,,,,,,,,,,,,,,,,,,,,,,,,,,,,,,,,,,,,,,,,,43.0,,269.0,560.0,,,,131.0,,,,,,,,,,30.9,89.0,4.82,,,,,,,,,,,,,,5.11,13.85,1.98,10.3,3.39,1.09,4.49,0.73,5.09,1.07,3.21,,3.04,0.46,2.45,0.26,,,,,,,,,,,0.55,,,,,,,,,,,,,,,,,,,,,,,,,,,
Superior,"GEOCHEMICAL DIVERSITY IN OCEANIC KOMATIITES AND BASALTS FROM THE LATE ARCHEAN WAWA GREENSTONE BELTS, SUPERIOR PROVINCE, CANADA: TRACE ELEMENT AND ND ISOTOPE EVIDENCE FOR A HETEROGENEOUS MANTLE",HE95-1,BASALT,48.6,-87.85,2500.0,ARCHEAN,3850.0,2700.0,2725.0,2750.0,0.001043863,"GEOCHEMICAL DIVERSITY IN OCEANIC KOMATIITES AND BASALTS FROM THE LATE ARCHEAN WAWA GREENSTONE BELTS, SUPERIOR PROVINCE, CANADA: TRACE ELEMENT AND ND ISOTOPE EVIDENCE FOR A HETEROGENEOUS MANTLE",ARCHEAN CRATON (INCLUDING GREENSTONE BELTS),Superior,,48.6,48.6,-87.85,-87.85,,,,HE95-1,BASALT,2500000000.0,3850000000.0,PALEO,,,,,BASALT,,,,,WR,47.6,0.33,,13.2,,,,11.52,10.6,5.46,0.26,,0.33,2.93,0.17,,,,,,,,,,,,,,,,,,,,,,,,,,,,,,,,,,,,,,,,,,,,35.0,,378.0,176.0,,,70.0,105.0,,,,,,,,,,26.0,127.0,13.27,,,,,,,,,,,,,,12.92,34.36,4.76,21.73,5.88,1.903,5.87,0.931,4.93,0.952,2.49,,2.17,0.317,3.46,0.72,,,,,,,,,,,1.07,,,,,,,,,,,,,,,,,,,,,,,,,,,
Superior,"GEOCHEMICAL DIVERSITY IN OCEANIC KOMATIITES AND BASALTS FROM THE LATE ARCHEAN WAWA GREENSTONE BELTS, SUPERIOR PROVINCE, CANADA: TRACE ELEMENT AND ND ISOTOPE EVIDENCE FOR A HETEROGENEOUS MANTLE",HE95-25,BASALT,48.6,-87.85,2500.0,ARCHEAN,3850.0,2700.0,2725.0,2750.0,0.108329564,"GEOCHEMICAL DIVERSITY IN OCEANIC KOMATIITES AND BASALTS FROM THE LATE ARCHEAN WAWA GREENSTONE BELTS, SUPERIOR PROVINCE, CANADA: TRACE ELEMENT AND ND ISOTOPE EVIDENCE FOR A HETEROGENEOUS MANTLE",ARCHEAN CRATON (INCLUDING GREENSTONE BELTS),Superior,,48.6,48.6,-87.85,-87.85,,,,HE95-25,BASALT,2500000000.0,3850000000.0,PALEO,,,,,BASALT,,,,,WR,50.53,0.33,,15.74,,,,12.59,9.69,5.9,0.2,,0.64,2.26,0.08,,,,,,,,,,,,,,,,,,,,,,,,,,,,,,,,,,,,,,,,,,,,55.0,,308.0,239.0,,,58.0,124.0,,,,,,,,,,22.6,59.0,2.31,,,,,,,,,,,,,,3.65,9.39,1.42,6.45,2.15,0.902,3.45,0.567,3.84,0.841,2.38,,2.47,0.395,1.88,0.16,,,,,,,,,,,0.46,,,,,,,,,,,,,,,,,,,,,,,,,,,
Superior,"GEOCHEMICAL DIVERSITY IN OCEANIC KOMATIITES AND BASALTS FROM THE LATE ARCHEAN WAWA GREENSTONE BELTS, SUPERIOR PROVINCE, CANADA: TRACE ELEMENT AND ND ISOTOPE EVIDENCE FOR A HETEROGENEOUS MANTLE",HE95-4,BASALT,48.6,-87.85,2500.0,ARCHEAN,3850.0,2700.0,2725.0,2750.0,0.005921108,"GEOCHEMICAL DIVERSITY IN OCEANIC KOMATIITES AND BASALTS FROM THE LATE ARCHEAN WAWA GREENSTONE BELTS, SUPERIOR PROVINCE, CANADA: TRACE ELEMENT AND ND ISOTOPE EVIDENCE FOR A HETEROGENEOUS MANTLE",ARCHEAN CRATON (INCLUDING GREENSTONE BELTS),Superior,,48.6,48.6,-87.85,-87.85,,,,HE95-4,BASALT,2500000000.0,3850000000.0,PALEO,,,,,BASALT,,,,,WR,50.09,0.33,,13.76,,,,14.25,8.68,6.49,0.17,,0.7,2.84,0.11,,,,,,,,,,,,,,,,,,,,,,,,,,,,,,,,,,,,,,,,,,,,45.0,,337.0,182.0,,,57.0,80.0,,,,,,,,,,26.5,67.0,3.52,,,,,,,,,,,,,,4.15,11.73,1.76,8.82,2.79,1.02,3.66,0.637,4.18,0.909,2.75,,2.67,0.404,2.28,0.19,,,,,,,,,,,0.37,,,,,,,,,,,,,,,,,,,,,,,,,,,
Superior,"GEOCHEMICAL DIVERSITY IN OCEANIC KOMATIITES AND BASALTS FROM THE LATE ARCHEAN WAWA GREENSTONE BELTS, SUPERIOR PROVINCE, CANADA: TRACE ELEMENT AND ND ISOTOPE EVIDENCE FOR A HETEROGENEOUS MANTLE",HE95-9,BASALT,48.6,-87.85,2500.0,ARCHEAN,3850.0,2700.0,2725.0,2750.0,0.063802063,"GEOCHEMICAL DIVERSITY IN OCEANIC KOMATIITES AND BASALTS FROM THE LATE ARCHEAN WAWA GREENSTONE BELTS, SUPERIOR PROVINCE, CANADA: TRACE ELEMENT AND ND ISOTOPE EVIDENCE FOR A HETEROGENEOUS MANTLE",ARCHEAN CRATON (INCLUDING GREENSTONE BELTS),Superior,,48.6,48.6,-87.85,-87.85,,,,HE95-9,BASALT,2500000000.0,3850000000.0,PALEO,,,,,BASALT,,,,,WR,50.51,0.33,,14.11,,,,11.85,11.31,7.08,0.17,,0.48,2.29,0.06,,,,,,,,,,,,,,,,,,,,,,,,,,,,,,,,,,,,,,,,,,,,49.0,,277.0,215.0,,,51.0,92.0,,,,,,,,,,19.4,51.0,2.39,,,,,,,,,,,,,,3.74,9.76,1.35,6.46,1.92,0.738,2.7,0.475,3.32,0.728,2.12,,2.07,0.303,1.65,0.15,,,,,,,,,,,0.55,,,,,,,,,,,,,,,,,,,,,,,,,,,
Superior,"GEOCHEMICAL DIVERSITY IN OCEANIC KOMATIITES AND BASALTS FROM THE LATE ARCHEAN WAWA GREENSTONE BELTS, SUPERIOR PROVINCE, CANADA: TRACE ELEMENT AND ND ISOTOPE EVIDENCE FOR A HETEROGENEOUS MANTLE",HE96-4,BASALT,48.6,-87.85,2500.0,ARCHEAN,3850.0,2700.0,2725.0,2750.0,0.004018852,"GEOCHEMICAL DIVERSITY IN OCEANIC KOMATIITES AND BASALTS FROM THE LATE ARCHEAN WAWA GREENSTONE BELTS, SUPERIOR PROVINCE, CANADA: TRACE ELEMENT AND ND ISOTOPE EVIDENCE FOR A HETEROGENEOUS MANTLE",ARCHEAN CRATON (INCLUDING GREENSTONE BELTS),Superior,,48.6,48.6,-87.85,-87.85,,,,HE96-4,BASALT,2500000000.0,3850000000.0,PALEO,,,,,BASALT,,,,,WR,52.15,0.33,,14.36,,,,11.92,8.84,6.48,0.16,,0.52,2.45,0.17,,,,,,,,,,,,,,,,,,,,,,,,,,,,,,,,,,,,,,,,,,,,37.0,,306.0,157.0,,,51.0,78.0,,,,,,,,,,34.9,110.0,6.77,,,,,,,,,,,,,,7.13,19.51,2.9,14.67,4.31,1.376,5.47,0.934,6.44,1.346,3.93,,3.78,0.522,3.94,0.39,,,,,,,,,,,0.72,,,,,,,,,,,,,,,,,,,,,,,,,,,
Superior,"GEOCHEMICAL DIVERSITY IN OCEANIC KOMATIITES AND BASALTS FROM THE LATE ARCHEAN WAWA GREENSTONE BELTS, SUPERIOR PROVINCE, CANADA: TRACE ELEMENT AND ND ISOTOPE EVIDENCE FOR A HETEROGENEOUS MANTLE",HEG-12,BASALT,48.6,-87.85,2500.0,ARCHEAN,3850.0,2700.0,2725.0,2750.0,0.093518674,"GEOCHEMICAL DIVERSITY IN OCEANIC KOMATIITES AND BASALTS FROM THE LATE ARCHEAN WAWA GREENSTONE BELTS, SUPERIOR PROVINCE, CANADA: TRACE ELEMENT AND ND ISOTOPE EVIDENCE FOR A HETEROGENEOUS MANTLE",ARCHEAN CRATON (INCLUDING GREENSTONE BELTS),Superior,,48.6,48.6,-87.85,-87.85,,,,HEG-12,BASALT,2500000000.0,3850000000.0,PALEO,,,,,BASALT,,,,,WR,50.43,0.33,,14.34,,,,10.8,12.2,8.66,0.24,,0.41,1.13,0.03,,,,,,,,,,,,,,,,,,,,,,,,,,,,,,,,,,,,,,,,,,,,50.0,,292.0,638.0,,,66.0,129.0,,,,,,,,,,16.1,34.0,1.47,,,,,,,,,,,,,,1.94,5.01,0.82,4.21,1.46,0.535,2.11,0.383,2.68,0.595,1.9,,1.81,0.272,1.04,0.09,,,,,,,,,,,0.16,,,,,,,,,,,,,,,,,,,,,,,,,,,
Superior,"GEOCHEMICAL DIVERSITY IN OCEANIC KOMATIITES AND BASALTS FROM THE LATE ARCHEAN WAWA GREENSTONE BELTS, SUPERIOR PROVINCE, CANADA: TRACE ELEMENT AND ND ISOTOPE EVIDENCE FOR A HETEROGENEOUS MANTLE",HEG-14,BASALT,48.6,-87.85,2500.0,ARCHEAN,3850.0,2700.0,2725.0,2750.0,0.134526297,"GEOCHEMICAL DIVERSITY IN OCEANIC KOMATIITES AND BASALTS FROM THE LATE ARCHEAN WAWA GREENSTONE BELTS, SUPERIOR PROVINCE, CANADA: TRACE ELEMENT AND ND ISOTOPE EVIDENCE FOR A HETEROGENEOUS MANTLE",ARCHEAN CRATON (INCLUDING GREENSTONE BELTS),Superior,,48.6,48.6,-87.85,-87.85,,,,HEG-14,BASALT,2500000000.0,3850000000.0,PALEO,,,,,BASALT,,,,,WR,47.12,0.33,,14.09,,,,12.96,10.91,10.6,0.32,,0.42,1.52,0.04,,,,,,,,,,,,,,,,,,,,,,,,,,,,,,,,,,,,,,,,,,,,52.0,,310.0,667.0,,,76.0,153.0,,,,,,,,,,16.7,31.0,1.5,,,,,,,,,,,,,,1.74,4.83,0.77,4.16,1.43,0.514,2.17,0.373,2.7,0.624,1.91,,1.91,0.282,0.94,0.09,,,,,,,,,,,0.14,,,,,,,,,,,,,,,,,,,,,,,,,,,
Superior,"GEOCHEMICAL DIVERSITY IN OCEANIC KOMATIITES AND BASALTS FROM THE LATE ARCHEAN WAWA GREENSTONE BELTS, SUPERIOR PROVINCE, CANADA: TRACE ELEMENT AND ND ISOTOPE EVIDENCE FOR A HETEROGENEOUS MANTLE",HEG-15,BASALT,48.6,-87.85,2500.0,ARCHEAN,3850.0,2700.0,2725.0,2750.0,0.088170394,"GEOCHEMICAL DIVERSITY IN OCEANIC KOMATIITES AND BASALTS FROM THE LATE ARCHEAN WAWA GREENSTONE BELTS, SUPERIOR PROVINCE, CANADA: TRACE ELEMENT AND ND ISOTOPE EVIDENCE FOR A HETEROGENEOUS MANTLE",ARCHEAN CRATON (INCLUDING GREENSTONE BELTS),Superior,,48.6,48.6,-87.85,-87.85,,,,HEG-15,BASALT,2500000000.0,3850000000.0,PALEO,,,,,BASALT,,,,,WR,50.57,0.33,,12.87,,,,11.67,10.54,9.56,0.21,,0.29,2.2,0.06,,,,,,,,,,,,,,,,,,,,,,,,,,,,,,,,,,,,,,,,,,,,44.0,,279.0,605.0,,,66.0,119.0,,,,,,,,,,17.7,48.0,1.99,,,,,,,,,,,,,,2.95,7.96,1.19,5.95,1.93,0.634,2.7,0.453,3.08,0.684,2.0,,1.88,0.282,1.39,0.12,,,,,,,,,,,0.34,,,,,,,,,,,,,,,,,,,,,,,,,,,
Superior,"GEOCHEMICAL DIVERSITY IN OCEANIC KOMATIITES AND BASALTS FROM THE LATE ARCHEAN WAWA GREENSTONE BELTS, SUPERIOR PROVINCE, CANADA: TRACE ELEMENT AND ND ISOTOPE EVIDENCE FOR A HETEROGENEOUS MANTLE",HEG-17,BASALT,48.6,-87.85,2500.0,ARCHEAN,3850.0,2700.0,2725.0,2750.0,0.137521505,"GEOCHEMICAL DIVERSITY IN OCEANIC KOMATIITES AND BASALTS FROM THE LATE ARCHEAN WAWA GREENSTONE BELTS, SUPERIOR PROVINCE, CANADA: TRACE ELEMENT AND ND ISOTOPE EVIDENCE FOR A HETEROGENEOUS MANTLE",ARCHEAN CRATON (INCLUDING GREENSTONE BELTS),Superior,,48.6,48.6,-87.85,-87.85,,,,HEG-17,BASALT,2500000000.0,3850000000.0,PALEO,,,,,BASALT,,,,,WR,52.03,0.33,,15.24,,,,9.69,8.46,7.55,0.22,,0.65,3.43,0.04,,,,,,,,,,,,,,,,,,,,,,,,,,,,,,,,,,,,,,,,,,,,61.0,,336.0,682.0,,,71.0,178.0,,,,,,,,,,15.8,36.0,1.6,,,,,,,,,,,,,,2.07,5.66,0.88,4.42,1.51,0.545,2.04,0.384,2.65,0.616,1.8,,1.76,0.273,1.02,0.1,,,,,,,,,,,0.23,,,,,,,,,,,,,,,,,,,,,,,,,,,
Superior,"GEOCHEMICAL DIVERSITY IN OCEANIC KOMATIITES AND BASALTS FROM THE LATE ARCHEAN WAWA GREENSTONE BELTS, SUPERIOR PROVINCE, CANADA: TRACE ELEMENT AND ND ISOTOPE EVIDENCE FOR A HETEROGENEOUS MANTLE",SC-19,BASALT,48.8,-87.27,2500.0,ARCHEAN,3850.0,2700.0,2725.0,2750.0,0.025739297,"GEOCHEMICAL DIVERSITY IN OCEANIC KOMATIITES AND BASALTS FROM THE LATE ARCHEAN WAWA GREENSTONE BELTS, SUPERIOR PROVINCE, CANADA: TRACE ELEMENT AND ND ISOTOPE EVIDENCE FOR A HETEROGENEOUS MANTLE",ARCHEAN CRATON (INCLUDING GREENSTONE BELTS),Superior,,48.8,48.8,-87.27,-87.27,,,,SC-19,BASALT,2500000000.0,3850000000.0,PALEO,,,,,BASALT,,,,,WR,52.6,0.33,,12.8,,,,11.7,10.0,7.2,0.21,,0.35,1.92,0.07,,,,,,,,,,,,,,,,,,,,,,,,,,,,,,,,,,,,,,,,,,,,37.0,,251.0,724.0,,,,231.0,,,,,,,,,,17.8,59.0,2.57,,,,,,,,,,,,,,4.06,10.37,1.46,7.57,2.11,0.67,2.85,0.46,3.09,0.6,1.77,,1.74,0.24,1.6,0.14,,,,,,,,,,,0.55,,,,,,,,,,,,,,,,,,,,,,,,,,,
Superior,"GEOCHEMICAL DIVERSITY IN OCEANIC KOMATIITES AND BASALTS FROM THE LATE ARCHEAN WAWA GREENSTONE BELTS, SUPERIOR PROVINCE, CANADA: TRACE ELEMENT AND ND ISOTOPE EVIDENCE FOR A HETEROGENEOUS MANTLE",SC-21,BASALT,48.8,-87.27,2500.0,ARCHEAN,3850.0,2700.0,2725.0,2750.0,0.003993769,"GEOCHEMICAL DIVERSITY IN OCEANIC KOMATIITES AND BASALTS FROM THE LATE ARCHEAN WAWA GREENSTONE BELTS, SUPERIOR PROVINCE, CANADA: TRACE ELEMENT AND ND ISOTOPE EVIDENCE FOR A HETEROGENEOUS MANTLE",ARCHEAN CRATON (INCLUDING GREENSTONE BELTS),Superior,,48.8,48.8,-87.27,-87.27,,,,SC-21,BASALT,2500000000.0,3850000000.0,PALEO,,,,,BASALT,,,,,WR,49.2,0.33,,14.0,,,,11.79,11.3,7.59,0.24,,0.48,1.28,0.12,,,,,,,,,,,,,,,,,,,,,,,,,,,,,,,,,,,,,,,,,,,,40.0,,227.0,431.0,,,,101.0,,,,,,,,,,29.6,90.0,4.53,,,,,,,,,,,,,,5.37,13.94,2.02,9.74,3.23,1.15,4.32,0.71,5.11,1.05,3.08,,3.13,0.47,2.31,0.25,,,,,,,,,,,0.51,,,,,,,,,,,,,,,,,,,,,,,,,,,
Superior,"GEOCHEMICAL DIVERSITY IN OCEANIC KOMATIITES AND BASALTS FROM THE LATE ARCHEAN WAWA GREENSTONE BELTS, SUPERIOR PROVINCE, CANADA: TRACE ELEMENT AND ND ISOTOPE EVIDENCE FOR A HETEROGENEOUS MANTLE",SC21-2,BASALT,48.8,-87.27,2500.0,ARCHEAN,3850.0,2700.0,2725.0,2750.0,0.003608743,"GEOCHEMICAL DIVERSITY IN OCEANIC KOMATIITES AND BASALTS FROM THE LATE ARCHEAN WAWA GREENSTONE BELTS, SUPERIOR PROVINCE, CANADA: TRACE ELEMENT AND ND ISOTOPE EVIDENCE FOR A HETEROGENEOUS MANTLE",ARCHEAN CRATON (INCLUDING GREENSTONE BELTS),Superior,,48.8,48.8,-87.27,-87.27,,,,SC21-2,BASALT,2500000000.0,3850000000.0,PALEO,,,,,BASALT,,,,,WR,52.3,0.33,,14.8,,,,9.27,9.93,5.16,0.23,,0.08,2.15,0.12,,,,,,,,,,,,,,,,,,,,,,,,,,,,,,,,,,,,,,,,,,,,43.0,,282.0,467.0,,,,125.0,,,,,,,,,,28.8,91.0,5.15,,,,,,,,,,,,,,5.22,14.32,2.11,10.17,3.47,1.03,4.45,0.71,5.15,1.03,3.13,,1.74,0.44,2.44,0.28,,,,,,,,,,,0.57,,,,,,,,,,,,,,,,,,,,,,,,,,,
Superior,"GEOCHEMICAL DIVERSITY IN OCEANIC KOMATIITES AND BASALTS FROM THE LATE ARCHEAN WAWA GREENSTONE BELTS, SUPERIOR PROVINCE, CANADA: TRACE ELEMENT AND ND ISOTOPE EVIDENCE FOR A HETEROGENEOUS MANTLE",SC-23,BASALT,48.8,-87.27,2500.0,ARCHEAN,3850.0,2700.0,2725.0,2750.0,0.00406323,"GEOCHEMICAL DIVERSITY IN OCEANIC KOMATIITES AND BASALTS FROM THE LATE ARCHEAN WAWA GREENSTONE BELTS, SUPERIOR PROVINCE, CANADA: TRACE ELEMENT AND ND ISOTOPE EVIDENCE FOR A HETEROGENEOUS MANTLE",ARCHEAN CRATON (INCLUDING GREENSTONE BELTS),Superior,,48.8,48.8,-87.27,-87.27,,,,SC-23,BASALT,2500000000.0,3850000000.0,PALEO,,,,,BASALT,,,,,WR,50.0,0.33,,15.7,,,,9.63,11.4,4.03,0.25,,0.16,2.67,0.07,,,,,,,,,,,,,,,,,,,,,,,,,,,,,,,,,,,,,,,,,,,,43.0,,273.0,434.0,,,,152.0,,,,,,,,,,21.7,55.0,2.99,,,,,,,,,,,,,,3.01,8.25,1.26,6.27,2.28,0.78,2.9,0.46,3.29,0.68,2.25,,2.12,0.32,1.49,0.16,,,,,,,,,,,0.33,,,,,,,,,,,,,,,,,,,,,,,,,,,
Superior,"GEOCHEMICAL DIVERSITY IN OCEANIC KOMATIITES AND BASALTS FROM THE LATE ARCHEAN WAWA GREENSTONE BELTS, SUPERIOR PROVINCE, CANADA: TRACE ELEMENT AND ND ISOTOPE EVIDENCE FOR A HETEROGENEOUS MANTLE",SC95-106,BASALT,48.8,-87.27,2500.0,ARCHEAN,3850.0,2700.0,2725.0,2750.0,0.011927817,"GEOCHEMICAL DIVERSITY IN OCEANIC KOMATIITES AND BASALTS FROM THE LATE ARCHEAN WAWA GREENSTONE BELTS, SUPERIOR PROVINCE, CANADA: TRACE ELEMENT AND ND ISOTOPE EVIDENCE FOR A HETEROGENEOUS MANTLE",ARCHEAN CRATON (INCLUDING GREENSTONE BELTS),Superior,,48.8,48.8,-87.27,-87.27,,,,SC95-106,BASALT,2500000000.0,3850000000.0,PALEO,,,,,BASALT,,,,,WR,49.53,0.33,,14.77,,,,12.92,10.36,6.67,0.24,,0.52,2.38,0.08,,,,,,,,,,,,,,,,,,,,,,,,,,,,,,,,,,,,,,,,,,,,51.0,,371.0,627.0,,,58.0,133.0,,,,,,,,,,24.6,66.0,3.15,,,,,,,,,,,,,,3.43,9.24,1.34,8.17,2.69,0.961,3.64,0.627,4.45,0.991,2.94,,2.84,0.415,2.22,0.13,,,,,,,,,,,0.36,,,,,,,,,,,,,,,,,,,,,,,,,,,
Superior,"GEOCHEMICAL DIVERSITY IN OCEANIC KOMATIITES AND BASALTS FROM THE LATE ARCHEAN WAWA GREENSTONE BELTS, SUPERIOR PROVINCE, CANADA: TRACE ELEMENT AND ND ISOTOPE EVIDENCE FOR A HETEROGENEOUS MANTLE",SC95-114,BASALT,48.8,-87.27,2500.0,ARCHEAN,3850.0,2700.0,2725.0,2750.0,0.018614853,"GEOCHEMICAL DIVERSITY IN OCEANIC KOMATIITES AND BASALTS FROM THE LATE ARCHEAN WAWA GREENSTONE BELTS, SUPERIOR PROVINCE, CANADA: TRACE ELEMENT AND ND ISOTOPE EVIDENCE FOR A HETEROGENEOUS MANTLE",ARCHEAN CRATON (INCLUDING GREENSTONE BELTS),Superior,,48.8,48.8,-87.27,-87.27,,,,SC95-114,BASALT,2500000000.0,3850000000.0,PALEO,,,,,BASALT,,,,,WR,50.21,0.33,,14.28,,,,13.82,11.47,5.42,0.21,,0.03,1.64,0.11,,,,,,,,,,,,,,,,,,,,,,,,,,,,,,,,,,,,,,,,,,,,49.0,,373.0,82.0,,,55.0,71.0,,,,,,,,,,31.5,91.0,4.33,,,,,,,,,,,,,,5.85,15.43,2.33,10.39,3.26,1.262,4.8,0.837,5.51,1.251,3.6,,3.46,0.5,2.57,0.27,,,,,,,,,,,0.58,,,,,,,,,,,,,,,,,,,,,,,,,,,
Superior,"GEOCHEMICAL DIVERSITY IN OCEANIC KOMATIITES AND BASALTS FROM THE LATE ARCHEAN WAWA GREENSTONE BELTS, SUPERIOR PROVINCE, CANADA: TRACE ELEMENT AND ND ISOTOPE EVIDENCE FOR A HETEROGENEOUS MANTLE",SC95-115,BASALT,48.8,-87.27,2500.0,ARCHEAN,3850.0,2700.0,2725.0,2750.0,0.004459834,"GEOCHEMICAL DIVERSITY IN OCEANIC KOMATIITES AND BASALTS FROM THE LATE ARCHEAN WAWA GREENSTONE BELTS, SUPERIOR PROVINCE, CANADA: TRACE ELEMENT AND ND ISOTOPE EVIDENCE FOR A HETEROGENEOUS MANTLE",ARCHEAN CRATON (INCLUDING GREENSTONE BELTS),Superior,,48.8,48.8,-87.27,-87.27,,,,SC95-115,BASALT,2500000000.0,3850000000.0,PALEO,,,,,BASALT,,,,,WR,51.59,0.33,,13.96,,,,12.56,10.91,4.86,0.21,,0.26,2.86,0.11,,,,,,,,,,,,,,,,,,,,,,,,,,,,,,,,,,,,,,,,,,,,53.0,,390.0,88.0,,,55.0,73.0,,,,,,,,,,32.7,93.0,4.41,,,,,,,,,,,,,,5.79,15.35,2.2,11.16,3.6,1.123,4.77,0.807,5.43,1.189,3.37,,3.16,0.491,2.45,0.28,,,,,,,,,,,0.52,,,,,,,,,,,,,,,,,,,,,,,,,,,
Superior,"GEOCHEMICAL DIVERSITY IN OCEANIC KOMATIITES AND BASALTS FROM THE LATE ARCHEAN WAWA GREENSTONE BELTS, SUPERIOR PROVINCE, CANADA: TRACE ELEMENT AND ND ISOTOPE EVIDENCE FOR A HETEROGENEOUS MANTLE",SC95-119,BASALT,48.8,-87.27,2500.0,ARCHEAN,3850.0,2700.0,2725.0,2750.0,0.025889272,"GEOCHEMICAL DIVERSITY IN OCEANIC KOMATIITES AND BASALTS FROM THE LATE ARCHEAN WAWA GREENSTONE BELTS, SUPERIOR PROVINCE, CANADA: TRACE ELEMENT AND ND ISOTOPE EVIDENCE FOR A HETEROGENEOUS MANTLE",ARCHEAN CRATON (INCLUDING GREENSTONE BELTS),Superior,,48.8,48.8,-87.27,-87.27,,,,SC95-119,BASALT,2500000000.0,3850000000.0,PALEO,,,,,BASALT,,,,,WR,53.6,0.33,,12.3,,,,14.94,5.3,3.9,0.15,,0.41,4.93,0.32,,,,,,,,,,,,,,,,,,,,,,,,,,,,,,,,,,,,,,,,,,,,46.0,,351.0,27.0,,,49.0,30.0,,,,,,,,,,66.2,244.0,13.32,,,,,,,,,,,,,,14.44,40.2,5.63,28.75,8.67,2.519,10.73,1.802,12.28,2.601,7.35,,7.12,1.085,6.32,0.76,,,,,,,,,,,1.54,,,,,,,,,,,,,,,,,,,,,,,,,,,
Superior,"GEOCHEMICAL DIVERSITY IN OCEANIC KOMATIITES AND BASALTS FROM THE LATE ARCHEAN WAWA GREENSTONE BELTS, SUPERIOR PROVINCE, CANADA: TRACE ELEMENT AND ND ISOTOPE EVIDENCE FOR A HETEROGENEOUS MANTLE",SC95-126,BASALT,48.8,-87.27,2500.0,ARCHEAN,3850.0,2700.0,2725.0,2750.0,0.017730618,"GEOCHEMICAL DIVERSITY IN OCEANIC KOMATIITES AND BASALTS FROM THE LATE ARCHEAN WAWA GREENSTONE BELTS, SUPERIOR PROVINCE, CANADA: TRACE ELEMENT AND ND ISOTOPE EVIDENCE FOR A HETEROGENEOUS MANTLE",ARCHEAN CRATON (INCLUDING GREENSTONE BELTS),Superior,,48.8,48.8,-87.27,-87.27,,,,SC95-126,BASALT,2500000000.0,3850000000.0,PALEO,,,,,BASALT,,,,,WR,50.32,0.33,,14.44,,,,14.1,8.53,5.04,0.19,,0.21,3.51,0.21,,,,,,,,,,,,,,,,,,,,,,,,,,,,,,,,,,,,,,,,,,,,44.0,,307.0,153.0,,,48.0,40.0,,,,,,,,,,36.6,133.0,7.22,,,,,,,,,,,,,,7.38,20.42,3.05,15.41,4.67,1.663,5.52,0.949,6.08,1.298,3.7,,3.72,0.548,3.34,0.44,,,,,,,,,,,0.62,,,,,,,,,,,,,,,,,,,,,,,,,,,
Superior,"GEOCHEMICAL DIVERSITY IN OCEANIC KOMATIITES AND BASALTS FROM THE LATE ARCHEAN WAWA GREENSTONE BELTS, SUPERIOR PROVINCE, CANADA: TRACE ELEMENT AND ND ISOTOPE EVIDENCE FOR A HETEROGENEOUS MANTLE",SC95-23,BASALT,48.8,-87.27,2500.0,ARCHEAN,3850.0,2700.0,2725.0,2750.0,0.003608627,"GEOCHEMICAL DIVERSITY IN OCEANIC KOMATIITES AND BASALTS FROM THE LATE ARCHEAN WAWA GREENSTONE BELTS, SUPERIOR PROVINCE, CANADA: TRACE ELEMENT AND ND ISOTOPE EVIDENCE FOR A HETEROGENEOUS MANTLE",ARCHEAN CRATON (INCLUDING GREENSTONE BELTS),Superior,,48.8,48.8,-87.27,-87.27,,,,SC95-23,BASALT,2500000000.0,3850000000.0,PALEO,,,,,BASALT,,,,,WR,53.1,0.33,,14.8,,,,13.95,4.64,4.8,0.39,,0.4,2.95,0.41,,,,,,,,,,,,,,,,,,,,,,,,,,,,,,,,,,,,,,,,,,,,36.0,,338.0,618.0,,,52.0,70.0,,,,,,,,,,36.12,206.0,14.57,,,,,,,,,,,,,,16.47,44.63,5.87,29.93,7.27,2.1,7.09,1.09,6.85,1.37,3.77,,3.45,0.49,4.8,0.48,,,,,,,,,,,0.89,,,,,,,,,,,,,,,,,,,,,,,,,,,
Superior,"GEOCHEMICAL DIVERSITY IN OCEANIC KOMATIITES AND BASALTS FROM THE LATE ARCHEAN WAWA GREENSTONE BELTS, SUPERIOR PROVINCE, CANADA: TRACE ELEMENT AND ND ISOTOPE EVIDENCE FOR A HETEROGENEOUS MANTLE",SC95-38,BASALT,48.8,-87.27,2500.0,ARCHEAN,3850.0,2700.0,2725.0,2750.0,0.002571464,"GEOCHEMICAL DIVERSITY IN OCEANIC KOMATIITES AND BASALTS FROM THE LATE ARCHEAN WAWA GREENSTONE BELTS, SUPERIOR PROVINCE, CANADA: TRACE ELEMENT AND ND ISOTOPE EVIDENCE FOR A HETEROGENEOUS MANTLE",ARCHEAN CRATON (INCLUDING GREENSTONE BELTS),Superior,,48.8,48.8,-87.27,-87.27,,,,SC95-38,BASALT,2500000000.0,3850000000.0,PALEO,,,,,BASALT,,,,,WR,50.8,0.33,,13.4,,,,13.68,9.22,6.03,0.2,,0.21,2.24,0.12,,,,,,,,,,,,,,,,,,,,,,,,,,,,,,,,,,,,,,,,,,,,41.0,,313.0,20.0,,,60.0,52.0,,,,,,,,,,38.3,121.0,6.42,,,,,,,,,,,,,,7.52,20.51,3.02,15.25,4.3,1.339,5.72,0.977,6.85,1.407,4.06,,4.2,0.648,3.53,0.41,,,,,,,,,,,0.56,,,,,,,,,,,,,,,,,,,,,,,,,,,
Superior,"GEOCHEMICAL DIVERSITY IN OCEANIC KOMATIITES AND BASALTS FROM THE LATE ARCHEAN WAWA GREENSTONE BELTS, SUPERIOR PROVINCE, CANADA: TRACE ELEMENT AND ND ISOTOPE EVIDENCE FOR A HETEROGENEOUS MANTLE",SC95-39,BASALT,48.8,-87.27,2500.0,ARCHEAN,3850.0,2700.0,2725.0,2750.0,0.03914465,"GEOCHEMICAL DIVERSITY IN OCEANIC KOMATIITES AND BASALTS FROM THE LATE ARCHEAN WAWA GREENSTONE BELTS, SUPERIOR PROVINCE, CANADA: TRACE ELEMENT AND ND ISOTOPE EVIDENCE FOR A HETEROGENEOUS MANTLE",ARCHEAN CRATON (INCLUDING GREENSTONE BELTS),Superior,,48.8,48.8,-87.27,-87.27,,,,SC95-39,BASALT,2500000000.0,3850000000.0,PALEO,,,,,BASALT,,,,,WR,49.62,0.33,,14.22,,,,12.71,8.5,6.65,0.32,,0.78,3.03,0.33,,,,,,,,,,,,,,,,,,,,,,,,,,,,,,,,,,,,,,,,,,,,34.0,,277.0,199.0,,,53.0,122.0,,,,,,,,,,21.0,132.0,8.13,,,,,,,,,,,,,,12.65,32.98,4.76,21.6,4.86,1.762,4.69,0.685,4.07,0.824,2.21,,1.97,0.312,3.1,0.44,,,,,,,,,,,0.65,,,,,,,,,,,,,,,,,,,,,,,,,,,
Superior,"GEOCHEMICAL DIVERSITY IN OCEANIC KOMATIITES AND BASALTS FROM THE LATE ARCHEAN WAWA GREENSTONE BELTS, SUPERIOR PROVINCE, CANADA: TRACE ELEMENT AND ND ISOTOPE EVIDENCE FOR A HETEROGENEOUS MANTLE",SC95-53,BASALT,48.8,-87.27,2500.0,ARCHEAN,3850.0,2700.0,2725.0,2750.0,0.044723183,"GEOCHEMICAL DIVERSITY IN OCEANIC KOMATIITES AND BASALTS FROM THE LATE ARCHEAN WAWA GREENSTONE BELTS, SUPERIOR PROVINCE, CANADA: TRACE ELEMENT AND ND ISOTOPE EVIDENCE FOR A HETEROGENEOUS MANTLE",ARCHEAN CRATON (INCLUDING GREENSTONE BELTS),Superior,,48.8,48.8,-87.27,-87.27,,,,SC95-53,BASALT,2500000000.0,3850000000.0,PALEO,,,,,BASALT,,,,,WR,49.11,0.33,,10.55,,,,12.51,8.17,16.3,0.22,,0.08,1.01,0.05,,,,,,,,,,,,,,,,,,,,,,,,,,,,,,,,,,,,,,,,,,,,40.0,,252.0,1770.0,,,92.0,546.0,,,,,,,,,,15.1,49.0,1.81,,,,,,,,,,,,,,2.37,6.37,0.91,4.63,1.66,0.748,2.29,0.384,2.58,0.582,1.65,,1.48,0.177,1.37,0.14,,,,,,,,,,,0.38,,,,,,,,,,,,,,,,,,,,,,,,,,,
Superior,"GEOCHEMICAL DIVERSITY IN OCEANIC KOMATIITES AND BASALTS FROM THE LATE ARCHEAN WAWA GREENSTONE BELTS, SUPERIOR PROVINCE, CANADA: TRACE ELEMENT AND ND ISOTOPE EVIDENCE FOR A HETEROGENEOUS MANTLE",SC95-54,BASALT,48.8,-87.27,2500.0,ARCHEAN,3850.0,2700.0,2725.0,2750.0,0.049513858,"GEOCHEMICAL DIVERSITY IN OCEANIC KOMATIITES AND BASALTS FROM THE LATE ARCHEAN WAWA GREENSTONE BELTS, SUPERIOR PROVINCE, CANADA: TRACE ELEMENT AND ND ISOTOPE EVIDENCE FOR A HETEROGENEOUS MANTLE",ARCHEAN CRATON (INCLUDING GREENSTONE BELTS),Superior,,48.8,48.8,-87.27,-87.27,,,,SC95-54,BASALT,2500000000.0,3850000000.0,PALEO,,,,,BASALT,,,,,WR,48.1,0.33,,11.3,,,,10.98,11.0,9.57,0.2,,0.1,1.79,0.05,,,,,,,,,,,,,,,,,,,,,,,,,,,,,,,,,,,,,,,,,,,,47.0,,294.0,1390.0,,,72.0,245.0,,,,,,,,,,15.9,38.0,1.82,,,,,,,,,,,,,,2.66,6.79,0.98,5.58,1.8,0.619,2.43,0.433,2.9,0.629,1.71,,1.5,0.227,1.07,0.07,,,,,,,,,,,0.31,,,,,,,,,,,,,,,,,,,,,,,,,,,
Superior,"GEOCHEMICAL DIVERSITY IN OCEANIC KOMATIITES AND BASALTS FROM THE LATE ARCHEAN WAWA GREENSTONE BELTS, SUPERIOR PROVINCE, CANADA: TRACE ELEMENT AND ND ISOTOPE EVIDENCE FOR A HETEROGENEOUS MANTLE",SC95-7,BASALT,48.8,-87.27,2500.0,ARCHEAN,3850.0,2700.0,2725.0,2750.0,0.056903064,"GEOCHEMICAL DIVERSITY IN OCEANIC KOMATIITES AND BASALTS FROM THE LATE ARCHEAN WAWA GREENSTONE BELTS, SUPERIOR PROVINCE, CANADA: TRACE ELEMENT AND ND ISOTOPE EVIDENCE FOR A HETEROGENEOUS MANTLE",ARCHEAN CRATON (INCLUDING GREENSTONE BELTS),Superior,,48.8,48.8,-87.27,-87.27,,,,SC95-7,BASALT,2500000000.0,3850000000.0,PALEO,,,,,BASALT,,,,,WR,51.41,0.33,,11.38,,,,10.53,8.86,13.3,0.19,,0.54,1.95,0.04,,,,,,,,,,,,,,,,,,,,,,,,,,,,,,,,,,,,,,,,,,,,42.0,,262.0,1304.0,,,73.0,399.0,,,,,,,,,,15.0,41.0,1.68,,,,,,,,,,,,,,2.2,5.8,0.87,4.53,1.5,0.86,1.99,0.36,2.49,0.51,1.51,,1.39,0.2,1.18,0.11,,,,,,,,,,,0.23,,,,,,,,,,,,,,,,,,,,,,,,,,,
Superior,"GEOCHEMICAL DIVERSITY IN OCEANIC KOMATIITES AND BASALTS FROM THE LATE ARCHEAN WAWA GREENSTONE BELTS, SUPERIOR PROVINCE, CANADA: TRACE ELEMENT AND ND ISOTOPE EVIDENCE FOR A HETEROGENEOUS MANTLE",SC95-81,BASALT,48.8,-87.27,2500.0,ARCHEAN,3850.0,2700.0,2725.0,2750.0,0.079989031,"GEOCHEMICAL DIVERSITY IN OCEANIC KOMATIITES AND BASALTS FROM THE LATE ARCHEAN WAWA GREENSTONE BELTS, SUPERIOR PROVINCE, CANADA: TRACE ELEMENT AND ND ISOTOPE EVIDENCE FOR A HETEROGENEOUS MANTLE",ARCHEAN CRATON (INCLUDING GREENSTONE BELTS),Superior,,48.8,48.8,-87.27,-87.27,,,,SC95-81,BASALT,2500000000.0,3850000000.0,PALEO,,,,,BASALT,,,,,WR,48.35,0.33,,16.05,,,,12.01,9.12,8.82,0.21,,0.3,2.8,0.07,,,,,,,,,,,,,,,,,,,,,,,,,,,,,,,,,,,,,,,,,,,,55.0,,401.0,293.0,,,46.0,118.0,,,,,,,,,,22.6,57.0,2.17,,,,,,,,,,,,,,3.29,8.38,1.3,6.52,1.95,0.747,2.78,0.491,3.38,0.706,2.14,,2.06,0.307,1.71,0.17,,,,,,,,,,,0.5,,,,,,,,,,,,,,,,,,,,,,,,,,,
Superior,"GEOCHEMICAL DIVERSITY IN OCEANIC KOMATIITES AND BASALTS FROM THE LATE ARCHEAN WAWA GREENSTONE BELTS, SUPERIOR PROVINCE, CANADA: TRACE ELEMENT AND ND ISOTOPE EVIDENCE FOR A HETEROGENEOUS MANTLE",SC95-85,BASALT,48.8,-87.27,2500.0,ARCHEAN,3850.0,2700.0,2725.0,2750.0,0.041366078,"GEOCHEMICAL DIVERSITY IN OCEANIC KOMATIITES AND BASALTS FROM THE LATE ARCHEAN WAWA GREENSTONE BELTS, SUPERIOR PROVINCE, CANADA: TRACE ELEMENT AND ND ISOTOPE EVIDENCE FOR A HETEROGENEOUS MANTLE",ARCHEAN CRATON (INCLUDING GREENSTONE BELTS),Superior,,48.8,48.8,-87.27,-87.27,,,,SC95-85,BASALT,2500000000.0,3850000000.0,PALEO,,,,,BASALT,,,,,WR,52.14,0.33,,16.57,,,,11.16,10.02,3.69,0.22,,0.49,2.89,0.12,,,,,,,,,,,,,,,,,,,,,,,,,,,,,,,,,,,,,,,,,,,,47.0,,289.0,231.0,,,66.0,129.0,,,,,,,,,,24.2,69.0,2.06,,,,,,,,,,,,,,3.52,9.26,1.53,8.3,2.86,0.987,3.88,0.661,4.45,0.985,2.83,,2.74,0.433,1.84,0.14,,,,,,,,,,,0.27,,,,,,,,,,,,,,,,,,,,,,,,,,,
Superior,"GEOCHEMICAL DIVERSITY IN OCEANIC KOMATIITES AND BASALTS FROM THE LATE ARCHEAN WAWA GREENSTONE BELTS, SUPERIOR PROVINCE, CANADA: TRACE ELEMENT AND ND ISOTOPE EVIDENCE FOR A HETEROGENEOUS MANTLE",SC96-8,BASALT,48.8,-87.27,2500.0,ARCHEAN,3850.0,2700.0,2725.0,2750.0,0.015106559,"GEOCHEMICAL DIVERSITY IN OCEANIC KOMATIITES AND BASALTS FROM THE LATE ARCHEAN WAWA GREENSTONE BELTS, SUPERIOR PROVINCE, CANADA: TRACE ELEMENT AND ND ISOTOPE EVIDENCE FOR A HETEROGENEOUS MANTLE",ARCHEAN CRATON (INCLUDING GREENSTONE BELTS),Superior,,48.8,48.8,-87.27,-87.27,,,,SC96-8,BASALT,2500000000.0,3850000000.0,PALEO,,,,,BASALT,,,,,WR,47.08,0.33,,10.8,,,,14.22,8.17,15.4,0.23,,0.63,0.95,0.09,,,,,,,,,,,,,,,,,,,,,,,,,,,,,,,,,,,,,,,,,,,,30.0,,234.0,1229.0,,,90.0,504.0,,,,,,,,,,21.0,66.0,4.03,,,,,,,,,,,,,,5.01,13.0,1.86,9.0,2.73,0.93,3.3,0.57,3.67,0.83,2.38,,2.21,0.36,1.89,0.24,,,,,,,,,,,0.51,,,,,,,,,,,,,,,,,,,,,,,,,,,
Superior,"GEOCHEMICAL DIVERSITY IN OCEANIC KOMATIITES AND BASALTS FROM THE LATE ARCHEAN WAWA GREENSTONE BELTS, SUPERIOR PROVINCE, CANADA: TRACE ELEMENT AND ND ISOTOPE EVIDENCE FOR A HETEROGENEOUS MANTLE",SC97-5,BASALT,48.8,-87.27,2500.0,ARCHEAN,3850.0,2700.0,2725.0,2750.0,0.002794203,"GEOCHEMICAL DIVERSITY IN OCEANIC KOMATIITES AND BASALTS FROM THE LATE ARCHEAN WAWA GREENSTONE BELTS, SUPERIOR PROVINCE, CANADA: TRACE ELEMENT AND ND ISOTOPE EVIDENCE FOR A HETEROGENEOUS MANTLE",ARCHEAN CRATON (INCLUDING GREENSTONE BELTS),Superior,,48.8,48.8,-87.27,-87.27,,,,SC97-5,BASALT,2500000000.0,3850000000.0,PALEO,,,,,BASALT,,,,,WR,46.04,0.33,,13.33,,,,15.69,8.12,9.44,0.23,,0.6,2.14,0.41,,,,,,,,,,,,,,,,,,,,,,,,,,,,,,,,,,,,,,,,,,,,26.0,,231.0,341.0,,,66.0,338.0,,,,,,,,,,29.4,157.0,10.12,,,,,,,,,,,,,,9.33,28.55,4.34,21.67,5.6,2.046,6.23,0.897,5.43,1.108,3.16,,2.78,0.413,3.88,0.53,,,,,,,,,,,0.4,,,,,,,,,,,,,,,,,,,,,,,,,,,
Superior,"GEOCHEMICAL DIVERSITY IN OCEANIC KOMATIITES AND BASALTS FROM THE LATE ARCHEAN WAWA GREENSTONE BELTS, SUPERIOR PROVINCE, CANADA: TRACE ELEMENT AND ND ISOTOPE EVIDENCE FOR A HETEROGENEOUS MANTLE",SC97-7,BASALT,48.8,-87.27,2500.0,ARCHEAN,3850.0,2700.0,2725.0,2750.0,0.003027012,"GEOCHEMICAL DIVERSITY IN OCEANIC KOMATIITES AND BASALTS FROM THE LATE ARCHEAN WAWA GREENSTONE BELTS, SUPERIOR PROVINCE, CANADA: TRACE ELEMENT AND ND ISOTOPE EVIDENCE FOR A HETEROGENEOUS MANTLE",ARCHEAN CRATON (INCLUDING GREENSTONE BELTS),Superior,,48.8,48.8,-87.27,-87.27,,,,SC97-7,BASALT,2500000000.0,3850000000.0,PALEO,,,,,BASALT,,,,,WR,51.06,0.33,,13.82,,,,13.83,9.32,6.04,0.23,,0.52,2.34,0.1,,,,,,,,,,,,,,,,,,,,,,,,,,,,,,,,,,,,,,,,,,,,40.0,,314.0,171.0,,,104.0,103.0,,,,,,,,,,27.4,89.0,4.15,,,,,,,,,,,,,,4.49,14.43,2.37,11.85,3.24,0.995,4.29,0.697,4.91,1.031,3.09,,3.16,0.486,2.48,0.27,,,,,,,,,,,0.38,,,,,,,,,,,,,,,,,,,,,,,,,,,
Superior,"GEOCHEMICAL DIVERSITY IN OCEANIC KOMATIITES AND BASALTS FROM THE LATE ARCHEAN WAWA GREENSTONE BELTS, SUPERIOR PROVINCE, CANADA: TRACE ELEMENT AND ND ISOTOPE EVIDENCE FOR A HETEROGENEOUS MANTLE",WR95-12,BASALT,48.5,-85.5,2500.0,ARCHEAN,3850.0,2700.0,2725.0,2750.0,0.394520521,"GEOCHEMICAL DIVERSITY IN OCEANIC KOMATIITES AND BASALTS FROM THE LATE ARCHEAN WAWA GREENSTONE BELTS, SUPERIOR PROVINCE, CANADA: TRACE ELEMENT AND ND ISOTOPE EVIDENCE FOR A HETEROGENEOUS MANTLE",ARCHEAN CRATON (INCLUDING GREENSTONE BELTS),Superior,,48.5,48.5,-85.5,-85.5,,,,WR95-12,BASALT,2500000000.0,3850000000.0,PALEO,,,,,BASALT,,,,,WR,51.21,0.33,,15.41,,,,10.43,12.83,6.41,0.18,,0.59,1.0,0.05,,,,,,,,,,,,,,,,,,,,,,,,,,,,,,,,,,,,,,,,,,,,61.0,,327.0,375.0,,,46.0,144.0,,,,,,,,,,18.1,38.0,1.87,,,,,,,,,,,,,,2.81,7.38,1.08,4.14,1.41,0.688,2.56,0.439,3.16,0.688,2.0,,2.09,0.313,1.29,0.28,,,,,,,,,,,0.43,,,,,,,,,,,,,,,,,,,,,,,,,,,
Superior,"GEOCHEMICAL DIVERSITY IN OCEANIC KOMATIITES AND BASALTS FROM THE LATE ARCHEAN WAWA GREENSTONE BELTS, SUPERIOR PROVINCE, CANADA: TRACE ELEMENT AND ND ISOTOPE EVIDENCE FOR A HETEROGENEOUS MANTLE",WR95-13,BASALT,48.5,-85.5,2500.0,ARCHEAN,3850.0,2700.0,2725.0,2750.0,0.038494546,"GEOCHEMICAL DIVERSITY IN OCEANIC KOMATIITES AND BASALTS FROM THE LATE ARCHEAN WAWA GREENSTONE BELTS, SUPERIOR PROVINCE, CANADA: TRACE ELEMENT AND ND ISOTOPE EVIDENCE FOR A HETEROGENEOUS MANTLE",ARCHEAN CRATON (INCLUDING GREENSTONE BELTS),Superior,,48.5,48.5,-85.5,-85.5,,,,WR95-13,BASALT,2500000000.0,3850000000.0,PALEO,,,,,BASALT,,,,,WR,50.68,0.33,,13.08,,,,15.02,10.3,4.99,0.15,,0.71,1.81,0.1,,,,,,,,,,,,,,,,,,,,,,,,,,,,,,,,,,,,,,,,,,,,52.0,,411.0,261.0,,,55.0,52.0,,,,,,,,,,30.9,79.0,3.46,,,,,,,,,,,,,,4.18,12.27,1.91,9.62,3.12,1.251,4.67,0.818,5.29,1.189,3.55,,3.49,0.54,2.55,0.2,,,,,,,,,,,0.53,,,,,,,,,,,,,,,,,,,,,,,,,,,
Superior,"GEOCHEMICAL EVOLUTION IN THE BLAKE RIVER GROUP, ABITIBI GREENSTONE BELT, SUPERIOR PROVINCE",603,THOLEIITE,48.28,-80.23,2500.0,ARCHEAN,3850.0,2695.0,2699.5,2704.0,0.998621464,"GEOCHEMICAL EVOLUTION IN THE BLAKE RIVER GROUP, ABITIBI GREENSTONE BELT, SUPERIOR PROVINCE",ARCHEAN CRATON (INCLUDING GREENSTONE BELTS),Superior,,48.28,48.28,-80.23,-80.23,,,,603,THOLEIITE,2500000000.0,3850000000.0,PALEO,,,,,THOLEIITE,,,,,WR,50.15,0.33,,14.74,,,,9.67,10.68,8.46,0.13,,0.51,1.87,0.04,,,,,,,,,,,,,,,,,,,,,,,,,,,,,,,,,,,,,,,,,,,,33.0,,,,,,,,,,,,,,,,,,,,,,,,,,,,,,,,,2.3,6.8,,,1.9,0.68,,0.5,,,,,2.1,0.34,1.4,,,,,,,,,,,,0.4,,,,,,,,,,,,,,,,,,,,,,,,,,,
Superior,"GEOCHEMICAL EVOLUTION IN THE BLAKE RIVER GROUP, ABITIBI GREENSTONE BELT, SUPERIOR PROVINCE",596,BASALT,48.28,-80.23,2500.0,ARCHEAN,3850.0,2695.0,2699.5,2704.0,0.997453749,"GEOCHEMICAL EVOLUTION IN THE BLAKE RIVER GROUP, ABITIBI GREENSTONE BELT, SUPERIOR PROVINCE",ARCHEAN CRATON (INCLUDING GREENSTONE BELTS),Superior,,48.28,48.28,-80.23,-80.23,,,,596,BASALT,2500000000.0,3850000000.0,PALEO,,,,,BASALT,,,,,WR,52.97,0.33,,14.17,,,,9.67,4.39,8.43,0.14,,0.45,3.74,0.17,,,,,,,,,,,,,,,,,,,,,,,,,,,,,,,,,,,,,,,,,,,,28.0,,,,,,,,,,,,,,,,,,,,,,,,,,,,,,,,,10.0,20.7,,,2.7,0.95,,0.59,,,,,2.0,0.31,2.2,,,,,,,,,,,,0.9,,,,,,,,,,,,,,,,,,,,,,,,,,,
Superior,"GEOCHEMICAL EVOLUTION IN THE BLAKE RIVER GROUP, ABITIBI GREENSTONE BELT, SUPERIOR PROVINCE",594,BASALT,48.28,-80.23,2500.0,ARCHEAN,3850.0,2695.0,2699.5,2704.0,0.993042588,"GEOCHEMICAL EVOLUTION IN THE BLAKE RIVER GROUP, ABITIBI GREENSTONE BELT, SUPERIOR PROVINCE",ARCHEAN CRATON (INCLUDING GREENSTONE BELTS),Superior,,48.28,48.28,-80.23,-80.23,,,,594,BASALT,2500000000.0,3850000000.0,PALEO,,,,,BASALT,,,,,WR,50.39,0.33,,13.77,,,,11.13,9.0,7.34,0.2,,0.76,2.8,0.07,,,,,,,,,,,,,,,,,,,,,,,,,,,,,,,,,,,,,,,,,,,,37.0,,,,,,,,,,,,,,,,,,,,,,,,,,,,,,,,,8.8,19.8,,,2.3,0.78,,0.45,,,,,1.4,0.21,1.9,,,,,,,,,,,,0.3,,,,,,,,,,,,,,,,,,,,,,,,,,,
Superior,"GEOCHEMICAL EVOLUTION IN THE BLAKE RIVER GROUP, ABITIBI GREENSTONE BELT, SUPERIOR PROVINCE",592,BASALT,48.28,-80.23,2500.0,ARCHEAN,3850.0,2695.0,2699.5,2704.0,0.994825363,"GEOCHEMICAL EVOLUTION IN THE BLAKE RIVER GROUP, ABITIBI GREENSTONE BELT, SUPERIOR PROVINCE",ARCHEAN CRATON (INCLUDING GREENSTONE BELTS),Superior,,48.28,48.28,-80.23,-80.23,,,,592,BASALT,2500000000.0,3850000000.0,PALEO,,,,,BASALT,,,,,WR,47.49,0.33,,15.43,,,,9.61,12.43,6.63,0.18,,0.16,2.15,0.43,,,,,,,,,,,,,,,,,,,,,,,,,,,,,,,,,,,,,,,,,,,,25.0,,,,,,,,,,,,,,,,,,,,,,,,,,,,,,,,,24.9,57.0,,,6.2,1.8,,0.98,,,,,2.6,0.4,3.1,,,,,,,,,,,,2.5,,,,,,,,,,,,,,,,,,,,,,,,,,,
Superior,"GEOCHEMICAL EVOLUTION IN THE BLAKE RIVER GROUP, ABITIBI GREENSTONE BELT, SUPERIOR PROVINCE",593,BASALT,48.28,-80.23,2500.0,ARCHEAN,3850.0,2695.0,2699.5,2704.0,0.994917154,"GEOCHEMICAL EVOLUTION IN THE BLAKE RIVER GROUP, ABITIBI GREENSTONE BELT, SUPERIOR PROVINCE",ARCHEAN CRATON (INCLUDING GREENSTONE BELTS),Superior,,48.28,48.28,-80.23,-80.23,,,,593,BASALT,2500000000.0,3850000000.0,PALEO,,,,,BASALT,,,,,WR,50.29,0.33,,16.9,,,,9.76,4.15,7.29,0.15,,0.09,4.41,0.2,,,,,,,,,,,,,,,,,,,,,,,,,,,,,,,,,,,,,,,,,,,,34.0,,,,,,,,,,,,,,,,,,,,,,,,,,,,,,,,,13.1,31.7,,,4.3,1.3,,0.77,,,,,2.5,0.37,2.9,,,,,,,,,,,,1.1,,,,,,,,,,,,,,,,,,,,,,,,,,,
Superior,"GEOCHEMICAL EVOLUTION IN THE BLAKE RIVER GROUP, ABITIBI GREENSTONE BELT, SUPERIOR PROVINCE",595,BASALT,48.28,-80.23,2500.0,ARCHEAN,3850.0,2695.0,2699.5,2704.0,0.998571396,"GEOCHEMICAL EVOLUTION IN THE BLAKE RIVER GROUP, ABITIBI GREENSTONE BELT, SUPERIOR PROVINCE",ARCHEAN CRATON (INCLUDING GREENSTONE BELTS),Superior,,48.28,48.28,-80.23,-80.23,,,,595,BASALT,2500000000.0,3850000000.0,PALEO,,,,,BASALT,,,,,WR,51.53,0.33,,17.75,,,,9.13,3.79,5.26,0.14,,0.48,5.97,0.17,,,,,,,,,,,,,,,,,,,,,,,,,,,,,,,,,,,,,,,,,,,,21.0,,,,,,,,,,,,,,,,,,,,,,,,,,,,,,,,,10.2,24.0,,,3.6,1.0,,0.56,,,,,1.8,0.26,2.5,,,,,,,,,,,,1.3,,,,,,,,,,,,,,,,,,,,,,,,,,,
Superior,"GEOCHEMICAL EVOLUTION IN THE BLAKE RIVER GROUP, ABITIBI GREENSTONE BELT, SUPERIOR PROVINCE",598,BASALT,48.28,-80.23,2500.0,ARCHEAN,3850.0,2695.0,2699.5,2704.0,0.995847523,"GEOCHEMICAL EVOLUTION IN THE BLAKE RIVER GROUP, ABITIBI GREENSTONE BELT, SUPERIOR PROVINCE",ARCHEAN CRATON (INCLUDING GREENSTONE BELTS),Superior,,48.28,48.28,-80.23,-80.23,,,,598,BASALT,2500000000.0,3850000000.0,PALEO,,,,,BASALT,,,,,WR,53.7,0.33,,16.56,,,,6.52,8.42,4.93,0.15,,0.06,4.55,0.2,,,,,,,,,,,,,,,,,,,,,,,,,,,,,,,,,,,,,,,,,,,,38.0,,,,,,,,,,,,,,,,,,,,,,,,,,,,,,,,,11.5,25.8,,,3.6,1.2,,0.7,,,,,2.3,0.33,,,,,,,,,,,,,,,,,,,,,,,,,,,,,,,,,,,,,,,,
Superior,"GEOCHEMICAL EVOLUTION IN THE BLAKE RIVER GROUP, ABITIBI GREENSTONE BELT, SUPERIOR PROVINCE",604,THOLEIITE,48.28,-80.23,2500.0,ARCHEAN,3850.0,2695.0,2699.5,2704.0,0.993966699,"GEOCHEMICAL EVOLUTION IN THE BLAKE RIVER GROUP, ABITIBI GREENSTONE BELT, SUPERIOR PROVINCE",ARCHEAN CRATON (INCLUDING GREENSTONE BELTS),Superior,,48.28,48.28,-80.23,-80.23,,,,604,THOLEIITE,2500000000.0,3850000000.0,PALEO,,,,,THOLEIITE,,,,,WR,53.12,0.33,,13.31,,,,13.37,6.24,3.6,0.25,,0.73,3.08,0.34,,,,,,,,,,,,,,,,,,,,,,,,,,,,,,,,,,,,,,,,,,,,36.0,,,,,,,,,,,,,,,,,,,,,,,,,,,,,,,,,5.6,18.5,,,4.8,1.9,,1.2,,,,,4.2,0.64,3.1,,,,,,,,,,,,0.6,,,,,,,,,,,,,,,,,,,,,,,,,,,
Superior,"GEOCHEMICAL EVOLUTION IN THE BLAKE RIVER GROUP, ABITIBI GREENSTONE BELT, SUPERIOR PROVINCE",597,BASALT,48.28,-80.23,2500.0,ARCHEAN,3850.0,2695.0,2699.5,2704.0,0.997167408,"GEOCHEMICAL EVOLUTION IN THE BLAKE RIVER GROUP, ABITIBI GREENSTONE BELT, SUPERIOR PROVINCE",ARCHEAN CRATON (INCLUDING GREENSTONE BELTS),Superior,,48.28,48.28,-80.23,-80.23,,,,597,BASALT,2500000000.0,3850000000.0,PALEO,,,,,BASALT,,,,,WR,53.62,0.33,,18.76,,,,7.45,7.77,3.42,0.13,,0.22,2.89,0.19,,,,,,,,,,,,,,,,,,,,,,,,,,,,,,,,,,,,,,,,,,,,28.0,,,,,,,,,,,,,,,,,,,,,,,,,,,,,,,,,11.7,28.1,,,4.1,1.4,,0.82,,,,,2.8,0.43,3.0,,,,,,,,,,,,0.9,,,,,,,,,,,,,,,,,,,,,,,,,,,
Superior,GEOCHEMICAL EVOLUTION OF THE MINTO BLOCK: A 2.7 GA CONTINENTAL MAGMATIC ARC BUILT ON THE SUPERIOR PROTO-CRATON,A-91-187,NOT-GIVEN,58.1167,-73.0069,2500.0,ARCHEAN,3850.0,2663.0,2708.0,2753.0,0.934358835,GEOCHEMICAL EVOLUTION OF THE MINTO BLOCK: A 2.7 GA CONTINENTAL MAGMATIC ARC BUILT ON THE SUPERIOR PROTO-CRATON,ARCHEAN CRATON (INCLUDING GREENSTONE BELTS),Superior,,58.1167,58.1167,-73.0069,-73.0069,,,,A-91-187,NOT-GIVEN,2500000000.0,3850000000.0,PALEO,,,,,NOT-GIVEN,,,,,WR,53.25,0.33,,14.76,,,,13.56,6.66,3.27,0.18,,1.18,3.67,0.36,,,,,,,,,,,,,,,,,,,,,,,,,,,,,,,,,,,,,,,,,,,,,,300.0,11.0,,,,25.0,10.0,120.0,,,,,,28.0,500.0,22.0,140.0,,,,,,,,,,,,,,500.0,32.0,58.0,,30.795,5.957,1.7,5.4,,4.6,,2.3,,2.0,,,,,,,,,,,,,,,,,,,,,,,,,,,,,,,,,,,,,,,,,
Superior,"GEOCHEMICAL SYSTEMATICS OF 2.7 GA KINOJEVIS GROUP (ABITIBI), AND MANITOUWADGE AND WINSTON LAKE (WAWA) FE-RICH BASALT-RHYOLITE ASSOCIATIONS: BACKARC RIFT OCEANIC CRUST?",A803.4,BASALT,48.4,-81.3,2700.0,ARCHEAN,2700.0,2701.0,2701.5,2702.0,0.122631691,"GEOCHEMICAL SYSTEMATICS OF 2.7 GA KINOJEVIS GROUP (ABITIBI), AND MANITOUWADGE AND WINSTON LAKE (WAWA) FE-RICH BASALT-RHYOLITE ASSOCIATIONS: BACKARC RIFT OCEANIC CRUST?",ARCHEAN CRATON (INCLUDING GREENSTONE BELTS),Superior,,48.4,48.4,-81.3,-81.3,,,,A803.4,BASALT,2700000000.0,2700000000.0,PALEO,,,,,BASALT,,,,,WR,50.49,0.33,,14.47,,,,14.18,8.14,4.45,0.19,,0.06,4.5,0.16,,,,,,,,,,,,,,,,,,,,,,,,,,,,,,,,,,,,,,,,,,,,47.0,,461.0,,,,,,,,,,,,,2.12,144.0,32.0,108.0,6.44,,,,,,,,,,,,0.32,47.0,7.86,19.67,2.93,14.81,4.13,1.41,5.43,0.86,6.01,1.27,3.9,,3.8,0.59,2.97,0.37,,,,,,,,,0.87,,1.03,0.22,,,,,,,,,,,,,,,,,,,,,,,,,,
Superior,"GEOCHEMICAL SYSTEMATICS OF 2.7 GA KINOJEVIS GROUP (ABITIBI), AND MANITOUWADGE AND WINSTON LAKE (WAWA) FE-RICH BASALT-RHYOLITE ASSOCIATIONS: BACKARC RIFT OCEANIC CRUST?",A804.6,BASALT,48.4,-81.3,2700.0,ARCHEAN,2700.0,2701.0,2701.5,2702.0,0.496831954,"GEOCHEMICAL SYSTEMATICS OF 2.7 GA KINOJEVIS GROUP (ABITIBI), AND MANITOUWADGE AND WINSTON LAKE (WAWA) FE-RICH BASALT-RHYOLITE ASSOCIATIONS: BACKARC RIFT OCEANIC CRUST?",ARCHEAN CRATON (INCLUDING GREENSTONE BELTS),Superior,,48.4,48.4,-81.3,-81.3,,,,A804.6,BASALT,2700000000.0,2700000000.0,PALEO,,,,,BASALT,,,,,WR,53.51,0.33,,12.29,,,,14.98,8.13,3.58,0.31,,0.2,2.55,0.3,,,,,,,,,,,,,,,,,,,,,,,,,,,,,,,,,,,,,,,,,,,,46.0,,494.0,,,,,,,,,,,,,3.2,169.0,25.0,94.0,5.44,,,,,,,,,,,,0.21,81.0,4.35,12.15,1.89,10.22,3.3,1.63,4.36,0.72,4.91,1.04,3.13,,2.97,0.43,2.56,0.29,,,,,,,,,0.95,,0.62,0.09,,,,,,,,,,,,,,,,,,,,,,,,,,
Superior,"GEOCHEMICAL SYSTEMATICS OF 2.7 GA KINOJEVIS GROUP (ABITIBI), AND MANITOUWADGE AND WINSTON LAKE (WAWA) FE-RICH BASALT-RHYOLITE ASSOCIATIONS: BACKARC RIFT OCEANIC CRUST?",A806.4,BASALT,48.4,-81.3,2700.0,ARCHEAN,2700.0,2701.0,2701.5,2702.0,0.003221792,"GEOCHEMICAL SYSTEMATICS OF 2.7 GA KINOJEVIS GROUP (ABITIBI), AND MANITOUWADGE AND WINSTON LAKE (WAWA) FE-RICH BASALT-RHYOLITE ASSOCIATIONS: BACKARC RIFT OCEANIC CRUST?",ARCHEAN CRATON (INCLUDING GREENSTONE BELTS),Superior,,48.4,48.4,-81.3,-81.3,,,,A806.4,BASALT,2700000000.0,2700000000.0,PALEO,,,,,BASALT,,,,,WR,48.52,0.33,,16.07,,,,10.94,12.67,7.87,0.18,,0.02,1.47,0.08,,,,,,,,,,,,,,,,,,,,,,,,,,,,,,,,,,,,,,,,,,,,39.0,,285.0,,,,,,,,,,,,,,150.0,12.0,26.0,2.46,,,,,,,,,,,,0.1,8.0,2.17,6.05,0.96,5.22,1.63,0.74,2.2,0.35,2.38,0.48,1.5,,1.33,0.2,0.82,0.14,,,,,,,,,0.46,,0.3,0.03,,,,,,,,,,,,,,,,,,,,,,,,,,
Superior,"GEOCHEMICAL SYSTEMATICS OF 2.7 GA KINOJEVIS GROUP (ABITIBI), AND MANITOUWADGE AND WINSTON LAKE (WAWA) FE-RICH BASALT-RHYOLITE ASSOCIATIONS: BACKARC RIFT OCEANIC CRUST?",KJ1,BASALT,48.4,-81.3,2700.0,ARCHEAN,2700.0,2701.0,2701.5,2702.0,0.478564501,"GEOCHEMICAL SYSTEMATICS OF 2.7 GA KINOJEVIS GROUP (ABITIBI), AND MANITOUWADGE AND WINSTON LAKE (WAWA) FE-RICH BASALT-RHYOLITE ASSOCIATIONS: BACKARC RIFT OCEANIC CRUST?",ARCHEAN CRATON (INCLUDING GREENSTONE BELTS),Superior,,48.4,48.4,-81.3,-81.3,,,,KJ1,BASALT,2700000000.0,2700000000.0,PALEO,,,,,BASALT,,,,,WR,49.68,0.33,,13.78,,,,13.89,9.68,6.92,0.23,,0.21,2.35,0.13,,,,,,,,,,,,,,,,,,,,,,,,,,,,,,,,,,,,,,,,,,,,43.0,,414.0,,,,,,,,,,,,,5.14,99.0,24.0,74.0,3.64,,,,,,,,,,,,1.23,42.0,4.14,11.39,1.85,10.05,3.02,1.11,4.07,0.7,4.88,1.01,3.17,,2.96,0.47,2.16,0.2,,,,,,,,,0.49,,0.7,0.09,,,,,,,,,,,,,,,,,,,,,,,,,,
Superior,"GEOCHEMICAL SYSTEMATICS OF 2.7 GA KINOJEVIS GROUP (ABITIBI), AND MANITOUWADGE AND WINSTON LAKE (WAWA) FE-RICH BASALT-RHYOLITE ASSOCIATIONS: BACKARC RIFT OCEANIC CRUST?",KJ2,BASALT,48.4,-81.3,2700.0,ARCHEAN,2700.0,2701.0,2701.5,2702.0,0.003581876,"GEOCHEMICAL SYSTEMATICS OF 2.7 GA KINOJEVIS GROUP (ABITIBI), AND MANITOUWADGE AND WINSTON LAKE (WAWA) FE-RICH BASALT-RHYOLITE ASSOCIATIONS: BACKARC RIFT OCEANIC CRUST?",ARCHEAN CRATON (INCLUDING GREENSTONE BELTS),Superior,,48.4,48.4,-81.3,-81.3,,,,KJ2,BASALT,2700000000.0,2700000000.0,PALEO,,,,,BASALT,,,,,WR,51.13,0.33,,13.47,,,,14.98,8.17,5.8,0.2,,0.04,2.45,0.12,,,,,,,,,,,,,,,,,,,,,,,,,,,,,,,,,,,,,,,,,,,,45.0,,449.0,,,,,,,,,,,,,3.29,127.0,23.0,95.0,4.4,,,,,,,,,,,,0.44,38.0,4.91,13.08,2.05,11.1,3.2,1.07,4.55,0.66,4.66,0.98,2.89,,2.9,0.44,3.4,0.23,,,,,,,,,0.81,,1.01,0.12,,,,,,,,,,,,,,,,,,,,,,,,,,
Superior,"GEOCHEMICAL SYSTEMATICS OF 2.7 GA KINOJEVIS GROUP (ABITIBI), AND MANITOUWADGE AND WINSTON LAKE (WAWA) FE-RICH BASALT-RHYOLITE ASSOCIATIONS: BACKARC RIFT OCEANIC CRUST?",KJ3,BASALT,48.4,-81.3,2700.0,ARCHEAN,2700.0,2701.0,2701.5,2702.0,0.125559509,"GEOCHEMICAL SYSTEMATICS OF 2.7 GA KINOJEVIS GROUP (ABITIBI), AND MANITOUWADGE AND WINSTON LAKE (WAWA) FE-RICH BASALT-RHYOLITE ASSOCIATIONS: BACKARC RIFT OCEANIC CRUST?",ARCHEAN CRATON (INCLUDING GREENSTONE BELTS),Superior,,48.4,48.4,-81.3,-81.3,,,,KJ3,BASALT,2700000000.0,2700000000.0,PALEO,,,,,BASALT,,,,,WR,52.14,0.33,,13.06,,,,14.6,6.84,4.89,0.21,,0.59,3.34,0.22,,,,,,,,,,,,,,,,,,,,,,,,,,,,,,,,,,,,,,,,,,,,44.0,,474.0,,,,,,,,,,,,,12.29,103.0,28.0,90.0,4.48,,,,,,,,,,,,0.31,200.0,5.34,14.09,2.21,12.0,3.69,1.43,5.03,0.82,5.72,1.2,3.65,,3.42,0.5,2.46,0.26,,,,,,,,,0.82,,0.86,0.11,,,,,,,,,,,,,,,,,,,,,,,,,,
Superior,"GEOCHEMICAL SYSTEMATICS OF 2.7 GA KINOJEVIS GROUP (ABITIBI), AND MANITOUWADGE AND WINSTON LAKE (WAWA) FE-RICH BASALT-RHYOLITE ASSOCIATIONS: BACKARC RIFT OCEANIC CRUST?",KJ6,BASALT,48.4,-81.3,2700.0,ARCHEAN,2700.0,2701.0,2701.5,2702.0,0.440491945,"GEOCHEMICAL SYSTEMATICS OF 2.7 GA KINOJEVIS GROUP (ABITIBI), AND MANITOUWADGE AND WINSTON LAKE (WAWA) FE-RICH BASALT-RHYOLITE ASSOCIATIONS: BACKARC RIFT OCEANIC CRUST?",ARCHEAN CRATON (INCLUDING GREENSTONE BELTS),Superior,,48.4,48.4,-81.3,-81.3,,,,KJ6,BASALT,2700000000.0,2700000000.0,PALEO,,,,,BASALT,,,,,WR,49.68,0.33,,11.96,,,,16.1,7.36,5.9,0.29,,0.25,3.76,0.29,,,,,,,,,,,,,,,,,,,,,,,,,,,,,,,,,,,,,,,,,,,,45.0,,520.0,,,,,,,,,,,,,4.09,60.0,32.0,116.0,4.83,,,,,,,,,,,,0.72,113.0,4.86,13.55,2.26,12.6,4.15,1.47,5.39,0.89,6.37,1.32,4.12,,3.89,0.6,2.97,0.27,,,,,,,,,0.59,,0.9,0.11,,,,,,,,,,,,,,,,,,,,,,,,,,
Superior,"GEOCHEMICAL SYSTEMATICS OF 2.7 GA KINOJEVIS GROUP (ABITIBI), AND MANITOUWADGE AND WINSTON LAKE (WAWA) FE-RICH BASALT-RHYOLITE ASSOCIATIONS: BACKARC RIFT OCEANIC CRUST?",KJ7,BASALT,48.4,-81.3,2700.0,ARCHEAN,2700.0,2701.0,2701.5,2702.0,0.161507949,"GEOCHEMICAL SYSTEMATICS OF 2.7 GA KINOJEVIS GROUP (ABITIBI), AND MANITOUWADGE AND WINSTON LAKE (WAWA) FE-RICH BASALT-RHYOLITE ASSOCIATIONS: BACKARC RIFT OCEANIC CRUST?",ARCHEAN CRATON (INCLUDING GREENSTONE BELTS),Superior,,48.4,48.4,-81.3,-81.3,,,,KJ7,BASALT,2700000000.0,2700000000.0,PALEO,,,,,BASALT,,,,,WR,52.59,0.33,,13.25,,,,14.03,7.23,4.93,0.2,,0.12,3.84,0.18,,,,,,,,,,,,,,,,,,,,,,,,,,,,,,,,,,,,,,,,,,,,43.0,,432.0,,,,,,,,,,,,,4.09,52.0,45.0,135.0,7.6,,,,,,,,,,,,1.02,24.0,7.4,21.19,3.4,18.25,5.69,1.68,7.57,1.29,9.0,1.87,5.8,,5.65,0.85,4.09,0.42,,,,,,,,,0.36,,1.28,0.2,,,,,,,,,,,,,,,,,,,,,,,,,,
Superior,"GEOCHEMICAL SYSTEMATICS OF 2.7 GA KINOJEVIS GROUP (ABITIBI), AND MANITOUWADGE AND WINSTON LAKE (WAWA) FE-RICH BASALT-RHYOLITE ASSOCIATIONS: BACKARC RIFT OCEANIC CRUST?",KJ7A,BASALT,48.4,-81.3,2700.0,ARCHEAN,2700.0,2701.0,2701.5,2702.0,0.236211598,"GEOCHEMICAL SYSTEMATICS OF 2.7 GA KINOJEVIS GROUP (ABITIBI), AND MANITOUWADGE AND WINSTON LAKE (WAWA) FE-RICH BASALT-RHYOLITE ASSOCIATIONS: BACKARC RIFT OCEANIC CRUST?",ARCHEAN CRATON (INCLUDING GREENSTONE BELTS),Superior,,48.4,48.4,-81.3,-81.3,,,,KJ7A,BASALT,2700000000.0,2700000000.0,PALEO,,,,,BASALT,,,,,WR,47.05,0.33,,14.21,,,,15.85,10.71,6.32,0.3,,0.29,1.52,0.16,,,,,,,,,,,,,,,,,,,,,,,,,,,,,,,,,,,,,,,,,,,,37.0,,407.0,,,,,,,,,,,,,4.13,122.0,41.0,91.0,6.12,,,,,,,,,,,,0.21,203.0,6.74,19.02,3.09,16.91,5.17,1.68,6.86,1.13,7.93,1.63,5.04,,4.87,0.71,3.2,0.38,,,,,,,,,0.85,,1.12,0.17,,,,,,,,,,,,,,,,,,,,,,,,,,
Superior,"GEOCHEMICAL SYSTEMATICS OF 2.7 GA KINOJEVIS GROUP (ABITIBI), AND MANITOUWADGE AND WINSTON LAKE (WAWA) FE-RICH BASALT-RHYOLITE ASSOCIATIONS: BACKARC RIFT OCEANIC CRUST?",KJ8,BASALT,48.4,-81.3,2700.0,ARCHEAN,2700.0,2701.0,2701.5,2702.0,0.020237958,"GEOCHEMICAL SYSTEMATICS OF 2.7 GA KINOJEVIS GROUP (ABITIBI), AND MANITOUWADGE AND WINSTON LAKE (WAWA) FE-RICH BASALT-RHYOLITE ASSOCIATIONS: BACKARC RIFT OCEANIC CRUST?",ARCHEAN CRATON (INCLUDING GREENSTONE BELTS),Superior,,48.4,48.4,-81.3,-81.3,,,,KJ8,BASALT,2700000000.0,2700000000.0,PALEO,,,,,BASALT,,,,,WR,49.64,0.33,,15.5,,,,12.18,11.03,7.71,0.22,,0.14,1.19,0.06,,,,,,,,,,,,,,,,,,,,,,,,,,,,,,,,,,,,,,,,,,,,45.0,,357.0,,,,,,,,,,,,,3.13,113.0,13.0,36.0,1.73,,,,,,,,,,,,0.31,42.0,1.76,5.05,0.85,4.52,1.54,0.58,2.13,0.36,2.69,0.56,1.7,,1.68,0.27,1.77,0.1,,,,,,,,,0.38,,0.48,0.03,,,,,,,,,,,,,,,,,,,,,,,,,,
Superior,"GEOCHEMICAL SYSTEMATICS OF THOLEIITES FROM THE 2.86 GA PICKLE CROW ASSEMBLAGE, NORTHWESTERN ONTARIO: ARC BASALTS WITH POSITIVE AND NEGATIVE NB-HF ANOMALIES",PL95-37,BASALT,51.4,-90.0,2860.0,ARCHEAN,2860.0,2858.0,2860.0,2862.0,0.480746061,"GEOCHEMICAL SYSTEMATICS OF THOLEIITES FROM THE 2.86 GA PICKLE CROW ASSEMBLAGE, NORTHWESTERN ONTARIO: ARC BASALTS WITH POSITIVE AND NEGATIVE NB-HF ANOMALIES",ARCHEAN CRATON (INCLUDING GREENSTONE BELTS),Superior,,51.4,51.4,-90.0,-90.0,,,,PL95-37,BASALT,2860000000.0,2860000000.0,PALEO,,,,,BASALT,,,,,WR,49.58,0.33,,17.11,,,,9.16,11.27,8.38,0.13,,0.04,0.2,0.04,,,,,,,,,,,,,,,,,,,,,,,,,,,,,,,,,,,,,,,,,,,,56.0,,215.0,431.0,,,50.0,134.0,,,,,,,,5.0,191.0,11.6,33.0,1.9,,,,,,,,,,,,3.0,33.0,2.24,5.5,0.72,4.38,1.42,0.63,1.96,0.33,1.89,0.44,1.44,,1.22,0.19,1.02,0.16,,,,,,,,,,,0.22,0.06,,,,,,,,,,,,,,,,,,,,,,,,,,
Superior,"GEOCHEMICAL SYSTEMATICS OF THOLEIITES FROM THE 2.86 GA PICKLE CROW ASSEMBLAGE, NORTHWESTERN ONTARIO: ARC BASALTS WITH POSITIVE AND NEGATIVE NB-HF ANOMALIES",KAF89-35B,BASALT,51.4,-90.0,2860.0,ARCHEAN,2860.0,2858.0,2860.0,2862.0,0.088047639,"GEOCHEMICAL SYSTEMATICS OF THOLEIITES FROM THE 2.86 GA PICKLE CROW ASSEMBLAGE, NORTHWESTERN ONTARIO: ARC BASALTS WITH POSITIVE AND NEGATIVE NB-HF ANOMALIES",ARCHEAN CRATON (INCLUDING GREENSTONE BELTS),Superior,,51.4,51.4,-90.0,-90.0,,,,KAF89-35B,BASALT,2860000000.0,2860000000.0,PALEO,,,,,BASALT,,,,,WR,51.01,0.33,,14.16,,,,11.36,8.83,8.58,0.23,,2.5,0.91,0.07,,,,,,,,,,,,,,,,,,,,,,,,,,,,,,,,,,,,,,,,,,,,58.0,,367.0,419.0,,,55.0,97.0,,,,,,,,23.0,109.0,21.7,58.0,2.9,,,,,,,,,,,,5.0,242.0,2.94,8.49,1.33,7.2,2.63,0.96,3.45,0.61,4.17,0.89,2.56,,2.56,0.35,1.64,0.21,,,,,,,,,,,0.33,0.06,,,,,,,,,,,,,,,,,,,,,,,,,,
Superior,"GEOCHEMICAL SYSTEMATICS OF THOLEIITES FROM THE 2.86 GA PICKLE CROW ASSEMBLAGE, NORTHWESTERN ONTARIO: ARC BASALTS WITH POSITIVE AND NEGATIVE NB-HF ANOMALIES",PL95-1,BASALT,51.4,-90.0,2860.0,ARCHEAN,2860.0,2858.0,2860.0,2862.0,0.187505364,"GEOCHEMICAL SYSTEMATICS OF THOLEIITES FROM THE 2.86 GA PICKLE CROW ASSEMBLAGE, NORTHWESTERN ONTARIO: ARC BASALTS WITH POSITIVE AND NEGATIVE NB-HF ANOMALIES",ARCHEAN CRATON (INCLUDING GREENSTONE BELTS),Superior,,51.4,51.4,-90.0,-90.0,,,,PL95-1,BASALT,2860000000.0,2860000000.0,PALEO,,,,,BASALT,,,,,WR,52.73,0.33,,17.5,,,,8.53,12.1,3.64,0.26,,3.25,0.06,0.06,,,,,,,,,,,,,,,,,,,,,,,,,,,,,,,,,,,,,,,,,,,,72.0,,359.0,376.0,,,57.0,158.0,,,,,,,,2.0,175.0,21.3,51.0,2.7,,,,,,,,,,,,0.0,35.0,3.32,8.7,1.23,6.99,2.41,0.86,3.16,0.55,3.56,0.81,2.4,,2.1,0.28,1.58,0.16,,,,,,,,,,,0.37,0.16,,,,,,,,,,,,,,,,,,,,,,,,,,
Superior,"GEOCHEMICAL SYSTEMATICS OF THOLEIITES FROM THE 2.86 GA PICKLE CROW ASSEMBLAGE, NORTHWESTERN ONTARIO: ARC BASALTS WITH POSITIVE AND NEGATIVE NB-HF ANOMALIES",PL95-12C,BASALT,51.4,-90.0,2860.0,ARCHEAN,2860.0,2858.0,2860.0,2862.0,0.01360534,"GEOCHEMICAL SYSTEMATICS OF THOLEIITES FROM THE 2.86 GA PICKLE CROW ASSEMBLAGE, NORTHWESTERN ONTARIO: ARC BASALTS WITH POSITIVE AND NEGATIVE NB-HF ANOMALIES",ARCHEAN CRATON (INCLUDING GREENSTONE BELTS),Superior,,51.4,51.4,-90.0,-90.0,,,,PL95-12C,BASALT,2860000000.0,2860000000.0,PALEO,,,,,BASALT,,,,,WR,49.65,0.33,,15.0,,,,12.13,11.15,8.0,0.2,,1.57,0.09,0.06,,,,,,,,,,,,,,,,,,,,,,,,,,,,,,,,,,,,,,,,,,,,59.0,,325.0,343.0,,,50.0,134.0,,,,,,,,3.0,166.0,20.4,48.0,2.41,,,,,,,,,,,,0.0,15.0,2.84,7.49,1.01,5.67,1.93,0.76,2.45,0.47,3.18,0.69,2.07,,1.97,0.31,1.46,0.12,,,,,,,,,,,0.42,0.06,,,,,,,,,,,,,,,,,,,,,,,,,,
Superior,"GEOCHEMICAL SYSTEMATICS OF THOLEIITES FROM THE 2.86 GA PICKLE CROW ASSEMBLAGE, NORTHWESTERN ONTARIO: ARC BASALTS WITH POSITIVE AND NEGATIVE NB-HF ANOMALIES",PL-8B,BASALT,51.4,-90.0,2860.0,ARCHEAN,2860.0,2858.0,2860.0,2862.0,0.851975679,"GEOCHEMICAL SYSTEMATICS OF THOLEIITES FROM THE 2.86 GA PICKLE CROW ASSEMBLAGE, NORTHWESTERN ONTARIO: ARC BASALTS WITH POSITIVE AND NEGATIVE NB-HF ANOMALIES",ARCHEAN CRATON (INCLUDING GREENSTONE BELTS),Superior,,51.4,51.4,-90.0,-90.0,,,,PL-8B,BASALT,2860000000.0,2860000000.0,PALEO,,,,,BASALT,,,,,WR,46.26,0.33,,18.65,,,,15.64,4.52,9.71,0.19,,1.67,0.44,0.1,,,,,,,,,,,,,,,,,,,,,,,,,,,,,,,,,,,,,,,,,,,,53.0,,369.0,358.0,,,76.0,193.0,,,,,,,,10.0,80.0,21.1,56.0,2.78,,,,,,,,,,,,2.0,274.0,3.0,8.09,1.23,6.39,2.22,0.84,3.17,0.56,3.98,0.88,2.71,,2.64,0.37,1.48,0.21,,,,,,,,,,,0.33,0.23,,,,,,,,,,,,,,,,,,,,,,,,,,
Superior,"GEOCHEMICAL SYSTEMATICS OF THOLEIITES FROM THE 2.86 GA PICKLE CROW ASSEMBLAGE, NORTHWESTERN ONTARIO: ARC BASALTS WITH POSITIVE AND NEGATIVE NB-HF ANOMALIES",PL95-14,BASALT,51.4,-90.0,2860.0,ARCHEAN,2860.0,2858.0,2860.0,2862.0,0.001527452,"GEOCHEMICAL SYSTEMATICS OF THOLEIITES FROM THE 2.86 GA PICKLE CROW ASSEMBLAGE, NORTHWESTERN ONTARIO: ARC BASALTS WITH POSITIVE AND NEGATIVE NB-HF ANOMALIES",ARCHEAN CRATON (INCLUDING GREENSTONE BELTS),Superior,,51.4,51.4,-90.0,-90.0,,,,PL95-14,BASALT,2860000000.0,2860000000.0,PALEO,,,,,BASALT,,,,,WR,47.72,0.33,,15.84,,,,12.78,10.63,8.18,0.19,,2.15,0.14,0.06,,,,,,,,,,,,,,,,,,,,,,,,,,,,,,,,,,,,,,,,,,,,58.0,,348.0,343.0,,,55.0,167.0,,,,,,,,2.0,116.0,18.8,48.0,2.44,,,,,,,,,,,,0.0,31.0,2.6,7.39,1.06,5.82,1.97,0.78,2.83,0.53,3.46,0.79,2.3,,2.05,0.31,1.61,0.14,,,,,,,,,,,0.26,0.05,,,,,,,,,,,,,,,,,,,,,,,,,,
Superior,"GEOCHEMICAL SYSTEMATICS OF THOLEIITES FROM THE 2.86 GA PICKLE CROW ASSEMBLAGE, NORTHWESTERN ONTARIO: ARC BASALTS WITH POSITIVE AND NEGATIVE NB-HF ANOMALIES",PL95-35,BASALT,51.4,-90.0,2860.0,ARCHEAN,2860.0,2858.0,2860.0,2862.0,0.062019214,"GEOCHEMICAL SYSTEMATICS OF THOLEIITES FROM THE 2.86 GA PICKLE CROW ASSEMBLAGE, NORTHWESTERN ONTARIO: ARC BASALTS WITH POSITIVE AND NEGATIVE NB-HF ANOMALIES",ARCHEAN CRATON (INCLUDING GREENSTONE BELTS),Superior,,51.4,51.4,-90.0,-90.0,,,,PL95-35,BASALT,2860000000.0,2860000000.0,PALEO,,,,,BASALT,,,,,WR,50.73,0.33,,13.56,,,,14.73,10.05,5.78,0.22,,1.72,0.05,0.11,,,,,,,,,,,,,,,,,,,,,,,,,,,,,,,,,,,,,,,,,,,,80.0,,428.0,164.0,,,51.0,35.0,,,,,,,,1.0,94.0,25.7,79.0,4.58,,,,,,,,,,,,0.0,13.0,4.93,12.81,1.75,9.66,3.27,1.03,4.2,0.74,4.46,1.0,2.91,,2.72,0.41,2.44,0.27,,,,,,,,,,,0.7,0.18,,,,,,,,,,,,,,,,,,,,,,,,,,
Superior,"GEOCHEMICAL SYSTEMATICS OF THOLEIITES FROM THE 2.86 GA PICKLE CROW ASSEMBLAGE, NORTHWESTERN ONTARIO: ARC BASALTS WITH POSITIVE AND NEGATIVE NB-HF ANOMALIES",PL95-39,BASALT,51.4,-90.0,2860.0,ARCHEAN,2860.0,2858.0,2860.0,2862.0,0.781930447,"GEOCHEMICAL SYSTEMATICS OF THOLEIITES FROM THE 2.86 GA PICKLE CROW ASSEMBLAGE, NORTHWESTERN ONTARIO: ARC BASALTS WITH POSITIVE AND NEGATIVE NB-HF ANOMALIES",ARCHEAN CRATON (INCLUDING GREENSTONE BELTS),Superior,,51.4,51.4,-90.0,-90.0,,,,PL95-39,BASALT,2860000000.0,2860000000.0,PALEO,,,,,BASALT,,,,,WR,49.03,0.33,,14.25,,,,12.28,8.0,8.75,0.16,,3.62,1.22,0.09,,,,,,,,,,,,,,,,,,,,,,,,,,,,,,,,,,,,,,,,,,,,65.0,,347.0,304.0,,,45.0,107.0,,,,,,,,34.0,144.0,25.3,79.0,4.64,,,,,,,,,,,,13.0,404.0,5.1,13.17,1.83,9.83,3.18,1.11,4.09,0.7,4.42,0.97,2.76,,2.44,0.4,2.17,0.27,,,,,,,,,,,0.55,0.15,,,,,,,,,,,,,,,,,,,,,,,,,,
Superior,"GEOCHEMICAL SYSTEMATICS OF THOLEIITES FROM THE 2.86 GA PICKLE CROW ASSEMBLAGE, NORTHWESTERN ONTARIO: ARC BASALTS WITH POSITIVE AND NEGATIVE NB-HF ANOMALIES",PL95-13,BASALT,51.4,-90.0,2860.0,ARCHEAN,2860.0,2858.0,2860.0,2862.0,0.050583046,"GEOCHEMICAL SYSTEMATICS OF THOLEIITES FROM THE 2.86 GA PICKLE CROW ASSEMBLAGE, NORTHWESTERN ONTARIO: ARC BASALTS WITH POSITIVE AND NEGATIVE NB-HF ANOMALIES",ARCHEAN CRATON (INCLUDING GREENSTONE BELTS),Superior,,51.4,51.4,-90.0,-90.0,,,,PL95-13,BASALT,2860000000.0,2860000000.0,PALEO,,,,,BASALT,,,,,WR,47.36,0.33,,15.48,,,,12.73,13.12,7.0,0.26,,1.51,0.19,0.07,,,,,,,,,,,,,,,,,,,,,,,,,,,,,,,,,,,,,,,,,,,,62.0,,359.0,351.0,,,60.0,179.0,,,,,,,,5.0,140.0,19.2,49.0,2.49,,,,,,,,,,,,0.0,38.0,2.72,7.37,1.07,6.08,2.02,0.76,2.77,0.49,3.29,0.72,2.04,,2.0,0.31,1.53,0.13,,,,,,,,,,,0.25,0.05,,,,,,,,,,,,,,,,,,,,,,,,,,
Superior,"GEOCHEMICAL SYSTEMATICS OF THOLEIITES FROM THE 2.86 GA PICKLE CROW ASSEMBLAGE, NORTHWESTERN ONTARIO: ARC BASALTS WITH POSITIVE AND NEGATIVE NB-HF ANOMALIES",KAF87-15A,BASALT,51.4,-90.0,2860.0,ARCHEAN,2860.0,2858.0,2860.0,2862.0,0.006786942,"GEOCHEMICAL SYSTEMATICS OF THOLEIITES FROM THE 2.86 GA PICKLE CROW ASSEMBLAGE, NORTHWESTERN ONTARIO: ARC BASALTS WITH POSITIVE AND NEGATIVE NB-HF ANOMALIES",ARCHEAN CRATON (INCLUDING GREENSTONE BELTS),Superior,,51.4,51.4,-90.0,-90.0,,,,KAF87-15A,BASALT,2860000000.0,2860000000.0,PALEO,,,,,BASALT,,,,,WR,51.11,0.33,,13.29,,,,13.43,10.73,6.82,0.22,,1.73,0.1,0.06,,,,,,,,,,,,,,,,,,,,,,,,,,,,,,,,,,,,,,,,,,,,64.0,,441.0,476.0,,,67.0,200.0,,,,,,,,1.0,96.0,20.8,51.0,2.55,,,,,,,,,,,,0.0,15.0,2.55,7.58,1.16,6.59,2.36,0.81,3.31,0.57,4.14,0.91,2.69,,2.55,0.37,1.54,0.18,,,,,,,,,,,0.37,0.08,,,,,,,,,,,,,,,,,,,,,,,,,,
Superior,"GEOCHEMICAL SYSTEMATICS OF THOLEIITES FROM THE 2.86 GA PICKLE CROW ASSEMBLAGE, NORTHWESTERN ONTARIO: ARC BASALTS WITH POSITIVE AND NEGATIVE NB-HF ANOMALIES",PL-10,BASALT,51.4,-90.0,2860.0,ARCHEAN,2860.0,2858.0,2860.0,2862.0,0.007233441,"GEOCHEMICAL SYSTEMATICS OF THOLEIITES FROM THE 2.86 GA PICKLE CROW ASSEMBLAGE, NORTHWESTERN ONTARIO: ARC BASALTS WITH POSITIVE AND NEGATIVE NB-HF ANOMALIES",ARCHEAN CRATON (INCLUDING GREENSTONE BELTS),Superior,,51.4,51.4,-90.0,-90.0,,,,PL-10,BASALT,2860000000.0,2860000000.0,PALEO,,,,,BASALT,,,,,WR,49.3,0.33,,15.36,,,,12.33,10.9,7.28,0.22,,2.28,0.05,0.07,,,,,,,,,,,,,,,,,,,,,,,,,,,,,,,,,,,,,,,,,,,,42.0,,298.0,306.0,,,45.0,115.0,,,,,,,,0.0,157.0,20.8,49.0,2.81,,,,,,,,,,,,0.0,25.0,2.93,7.95,1.19,6.21,1.98,0.75,2.85,0.49,3.44,0.68,1.97,,2.05,0.3,1.31,0.16,,,,,,,,,,,0.32,0.06,,,,,,,,,,,,,,,,,,,,,,,,,,
Superior,"GEOCHEMICAL SYSTEMATICS OF THOLEIITES FROM THE 2.86 GA PICKLE CROW ASSEMBLAGE, NORTHWESTERN ONTARIO: ARC BASALTS WITH POSITIVE AND NEGATIVE NB-HF ANOMALIES",PL-8A,BASALT,51.4,-90.0,2860.0,ARCHEAN,2860.0,2858.0,2860.0,2862.0,0.207108617,"GEOCHEMICAL SYSTEMATICS OF THOLEIITES FROM THE 2.86 GA PICKLE CROW ASSEMBLAGE, NORTHWESTERN ONTARIO: ARC BASALTS WITH POSITIVE AND NEGATIVE NB-HF ANOMALIES",ARCHEAN CRATON (INCLUDING GREENSTONE BELTS),Superior,,51.4,51.4,-90.0,-90.0,,,,PL-8A,BASALT,2860000000.0,2860000000.0,PALEO,,,,,BASALT,,,,,WR,49.94,0.33,,14.84,,,,12.53,9.71,8.04,0.19,,2.34,0.1,0.08,,,,,,,,,,,,,,,,,,,,,,,,,,,,,,,,,,,,,,,,,,,,42.0,,286.0,277.0,,,54.0,150.0,,,,,,,,2.0,128.0,16.5,42.0,2.12,,,,,,,,,,,,0.0,35.0,2.46,6.95,1.12,5.72,1.89,0.73,2.59,0.48,3.38,0.71,2.15,,2.1,0.27,1.66,0.18,,,,,,,,,,,0.26,0.08,,,,,,,,,,,,,,,,,,,,,,,,,,
Superior,"GEOCHEMICAL SYSTEMATICS OF THOLEIITES FROM THE 2.86 GA PICKLE CROW ASSEMBLAGE, NORTHWESTERN ONTARIO: ARC BASALTS WITH POSITIVE AND NEGATIVE NB-HF ANOMALIES",PL95-7,BASALT,51.4,-90.0,2860.0,ARCHEAN,2860.0,2858.0,2860.0,2862.0,0.093665756,"GEOCHEMICAL SYSTEMATICS OF THOLEIITES FROM THE 2.86 GA PICKLE CROW ASSEMBLAGE, NORTHWESTERN ONTARIO: ARC BASALTS WITH POSITIVE AND NEGATIVE NB-HF ANOMALIES",ARCHEAN CRATON (INCLUDING GREENSTONE BELTS),Superior,,51.4,51.4,-90.0,-90.0,,,,PL95-7,BASALT,2860000000.0,2860000000.0,PALEO,,,,,BASALT,,,,,WR,48.15,0.33,,15.33,,,,13.25,8.32,9.22,0.16,,2.95,0.18,0.07,,,,,,,,,,,,,,,,,,,,,,,,,,,,,,,,,,,,,,,,,,,,57.0,,324.0,253.0,,,45.0,102.0,,,,,,,,6.0,155.0,20.3,50.0,2.66,,,,,,,,,,,,0.0,73.0,2.29,5.83,0.82,4.17,2.13,0.62,2.31,0.42,2.89,0.65,2.0,,1.73,0.27,1.67,0.15,,,,,,,,,,,0.25,0.13,,,,,,,,,,,,,,,,,,,,,,,,,,
Superior,"GEOCHEMICAL SYSTEMATICS OF THOLEIITES FROM THE 2.86 GA PICKLE CROW ASSEMBLAGE, NORTHWESTERN ONTARIO: ARC BASALTS WITH POSITIVE AND NEGATIVE NB-HF ANOMALIES",PL-7,BASALT,51.4,-90.0,2860.0,ARCHEAN,2860.0,2858.0,2860.0,2862.0,0.308180153,"GEOCHEMICAL SYSTEMATICS OF THOLEIITES FROM THE 2.86 GA PICKLE CROW ASSEMBLAGE, NORTHWESTERN ONTARIO: ARC BASALTS WITH POSITIVE AND NEGATIVE NB-HF ANOMALIES",ARCHEAN CRATON (INCLUDING GREENSTONE BELTS),Superior,,51.4,51.4,-90.0,-90.0,,,,PL-7,BASALT,2860000000.0,2860000000.0,PALEO,,,,,BASALT,,,,,WR,52.21,0.33,,16.68,,,,10.23,12.35,3.66,0.27,,2.11,0.36,0.09,,,,,,,,,,,,,,,,,,,,,,,,,,,,,,,,,,,,,,,,,,,,43.0,,302.0,218.0,,,56.0,125.0,,,,,,,,11.0,126.0,17.9,45.0,2.54,,,,,,,,,,,,1.0,356.0,2.94,7.82,1.24,6.38,2.05,0.76,2.75,0.49,3.52,0.73,2.16,,2.21,0.31,1.44,0.21,,,,,,,,,,,0.35,0.07,,,,,,,,,,,,,,,,,,,,,,,,,,
Superior,"GEOCHEMICAL SYSTEMATICS OF THOLEIITES FROM THE 2.86 GA PICKLE CROW ASSEMBLAGE, NORTHWESTERN ONTARIO: ARC BASALTS WITH POSITIVE AND NEGATIVE NB-HF ANOMALIES",PL95-24,BASALT,51.4,-90.0,2860.0,ARCHEAN,2860.0,2858.0,2860.0,2862.0,0.035936788,"GEOCHEMICAL SYSTEMATICS OF THOLEIITES FROM THE 2.86 GA PICKLE CROW ASSEMBLAGE, NORTHWESTERN ONTARIO: ARC BASALTS WITH POSITIVE AND NEGATIVE NB-HF ANOMALIES",ARCHEAN CRATON (INCLUDING GREENSTONE BELTS),Superior,,51.4,51.4,-90.0,-90.0,,,,PL95-24,BASALT,2860000000.0,2860000000.0,PALEO,,,,,BASALT,,,,,WR,48.89,0.33,,15.17,,,,11.26,12.61,8.12,0.19,,1.64,0.15,0.04,,,,,,,,,,,,,,,,,,,,,,,,,,,,,,,,,,,,,,,,,,,,76.0,,306.0,486.0,,,52.0,112.0,,,,,,,,1.0,108.0,17.0,39.0,2.05,,,,,,,,,,,,0.0,18.0,2.08,5.6,0.81,4.79,1.72,0.61,2.37,0.45,2.82,0.62,1.91,,1.84,0.28,1.13,0.13,,,,,,,,,,,0.29,0.11,,,,,,,,,,,,,,,,,,,,,,,,,,
Superior,"GEOCHEMICAL SYSTEMATICS OF THOLEIITES FROM THE 2.86 GA PICKLE CROW ASSEMBLAGE, NORTHWESTERN ONTARIO: ARC BASALTS WITH POSITIVE AND NEGATIVE NB-HF ANOMALIES",PL95-6,BASALT,51.4,-90.0,2860.0,ARCHEAN,2860.0,2858.0,2860.0,2862.0,0.00803277,"GEOCHEMICAL SYSTEMATICS OF THOLEIITES FROM THE 2.86 GA PICKLE CROW ASSEMBLAGE, NORTHWESTERN ONTARIO: ARC BASALTS WITH POSITIVE AND NEGATIVE NB-HF ANOMALIES",ARCHEAN CRATON (INCLUDING GREENSTONE BELTS),Superior,,51.4,51.4,-90.0,-90.0,,,,PL95-6,BASALT,2860000000.0,2860000000.0,PALEO,,,,,BASALT,,,,,WR,47.08,0.33,,15.69,,,,13.48,10.39,7.38,0.23,,2.89,0.4,0.07,,,,,,,,,,,,,,,,,,,,,,,,,,,,,,,,,,,,,,,,,,,,77.0,,324.0,326.0,,,54.0,134.0,,,,,,,,15.0,153.0,21.6,51.0,2.64,,,,,,,,,,,,2.0,52.0,2.17,6.32,0.9,5.51,2.02,0.68,2.49,0.48,3.26,0.72,2.07,,1.98,0.31,1.62,0.12,,,,,,,,,,,0.26,0.05,,,,,,,,,,,,,,,,,,,,,,,,,,
Superior,"GEOCHEMICAL SYSTEMATICS OF THOLEIITES FROM THE 2.86 GA PICKLE CROW ASSEMBLAGE, NORTHWESTERN ONTARIO: ARC BASALTS WITH POSITIVE AND NEGATIVE NB-HF ANOMALIES",PL95-12B,BASALT,51.4,-90.0,2860.0,ARCHEAN,2860.0,2858.0,2860.0,2862.0,0.037958305,"GEOCHEMICAL SYSTEMATICS OF THOLEIITES FROM THE 2.86 GA PICKLE CROW ASSEMBLAGE, NORTHWESTERN ONTARIO: ARC BASALTS WITH POSITIVE AND NEGATIVE NB-HF ANOMALIES",ARCHEAN CRATON (INCLUDING GREENSTONE BELTS),Superior,,51.4,51.4,-90.0,-90.0,,,,PL95-12B,BASALT,2860000000.0,2860000000.0,PALEO,,,,,BASALT,,,,,WR,49.66,0.33,,15.18,,,,11.08,11.49,8.65,0.19,,1.71,0.11,0.05,,,,,,,,,,,,,,,,,,,,,,,,,,,,,,,,,,,,,,,,,,,,74.0,,298.0,452.0,,,45.0,134.0,,,,,,,,1.0,117.0,17.2,34.0,1.59,,,,,,,,,,,,0.0,20.0,1.81,4.66,0.64,3.97,1.46,0.6,1.95,0.4,2.52,0.59,1.81,,1.71,0.26,1.13,0.09,,,,,,,,,,,0.28,0.04,,,,,,,,,,,,,,,,,,,,,,,,,,
Superior,"GEOCHEMICAL SYSTEMATICS OF THOLEIITES FROM THE 2.86 GA PICKLE CROW ASSEMBLAGE, NORTHWESTERN ONTARIO: ARC BASALTS WITH POSITIVE AND NEGATIVE NB-HF ANOMALIES",PL95-8,BASALT,51.4,-90.0,2860.0,ARCHEAN,2860.0,2858.0,2860.0,2862.0,0.126699299,"GEOCHEMICAL SYSTEMATICS OF THOLEIITES FROM THE 2.86 GA PICKLE CROW ASSEMBLAGE, NORTHWESTERN ONTARIO: ARC BASALTS WITH POSITIVE AND NEGATIVE NB-HF ANOMALIES",ARCHEAN CRATON (INCLUDING GREENSTONE BELTS),Superior,,51.4,51.4,-90.0,-90.0,,,,PL95-8,BASALT,2860000000.0,2860000000.0,PALEO,,,,,BASALT,,,,,WR,48.09,0.33,,15.0,,,,13.23,9.58,9.19,0.17,,2.12,0.17,0.07,,,,,,,,,,,,,,,,,,,,,,,,,,,,,,,,,,,,,,,,,,,,66.0,,343.0,299.0,,,54.0,120.0,,,,,,,,5.0,104.0,19.7,51.0,2.71,,,,,,,,,,,,0.0,44.0,2.96,7.32,1.04,5.33,1.99,0.73,3.05,0.46,2.9,0.66,2.07,,1.85,0.25,1.64,0.16,,,,,,,,,,,0.39,0.13,,,,,,,,,,,,,,,,,,,,,,,,,,
Superior,"GEOCHEMICAL SYSTEMATICS OF THOLEIITES FROM THE 2.86 GA PICKLE CROW ASSEMBLAGE, NORTHWESTERN ONTARIO: ARC BASALTS WITH POSITIVE AND NEGATIVE NB-HF ANOMALIES",PL95-36,BASALT,51.4,-90.0,2860.0,ARCHEAN,2860.0,2858.0,2860.0,2862.0,0.614373624,"GEOCHEMICAL SYSTEMATICS OF THOLEIITES FROM THE 2.86 GA PICKLE CROW ASSEMBLAGE, NORTHWESTERN ONTARIO: ARC BASALTS WITH POSITIVE AND NEGATIVE NB-HF ANOMALIES",ARCHEAN CRATON (INCLUDING GREENSTONE BELTS),Superior,,51.4,51.4,-90.0,-90.0,,,,PL95-36,BASALT,2860000000.0,2860000000.0,PALEO,,,,,BASALT,,,,,WR,49.35,0.33,,15.98,,,,11.63,9.61,8.58,0.18,,2.0,0.48,0.07,,,,,,,,,,,,,,,,,,,,,,,,,,,,,,,,,,,,,,,,,,,,71.0,,314.0,270.0,,,52.0,157.0,,,,,,,,23.0,202.0,19.6,51.0,2.75,,,,,,,,,,,,4.0,151.0,2.43,6.43,0.92,5.19,2.03,0.74,2.74,0.48,3.18,0.73,1.99,,2.02,0.3,1.32,0.14,,,,,,,,,,,0.29,0.1,,,,,,,,,,,,,,,,,,,,,,,,,,
Superior,"GEOCHEMICAL SYSTEMATICS OF THOLEIITES FROM THE 2.86 GA PICKLE CROW ASSEMBLAGE, NORTHWESTERN ONTARIO: ARC BASALTS WITH POSITIVE AND NEGATIVE NB-HF ANOMALIES",PL95-23,BASALT,51.4,-90.0,2860.0,ARCHEAN,2860.0,2858.0,2860.0,2862.0,0.551104009,"GEOCHEMICAL SYSTEMATICS OF THOLEIITES FROM THE 2.86 GA PICKLE CROW ASSEMBLAGE, NORTHWESTERN ONTARIO: ARC BASALTS WITH POSITIVE AND NEGATIVE NB-HF ANOMALIES",ARCHEAN CRATON (INCLUDING GREENSTONE BELTS),Superior,,51.4,51.4,-90.0,-90.0,,,,PL95-23,BASALT,2860000000.0,2860000000.0,PALEO,,,,,BASALT,,,,,WR,49.29,0.33,,14.92,,,,10.97,10.61,10.51,0.19,,1.58,0.05,0.04,,,,,,,,,,,,,,,,,,,,,,,,,,,,,,,,,,,,,,,,,,,,67.0,,318.0,565.0,,,54.0,209.0,,,,,,,,2.0,74.0,16.3,32.0,1.48,,,,,,,,,,,,1.0,27.0,1.5,4.24,0.61,3.59,1.33,0.5,1.95,0.37,2.59,0.58,1.69,,1.8,0.26,1.01,0.09,,,,,,,,,,,0.18,0.09,,,,,,,,,,,,,,,,,,,,,,,,,,
Superior,"GEOCHEMICAL SYSTEMATICS OF THOLEIITES FROM THE 2.86 GA PICKLE CROW ASSEMBLAGE, NORTHWESTERN ONTARIO: ARC BASALTS WITH POSITIVE AND NEGATIVE NB-HF ANOMALIES",PL-13B,BASALT,51.4,-90.0,2860.0,ARCHEAN,2860.0,2858.0,2860.0,2862.0,0.077927396,"GEOCHEMICAL SYSTEMATICS OF THOLEIITES FROM THE 2.86 GA PICKLE CROW ASSEMBLAGE, NORTHWESTERN ONTARIO: ARC BASALTS WITH POSITIVE AND NEGATIVE NB-HF ANOMALIES",ARCHEAN CRATON (INCLUDING GREENSTONE BELTS),Superior,,51.4,51.4,-90.0,-90.0,,,,PL-13B,BASALT,2860000000.0,2860000000.0,PALEO,,,,,BASALT,,,,,WR,46.02,0.33,,13.73,,,,12.07,16.31,6.25,0.29,,2.69,0.36,0.06,,,,,,,,,,,,,,,,,,,,,,,,,,,,,,,,,,,,,,,,,,,,45.0,,336.0,267.0,,,49.0,105.0,,,,,,,,23.0,128.0,21.4,47.0,3.16,,,,,,,,,,,,2.0,324.0,3.91,9.84,1.33,7.03,2.18,0.7,2.8,0.46,3.49,0.73,2.22,,2.1,0.3,1.37,0.13,,,,,,,,,,,0.32,0.09,,,,,,,,,,,,,,,,,,,,,,,,,,
Superior,"GEOCHEMICAL SYSTEMATICS OF THOLEIITES FROM THE 2.86 GA PICKLE CROW ASSEMBLAGE, NORTHWESTERN ONTARIO: ARC BASALTS WITH POSITIVE AND NEGATIVE NB-HF ANOMALIES",PL-13A,BASALT,51.4,-90.0,2860.0,ARCHEAN,2860.0,2858.0,2860.0,2862.0,0.006264637,"GEOCHEMICAL SYSTEMATICS OF THOLEIITES FROM THE 2.86 GA PICKLE CROW ASSEMBLAGE, NORTHWESTERN ONTARIO: ARC BASALTS WITH POSITIVE AND NEGATIVE NB-HF ANOMALIES",ARCHEAN CRATON (INCLUDING GREENSTONE BELTS),Superior,,51.4,51.4,-90.0,-90.0,,,,PL-13A,BASALT,2860000000.0,2860000000.0,PALEO,,,,,BASALT,,,,,WR,50.4,0.33,,14.5,,,,12.03,11.01,5.97,0.21,,3.38,0.2,0.07,,,,,,,,,,,,,,,,,,,,,,,,,,,,,,,,,,,,,,,,,,,,41.0,,313.0,279.0,,,50.0,106.0,,,,,,,,3.0,216.0,22.4,53.0,3.24,,,,,,,,,,,,0.0,77.0,3.42,9.12,1.26,6.83,2.12,0.83,2.63,0.44,3.3,0.72,2.19,,2.16,0.33,1.37,0.15,,,,,,,,,,,0.33,0.07,,,,,,,,,,,,,,,,,,,,,,,,,,
Superior,"GEOCHEMICAL SYSTEMATICS OF THOLEIITES FROM THE 2.86 GA PICKLE CROW ASSEMBLAGE, NORTHWESTERN ONTARIO: ARC BASALTS WITH POSITIVE AND NEGATIVE NB-HF ANOMALIES",PL95-15,BASALT,51.4,-90.0,2860.0,ARCHEAN,2860.0,2858.0,2860.0,2862.0,0.004327232,"GEOCHEMICAL SYSTEMATICS OF THOLEIITES FROM THE 2.86 GA PICKLE CROW ASSEMBLAGE, NORTHWESTERN ONTARIO: ARC BASALTS WITH POSITIVE AND NEGATIVE NB-HF ANOMALIES",ARCHEAN CRATON (INCLUDING GREENSTONE BELTS),Superior,,51.4,51.4,-90.0,-90.0,,,,PL95-15,BASALT,2860000000.0,2860000000.0,PALEO,,,,,BASALT,,,,,WR,48.94,0.33,,15.46,,,,11.52,11.16,8.36,0.19,,2.16,0.18,0.05,,,,,,,,,,,,,,,,,,,,,,,,,,,,,,,,,,,,,,,,,,,,52.0,,286.0,250.0,,,56.0,170.0,,,,,,,,2.0,107.0,14.6,37.0,2.0,,,,,,,,,,,,0.0,18.0,1.72,5.0,0.71,4.22,1.44,0.57,2.03,0.37,2.54,0.6,1.67,,1.52,0.24,1.24,0.1,,,,,,,,,,,0.21,0.02,,,,,,,,,,,,,,,,,,,,,,,,,,
Superior,"GEOCHEMICAL SYSTEMATICS OF THOLEIITES FROM THE 2.86 GA PICKLE CROW ASSEMBLAGE, NORTHWESTERN ONTARIO: ARC BASALTS WITH POSITIVE AND NEGATIVE NB-HF ANOMALIES",KAF87-18A,BASALT,51.4,-90.0,2860.0,ARCHEAN,2860.0,2858.0,2860.0,2862.0,0.007969012,"GEOCHEMICAL SYSTEMATICS OF THOLEIITES FROM THE 2.86 GA PICKLE CROW ASSEMBLAGE, NORTHWESTERN ONTARIO: ARC BASALTS WITH POSITIVE AND NEGATIVE NB-HF ANOMALIES",ARCHEAN CRATON (INCLUDING GREENSTONE BELTS),Superior,,51.4,51.4,-90.0,-90.0,,,,KAF87-18A,BASALT,2860000000.0,2860000000.0,PALEO,,,,,BASALT,,,,,WR,49.27,0.33,,14.84,,,,10.76,10.51,10.31,0.2,,1.97,0.29,0.04,,,,,,,,,,,,,,,,,,,,,,,,,,,,,,,,,,,,,,,,,,,,46.0,,252.0,316.0,,,69.0,116.0,,,,,,,,10.0,90.0,14.5,34.0,1.61,,,,,,,,,,,,2.0,43.0,1.46,4.3,0.68,3.76,1.38,0.58,2.1,0.36,2.45,0.56,1.61,,1.6,0.24,1.08,0.13,,,,,,,,,,,0.21,0.04,,,,,,,,,,,,,,,,,,,,,,,,,,
Superior,"GEOCHEMICAL SYSTEMATICS OF THOLEIITES FROM THE 2.86 GA PICKLE CROW ASSEMBLAGE, NORTHWESTERN ONTARIO: ARC BASALTS WITH POSITIVE AND NEGATIVE NB-HF ANOMALIES",PL95-5,BASALT,51.4,-90.0,2860.0,ARCHEAN,2860.0,2858.0,2860.0,2862.0,0.674743593,"GEOCHEMICAL SYSTEMATICS OF THOLEIITES FROM THE 2.86 GA PICKLE CROW ASSEMBLAGE, NORTHWESTERN ONTARIO: ARC BASALTS WITH POSITIVE AND NEGATIVE NB-HF ANOMALIES",ARCHEAN CRATON (INCLUDING GREENSTONE BELTS),Superior,,51.4,51.4,-90.0,-90.0,,,,PL95-5,BASALT,2860000000.0,2860000000.0,PALEO,,,,,BASALT,,,,,WR,48.83,0.33,,14.62,,,,12.52,11.57,7.18,0.22,,2.42,0.36,0.06,,,,,,,,,,,,,,,,,,,,,,,,,,,,,,,,,,,,,,,,,,,,69.0,,344.0,288.0,,,54.0,132.0,,,,,,,,13.0,195.0,20.3,49.0,2.37,,,,,,,,,,,,0.0,94.0,3.09,7.62,1.1,6.63,2.11,0.78,3.04,0.52,3.63,0.81,2.39,,2.34,0.33,1.56,0.23,,,,,,,,,,,0.33,0.16,,,,,,,,,,,,,,,,,,,,,,,,,,
Superior,"GEOCHEMICAL SYSTEMATICS OF THOLEIITES FROM THE 2.86 GA PICKLE CROW ASSEMBLAGE, NORTHWESTERN ONTARIO: ARC BASALTS WITH POSITIVE AND NEGATIVE NB-HF ANOMALIES",KAF87-15B,BASALT,51.4,-90.0,2860.0,ARCHEAN,2860.0,2858.0,2860.0,2862.0,0.700808764,"GEOCHEMICAL SYSTEMATICS OF THOLEIITES FROM THE 2.86 GA PICKLE CROW ASSEMBLAGE, NORTHWESTERN ONTARIO: ARC BASALTS WITH POSITIVE AND NEGATIVE NB-HF ANOMALIES",ARCHEAN CRATON (INCLUDING GREENSTONE BELTS),Superior,,51.4,51.4,-90.0,-90.0,,,,KAF87-15B,BASALT,2860000000.0,2860000000.0,PALEO,,,,,BASALT,,,,,WR,53.16,0.33,,16.09,,,,9.44,11.0,5.57,0.22,,2.36,0.24,0.06,,,,,,,,,,,,,,,,,,,,,,,,,,,,,,,,,,,,,,,,,,,,59.0,,373.0,128.0,,,78.0,103.0,,,,,,,,6.0,132.0,21.8,46.0,1.64,,,,,,,,,,,,0.0,94.0,2.26,6.17,0.91,4.91,1.76,0.7,2.63,0.46,3.6,0.79,2.32,,2.2,0.33,1.45,0.11,,,,,,,,,,,0.23,0.08,,,,,,,,,,,,,,,,,,,,,,,,,,
Superior,"GEOCHEMICAL SYSTEMATICS OF THOLEIITES FROM THE 2.86 GA PICKLE CROW ASSEMBLAGE, NORTHWESTERN ONTARIO: ARC BASALTS WITH POSITIVE AND NEGATIVE NB-HF ANOMALIES",KAF87-15C,BASALT,51.4,-90.0,2860.0,ARCHEAN,2860.0,2858.0,2860.0,2862.0,0.006778455,"GEOCHEMICAL SYSTEMATICS OF THOLEIITES FROM THE 2.86 GA PICKLE CROW ASSEMBLAGE, NORTHWESTERN ONTARIO: ARC BASALTS WITH POSITIVE AND NEGATIVE NB-HF ANOMALIES",ARCHEAN CRATON (INCLUDING GREENSTONE BELTS),Superior,,51.4,51.4,-90.0,-90.0,,,,KAF87-15C,BASALT,2860000000.0,2860000000.0,PALEO,,,,,BASALT,,,,,WR,49.18,0.33,,14.49,,,,12.95,10.92,7.07,0.19,,2.32,0.15,0.09,,,,,,,,,,,,,,,,,,,,,,,,,,,,,,,,,,,,,,,,,,,,55.0,,372.0,167.0,,,60.0,108.0,,,,,,,,1.0,138.0,26.4,70.0,3.95,,,,,,,,,,,,0.0,19.0,4.01,10.87,1.65,8.51,2.91,0.95,3.64,0.64,4.44,0.94,2.87,,2.75,0.4,2.05,0.22,,,,,,,,,,,0.43,0.1,,,,,,,,,,,,,,,,,,,,,,,,,,
Superior,"GEOCHEMICAL SYSTEMATICS OF THOLEIITES FROM THE 2.86 GA PICKLE CROW ASSEMBLAGE, NORTHWESTERN ONTARIO: ARC BASALTS WITH POSITIVE AND NEGATIVE NB-HF ANOMALIES",PL95-12A,BASALT,51.4,-90.0,2860.0,ARCHEAN,2860.0,2858.0,2860.0,2862.0,0.132540539,"GEOCHEMICAL SYSTEMATICS OF THOLEIITES FROM THE 2.86 GA PICKLE CROW ASSEMBLAGE, NORTHWESTERN ONTARIO: ARC BASALTS WITH POSITIVE AND NEGATIVE NB-HF ANOMALIES",ARCHEAN CRATON (INCLUDING GREENSTONE BELTS),Superior,,51.4,51.4,-90.0,-90.0,,,,PL95-12A,BASALT,2860000000.0,2860000000.0,PALEO,,,,,BASALT,,,,,WR,47.35,0.33,,15.5,,,,10.66,17.28,6.33,0.23,,0.71,0.09,0.04,,,,,,,,,,,,,,,,,,,,,,,,,,,,,,,,,,,,,,,,,,,,81.0,,348.0,481.0,,,50.0,147.0,,,,,,,,1.0,262.0,16.7,34.0,1.51,,,,,,,,,,,,0.0,12.0,1.41,3.89,0.6,3.3,1.49,0.53,1.97,0.37,2.42,0.56,1.74,,1.63,0.26,1.18,0.07,,,,,,,,,,,0.32,0.05,,,,,,,,,,,,,,,,,,,,,,,,,,
Superior,"GEOCHEMISTRY AND AGE OF TIMISKAMING ALKALI VOLCANICS AND THE OTTO SYENITE STOCK, ABITIBI, ONTARIO",A3,basalt,48.13,-79.92,2670.0,ARCHEAN,2670.0,2623.0,2740.0,2857.0,0.485058069,"GEOCHEMISTRY AND AGE OF TIMISKAMING ALKALI VOLCANICS AND THE OTTO SYENITE STOCK, ABITIBI, ONTARIO",ARCHEAN CRATON (INCLUDING GREENSTONE BELTS),Superior,,48.13,48.13,-79.92,-79.92,,,,A3,basalt,2670000000.0,2670000000.0,PALEO,,,,,basalt,,,,,WR,50.3,1.0,,18.3,,,,7.94,3.14,2.16,0.12,,5.14,2.99,0.62,,,,,,,,,,,,,,,,,,,,,,,,,,,,,,,,,,,,,,,,,,,,,,,,,,,,,,,,,,,304.0,837.0,41.0,324.0,18.0,,,,,,,,,,,,19.0,4220.0,145.0,288.0,39.0,159.0,30.0,6.7,,,,2.0,4.0,,,,8.0,,,,,,,,,,77.0,,28.0,3.0,,,,,,,,,,,,,,,,,,,,,,,,,,
Superior,"GEOCHEMISTRY AND AGE OF TIMISKAMING ALKALI VOLCANICS AND THE OTTO SYENITE STOCK, ABITIBI, ONTARIO",AA21505,BASALT,48.0,-80.0,2670.0,ARCHEAN,2670.0,2623.0,2740.0,2857.0,0.999843121,"GEOCHEMISTRY AND AGE OF TIMISKAMING ALKALI VOLCANICS AND THE OTTO SYENITE STOCK, ABITIBI, ONTARIO",ARCHEAN CRATON (INCLUDING GREENSTONE BELTS),Superior,,48.0,48.0,-80.0,-80.0,,,,AA21505,BASALT,2670000000.0,2670000000.0,PALEO,,,,,BASALT,,,,,WR,52.97,1.0,,13.4,,,,8.2,9.22,7.0,,,3.43,3.0,,,,,,,,,,,,,,,,,,,,,,,,,,,,,,,,,,,,,,,,,,,,,,,,,,,,,,,,,,,,79.0,1447.0,,90.0,,,,,,,,,,,,,,1800.0,,,,,,,,,,,,,,,,,,,,,,,,,280.0,,,,,,,,,,,,,,,,,,,,,,,,,,,,,
Superior,"GEOCHEMISTRY AND ORIGIN OF ARCHEAN VOLCANIC ROCKS FROM THE UPPER KEEWATIN ASSEMBLAGE (CA. 2.7 GA), LAKE OF THE WOODS GREENSTONE BELT, WESTERN WABIGOON SUBPROVINCE, SUPERIOR PROVINCE, CANADA",K170,THOLEIITE,49.2,-94.6,2700.0,ARCHEAN,2700.0,2721.0,2723.0,2725.0,0.990998268,"GEOCHEMISTRY AND ORIGIN OF ARCHEAN VOLCANIC ROCKS FROM THE UPPER KEEWATIN ASSEMBLAGE (CA. 2.7 GA), LAKE OF THE WOODS GREENSTONE BELT, WESTERN WABIGOON SUBPROVINCE, SUPERIOR PROVINCE, CANADA",ARCHEAN CRATON (INCLUDING GREENSTONE BELTS),Superior,,49.2,49.2,-94.6,-94.6,,,,K170,THOLEIITE,2700000000.0,2700000000.0,PALEO,,,,,THOLEIITE,,,,,WR,50.34,0.58,,12.71,,,,11.06,11.79,11.39,0.18,,0.26,1.56,0.13,,,,,,,,,,,,,,,,,,,,,,,,,,,,,,,,,,,,,,,,,,,,40.3,,258.0,741.0,,,60.0,240.0,,,,,,,,6.0,162.0,14.0,41.0,,,,,,,,,,,,,,125.0,3.12,8.45,,5.05,1.71,0.57,,0.39,,,,,1.63,0.22,1.1,0.2,,,,,,,,,,,0.3,0.2,,,,,,,,,,,,,,,,,,,,,,,,,,
Superior,"GEOCHEMISTRY AND ORIGIN OF ARCHEAN VOLCANIC ROCKS FROM THE UPPER KEEWATIN ASSEMBLAGE (CA. 2.7 GA), LAKE OF THE WOODS GREENSTONE BELT, WESTERN WABIGOON SUBPROVINCE, SUPERIOR PROVINCE, CANADA",K40,THOLEIITE,49.2,-94.6,2700.0,ARCHEAN,2700.0,2721.0,2723.0,2725.0,0.993097961,"GEOCHEMISTRY AND ORIGIN OF ARCHEAN VOLCANIC ROCKS FROM THE UPPER KEEWATIN ASSEMBLAGE (CA. 2.7 GA), LAKE OF THE WOODS GREENSTONE BELT, WESTERN WABIGOON SUBPROVINCE, SUPERIOR PROVINCE, CANADA",ARCHEAN CRATON (INCLUDING GREENSTONE BELTS),Superior,,49.2,49.2,-94.6,-94.6,,,,K40,THOLEIITE,2700000000.0,2700000000.0,PALEO,,,,,THOLEIITE,,,,,WR,50.87,0.51,,12.72,,,,11.75,10.59,11.66,0.17,,0.0,1.48,0.25,,,,,,,,,,,,,,,,,,,,,,,,,,,,,,,,,,,,,,,,,,,,37.1,,237.0,845.0,,,57.0,211.0,,,,,,,,,155.0,11.0,28.0,,,,,,,,,,,,,,74.0,2.46,3.18,,2.92,1.17,0.75,,0.39,,,,,1.72,0.21,0.9,0.2,,,,,,,,,,,0.2,0.3,,,,,,,,,,,,,,,,,,,,,,,,,,
Superior,"GEOCHEMISTRY AND ORIGIN OF ARCHEAN VOLCANIC ROCKS FROM THE UPPER KEEWATIN ASSEMBLAGE (CA. 2.7 GA), LAKE OF THE WOODS GREENSTONE BELT, WESTERN WABIGOON SUBPROVINCE, SUPERIOR PROVINCE, CANADA",K159,THOLEIITE,49.2,-94.6,2700.0,ARCHEAN,2700.0,2721.0,2723.0,2725.0,0.997760057,"GEOCHEMISTRY AND ORIGIN OF ARCHEAN VOLCANIC ROCKS FROM THE UPPER KEEWATIN ASSEMBLAGE (CA. 2.7 GA), LAKE OF THE WOODS GREENSTONE BELT, WESTERN WABIGOON SUBPROVINCE, SUPERIOR PROVINCE, CANADA",ARCHEAN CRATON (INCLUDING GREENSTONE BELTS),Superior,,49.2,49.2,-94.6,-94.6,,,,K159,THOLEIITE,2700000000.0,2700000000.0,PALEO,,,,,THOLEIITE,,,,,WR,51.37,0.63,,14.87,,,,9.41,10.63,6.81,0.18,,0.01,2.98,0.11,,,,,,,,,,,,,,,,,,,,,,,,,,,,,,,,,,,,,,,,,,,,44.0,,251.0,305.0,,,48.0,114.0,,,,,,,,,184.0,15.0,38.0,,,,,,,,,,,,,,69.0,5.27,11.1,,7.99,1.93,1.06,,0.45,,,,,1.78,0.23,1.3,0.2,,,,,,,,,,,0.5,0.2,,,,,,,,,,,,,,,,,,,,,,,,,,
Superior,"GEOCHEMISTRY AND ORIGIN OF ARCHEAN VOLCANIC ROCKS FROM THE UPPER KEEWATIN ASSEMBLAGE (CA. 2.7 GA), LAKE OF THE WOODS GREENSTONE BELT, WESTERN WABIGOON SUBPROVINCE, SUPERIOR PROVINCE, CANADA",K153,THOLEIITE,49.2,-94.6,2700.0,ARCHEAN,2700.0,2721.0,2723.0,2725.0,0.981446624,"GEOCHEMISTRY AND ORIGIN OF ARCHEAN VOLCANIC ROCKS FROM THE UPPER KEEWATIN ASSEMBLAGE (CA. 2.7 GA), LAKE OF THE WOODS GREENSTONE BELT, WESTERN WABIGOON SUBPROVINCE, SUPERIOR PROVINCE, CANADA",ARCHEAN CRATON (INCLUDING GREENSTONE BELTS),Superior,,49.2,49.2,-94.6,-94.6,,,,K153,THOLEIITE,2700000000.0,2700000000.0,PALEO,,,,,THOLEIITE,,,,,WR,52.42,0.57,,13.71,,,,9.79,10.85,9.72,0.17,,0.01,2.59,0.17,,,,,,,,,,,,,,,,,,,,,,,,,,,,,,,,,,,,,,,,,,,,38.4,,249.0,704.0,,,52.0,228.0,,,,,,,,,109.0,14.0,35.0,,,,,,,,,,,,,,77.0,3.18,6.41,,4.1,1.66,0.87,,0.43,,,,,1.69,0.26,0.9,0.3,,,,,,,,,,,0.2,0.2,,,,,,,,,,,,,,,,,,,,,,,,,,
Superior,"GEOCHEMISTRY AND ORIGIN OF ARCHEAN VOLCANIC ROCKS FROM THE UPPER KEEWATIN ASSEMBLAGE (CA. 2.7 GA), LAKE OF THE WOODS GREENSTONE BELT, WESTERN WABIGOON SUBPROVINCE, SUPERIOR PROVINCE, CANADA",K146,ANDESITE,49.2,-94.6,2700.0,ARCHEAN,2700.0,2721.0,2723.0,2725.0,0.959864259,"GEOCHEMISTRY AND ORIGIN OF ARCHEAN VOLCANIC ROCKS FROM THE UPPER KEEWATIN ASSEMBLAGE (CA. 2.7 GA), LAKE OF THE WOODS GREENSTONE BELT, WESTERN WABIGOON SUBPROVINCE, SUPERIOR PROVINCE, CANADA",ARCHEAN CRATON (INCLUDING GREENSTONE BELTS),Superior,,49.2,49.2,-94.6,-94.6,,,,K146,ANDESITE,2700000000.0,2700000000.0,PALEO,,,,,ANDESITE,,,,,WR,53.61,0.86,,16.4,,,,10.86,5.05,8.82,0.2,,0.78,3.18,0.25,,,,,,,,,,,,,,,,,,,,,,,,,,,,,,,,,,,,,,,,,,,,42.8,,336.0,269.0,,,54.0,106.0,,,,,,,,29.0,78.0,22.0,75.0,,,,,,,,,,,,,,501.0,4.47,10.1,,7.21,2.38,0.93,,0.6,,,,,2.8,0.42,1.8,0.2,,,,,,,,,,,0.6,0.1,,,,,,,,,,,,,,,,,,,,,,,,,,
Superior,"GEOCHEMISTRY AND ORIGIN OF ARCHEAN VOLCANIC ROCKS FROM THE UPPER KEEWATIN ASSEMBLAGE (CA. 2.7 GA), LAKE OF THE WOODS GREENSTONE BELT, WESTERN WABIGOON SUBPROVINCE, SUPERIOR PROVINCE, CANADA",K34,ANDESITE,49.2,-94.6,2700.0,ARCHEAN,2700.0,2721.0,2723.0,2725.0,0.998359263,"GEOCHEMISTRY AND ORIGIN OF ARCHEAN VOLCANIC ROCKS FROM THE UPPER KEEWATIN ASSEMBLAGE (CA. 2.7 GA), LAKE OF THE WOODS GREENSTONE BELT, WESTERN WABIGOON SUBPROVINCE, SUPERIOR PROVINCE, CANADA",ARCHEAN CRATON (INCLUDING GREENSTONE BELTS),Superior,,49.2,49.2,-94.6,-94.6,,,,K34,ANDESITE,2700000000.0,2700000000.0,PALEO,,,,,ANDESITE,,,,,WR,53.72,0.46,,13.82,,,,13.83,10.13,5.67,0.59,,0.19,1.44,0.15,,,,,,,,,,,,,,,,,,,,,,,,,,,,,,,,,,,,,,,,,,,,44.7,,286.0,902.0,,,51.0,250.0,,,,,,,,8.0,137.0,12.0,29.0,1.21,,,,,,,,,,,,,170.0,3.19,4.31,,4.51,1.22,0.45,,0.31,,,,,1.33,0.23,0.9,,,,,,,,,,,,0.7,0.3,,,,,,,,,,,,,,,,,,,,,,,,,,
Superior,"GEOCHEMISTRY AND ORIGIN OF ARCHEAN VOLCANIC ROCKS FROM THE UPPER KEEWATIN ASSEMBLAGE (CA. 2.7 GA), LAKE OF THE WOODS GREENSTONE BELT, WESTERN WABIGOON SUBPROVINCE, SUPERIOR PROVINCE, CANADA",K120,BASALT,49.2,-94.6,2700.0,ARCHEAN,2700.0,2721.0,2723.0,2725.0,0.989652693,"GEOCHEMISTRY AND ORIGIN OF ARCHEAN VOLCANIC ROCKS FROM THE UPPER KEEWATIN ASSEMBLAGE (CA. 2.7 GA), LAKE OF THE WOODS GREENSTONE BELT, WESTERN WABIGOON SUBPROVINCE, SUPERIOR PROVINCE, CANADA",ARCHEAN CRATON (INCLUDING GREENSTONE BELTS),Superior,,49.2,49.2,-94.6,-94.6,,,,K120,BASALT,2700000000.0,2700000000.0,PALEO,,,,,BASALT,,,,,WR,51.58,0.92,,12.92,,,,11.32,10.84,8.37,0.15,,1.49,2.42,,,,,,,,,,,,,,,,,,,,,,,,,,,,,,,,,,,,,,,,,,,,,34.6,,304.0,358.0,,,47.0,105.0,,,,,,,,47.0,488.0,18.0,78.0,,,,,,,,,,,,,,190.0,14.3,33.0,,22.2,4.71,1.5,,0.6,,,,,1.88,0.31,1.7,0.4,,,,,,,,,,,1.8,0.5,,,,,,,,,,,,,,,,,,,,,,,,,,
Superior,"GEOCHEMISTRY AND ORIGIN OF ARCHEAN VOLCANIC ROCKS FROM THE UPPER KEEWATIN ASSEMBLAGE (CA. 2.7 GA), LAKE OF THE WOODS GREENSTONE BELT, WESTERN WABIGOON SUBPROVINCE, SUPERIOR PROVINCE, CANADA",K15,ANDESITE,49.2,-94.6,2700.0,ARCHEAN,2700.0,2721.0,2723.0,2725.0,0.998786271,"GEOCHEMISTRY AND ORIGIN OF ARCHEAN VOLCANIC ROCKS FROM THE UPPER KEEWATIN ASSEMBLAGE (CA. 2.7 GA), LAKE OF THE WOODS GREENSTONE BELT, WESTERN WABIGOON SUBPROVINCE, SUPERIOR PROVINCE, CANADA",ARCHEAN CRATON (INCLUDING GREENSTONE BELTS),Superior,,49.2,49.2,-94.6,-94.6,,,,K15,ANDESITE,2700000000.0,2700000000.0,PALEO,,,,,ANDESITE,,,,,WR,53.52,1.04,,17.25,,,,9.79,8.67,4.96,0.23,,0.95,3.29,0.3,,,,,,,,,,,,,,,,,,,,,,,,,,,,,,,,,,,,,,,,,,,,30.8,,264.0,44.0,,,41.0,55.0,,,,,,,,26.0,524.0,21.0,110.0,0.0,,,,,,,,,,,,,365.0,19.7,48.1,,26.5,5.06,1.6,,0.63,,,,,2.66,0.43,2.4,0.7,,,,,,,,,,,2.5,0.7,,,,,,,,,,,,,,,,,,,,,,,,,,
Superior,"GEOCHEMISTRY AND PETROGENESIS OF ARCHEAN MAFIC VOLCANIC ROCKS OF THE SOUTHERN ABITIBI BELT, QUEBEC",8711,ANDESITE,48.25,-79.02,2700.0,ARCHEAN,2700.0,2698.0,2700.5,2703.0,0.053293195,"GEOCHEMISTRY AND PETROGENESIS OF ARCHEAN MAFIC VOLCANIC ROCKS OF THE SOUTHERN ABITIBI BELT, QUEBEC",ARCHEAN CRATON (INCLUDING GREENSTONE BELTS),Superior,,48.25,48.25,-79.02,-79.02,,,,8711,ANDESITE,2700000000.0,2700000000.0,PALEO,,,,,ANDESITE,,,,,WR,49.9,1.18,,15.28,,,,9.83,10.1,7.77,0.24,,1.12,3.16,0.1,,,,,,,,,,,,,,,,,,,,,,,,,,,,,,,,,,,,,,,,,,,,45.0,,352.0,265.0,,,44.0,77.0,,,,,,,,45.0,649.0,37.0,72.0,4.7,,,,,,,,,,,,,,5.4,13.4,,18.0,4.1,1.27,,1.07,,,,,3.84,0.63,2.0,0.23,,,,,,,,,,,,,,,,,,,,,,,,,,,,,,,,,,,,,,
Superior,"GEOCHEMISTRY AND PETROGENESIS OF ARCHEAN MAFIC VOLCANIC ROCKS OF THE SOUTHERN ABITIBI BELT, QUEBEC",8705,THOLEIITE,48.25,-79.02,2700.0,ARCHEAN,2700.0,2698.0,2700.5,2703.0,0.003175383,"GEOCHEMISTRY AND PETROGENESIS OF ARCHEAN MAFIC VOLCANIC ROCKS OF THE SOUTHERN ABITIBI BELT, QUEBEC",ARCHEAN CRATON (INCLUDING GREENSTONE BELTS),Superior,,48.25,48.25,-79.02,-79.02,,,,8705,THOLEIITE,2700000000.0,2700000000.0,PALEO,,,,,THOLEIITE,,,,,WR,50.8,1.23,,15.8,,,,12.76,8.14,7.95,0.21,,0.04,1.28,0.08,,,,,,,,,,,,,,,,,,,,,,,,,,,,,,,,,,,,,,,,,,,,41.0,,358.0,247.0,,,49.0,109.0,,,,,,,,1.0,146.0,22.0,57.0,2.5,,,,,,,,,,,,,,2.8,8.0,,6.3,2.2,0.82,,0.6,,,,,2.25,0.38,1.5,0.15,,,,,,,,,,,0.2,,,,,,,,,,,,,,,,,,,,,,,,,,,
Superior,"GEOCHEMISTRY AND PETROGENESIS OF ARCHEAN MAFIC VOLCANIC ROCKS OF THE SOUTHERN ABITIBI BELT, QUEBEC",8685,THOLEIITE,48.25,-79.02,2700.0,ARCHEAN,2700.0,2698.0,2700.5,2703.0,0.085867696,"GEOCHEMISTRY AND PETROGENESIS OF ARCHEAN MAFIC VOLCANIC ROCKS OF THE SOUTHERN ABITIBI BELT, QUEBEC",ARCHEAN CRATON (INCLUDING GREENSTONE BELTS),Superior,,48.25,48.25,-79.02,-79.02,,,,8685,THOLEIITE,2700000000.0,2700000000.0,PALEO,,,,,THOLEIITE,,,,,WR,53.0,0.97,,21.07,,,,7.18,5.54,7.7,0.1,,0.8,3.49,0.2,,,,,,,,,,,,,,,,,,,,,,,,,,,,,,,,,,,,,,,,,,,,25.0,,196.0,183.0,,,,81.0,,,,,,,,25.0,237.0,18.0,121.0,5.1,,,,,,,,,,,,,,12.9,29.2,,13.8,3.2,1.08,,0.56,,,,,1.66,0.28,2.7,0.36,,,,,,,,,,,1.1,,,,,,,,,,,,,,,,,,,,,,,,,,,
Superior,"GEOCHEMISTRY AND PETROGENESIS OF ARCHEAN MAFIC VOLCANIC ROCKS OF THE SOUTHERN ABITIBI BELT, QUEBEC",8718,basalt,48.25,-79.02,2700.0,ARCHEAN,2700.0,2698.0,2700.5,2703.0,0.024292728,"GEOCHEMISTRY AND PETROGENESIS OF ARCHEAN MAFIC VOLCANIC ROCKS OF THE SOUTHERN ABITIBI BELT, QUEBEC",ARCHEAN CRATON (INCLUDING GREENSTONE BELTS),Superior,,48.25,48.25,-79.02,-79.02,,,,8718,basalt,2700000000.0,2700000000.0,PALEO,,,,,basalt,,,,,WR,54.0,0.68,,17.19,,,,7.93,8.26,6.4,0.1,,0.1,4.7,0.113,,,,,,,,,,,,,,,,,,,,,,,,,,,,,,,,,,,,,,,,,,,,25.0,,173.0,156.0,,,,110.0,,,,,,,,2.0,155.0,15.0,86.0,3.6,,,,,,,,,,,,,,8.5,19.3,,9.4,2.4,0.76,,0.43,,,,,1.39,0.23,2.0,0.26,,,,,,,,,,,0.8,,,,,,,,,,,,,,,,,,,,,,,,,,,
Superior,"GEOCHEMISTRY AND PETROGENESIS OF ARCHEAN MAFIC VOLCANIC ROCKS OF THE SOUTHERN ABITIBI BELT, QUEBEC",8713,basalt,48.25,-79.02,2698.0,ARCHEAN,2700.0,2698.0,2700.5,2703.0,0.040264912,"GEOCHEMISTRY AND PETROGENESIS OF ARCHEAN MAFIC VOLCANIC ROCKS OF THE SOUTHERN ABITIBI BELT, QUEBEC",ARCHEAN CRATON (INCLUDING GREENSTONE BELTS),Superior,,48.25,48.25,-79.02,-79.02,,,,8713,basalt,2698000000.0,2700000000.0,PALEO,,,,,basalt,,,,,WR,51.0,1.26,,18.97,,,,7.58,11.7,3.6,0.2,,0.3,2.76,0.17,,,,,,,,,,,,,,,,,,,,,,,,,,,,,,,,,,,,,,,,,,,,18.0,,328.0,143.0,,,,123.0,,,,,,,,9.0,283.0,10.0,43.0,3.1,,,,,,,,,,,,,,10.4,23.8,,12.3,2.7,0.92,,0.36,,,,,1.02,0.17,1.0,0.18,,,,,,,,,,,1.2,,,,,,,,,,,,,,,,,,,,,,,,,,,
Superior,"GEOCHEMISTRY AND PETROGENESIS OF ARCHEAN MAFIC VOLCANIC ROCKS OF THE SOUTHERN ABITIBI BELT, QUEBEC",8709,basalt,48.25,-79.02,2700.0,ARCHEAN,2700.0,2698.0,2700.5,2703.0,0.474655032,"GEOCHEMISTRY AND PETROGENESIS OF ARCHEAN MAFIC VOLCANIC ROCKS OF THE SOUTHERN ABITIBI BELT, QUEBEC",ARCHEAN CRATON (INCLUDING GREENSTONE BELTS),Superior,,48.25,48.25,-79.02,-79.02,,,,8709,basalt,2700000000.0,2700000000.0,PALEO,,,,,basalt,,,,,WR,50.0,0.85,,12.41,,,,10.83,10.1,12.0,0.2,,0.7,1.51,0.17,,,,,,,,,,,,,,,,,,,,,,,,,,,,,,,,,,,,,,,,,,,,22.0,,210.0,745.0,,,,470.0,,,,,,,,19.0,363.0,9.0,33.0,2.4,,,,,,,,,,,,,,9.1,21.4,,10.1,2.1,0.67,,0.26,,,,,0.77,0.13,0.7,0.13,,,,,,,,,,,1.2,,,,,,,,,,,,,,,,,,,,,,,,,,,
Superior,"GEOCHEMISTRY OF BONINITE-TYPE VOLCANIC ROCKS IN THE FROTET-EVANS GREENSTONE BELT, OPATICA SUBPROVINCE, QUEBEC: IMPLICATIONS FOR THE EVOLUTION OF ARCHEAN GREENSTONE BELTS",93-12559,ANDESITE,51.0,-74.0,2760.0,ARCHEAN,2790.0,2755.0,2774.0,2793.0,0.955459118,"GEOCHEMISTRY OF BONINITE-TYPE VOLCANIC ROCKS IN THE FROTET-EVANS GREENSTONE BELT, OPATICA SUBPROVINCE, QUEBEC: IMPLICATIONS FOR THE EVOLUTION OF ARCHEAN GREENSTONE BELTS",ARCHEAN CRATON (INCLUDING GREENSTONE BELTS),Superior,,51.0,51.0,-74.0,-74.0,,,,93-12559,ANDESITE,2760000000.0,2790000000.0,PALEO,,,,,ANDESITE,,,,,WR,53.1,0.42,,14.4,,,,7.38,11.1,9.8,0.2,,0.1,1.7,0.02,,,,,,,,,,,,,,,,,,,,,,,,,,,,,,,,,,,,,,,,,,,,,,,,,,,,,,,,,,,1.7,57.0,9.9,51.0,1.4,,,,,,,,,,,,0.2,32.0,2.88,5.9,0.83,3.22,0.95,0.36,1.32,0.25,1.82,0.4,1.22,,1.11,0.17,0.71,0.08,,,,,,,,,,,0.68,0.19,,,,,,,,,,,,,,,,,,,,,,,,,,
Superior,"GEOCHEMISTRY OF BONINITE-TYPE VOLCANIC ROCKS IN THE FROTET-EVANS GREENSTONE BELT, OPATICA SUBPROVINCE, QUEBEC: IMPLICATIONS FOR THE EVOLUTION OF ARCHEAN GREENSTONE BELTS",135643IC,ANDESITE,51.0,-74.0,2760.0,ARCHEAN,2790.0,2755.0,2774.0,2793.0,0.995292962,"GEOCHEMISTRY OF BONINITE-TYPE VOLCANIC ROCKS IN THE FROTET-EVANS GREENSTONE BELT, OPATICA SUBPROVINCE, QUEBEC: IMPLICATIONS FOR THE EVOLUTION OF ARCHEAN GREENSTONE BELTS",ARCHEAN CRATON (INCLUDING GREENSTONE BELTS),Superior,,51.0,51.0,-74.0,-74.0,,,,135643IC,ANDESITE,2760000000.0,2790000000.0,PALEO,,,,,ANDESITE,,,,,WR,52.2,0.36,,13.7,,,,10.6,9.7,9.3,0.2,,0.1,1.7,0.01,,,,,,,,,,,,,,,,,,,,,,,,,,,,,,,,,,,,,,,,,,,,,,,,,,,119.0,,,,,,,,2.0,88.0,12.0,21.0,,,,,,,,,,,,,0.14,20.0,2.8,5.43,0.75,3.12,0.93,0.4,1.32,0.24,1.81,0.41,1.25,,1.38,0.21,0.67,0.12,,,,,,,,,,,0.46,0.13,,,,,,,,,,,,,,,,,,,,,,,,,,
Superior,"GEOCHEMISTRY OF BONINITE-TYPE VOLCANIC ROCKS IN THE FROTET-EVANS GREENSTONE BELT, OPATICA SUBPROVINCE, QUEBEC: IMPLICATIONS FOR THE EVOLUTION OF ARCHEAN GREENSTONE BELTS",11,BASALT,51.0,-74.0,2760.0,ARCHEAN,2790.0,2755.0,2774.0,2793.0,0.997516632,"GEOCHEMISTRY OF BONINITE-TYPE VOLCANIC ROCKS IN THE FROTET-EVANS GREENSTONE BELT, OPATICA SUBPROVINCE, QUEBEC: IMPLICATIONS FOR THE EVOLUTION OF ARCHEAN GREENSTONE BELTS",ARCHEAN CRATON (INCLUDING GREENSTONE BELTS),Superior,,51.0,51.0,-74.0,-74.0,,,,11,BASALT,2760000000.0,2790000000.0,PALEO,,,,,BASALT,,,,,WR,51.4,0.38,,13.4,,,,8.64,10.8,10.2,0.0,,0.0,2.5,0.04,,,,,,,,,,,,,,,,,,,,,,,,,,,,,,,,,,,,,,,,,,,,,,,,,,,,,,,,,,,2.0,80.0,10.0,36.0,,,,,,,,,,,,,,,,,,,,,,,,,,,,,,,,,,,,,,,,,,,,,,,,,,,,,,,,,,,,,,,,,,,,
Superior,"GEOCHEMISTRY OF BONINITE-TYPE VOLCANIC ROCKS IN THE FROTET-EVANS GREENSTONE BELT, OPATICA SUBPROVINCE, QUEBEC: IMPLICATIONS FOR THE EVOLUTION OF ARCHEAN GREENSTONE BELTS",133731IC,BASALT,51.0,-74.0,2760.0,ARCHEAN,2790.0,2755.0,2774.0,2793.0,0.94973129,"GEOCHEMISTRY OF BONINITE-TYPE VOLCANIC ROCKS IN THE FROTET-EVANS GREENSTONE BELT, OPATICA SUBPROVINCE, QUEBEC: IMPLICATIONS FOR THE EVOLUTION OF ARCHEAN GREENSTONE BELTS",ARCHEAN CRATON (INCLUDING GREENSTONE BELTS),Superior,,51.0,51.0,-74.0,-74.0,,,,133731IC,BASALT,2760000000.0,2790000000.0,PALEO,,,,,BASALT,,,,,WR,49.0,0.44,,14.5,,,,8.6,10.7,7.0,0.2,,0.3,1.8,0.09,,,,,,,,,,,,,,,,,,,,,,,,,,,,,,,,,,,,,,,,,,,,,,,,,,,35.0,,,,,,,,10.0,128.0,14.0,40.0,,,,,,,,,,,,,0.33,39.0,2.75,5.62,0.82,3.32,0.99,0.36,1.4,0.26,2.08,0.47,1.41,,1.57,0.26,0.93,0.06,,,,,,,,,,,0.8,0.18,,,,,,,,,,,,,,,,,,,,,,,,,,
Superior,"GEOCHEMISTRY OF BONINITE-TYPE VOLCANIC ROCKS IN THE FROTET-EVANS GREENSTONE BELT, OPATICA SUBPROVINCE, QUEBEC: IMPLICATIONS FOR THE EVOLUTION OF ARCHEAN GREENSTONE BELTS",135587IC,BASALT,51.0,-74.0,2760.0,ARCHEAN,2790.0,2755.0,2774.0,2793.0,0.977552414,"GEOCHEMISTRY OF BONINITE-TYPE VOLCANIC ROCKS IN THE FROTET-EVANS GREENSTONE BELT, OPATICA SUBPROVINCE, QUEBEC: IMPLICATIONS FOR THE EVOLUTION OF ARCHEAN GREENSTONE BELTS",ARCHEAN CRATON (INCLUDING GREENSTONE BELTS),Superior,,51.0,51.0,-74.0,-74.0,,,,135587IC,BASALT,2760000000.0,2790000000.0,PALEO,,,,,BASALT,,,,,WR,49.5,0.37,,13.7,,,,10.2,6.1,13.0,0.2,,0.8,1.5,0.1,,,,,,,,,,,,,,,,,,,,,,,,,,,,,,,,,,,,,,,,,,,,,,,,,,,176.0,,,,,,,,38.0,133.0,11.0,33.0,,,,,,,,,,,,,1.93,63.0,2.21,4.17,0.57,2.32,0.74,0.25,1.12,0.21,1.5,0.35,1.07,,1.19,0.19,0.65,0.01,,,,,,,,,,,0.48,0.2,,,,,,,,,,,,,,,,,,,,,,,,,,
Superior,"GEOCHEMISTRY OF BONINITE-TYPE VOLCANIC ROCKS IN THE FROTET-EVANS GREENSTONE BELT, OPATICA SUBPROVINCE, QUEBEC: IMPLICATIONS FOR THE EVOLUTION OF ARCHEAN GREENSTONE BELTS",82-27-13,BASALT,51.0,-74.0,2760.0,ARCHEAN,2790.0,2755.0,2774.0,2793.0,0.999769866,"GEOCHEMISTRY OF BONINITE-TYPE VOLCANIC ROCKS IN THE FROTET-EVANS GREENSTONE BELT, OPATICA SUBPROVINCE, QUEBEC: IMPLICATIONS FOR THE EVOLUTION OF ARCHEAN GREENSTONE BELTS",ARCHEAN CRATON (INCLUDING GREENSTONE BELTS),Superior,,51.0,51.0,-74.0,-74.0,,,,82-27-13,BASALT,2760000000.0,2790000000.0,PALEO,,,,,BASALT,,,,,WR,51.0,0.38,,13.6,,,,11.34,10.4,11.6,0.0,,0.0,1.6,0.02,,,,,,,,,,,,,,,,,,,,,,,,,,,,,,,,,,,,,,,,,,,,,,,800.0,,,,180.0,,,,,,,,,,8.0,29.0,,,,,,,,,,,,,,,,,,,,,,,,,,,,,,,,,,,,,,,,,,,,,,,,,,,,,,,,,,,,,,,,,,,,
Superior,"GEOCHEMISTRY OF BONINITE-TYPE VOLCANIC ROCKS IN THE FROTET-EVANS GREENSTONE BELT, OPATICA SUBPROVINCE, QUEBEC: IMPLICATIONS FOR THE EVOLUTION OF ARCHEAN GREENSTONE BELTS",85-16786,ANDESITE,51.0,-74.0,2760.0,ARCHEAN,2790.0,2755.0,2774.0,2793.0,0.999827385,"GEOCHEMISTRY OF BONINITE-TYPE VOLCANIC ROCKS IN THE FROTET-EVANS GREENSTONE BELT, OPATICA SUBPROVINCE, QUEBEC: IMPLICATIONS FOR THE EVOLUTION OF ARCHEAN GREENSTONE BELTS",ARCHEAN CRATON (INCLUDING GREENSTONE BELTS),Superior,,51.0,51.0,-74.0,-74.0,,,,85-16786,ANDESITE,2760000000.0,2790000000.0,PALEO,,,,,ANDESITE,,,,,WR,53.9,0.57,,16.1,,,,6.66,9.1,7.6,0.1,,0.9,1.8,0.07,,,,,,,,,,,,,,,,,,,,,,,,,,,,,,,,,,,,,,,,,,,,,,,220.0,,,,113.0,,,,,,,,36.0,180.0,13.0,71.0,,,,,,,,,,,,,,179.0,,,,,,,,,,,,,,,,,,,,,,,,,,,,,,,,,,,,,,,,,,,,,,,,,,,,,,
Superior,"GEOCHEMISTRY OF BONINITE-TYPE VOLCANIC ROCKS IN THE FROTET-EVANS GREENSTONE BELT, OPATICA SUBPROVINCE, QUEBEC: IMPLICATIONS FOR THE EVOLUTION OF ARCHEAN GREENSTONE BELTS",85-16787,BASALT,51.0,-74.0,2760.0,ARCHEAN,2790.0,2755.0,2774.0,2793.0,0.999622226,"GEOCHEMISTRY OF BONINITE-TYPE VOLCANIC ROCKS IN THE FROTET-EVANS GREENSTONE BELT, OPATICA SUBPROVINCE, QUEBEC: IMPLICATIONS FOR THE EVOLUTION OF ARCHEAN GREENSTONE BELTS",ARCHEAN CRATON (INCLUDING GREENSTONE BELTS),Superior,,51.0,51.0,-74.0,-74.0,,,,85-16787,BASALT,2760000000.0,2790000000.0,PALEO,,,,,BASALT,,,,,WR,51.3,0.43,,15.5,,,,7.65,9.7,9.3,0.2,,1.2,1.6,0.05,,,,,,,,,,,,,,,,,,,,,,,,,,,,,,,,,,,,,,,,,,,,,,,153.0,,,,129.0,,,,,,,,56.0,150.0,13.0,48.0,,,,,,,,,,,,,,158.0,,,,,,,,,,,,,,,,,,,,,,,,,,,,,,,,,,,,,,,,,,,,,,,,,,,,,,
Superior,"GEOCHEMISTRY OF BONINITE-TYPE VOLCANIC ROCKS IN THE FROTET-EVANS GREENSTONE BELT, OPATICA SUBPROVINCE, QUEBEC: IMPLICATIONS FOR THE EVOLUTION OF ARCHEAN GREENSTONE BELTS",93-16157,BASALT,51.0,-74.0,2760.0,ARCHEAN,2790.0,2755.0,2774.0,2793.0,0.998096168,"GEOCHEMISTRY OF BONINITE-TYPE VOLCANIC ROCKS IN THE FROTET-EVANS GREENSTONE BELT, OPATICA SUBPROVINCE, QUEBEC: IMPLICATIONS FOR THE EVOLUTION OF ARCHEAN GREENSTONE BELTS",ARCHEAN CRATON (INCLUDING GREENSTONE BELTS),Superior,,51.0,51.0,-74.0,-74.0,,,,93-16157,BASALT,2760000000.0,2790000000.0,PALEO,,,,,BASALT,,,,,WR,51.8,0.47,,14.4,,,,8.64,9.9,9.9,0.2,,0.8,0.9,0.02,,,,,,,,,,,,,,,,,,,,,,,,,,,,,,,,,,,,,,,,,,,,,,,,,,,,,,,,,,,40.0,110.0,17.0,45.0,,,,,,,,,,,,,,,,,,,,,,,,,,,,,,,,,,,,,,,,,,,,,,,,,,,,,,,,,,,,,,,,,,,,
Superior,"GEOCHEMISTRY OF BONINITE-TYPE VOLCANIC ROCKS IN THE FROTET-EVANS GREENSTONE BELT, OPATICA SUBPROVINCE, QUEBEC: IMPLICATIONS FOR THE EVOLUTION OF ARCHEAN GREENSTONE BELTS",135685IC,BASALT,51.0,-74.0,2760.0,ARCHEAN,2790.0,2755.0,2774.0,2793.0,0.995637357,"GEOCHEMISTRY OF BONINITE-TYPE VOLCANIC ROCKS IN THE FROTET-EVANS GREENSTONE BELT, OPATICA SUBPROVINCE, QUEBEC: IMPLICATIONS FOR THE EVOLUTION OF ARCHEAN GREENSTONE BELTS",ARCHEAN CRATON (INCLUDING GREENSTONE BELTS),Superior,,51.0,51.0,-74.0,-74.0,,,,135685IC,BASALT,2760000000.0,2790000000.0,PALEO,,,,,BASALT,,,,,WR,51.3,0.37,,13.6,,,,9.7,8.2,11.3,0.2,,0.1,1.9,0.01,,,,,,,,,,,,,,,,,,,,,,,,,,,,,,,,,,,,,,,,,,,,,,,,,,,128.0,,,,,,,,1.0,81.0,13.0,21.0,,,,,,,,,,,,,0.32,16.0,2.49,5.16,0.73,2.98,0.92,0.4,1.39,0.25,2.17,0.47,1.41,,1.59,0.23,0.7,0.13,,,,,,,,,,,0.56,0.14,,,,,,,,,,,,,,,,,,,,,,,,,,
Superior,"GEOCHEMISTRY OF BONINITE-TYPE VOLCANIC ROCKS IN THE FROTET-EVANS GREENSTONE BELT, OPATICA SUBPROVINCE, QUEBEC: IMPLICATIONS FOR THE EVOLUTION OF ARCHEAN GREENSTONE BELTS",95-7304,BASALT,51.0,-74.0,2760.0,ARCHEAN,2790.0,2755.0,2774.0,2793.0,0.170401752,"GEOCHEMISTRY OF BONINITE-TYPE VOLCANIC ROCKS IN THE FROTET-EVANS GREENSTONE BELT, OPATICA SUBPROVINCE, QUEBEC: IMPLICATIONS FOR THE EVOLUTION OF ARCHEAN GREENSTONE BELTS",ARCHEAN CRATON (INCLUDING GREENSTONE BELTS),Superior,,51.0,51.0,-74.0,-74.0,,,,95-7304,BASALT,2760000000.0,2790000000.0,PALEO,,,,,BASALT,,,,,WR,51.4,0.36,,13.6,,,,9.63,10.5,10.7,0.2,,0.1,1.7,0.03,,,,,,,,,,,,,,,,,,,,,,,,,,,,,,,,,,,,,,,,,,,,,,,,,,,,,,,,,,,11.0,73.0,13.0,24.0,0.9,,,,,,,,,,,,5.2,,1.9,4.2,0.55,2.5,0.76,0.33,1.2,0.25,1.7,0.4,1.2,,1.4,0.22,0.65,0.07,,,,,,,,,,,0.33,0.1,,,,,,,,,,,,,,,,,,,,,,,,,,
Superior,"GEOCHEMISTRY OF BONINITE-TYPE VOLCANIC ROCKS IN THE FROTET-EVANS GREENSTONE BELT, OPATICA SUBPROVINCE, QUEBEC: IMPLICATIONS FOR THE EVOLUTION OF ARCHEAN GREENSTONE BELTS",97-14480,BASALT,51.0,-74.0,2760.0,ARCHEAN,2790.0,2755.0,2774.0,2793.0,0.751237094,"GEOCHEMISTRY OF BONINITE-TYPE VOLCANIC ROCKS IN THE FROTET-EVANS GREENSTONE BELT, OPATICA SUBPROVINCE, QUEBEC: IMPLICATIONS FOR THE EVOLUTION OF ARCHEAN GREENSTONE BELTS",ARCHEAN CRATON (INCLUDING GREENSTONE BELTS),Superior,,51.0,51.0,-74.0,-74.0,,,,97-14480,BASALT,2760000000.0,2790000000.0,PALEO,,,,,BASALT,,,,,WR,52.8,0.42,,14.7,,,,8.82,10.3,8.9,0.2,,0.1,1.6,0.03,,,,,,,,,,,,,,,,,,,,,,,,,,,,,,,,,,,,,,,,,,,,,,,,,,,,,,,,,,,1.7,59.0,13.0,38.0,1.2,,,,,,,,,,,,0.11,,3.2,7.0,0.87,3.6,1.0,0.35,1.5,0.29,1.9,0.47,1.3,,1.5,0.24,1.1,0.11,,,,,,,,,,,0.76,0.23,,,,,,,,,,,,,,,,,,,,,,,,,,
Superior,"GEOCHEMISTRY OF BONINITE-TYPE VOLCANIC ROCKS IN THE FROTET-EVANS GREENSTONE BELT, OPATICA SUBPROVINCE, QUEBEC: IMPLICATIONS FOR THE EVOLUTION OF ARCHEAN GREENSTONE BELTS",97-14477,BASALT,51.0,-74.0,2760.0,ARCHEAN,2790.0,2755.0,2774.0,2793.0,0.996861577,"GEOCHEMISTRY OF BONINITE-TYPE VOLCANIC ROCKS IN THE FROTET-EVANS GREENSTONE BELT, OPATICA SUBPROVINCE, QUEBEC: IMPLICATIONS FOR THE EVOLUTION OF ARCHEAN GREENSTONE BELTS",ARCHEAN CRATON (INCLUDING GREENSTONE BELTS),Superior,,51.0,51.0,-74.0,-74.0,,,,97-14477,BASALT,2760000000.0,2790000000.0,PALEO,,,,,BASALT,,,,,WR,52.6,0.44,,13.6,,,,9.27,9.1,9.8,0.2,,0.5,1.7,0.03,,,,,,,,,,,,,,,,,,,,,,,,,,,,,,,,,,,,,,,,,,,,,,,,,,,,,,,,,,,22.0,63.0,13.0,38.0,,,,,,,,,,,,,,,,,,,,,,,,,,,,,,,,,,,,,,,,,,,,,,,,,,,,,,,,,,,,,,,,,,,,
Superior,"GEOCHEMISTRY OF BONINITE-TYPE VOLCANIC ROCKS IN THE FROTET-EVANS GREENSTONE BELT, OPATICA SUBPROVINCE, QUEBEC: IMPLICATIONS FOR THE EVOLUTION OF ARCHEAN GREENSTONE BELTS",97-14463,BASALT,51.0,-74.0,2760.0,ARCHEAN,2790.0,2755.0,2774.0,2793.0,0.029614935,"GEOCHEMISTRY OF BONINITE-TYPE VOLCANIC ROCKS IN THE FROTET-EVANS GREENSTONE BELT, OPATICA SUBPROVINCE, QUEBEC: IMPLICATIONS FOR THE EVOLUTION OF ARCHEAN GREENSTONE BELTS",ARCHEAN CRATON (INCLUDING GREENSTONE BELTS),Superior,,51.0,51.0,-74.0,-74.0,,,,97-14463,BASALT,2760000000.0,2790000000.0,PALEO,,,,,BASALT,,,,,WR,51.8,0.53,,15.3,,,,8.37,8.5,7.4,0.2,,1.8,2.8,0.03,,,,,,,,,,,,,,,,,,,,,,,,,,,,,,,,,,,,,,,,,,,,,,,,,,,,,,,,,,,110.0,193.0,12.0,29.0,2.0,,,,,,,,,,,,2.2,,2.6,6.7,0.96,4.3,1.2,0.5,1.7,0.3,1.9,0.42,1.2,,1.3,0.19,0.86,0.13,,,,,,,,,,,0.35,0.1,,,,,,,,,,,,,,,,,,,,,,,,,,
Superior,"GEOCHEMISTRY OF BONINITE-TYPE VOLCANIC ROCKS IN THE FROTET-EVANS GREENSTONE BELT, OPATICA SUBPROVINCE, QUEBEC: IMPLICATIONS FOR THE EVOLUTION OF ARCHEAN GREENSTONE BELTS",96-11324,BASALT,51.0,-74.0,2760.0,ARCHEAN,2790.0,2755.0,2774.0,2793.0,0.521071494,"GEOCHEMISTRY OF BONINITE-TYPE VOLCANIC ROCKS IN THE FROTET-EVANS GREENSTONE BELT, OPATICA SUBPROVINCE, QUEBEC: IMPLICATIONS FOR THE EVOLUTION OF ARCHEAN GREENSTONE BELTS",ARCHEAN CRATON (INCLUDING GREENSTONE BELTS),Superior,,51.0,51.0,-74.0,-74.0,,,,96-11324,BASALT,2760000000.0,2790000000.0,PALEO,,,,,BASALT,,,,,WR,53.1,0.44,,15.3,,,,8.37,11.4,7.5,0.2,,0.1,1.4,0.04,,,,,,,,,,,,,,,,,,,,,,,,,,,,,,,,,,,,,,,,,,,,,,,,,,,,,,,,,,,4.4,68.0,15.0,38.0,1.3,,,,,,,,,,,,1.4,,3.1,6.7,0.89,3.6,1.1,0.42,1.6,0.31,2.1,0.48,1.5,,1.6,0.25,1.1,0.11,,,,,,,,,,,0.78,0.21,,,,,,,,,,,,,,,,,,,,,,,,,,
Superior,"GEOCHEMISTRY OF BONINITE-TYPE VOLCANIC ROCKS IN THE FROTET-EVANS GREENSTONE BELT, OPATICA SUBPROVINCE, QUEBEC: IMPLICATIONS FOR THE EVOLUTION OF ARCHEAN GREENSTONE BELTS",96-11333,BASALT,51.0,-74.0,2760.0,ARCHEAN,2790.0,2755.0,2774.0,2793.0,0.999533892,"GEOCHEMISTRY OF BONINITE-TYPE VOLCANIC ROCKS IN THE FROTET-EVANS GREENSTONE BELT, OPATICA SUBPROVINCE, QUEBEC: IMPLICATIONS FOR THE EVOLUTION OF ARCHEAN GREENSTONE BELTS",ARCHEAN CRATON (INCLUDING GREENSTONE BELTS),Superior,,51.0,51.0,-74.0,-74.0,,,,96-11333,BASALT,2760000000.0,2790000000.0,PALEO,,,,,BASALT,,,,,WR,52.4,0.46,,14.9,,,,9.81,10.0,8.7,0.2,,0.1,1.7,0.04,,,,,,,,,,,,,,,,,,,,,,,,,,,,,,,,,,,,,,,,,,,,,,,,,,,,,,,,,,,,110.0,19.0,35.0,,,,,,,,,,,,,,,,,,,,,,,,,,,,,,,,,,,,,,,,,,,,,,,,,,,,,,,,,,,,,,,,,,,,
Superior,"GEOCHEMISTRY OF BONINITE-TYPE VOLCANIC ROCKS IN THE FROTET-EVANS GREENSTONE BELT, OPATICA SUBPROVINCE, QUEBEC: IMPLICATIONS FOR THE EVOLUTION OF ARCHEAN GREENSTONE BELTS",96-12037,BASALT,51.0,-74.0,2760.0,ARCHEAN,2790.0,2755.0,2774.0,2793.0,0.998350739,"GEOCHEMISTRY OF BONINITE-TYPE VOLCANIC ROCKS IN THE FROTET-EVANS GREENSTONE BELT, OPATICA SUBPROVINCE, QUEBEC: IMPLICATIONS FOR THE EVOLUTION OF ARCHEAN GREENSTONE BELTS",ARCHEAN CRATON (INCLUDING GREENSTONE BELTS),Superior,,51.0,51.0,-74.0,-74.0,,,,96-12037,BASALT,2760000000.0,2790000000.0,PALEO,,,,,BASALT,,,,,WR,51.4,0.45,,15.3,,,,9.45,8.3,8.9,0.2,,1.7,1.1,0.03,,,,,,,,,,,,,,,,,,,,,,,,,,,,,,,,,,,,,,,,,,,,,,,,,,,,,,,,,,,87.0,130.0,11.0,36.0,,,,,,,,,,,,,,,,,,,,,,,,,,,,,,,,,,,,,,,,,,,,,,,,,,,,,,,,,,,,,,,,,,,,
Superior,"GEOCHEMISTRY OF BONINITE-TYPE VOLCANIC ROCKS IN THE FROTET-EVANS GREENSTONE BELT, OPATICA SUBPROVINCE, QUEBEC: IMPLICATIONS FOR THE EVOLUTION OF ARCHEAN GREENSTONE BELTS",96-12039,BASALT,51.0,-74.0,2760.0,ARCHEAN,2790.0,2755.0,2774.0,2793.0,0.998667359,"GEOCHEMISTRY OF BONINITE-TYPE VOLCANIC ROCKS IN THE FROTET-EVANS GREENSTONE BELT, OPATICA SUBPROVINCE, QUEBEC: IMPLICATIONS FOR THE EVOLUTION OF ARCHEAN GREENSTONE BELTS",ARCHEAN CRATON (INCLUDING GREENSTONE BELTS),Superior,,51.0,51.0,-74.0,-74.0,,,,96-12039,BASALT,2760000000.0,2790000000.0,PALEO,,,,,BASALT,,,,,WR,52.6,0.45,,16.5,,,,8.01,10.7,7.3,0.2,,0.6,1.2,0.04,,,,,,,,,,,,,,,,,,,,,,,,,,,,,,,,,,,,,,,,,,,,,,,,,,,,,,,,,,,,100.0,21.0,43.0,,,,,,,,,,,,,,,,,,,,,,,,,,,,,,,,,,,,,,,,,,,,,,,,,,,,,,,,,,,,,,,,,,,,
Superior,"GEOCHEMISTRY OF BONINITE-TYPE VOLCANIC ROCKS IN THE FROTET-EVANS GREENSTONE BELT, OPATICA SUBPROVINCE, QUEBEC: IMPLICATIONS FOR THE EVOLUTION OF ARCHEAN GREENSTONE BELTS",95-07374,THOLEIITE,51.0,-74.0,2760.0,ARCHEAN,2790.0,2755.0,2774.0,2793.0,0.010947571,"GEOCHEMISTRY OF BONINITE-TYPE VOLCANIC ROCKS IN THE FROTET-EVANS GREENSTONE BELT, OPATICA SUBPROVINCE, QUEBEC: IMPLICATIONS FOR THE EVOLUTION OF ARCHEAN GREENSTONE BELTS",ARCHEAN CRATON (INCLUDING GREENSTONE BELTS),Superior,,51.0,51.0,-74.0,-74.0,,,,95-07374,THOLEIITE,2760000000.0,2790000000.0,PALEO,,,,,THOLEIITE,,,,,WR,49.5,1.54,,14.2,,,,13.14,11.2,4.3,0.3,,2.3,2.0,0.13,,,,,,,,,,,,,,,,,,,,,,,,,,,,,,,,,,,,,,,,,,,,,,,90.0,,,,65.0,,,,,,,,16.0,140.0,37.0,85.0,4.7,,,,,,,,,,,,0.95,,5.6,15.0,2.2,11.0,3.8,1.3,5.2,0.92,5.7,1.2,3.5,,3.7,0.57,2.4,0.29,,,,,,,,,,,0.5,0.16,,,,,,,,,,,,,,,,,,,,,,,,,,
Superior,"GEOCHEMISTRY OF BONINITE-TYPE VOLCANIC ROCKS IN THE FROTET-EVANS GREENSTONE BELT, OPATICA SUBPROVINCE, QUEBEC: IMPLICATIONS FOR THE EVOLUTION OF ARCHEAN GREENSTONE BELTS",92-6532,THOLEIITE,51.0,-74.0,2760.0,ARCHEAN,2790.0,2755.0,2774.0,2793.0,0.997306585,"GEOCHEMISTRY OF BONINITE-TYPE VOLCANIC ROCKS IN THE FROTET-EVANS GREENSTONE BELT, OPATICA SUBPROVINCE, QUEBEC: IMPLICATIONS FOR THE EVOLUTION OF ARCHEAN GREENSTONE BELTS",ARCHEAN CRATON (INCLUDING GREENSTONE BELTS),Superior,,51.0,51.0,-74.0,-74.0,,,,92-6532,THOLEIITE,2760000000.0,2790000000.0,PALEO,,,,,THOLEIITE,,,,,WR,46.6,0.62,,15.3,,,,9.81,11.1,10.5,0.2,,1.5,0.2,0.05,,,,,,,,,,,,,,,,,,,,,,,,,,,,,,,,,,,,,,,,,,,,,,,,,,,,,,,,,,,6.2,81.0,12.5,54.0,,,,,,,,,,,,,0.6,38.0,2.5,6.04,0.96,4.3,1.34,0.54,1.82,0.33,2.3,0.49,1.46,,1.3,0.19,,0.08,,,,,,,,,,,0.28,0.06,,,,,,,,,,,,,,,,,,,,,,,,,,
Superior,"GEOCHEMISTRY OF BONINITE-TYPE VOLCANIC ROCKS IN THE FROTET-EVANS GREENSTONE BELT, OPATICA SUBPROVINCE, QUEBEC: IMPLICATIONS FOR THE EVOLUTION OF ARCHEAN GREENSTONE BELTS",94-1359,THOLEIITE,51.0,-74.0,2760.0,ARCHEAN,2790.0,2755.0,2774.0,2793.0,0.995177627,"GEOCHEMISTRY OF BONINITE-TYPE VOLCANIC ROCKS IN THE FROTET-EVANS GREENSTONE BELT, OPATICA SUBPROVINCE, QUEBEC: IMPLICATIONS FOR THE EVOLUTION OF ARCHEAN GREENSTONE BELTS",ARCHEAN CRATON (INCLUDING GREENSTONE BELTS),Superior,,51.0,51.0,-74.0,-74.0,,,,94-1359,THOLEIITE,2760000000.0,2790000000.0,PALEO,,,,,THOLEIITE,,,,,WR,48.4,0.6,,14.0,,,,8.91,8.8,11.8,0.2,,1.7,0.2,0.0,,,,,,,,,,,,,,,,,,,,,,,,,,,,,,,,,,,,,,,,,,,,,,,,,,,,,,,,,,,8.8,103.0,11.8,54.0,,,,,,,,,,,,,0.3,32.0,2.46,6.07,0.97,4.42,1.43,0.58,1.93,0.34,2.32,0.49,1.51,,1.34,0.19,,0.14,,,,,,,,,,,0.29,0.08,,,,,,,,,,,,,,,,,,,,,,,,,,
Superior,"GEOCHEMISTRY OF BONINITE-TYPE VOLCANIC ROCKS IN THE FROTET-EVANS GREENSTONE BELT, OPATICA SUBPROVINCE, QUEBEC: IMPLICATIONS FOR THE EVOLUTION OF ARCHEAN GREENSTONE BELTS",97-14466,THOLEIITE,51.0,-74.0,2760.0,ARCHEAN,2790.0,2755.0,2774.0,2793.0,0.000687654,"GEOCHEMISTRY OF BONINITE-TYPE VOLCANIC ROCKS IN THE FROTET-EVANS GREENSTONE BELT, OPATICA SUBPROVINCE, QUEBEC: IMPLICATIONS FOR THE EVOLUTION OF ARCHEAN GREENSTONE BELTS",ARCHEAN CRATON (INCLUDING GREENSTONE BELTS),Superior,,51.0,51.0,-74.0,-74.0,,,,97-14466,THOLEIITE,2760000000.0,2790000000.0,PALEO,,,,,THOLEIITE,,,,,WR,52.0,1.06,,13.9,,,,10.35,11.4,6.6,0.2,,0.2,1.9,0.09,,,,,,,,,,,,,,,,,,,,,,,,,,,,,,,,,,,,,,,,,,,,,,,148.0,,,,57.0,,,,,,,,4.4,100.0,24.0,64.0,3.6,,,,,,,,,,,,0.21,,4.1,11.0,1.7,8.5,2.7,0.88,3.5,0.62,3.7,0.81,2.3,,2.4,0.38,1.7,0.22,,,,,,,,,,,0.36,0.06,,,,,,,,,,,,,,,,,,,,,,,,,,
Superior,"GEOCHEMISTRY OF BONINITE-TYPE VOLCANIC ROCKS IN THE FROTET-EVANS GREENSTONE BELT, OPATICA SUBPROVINCE, QUEBEC: IMPLICATIONS FOR THE EVOLUTION OF ARCHEAN GREENSTONE BELTS",95-07372,THOLEIITE,51.0,-74.0,2760.0,ARCHEAN,2790.0,2755.0,2774.0,2793.0,0.024918666,"GEOCHEMISTRY OF BONINITE-TYPE VOLCANIC ROCKS IN THE FROTET-EVANS GREENSTONE BELT, OPATICA SUBPROVINCE, QUEBEC: IMPLICATIONS FOR THE EVOLUTION OF ARCHEAN GREENSTONE BELTS",ARCHEAN CRATON (INCLUDING GREENSTONE BELTS),Superior,,51.0,51.0,-74.0,-74.0,,,,95-07372,THOLEIITE,2760000000.0,2790000000.0,PALEO,,,,,THOLEIITE,,,,,WR,49.8,0.82,,14.5,,,,10.8,13.0,5.4,0.3,,1.1,2.0,0.06,,,,,,,,,,,,,,,,,,,,,,,,,,,,,,,,,,,,,,,,,,,,,,,262.0,,,,133.0,,,,,,,,140.0,212.0,21.0,39.0,2.1,,,,,,,,,,,,3.5,,2.3,6.4,0.97,5.1,1.8,0.73,2.6,0.49,3.1,0.68,1.9,,2.1,0.32,1.2,0.14,,,,,,,,,,,0.19,0.06,,,,,,,,,,,,,,,,,,,,,,,,,,
Superior,"GEOCHEMISTRY OF BONINITE-TYPE VOLCANIC ROCKS IN THE FROTET-EVANS GREENSTONE BELT, OPATICA SUBPROVINCE, QUEBEC: IMPLICATIONS FOR THE EVOLUTION OF ARCHEAN GREENSTONE BELTS",96-11299,THOLEIITE,51.0,-74.0,2760.0,ARCHEAN,2790.0,2755.0,2774.0,2793.0,0.005839282,"GEOCHEMISTRY OF BONINITE-TYPE VOLCANIC ROCKS IN THE FROTET-EVANS GREENSTONE BELT, OPATICA SUBPROVINCE, QUEBEC: IMPLICATIONS FOR THE EVOLUTION OF ARCHEAN GREENSTONE BELTS",ARCHEAN CRATON (INCLUDING GREENSTONE BELTS),Superior,,51.0,51.0,-74.0,-74.0,,,,96-11299,THOLEIITE,2760000000.0,2790000000.0,PALEO,,,,,THOLEIITE,,,,,WR,48.6,1.17,,15.5,,,,11.97,10.0,5.8,0.2,,0.2,3.1,0.08,,,,,,,,,,,,,,,,,,,,,,,,,,,,,,,,,,,,,,,,,,,,,,,224.0,,,,123.0,,,,,,,,0.67,112.0,27.0,61.0,4.1,,,,,,,,,,,,0.07,,5.1,13.0,1.911,9.0,2.8,0.88,3.8,0.67,4.2,0.91,2.5,,2.6,0.39,1.7,0.27,,,,,,,,,,,0.56,0.13,,,,,,,,,,,,,,,,,,,,,,,,,,
Superior,"GEOCHEMISTRY OF BONINITE-TYPE VOLCANIC ROCKS IN THE FROTET-EVANS GREENSTONE BELT, OPATICA SUBPROVINCE, QUEBEC: IMPLICATIONS FOR THE EVOLUTION OF ARCHEAN GREENSTONE BELTS",96-11305,THOLEIITE,51.0,-74.0,2760.0,ARCHEAN,2790.0,2755.0,2774.0,2793.0,0.002246529,"GEOCHEMISTRY OF BONINITE-TYPE VOLCANIC ROCKS IN THE FROTET-EVANS GREENSTONE BELT, OPATICA SUBPROVINCE, QUEBEC: IMPLICATIONS FOR THE EVOLUTION OF ARCHEAN GREENSTONE BELTS",ARCHEAN CRATON (INCLUDING GREENSTONE BELTS),Superior,,51.0,51.0,-74.0,-74.0,,,,96-11305,THOLEIITE,2760000000.0,2790000000.0,PALEO,,,,,THOLEIITE,,,,,WR,47.5,1.24,,15.7,,,,12.96,13.0,5.1,0.2,,0.3,1.5,0.1,,,,,,,,,,,,,,,,,,,,,,,,,,,,,,,,,,,,,,,,,,,,,,,224.0,,,,117.0,,,,,,,,3.1,75.0,26.0,61.0,3.9,,,,,,,,,,,,0.11,,5.6,14.1,1.9,9.0,2.8,0.91,3.6,0.64,4.0,0.89,2.5,,2.7,0.4,1.7,0.26,,,,,,,,,,,0.55,0.13,,,,,,,,,,,,,,,,,,,,,,,,,,
Superior,"GEOCHEMISTRY OF BONINITE-TYPE VOLCANIC ROCKS IN THE FROTET-EVANS GREENSTONE BELT, OPATICA SUBPROVINCE, QUEBEC: IMPLICATIONS FOR THE EVOLUTION OF ARCHEAN GREENSTONE BELTS",96-11463,THOLEIITE,51.0,-74.0,2760.0,ARCHEAN,2790.0,2755.0,2774.0,2793.0,0.00113343,"GEOCHEMISTRY OF BONINITE-TYPE VOLCANIC ROCKS IN THE FROTET-EVANS GREENSTONE BELT, OPATICA SUBPROVINCE, QUEBEC: IMPLICATIONS FOR THE EVOLUTION OF ARCHEAN GREENSTONE BELTS",ARCHEAN CRATON (INCLUDING GREENSTONE BELTS),Superior,,51.0,51.0,-74.0,-74.0,,,,96-11463,THOLEIITE,2760000000.0,2790000000.0,PALEO,,,,,THOLEIITE,,,,,WR,48.3,1.26,,16.9,,,,11.16,11.6,5.7,0.2,,0.2,2.5,0.08,,,,,,,,,,,,,,,,,,,,,,,,,,,,,,,,,,,,,,,,,,,,,,,276.0,,,,142.0,,,,,,,,1.6,153.0,23.0,48.0,3.5,,,,,,,,,,,,0.19,,5.5,13.0,1.9,8.8,2.5,1.1,3.3,0.56,3.5,0.77,2.2,,2.3,0.35,1.4,0.21,,,,,,,,,,,0.56,0.13,,,,,,,,,,,,,,,,,,,,,,,,,,
Superior,"GEOCHEMISTRY OF BONINITE-TYPE VOLCANIC ROCKS IN THE FROTET-EVANS GREENSTONE BELT, OPATICA SUBPROVINCE, QUEBEC: IMPLICATIONS FOR THE EVOLUTION OF ARCHEAN GREENSTONE BELTS",96-12019,THOLEIITE,51.0,-74.0,2760.0,ARCHEAN,2790.0,2755.0,2774.0,2793.0,0.000518215,"GEOCHEMISTRY OF BONINITE-TYPE VOLCANIC ROCKS IN THE FROTET-EVANS GREENSTONE BELT, OPATICA SUBPROVINCE, QUEBEC: IMPLICATIONS FOR THE EVOLUTION OF ARCHEAN GREENSTONE BELTS",ARCHEAN CRATON (INCLUDING GREENSTONE BELTS),Superior,,51.0,51.0,-74.0,-74.0,,,,96-12019,THOLEIITE,2760000000.0,2790000000.0,PALEO,,,,,THOLEIITE,,,,,WR,51.1,1.11,,16.7,,,,10.35,10.7,5.4,0.2,,0.3,2.2,0.09,,,,,,,,,,,,,,,,,,,,,,,,,,,,,,,,,,,,,,,,,,,,,,,293.0,,,,84.0,,,,,,,,3.7,122.0,25.0,76.0,4.8,,,,,,,,,,,,0.3,,7.9,19.0,2.7,12.0,3.3,1.1,4.0,0.69,4.2,0.88,2.4,,2.4,0.35,2.0,0.33,,,,,,,,,,,0.97,0.27,,,,,,,,,,,,,,,,,,,,,,,,,,
Superior,"GEOCHEMISTRY OF BONINITE-TYPE VOLCANIC ROCKS IN THE FROTET-EVANS GREENSTONE BELT, OPATICA SUBPROVINCE, QUEBEC: IMPLICATIONS FOR THE EVOLUTION OF ARCHEAN GREENSTONE BELTS",96-12033,THOLEIITE,51.0,-74.0,2760.0,ARCHEAN,2790.0,2755.0,2774.0,2793.0,0.000175969,"GEOCHEMISTRY OF BONINITE-TYPE VOLCANIC ROCKS IN THE FROTET-EVANS GREENSTONE BELT, OPATICA SUBPROVINCE, QUEBEC: IMPLICATIONS FOR THE EVOLUTION OF ARCHEAN GREENSTONE BELTS",ARCHEAN CRATON (INCLUDING GREENSTONE BELTS),Superior,,51.0,51.0,-74.0,-74.0,,,,96-12033,THOLEIITE,2760000000.0,2790000000.0,PALEO,,,,,THOLEIITE,,,,,WR,46.2,1.54,,16.6,,,,13.41,8.4,9.3,0.2,,0.4,1.3,0.1,,,,,,,,,,,,,,,,,,,,,,,,,,,,,,,,,,,,,,,,,,,,,,,260.0,,,,131.0,,,,,,,,14.0,136.0,27.0,69.0,4.7,,,,,,,,,,,,1.2,,7.0,17.0,2.4,11.0,3.1,1.2,4.0,0.68,4.2,0.9,2.5,,2.6,0.41,1.9,0.3,,,,,,,,,,,0.66,0.16,,,,,,,,,,,,,,,,,,,,,,,,,,
Superior,"GEOCHEMISTRY OF BONINITE-TYPE VOLCANIC ROCKS IN THE FROTET-EVANS GREENSTONE BELT, OPATICA SUBPROVINCE, QUEBEC: IMPLICATIONS FOR THE EVOLUTION OF ARCHEAN GREENSTONE BELTS",97-14448,THOLEIITE,51.0,-74.0,2760.0,ARCHEAN,2790.0,2755.0,2774.0,2793.0,0.001939149,"GEOCHEMISTRY OF BONINITE-TYPE VOLCANIC ROCKS IN THE FROTET-EVANS GREENSTONE BELT, OPATICA SUBPROVINCE, QUEBEC: IMPLICATIONS FOR THE EVOLUTION OF ARCHEAN GREENSTONE BELTS",ARCHEAN CRATON (INCLUDING GREENSTONE BELTS),Superior,,51.0,51.0,-74.0,-74.0,,,,97-14448,THOLEIITE,2760000000.0,2790000000.0,PALEO,,,,,THOLEIITE,,,,,WR,52.9,1.19,,13.1,,,,12.87,9.9,5.3,0.2,,0.2,2.2,0.09,,,,,,,,,,,,,,,,,,,,,,,,,,,,,,,,,,,,,,,,,,,,,,,45.0,,,,56.0,,,,,,,,1.2,121.0,26.0,80.0,4.6,,,,,,,,,,,,0.08,,5.9,14.0,1.9,8.6,2.7,1.0,3.6,0.65,4.1,0.88,2.5,,2.7,0.42,2.1,0.31,,,,,,,,,,,1.3,0.27,,,,,,,,,,,,,,,,,,,,,,,,,,
Superior,"GEOCHEMISTRY OF BONINITE-TYPE VOLCANIC ROCKS IN THE FROTET-EVANS GREENSTONE BELT, OPATICA SUBPROVINCE, QUEBEC: IMPLICATIONS FOR THE EVOLUTION OF ARCHEAN GREENSTONE BELTS",95-07349,THOLEIITE,51.0,-74.0,2760.0,ARCHEAN,2790.0,2755.0,2774.0,2793.0,0.008818708,"GEOCHEMISTRY OF BONINITE-TYPE VOLCANIC ROCKS IN THE FROTET-EVANS GREENSTONE BELT, OPATICA SUBPROVINCE, QUEBEC: IMPLICATIONS FOR THE EVOLUTION OF ARCHEAN GREENSTONE BELTS",ARCHEAN CRATON (INCLUDING GREENSTONE BELTS),Superior,,51.0,51.0,-74.0,-74.0,,,,95-07349,THOLEIITE,2760000000.0,2790000000.0,PALEO,,,,,THOLEIITE,,,,,WR,50.7,1.5,,14.7,,,,12.24,8.0,7.0,0.2,,0.1,3.5,0.11,,,,,,,,,,,,,,,,,,,,,,,,,,,,,,,,,,,,,,,,,,,,,,,210.0,,,,135.0,,,,,,,,49.0,151.0,25.0,56.0,3.0,,,,,,,,,,,,1.6,,4.7,13.0,2.0,9.5,3.1,1.1,3.9,0.67,4.1,0.87,2.3,,2.5,0.38,1.6,23.0,,,,,,,,,,,0.38,0.15,,,,,,,,,,,,,,,,,,,,,,,,,,
Superior,"GEOCHEMISTRY OF BONINITE-TYPE VOLCANIC ROCKS IN THE FROTET-EVANS GREENSTONE BELT, OPATICA SUBPROVINCE, QUEBEC: IMPLICATIONS FOR THE EVOLUTION OF ARCHEAN GREENSTONE BELTS",96-11314,THOLEIITE,51.0,-74.0,2760.0,ARCHEAN,2790.0,2755.0,2774.0,2793.0,0.000516649,"GEOCHEMISTRY OF BONINITE-TYPE VOLCANIC ROCKS IN THE FROTET-EVANS GREENSTONE BELT, OPATICA SUBPROVINCE, QUEBEC: IMPLICATIONS FOR THE EVOLUTION OF ARCHEAN GREENSTONE BELTS",ARCHEAN CRATON (INCLUDING GREENSTONE BELTS),Superior,,51.0,51.0,-74.0,-74.0,,,,96-11314,THOLEIITE,2760000000.0,2790000000.0,PALEO,,,,,THOLEIITE,,,,,WR,51.0,1.13,,14.0,,,,12.6,10.2,6.0,0.2,,0.3,1.8,0.11,,,,,,,,,,,,,,,,,,,,,,,,,,,,,,,,,,,,,,,,,,,,,,,26.0,,,,38.0,,,,,,,,7.5,119.0,25.0,97.0,6.9,,,,,,,,,,,,0.23,,11.0,26.0,3.3,13.0,3.4,1.1,3.9,0.66,4.1,0.86,2.4,,2.6,0.39,2.4,0.44,,,,,,,,,,,1.3,0.3,,,,,,,,,,,,,,,,,,,,,,,,,,
Superior,"GEOCHEMISTRY OF BONINITE-TYPE VOLCANIC ROCKS IN THE FROTET-EVANS GREENSTONE BELT, OPATICA SUBPROVINCE, QUEBEC: IMPLICATIONS FOR THE EVOLUTION OF ARCHEAN GREENSTONE BELTS",95-07331,ANDESITE,51.0,-74.0,2760.0,ARCHEAN,2790.0,2755.0,2774.0,2793.0,0.747891068,"GEOCHEMISTRY OF BONINITE-TYPE VOLCANIC ROCKS IN THE FROTET-EVANS GREENSTONE BELT, OPATICA SUBPROVINCE, QUEBEC: IMPLICATIONS FOR THE EVOLUTION OF ARCHEAN GREENSTONE BELTS",ARCHEAN CRATON (INCLUDING GREENSTONE BELTS),Superior,,51.0,51.0,-74.0,-74.0,,,,95-07331,ANDESITE,2760000000.0,2790000000.0,PALEO,,,,,ANDESITE,,,,,WR,50.8,0.87,,17.9,,,,8.91,6.4,4.5,0.2,,0.9,4.4,0.39,,,,,,,,,,,,,,,,,,,,,,,,,,,,,,,,,,,,,,,,,,,,,,,80.0,,,,,,,,,,,,32.0,362.0,19.0,134.0,5.1,,,,,,,,,,,,4.5,,41.0,91.0,11.0,42.0,7.5,1.9,5.6,0.68,3.4,0.64,1.6,,1.7,0.25,3.2,0.27,,,,,,,,,,,5.2,1.3,,,,,,,,,,,,,,,,,,,,,,,,,,
Superior,"GEOCHEMISTRY OF BONINITE-TYPE VOLCANIC ROCKS IN THE FROTET-EVANS GREENSTONE BELT, OPATICA SUBPROVINCE, QUEBEC: IMPLICATIONS FOR THE EVOLUTION OF ARCHEAN GREENSTONE BELTS",93-12639,THOLEIITE,51.0,-74.0,2760.0,ARCHEAN,2790.0,2755.0,2774.0,2793.0,0.120365158,"GEOCHEMISTRY OF BONINITE-TYPE VOLCANIC ROCKS IN THE FROTET-EVANS GREENSTONE BELT, OPATICA SUBPROVINCE, QUEBEC: IMPLICATIONS FOR THE EVOLUTION OF ARCHEAN GREENSTONE BELTS",ARCHEAN CRATON (INCLUDING GREENSTONE BELTS),Superior,,51.0,51.0,-74.0,-74.0,,,,93-12639,THOLEIITE,2760000000.0,2790000000.0,PALEO,,,,,THOLEIITE,,,,,WR,52.0,0.67,,14.7,,,,8.91,12.6,7.4,0.2,,1.7,0.1,0.02,,,,,,,,,,,,,,,,,,,,,,,,,,,,,,,,,,,,,,,,,,,,,,,,,,,,,,,,,,,1.1,66.0,11.3,45.0,1.3,,,,,,,,,,,,0.1,,1.54,3.74,0.66,3.2,1.2,0.47,1.77,0.33,2.23,0.48,1.46,,1.27,0.18,,0.07,,,,,,,,,,,0.18,0.05,,,,,,,,,,,,,,,,,,,,,,,,,,
Superior,"GEOCHEMISTRY OF BONINITE-TYPE VOLCANIC ROCKS IN THE FROTET-EVANS GREENSTONE BELT, OPATICA SUBPROVINCE, QUEBEC: IMPLICATIONS FOR THE EVOLUTION OF ARCHEAN GREENSTONE BELTS",93-12512,THOLEIITE,51.0,-74.0,2760.0,ARCHEAN,2790.0,2755.0,2774.0,2793.0,0.467027932,"GEOCHEMISTRY OF BONINITE-TYPE VOLCANIC ROCKS IN THE FROTET-EVANS GREENSTONE BELT, OPATICA SUBPROVINCE, QUEBEC: IMPLICATIONS FOR THE EVOLUTION OF ARCHEAN GREENSTONE BELTS",ARCHEAN CRATON (INCLUDING GREENSTONE BELTS),Superior,,51.0,51.0,-74.0,-74.0,,,,93-12512,THOLEIITE,2760000000.0,2790000000.0,PALEO,,,,,THOLEIITE,,,,,WR,51.3,0.55,,14.2,,,,10.8,12.5,7.7,0.2,,0.1,0.1,0.02,,,,,,,,,,,,,,,,,,,,,,,,,,,,,,,,,,,,,,,,,,,,,,,,,,,,,,,,,,,1.0,57.5,11.7,41.0,0.9,,,,,,,,,,,,0.1,,1.53,3.46,0.62,2.75,1.04,0.46,1.58,0.3,2.09,0.46,1.37,,1.26,0.19,,0.05,,,,,,,,,,,0.14,0.03,,,,,,,,,,,,,,,,,,,,,,,,,,
Superior,"GEOCHEMISTRY OF BONINITE-TYPE VOLCANIC ROCKS IN THE FROTET-EVANS GREENSTONE BELT, OPATICA SUBPROVINCE, QUEBEC: IMPLICATIONS FOR THE EVOLUTION OF ARCHEAN GREENSTONE BELTS",93-12536,THOLEIITE,51.0,-74.0,2760.0,ARCHEAN,2790.0,2755.0,2774.0,2793.0,0.538163483,"GEOCHEMISTRY OF BONINITE-TYPE VOLCANIC ROCKS IN THE FROTET-EVANS GREENSTONE BELT, OPATICA SUBPROVINCE, QUEBEC: IMPLICATIONS FOR THE EVOLUTION OF ARCHEAN GREENSTONE BELTS",ARCHEAN CRATON (INCLUDING GREENSTONE BELTS),Superior,,51.0,51.0,-74.0,-74.0,,,,93-12536,THOLEIITE,2760000000.0,2790000000.0,PALEO,,,,,THOLEIITE,,,,,WR,47.9,0.55,,11.3,,,,11.43,11.3,11.9,0.2,,1.2,0.3,0.02,,,,,,,,,,,,,,,,,,,,,,,,,,,,,,,,,,,,,,,,,,,,,,,,,,,,,,,,,,,14.0,70.0,10.3,40.0,0.9,,,,,,,,,,,,2.0,,1.46,3.21,0.59,2.65,0.96,0.41,1.5,0.27,1.92,0.41,1.21,,1.12,0.17,,0.05,,,,,,,,,,,0.13,0.03,,,,,,,,,,,,,,,,,,,,,,,,,,
Superior,"GEOCHEMISTRY OF BONINITE-TYPE VOLCANIC ROCKS IN THE FROTET-EVANS GREENSTONE BELT, OPATICA SUBPROVINCE, QUEBEC: IMPLICATIONS FOR THE EVOLUTION OF ARCHEAN GREENSTONE BELTS",93-12628,THOLEIITE,51.0,-74.0,2760.0,ARCHEAN,2790.0,2755.0,2774.0,2793.0,0.255302459,"GEOCHEMISTRY OF BONINITE-TYPE VOLCANIC ROCKS IN THE FROTET-EVANS GREENSTONE BELT, OPATICA SUBPROVINCE, QUEBEC: IMPLICATIONS FOR THE EVOLUTION OF ARCHEAN GREENSTONE BELTS",ARCHEAN CRATON (INCLUDING GREENSTONE BELTS),Superior,,51.0,51.0,-74.0,-74.0,,,,93-12628,THOLEIITE,2760000000.0,2790000000.0,PALEO,,,,,THOLEIITE,,,,,WR,50.9,0.58,,13.8,,,,11.16,11.1,8.5,0.2,,1.7,0.1,0.05,,,,,,,,,,,,,,,,,,,,,,,,,,,,,,,,,,,,,,,,,,,,,,,,,,,,,,,,,,,1.6,79.3,11.6,43.0,1.3,,,,,,,,,,,,0.2,,1.43,3.51,0.6,2.9,1.13,0.48,1.73,0.32,2.2,0.48,1.48,,1.36,0.21,,0.05,,,,,,,,,,,0.17,0.04,,,,,,,,,,,,,,,,,,,,,,,,,,
Superior,"GEOCHEMISTRY OF BONINITE-TYPE VOLCANIC ROCKS IN THE FROTET-EVANS GREENSTONE BELT, OPATICA SUBPROVINCE, QUEBEC: IMPLICATIONS FOR THE EVOLUTION OF ARCHEAN GREENSTONE BELTS",93-12638,THOLEIITE,51.0,-74.0,2760.0,ARCHEAN,2790.0,2755.0,2774.0,2793.0,0.131849781,"GEOCHEMISTRY OF BONINITE-TYPE VOLCANIC ROCKS IN THE FROTET-EVANS GREENSTONE BELT, OPATICA SUBPROVINCE, QUEBEC: IMPLICATIONS FOR THE EVOLUTION OF ARCHEAN GREENSTONE BELTS",ARCHEAN CRATON (INCLUDING GREENSTONE BELTS),Superior,,51.0,51.0,-74.0,-74.0,,,,93-12638,THOLEIITE,2760000000.0,2790000000.0,PALEO,,,,,THOLEIITE,,,,,WR,50.9,0.57,,13.4,,,,10.44,11.3,7.5,0.2,,1.6,0.1,0.02,,,,,,,,,,,,,,,,,,,,,,,,,,,,,,,,,,,,,,,,,,,,,,,,,,,,,,,,,,,2.8,68.9,10.8,42.0,1.2,,,,,,,,,,,,0.4,,1.37,3.36,0.58,2.78,1.09,0.45,1.6,0.29,2.07,0.45,1.35,,1.28,0.19,,0.06,,,,,,,,,,,0.17,0.05,,,,,,,,,,,,,,,,,,,,,,,,,,
Superior,"GEOCHEMISTRY OF BONINITE-TYPE VOLCANIC ROCKS IN THE FROTET-EVANS GREENSTONE BELT, OPATICA SUBPROVINCE, QUEBEC: IMPLICATIONS FOR THE EVOLUTION OF ARCHEAN GREENSTONE BELTS",96-11464,BASALT,51.0,-74.0,2755.0,ARCHEAN,2793.0,2755.0,2774.0,2793.0,0.068106517,"GEOCHEMISTRY OF BONINITE-TYPE VOLCANIC ROCKS IN THE FROTET-EVANS GREENSTONE BELT, OPATICA SUBPROVINCE, QUEBEC: IMPLICATIONS FOR THE EVOLUTION OF ARCHEAN GREENSTONE BELTS",ARCHEAN CRATON (INCLUDING GREENSTONE BELTS),Superior,,51.0,51.0,-74.0,-74.0,,,,96-11464,BASALT,2755000000.0,2793000000.0,PALEO,,,,,BASALT,,,,,WR,51.7,0.93,,17.2,,,,9.18,7.0,7.0,0.2,,0.2,4.0,0.2,,,,,,,,,,,,,,,,,,,,,,,,,,,,,,,,,,,,,,,,,,,,,,,254.0,,,,158.0,,,,,,,,3.4,232.0,20.0,118.0,7.6,,,,,,,,,,,,0.13,,13.0,27.0,3.7,14.0,3.2,1.1,3.5,0.57,3.3,0.69,1.9,,1.9,0.29,2.8,0.53,,,,,,,,,,,3.3,0.73,,,,,,,,,,,,,,,,,,,,,,,,,,
Superior,"GEOCHEMISTRY OF BONINITE-TYPE VOLCANIC ROCKS IN THE FROTET-EVANS GREENSTONE BELT, OPATICA SUBPROVINCE, QUEBEC: IMPLICATIONS FOR THE EVOLUTION OF ARCHEAN GREENSTONE BELTS",96-12067,BASALT,51.0,-74.0,2760.0,ARCHEAN,2790.0,2755.0,2774.0,2793.0,0.990537465,"GEOCHEMISTRY OF BONINITE-TYPE VOLCANIC ROCKS IN THE FROTET-EVANS GREENSTONE BELT, OPATICA SUBPROVINCE, QUEBEC: IMPLICATIONS FOR THE EVOLUTION OF ARCHEAN GREENSTONE BELTS",ARCHEAN CRATON (INCLUDING GREENSTONE BELTS),Superior,,51.0,51.0,-74.0,-74.0,,,,96-12067,BASALT,2760000000.0,2790000000.0,PALEO,,,,,BASALT,,,,,WR,52.4,0.76,,13.6,,,,8.73,8.5,8.4,0.2,,1.2,3.1,0.3,,,,,,,,,,,,,,,,,,,,,,,,,,,,,,,,,,,,,,,,,,,,,,,356.0,,,,92.0,,,,,,,,34.0,828.0,15.0,79.0,3.7,,,,,,,,,,,,1.2,,28.0,63.0,8.1,31.0,5.2,1.5,3.9,0.51,2.6,0.5,1.3,,1.3,0.21,2.1,0.22,,,,,,,,,,,3.2,0.75,,,,,,,,,,,,,,,,,,,,,,,,,,
Superior,GEOCHEMISTRY OF MUNRO TOWNSHIP BASALTS,P9-226,BASALT,48.2,-80.1,2500.0,ARCHEAN,3850.0,2700.0,2720.0,2740.0,0.995883107,GEOCHEMISTRY OF MUNRO TOWNSHIP BASALTS,ARCHEAN CRATON (INCLUDING GREENSTONE BELTS),Superior,,48.2,48.2,-80.1,-80.1,,,,P9-226,BASALT,2500000000.0,3850000000.0,PALEO,,,,,BASALT,,,,,WR,51.02,0.67,,12.2,,,,10.44,8.52,12.2,0.19,,0.09,3.39,0.07,,,,,,,,,,,,,,,,,,,,,,,,,,,,,,,,,,,,,,,,,,,,38.0,,237.0,1089.0,,,,285.0,,,,,,,,1.8,73.0,17.0,38.0,1.8,,,,,,,,,,,,,102.0,,,,,,,,,,,,,,,,,,,,,,,,,,,,,,,,,,,,,,,,,,,,,,,,,,,,,,
Superior,GEOCHEMISTRY OF MUNRO TOWNSHIP BASALTS,P9-225,BASALT,48.2,-80.1,2500.0,ARCHEAN,3850.0,2700.0,2720.0,2740.0,0.999711454,GEOCHEMISTRY OF MUNRO TOWNSHIP BASALTS,ARCHEAN CRATON (INCLUDING GREENSTONE BELTS),Superior,,48.2,48.2,-80.1,-80.1,,,,P9-225,BASALT,2500000000.0,3850000000.0,PALEO,,,,,BASALT,,,,,WR,50.63,0.79,,13.22,,,,10.15,10.22,9.8,0.21,,0.15,3.54,0.06,,,,,,,,,,,,,,,,,,,,,,,,,,,,,,,,,,,,,,,,,,,,41.0,,269.0,595.0,,,,171.0,,,,,,,,3.0,161.0,18.0,37.0,1.4,,,,,,,,,,,,,142.0,,,,,,,,,,,,,,,,,,,,,,,,,,,,,,,,,,,,,,,,,,,,,,,,,,,,,,
Superior,GEOCHEMISTRY OF MUNRO TOWNSHIP BASALTS,P9-223,BASALT,48.2,-80.1,2500.0,ARCHEAN,3850.0,2700.0,2720.0,2740.0,0.998245239,GEOCHEMISTRY OF MUNRO TOWNSHIP BASALTS,ARCHEAN CRATON (INCLUDING GREENSTONE BELTS),Superior,,48.2,48.2,-80.1,-80.1,,,,P9-223,BASALT,2500000000.0,3850000000.0,PALEO,,,,,BASALT,,,,,WR,50.13,0.42,,8.39,,,,10.6,13.57,14.71,0.24,,0.03,0.31,0.04,,,,,,,,,,,,,,,,,,,,,,,,,,,,,,,,,,,,,,,,,,,,28.0,,160.0,2058.0,,,,461.0,,,,,,,,2.0,16.0,11.0,20.0,1.5,,,,,,,,,,,,,11.0,,,,,,,,,,,,,,,,,,,,,,,,,,,,,,,,,,,,,,,,,,,,,,,,,,,,,,
Superior,GEOCHEMISTRY OF MUNRO TOWNSHIP BASALTS,P9-131,BASALT,48.2,-80.1,2500.0,ARCHEAN,3850.0,2700.0,2720.0,2740.0,0.993829429,GEOCHEMISTRY OF MUNRO TOWNSHIP BASALTS,ARCHEAN CRATON (INCLUDING GREENSTONE BELTS),Superior,,48.2,48.2,-80.1,-80.1,,,,P9-131,BASALT,2500000000.0,3850000000.0,PALEO,,,,,BASALT,,,,,WR,52.05,0.88,,14.43,,,,10.06,10.54,7.51,0.17,,0.09,3.09,0.09,,,,,,,,,,,,,,,,,,,,,,,,,,,,,,,,,,,,,,,,,,,,36.0,,259.0,294.0,,,,78.0,,,,,,,,2.7,98.0,24.4,63.0,3.8,,,,,,,,,,,,,72.0,,,,,,,,,,,,,,,,,,,,,,,,,,,,,,,,,,,,,,,,,,,,,,,,,,,,,,
Superior,GEOCHEMISTRY OF MUNRO TOWNSHIP BASALTS,P9-174,BASALT,48.2,-80.1,2500.0,ARCHEAN,3850.0,2700.0,2720.0,2740.0,0.996607542,GEOCHEMISTRY OF MUNRO TOWNSHIP BASALTS,ARCHEAN CRATON (INCLUDING GREENSTONE BELTS),Superior,,48.2,48.2,-80.1,-80.1,,,,P9-174,BASALT,2500000000.0,3850000000.0,PALEO,,,,,BASALT,,,,,WR,51.97,0.81,,14.29,,,,9.8,8.8,7.95,0.18,,0.05,4.61,0.08,,,,,,,,,,,,,,,,,,,,,,,,,,,,,,,,,,,,,,,,,,,,40.0,,266.0,342.0,,,,92.0,,,,,,,,1.0,63.0,23.0,59.0,3.1,,,,,,,,,,,,,53.0,,,,,,,,,,,,,,,,,,,,,,,,,,,,,,,,,,,,,,,,,,,,,,,,,,,,,,
Superior,GEOCHEMISTRY OF MUNRO TOWNSHIP BASALTS,P9-175,BASALT,48.2,-80.1,2500.0,ARCHEAN,3850.0,2700.0,2720.0,2740.0,0.995014369,GEOCHEMISTRY OF MUNRO TOWNSHIP BASALTS,ARCHEAN CRATON (INCLUDING GREENSTONE BELTS),Superior,,48.2,48.2,-80.1,-80.1,,,,P9-175,BASALT,2500000000.0,3850000000.0,PALEO,,,,,BASALT,,,,,WR,50.25,0.76,,12.67,,,,10.57,9.71,11.29,0.19,,0.05,2.97,0.08,,,,,,,,,,,,,,,,,,,,,,,,,,,,,,,,,,,,,,,,,,,,36.0,,241.0,1219.0,,,,286.0,,,,,,,,2.0,68.0,22.0,52.0,2.3,,,,,,,,,,,,,23.0,,,,,,,,,,,,,,,,,,,,,,,,,,,,,,,,,,,,,,,,,,,,,,,,,,,,,,
Superior,GEOCHEMISTRY OF MUNRO TOWNSHIP BASALTS,P9-176,BASALT,48.2,-80.1,2500.0,ARCHEAN,3850.0,2700.0,2720.0,2740.0,0.994316041,GEOCHEMISTRY OF MUNRO TOWNSHIP BASALTS,ARCHEAN CRATON (INCLUDING GREENSTONE BELTS),Superior,,48.2,48.2,-80.1,-80.1,,,,P9-176,BASALT,2500000000.0,3850000000.0,PALEO,,,,,BASALT,,,,,WR,49.29,0.71,,12.19,,,,9.53,11.07,13.01,0.17,,0.03,2.6,0.08,,,,,,,,,,,,,,,,,,,,,,,,,,,,,,,,,,,,,,,,,,,,36.0,,225.0,1746.0,,,,509.0,,,,,,,,1.0,43.0,19.0,48.0,1.1,,,,,,,,,,,,,12.0,,,,,,,,,,,,,,,,,,,,,,,,,,,,,,,,,,,,,,,,,,,,,,,,,,,,,,
Superior,GEOCHEMISTRY OF MUNRO TOWNSHIP BASALTS,P9-177,BASALT,48.2,-80.1,2500.0,ARCHEAN,3850.0,2700.0,2720.0,2740.0,0.988456845,GEOCHEMISTRY OF MUNRO TOWNSHIP BASALTS,ARCHEAN CRATON (INCLUDING GREENSTONE BELTS),Superior,,48.2,48.2,-80.1,-80.1,,,,P9-177,BASALT,2500000000.0,3850000000.0,PALEO,,,,,BASALT,,,,,WR,50.08,0.71,,12.01,,,,10.18,8.65,13.59,0.17,,0.04,2.8,0.08,,,,,,,,,,,,,,,,,,,,,,,,,,,,,,,,,,,,,,,,,,,,32.0,,219.0,1849.0,,,,652.0,,,,,,,,2.5,56.0,19.0,47.0,3.5,,,,,,,,,,,,,16.0,,,,,,,,,,,,,,,,,,,,,,,,,,,,,,,,,,,,,,,,,,,,,,,,,,,,,,
Superior,GEOCHEMISTRY OF MUNRO TOWNSHIP BASALTS,P9-109,BASALT,48.2,-80.1,2500.0,ARCHEAN,3850.0,2700.0,2720.0,2740.0,0.999712408,GEOCHEMISTRY OF MUNRO TOWNSHIP BASALTS,ARCHEAN CRATON (INCLUDING GREENSTONE BELTS),Superior,,48.2,48.2,-80.1,-80.1,,,,P9-109,BASALT,2500000000.0,3850000000.0,PALEO,,,,,BASALT,,,,,WR,51.0,0.68,,13.16,,,,11.52,10.1,9.85,0.21,,0.69,1.37,0.06,,,,,,,,,,,,,,,,,,,,,,,,,,,,,,,,,,,,,,,,,,,,43.0,,259.0,530.0,,,,89.0,,,,,,,,15.5,112.0,16.0,33.0,1.5,,,,,,,,,,,,,82.0,,,,,,,,,,,,,,,,,,,,,,,,,,,,,,,,,,,,,,,,,,,,,,,,,,,,,,
Superior,GEOCHEMISTRY OF MUNRO TOWNSHIP BASALTS,P9-178,BASALT,48.2,-80.1,2500.0,ARCHEAN,3850.0,2700.0,2720.0,2740.0,0.996806145,GEOCHEMISTRY OF MUNRO TOWNSHIP BASALTS,ARCHEAN CRATON (INCLUDING GREENSTONE BELTS),Superior,,48.2,48.2,-80.1,-80.1,,,,P9-178,BASALT,2500000000.0,3850000000.0,PALEO,,,,,BASALT,,,,,WR,50.14,0.66,,13.09,,,,11.51,10.26,10.44,0.19,,0.04,2.05,0.06,,,,,,,,,,,,,,,,,,,,,,,,,,,,,,,,,,,,,,,,,,,,43.0,,251.0,1060.0,,,,162.0,,,,,,,,0.6,63.0,18.0,36.0,1.9,,,,,,,,,,,,,24.0,,,,,,,,,,,,,,,,,,,,,,,,,,,,,,,,,,,,,,,,,,,,,,,,,,,,,,
Superior,GEOCHEMISTRY OF MUNRO TOWNSHIP BASALTS,P9-179,BASALT,48.2,-80.1,2500.0,ARCHEAN,3850.0,2700.0,2720.0,2740.0,0.99966979,GEOCHEMISTRY OF MUNRO TOWNSHIP BASALTS,ARCHEAN CRATON (INCLUDING GREENSTONE BELTS),Superior,,48.2,48.2,-80.1,-80.1,,,,P9-179,BASALT,2500000000.0,3850000000.0,PALEO,,,,,BASALT,,,,,WR,50.94,0.67,,13.15,,,,11.29,10.48,9.45,0.19,,0.12,2.15,0.06,,,,,,,,,,,,,,,,,,,,,,,,,,,,,,,,,,,,,,,,,,,,45.0,,256.0,833.0,,,,124.0,,,,,,,,3.3,66.0,17.0,36.0,0.7,,,,,,,,,,,,,41.0,,,,,,,,,,,,,,,,,,,,,,,,,,,,,,,,,,,,,,,,,,,,,,,,,,,,,,
Superior,GEOCHEMISTRY OF MUNRO TOWNSHIP BASALTS,P9-180,BASALT,48.2,-80.1,2500.0,ARCHEAN,3850.0,2700.0,2720.0,2740.0,0.998406947,GEOCHEMISTRY OF MUNRO TOWNSHIP BASALTS,ARCHEAN CRATON (INCLUDING GREENSTONE BELTS),Superior,,48.2,48.2,-80.1,-80.1,,,,P9-180,BASALT,2500000000.0,3850000000.0,PALEO,,,,,BASALT,,,,,WR,50.77,0.75,,13.94,,,,12.6,9.43,7.28,0.23,,0.09,3.56,0.07,,,,,,,,,,,,,,,,,,,,,,,,,,,,,,,,,,,,,,,,,,,,41.0,,270.0,173.0,,,,68.0,,,,,,,,2.8,83.0,20.0,43.0,1.8,,,,,,,,,,,,,41.0,,,,,,,,,,,,,,,,,,,,,,,,,,,,,,,,,,,,,,,,,,,,,,,,,,,,,,
Superior,GEOCHEMISTRY OF MUNRO TOWNSHIP BASALTS,P9-183,BASALT,48.2,-80.1,2500.0,ARCHEAN,3850.0,2700.0,2720.0,2740.0,0.999162197,GEOCHEMISTRY OF MUNRO TOWNSHIP BASALTS,ARCHEAN CRATON (INCLUDING GREENSTONE BELTS),Superior,,48.2,48.2,-80.1,-80.1,,,,P9-183,BASALT,2500000000.0,3850000000.0,PALEO,,,,,BASALT,,,,,WR,51.2,0.72,,14.03,,,,11.81,9.99,8.57,0.2,,0.16,1.83,0.06,,,,,,,,,,,,,,,,,,,,,,,,,,,,,,,,,,,,,,,,,,,,43.0,,263.0,747.0,,,,167.0,,,,,,,,3.6,71.0,18.0,41.0,1.4,,,,,,,,,,,,,34.0,,,,,,,,,,,,,,,,,,,,,,,,,,,,,,,,,,,,,,,,,,,,,,,,,,,,,,
Superior,GEOCHEMISTRY OF MUNRO TOWNSHIP BASALTS,P9-186,BASALT,48.2,-80.1,2500.0,ARCHEAN,3850.0,2700.0,2720.0,2740.0,0.998443782,GEOCHEMISTRY OF MUNRO TOWNSHIP BASALTS,ARCHEAN CRATON (INCLUDING GREENSTONE BELTS),Superior,,48.2,48.2,-80.1,-80.1,,,,P9-186,BASALT,2500000000.0,3850000000.0,PALEO,,,,,BASALT,,,,,WR,50.97,0.63,,13.26,,,,11.33,9.96,10.27,0.2,,0.06,2.01,0.05,,,,,,,,,,,,,,,,,,,,,,,,,,,,,,,,,,,,,,,,,,,,39.0,,244.0,940.0,,,,164.0,,,,,,,,2.3,80.0,17.0,32.0,1.6,,,,,,,,,,,,,23.0,,,,,,,,,,,,,,,,,,,,,,,,,,,,,,,,,,,,,,,,,,,,,,,,,,,,,,
Superior,GEOCHEMISTRY OF MUNRO TOWNSHIP BASALTS,P9-155,BASALT,48.2,-80.1,2500.0,ARCHEAN,3850.0,2700.0,2720.0,2740.0,0.999815524,GEOCHEMISTRY OF MUNRO TOWNSHIP BASALTS,ARCHEAN CRATON (INCLUDING GREENSTONE BELTS),Superior,,48.2,48.2,-80.1,-80.1,,,,P9-155,BASALT,2500000000.0,3850000000.0,PALEO,,,,,BASALT,,,,,WR,46.68,0.55,,10.84,,,,12.28,10.23,16.35,0.2,,0.06,1.16,0.05,,,,,,,,,,,,,,,,,,,,,,,,,,,,,,,,,,,,,,,,,,,,36.0,,217.0,1910.0,,,,481.0,,,,,,,,3.0,53.0,14.0,26.0,0.2,,,,,,,,,,,,,24.0,,,,,,,,,,,,,,,,,,,,,,,,,,,,,,,,,,,,,,,,,,,,,,,,,,,,,,
Superior,GEOCHEMISTRY OF MUNRO TOWNSHIP BASALTS,C501,BASALT,48.2,-80.1,2500.0,ARCHEAN,3850.0,2700.0,2720.0,2740.0,0.998215318,GEOCHEMISTRY OF MUNRO TOWNSHIP BASALTS,ARCHEAN CRATON (INCLUDING GREENSTONE BELTS),Superior,,48.2,48.2,-80.1,-80.1,,,,C501,BASALT,2500000000.0,3850000000.0,PALEO,,,,,BASALT,,,,,WR,50.04,0.58,,11.78,,,,12.07,9.12,13.25,0.2,,0.06,1.16,0.05,,,,,,,,,,,,,,,,,,,,,,,,,,,,,,,,,,,,,,,,,,,,35.0,,224.0,1171.0,,,,270.0,,,,,,,,1.8,32.0,14.0,28.0,1.5,,,,,,,,,,,,,14.0,,,,,,,,,,,,,,,,,,,,,,,,,,,,,,,,,,,,,,,,,,,,,,,,,,,,,,
Superior,GEOCHEMISTRY OF MUNRO TOWNSHIP BASALTS,P9-154,BASALT,48.2,-80.1,2500.0,ARCHEAN,3850.0,2700.0,2720.0,2740.0,0.999252379,GEOCHEMISTRY OF MUNRO TOWNSHIP BASALTS,ARCHEAN CRATON (INCLUDING GREENSTONE BELTS),Superior,,48.2,48.2,-80.1,-80.1,,,,P9-154,BASALT,2500000000.0,3850000000.0,PALEO,,,,,BASALT,,,,,WR,47.38,0.54,,11.04,,,,11.53,11.29,14.99,0.2,,0.04,1.31,0.05,,,,,,,,,,,,,,,,,,,,,,,,,,,,,,,,,,,,,,,,,,,,37.0,,216.0,1480.0,,,,343.0,,,,,,,,2.0,53.0,13.0,26.0,0.1,,,,,,,,,,,,,14.0,,,,,,,,,,,,,,,,,,,,,,,,,,,,,,,,,,,,,,,,,,,,,,,,,,,,,,
Superior,GEOCHEMISTRY OF MUNRO TOWNSHIP BASALTS,P9-167,BASALT,48.2,-80.1,2500.0,ARCHEAN,3850.0,2700.0,2720.0,2740.0,0.999763668,GEOCHEMISTRY OF MUNRO TOWNSHIP BASALTS,ARCHEAN CRATON (INCLUDING GREENSTONE BELTS),Superior,,48.2,48.2,-80.1,-80.1,,,,P9-167,BASALT,2500000000.0,3850000000.0,PALEO,,,,,BASALT,,,,,WR,49.18,0.59,,11.98,,,,12.15,8.72,14.0,0.23,,0.12,1.42,0.05,,,,,,,,,,,,,,,,,,,,,,,,,,,,,,,,,,,,,,,,,,,,39.0,,227.0,1356.0,,,,305.0,,,,,,,,3.0,46.0,14.0,30.0,1.4,,,,,,,,,,,,,25.0,,,,,,,,,,,,,,,,,,,,,,,,,,,,,,,,,,,,,,,,,,,,,,,,,,,,,,
Superior,GEOCHEMISTRY OF MUNRO TOWNSHIP BASALTS,P9-153,BASALT,48.2,-80.1,2500.0,ARCHEAN,3850.0,2700.0,2720.0,2740.0,0.999482274,GEOCHEMISTRY OF MUNRO TOWNSHIP BASALTS,ARCHEAN CRATON (INCLUDING GREENSTONE BELTS),Superior,,48.2,48.2,-80.1,-80.1,,,,P9-153,BASALT,2500000000.0,3850000000.0,PALEO,,,,,BASALT,,,,,WR,49.88,0.6,,11.94,,,,11.72,10.41,12.06,0.19,,0.15,1.8,0.05,,,,,,,,,,,,,,,,,,,,,,,,,,,,,,,,,,,,,,,,,,,,39.0,,236.0,1047.0,,,,208.0,,,,,,,,3.7,144.0,15.1,27.2,2.9,,,,,,,,,,,,,45.0,,,,,,,,,,,,,,,,,,,,,,,,,,,,,,,,,,,,,,,,,,,,,,,,,,,,,,
Superior,GEOCHEMISTRY OF MUNRO TOWNSHIP BASALTS,P9-107,BASALT,48.2,-80.1,2500.0,ARCHEAN,3850.0,2700.0,2720.0,2740.0,0.999681592,GEOCHEMISTRY OF MUNRO TOWNSHIP BASALTS,ARCHEAN CRATON (INCLUDING GREENSTONE BELTS),Superior,,48.2,48.2,-80.1,-80.1,,,,P9-107,BASALT,2500000000.0,3850000000.0,PALEO,,,,,BASALT,,,,,WR,49.42,0.62,,12.78,,,,10.95,11.22,11.6,0.18,,0.08,2.06,0.05,,,,,,,,,,,,,,,,,,,,,,,,,,,,,,,,,,,,,,,,,,,,41.0,,238.0,809.0,,,,156.0,,,,,,,,2.4,51.0,15.1,30.0,0.34,,,,,,,,,,,,,26.0,,,,,,,,,,,,,,,,,,,,,,,,,,,,,,,,,,,,,,,,,,,,,,,,,,,,,,
Superior,GEOCHEMISTRY OF MUNRO TOWNSHIP BASALTS,P9-172,BASALT,48.2,-80.1,2500.0,ARCHEAN,3850.0,2700.0,2720.0,2740.0,0.999385357,GEOCHEMISTRY OF MUNRO TOWNSHIP BASALTS,ARCHEAN CRATON (INCLUDING GREENSTONE BELTS),Superior,,48.2,48.2,-80.1,-80.1,,,,P9-172,BASALT,2500000000.0,3850000000.0,PALEO,,,,,BASALT,,,,,WR,51.42,0.59,,12.15,,,,11.74,9.13,11.27,0.19,,0.45,1.53,0.06,,,,,,,,,,,,,,,,,,,,,,,,,,,,,,,,,,,,,,,,,,,,38.3,,228.0,997.0,,,,187.0,,,,,,,,10.0,50.0,16.0,29.0,1.2,,,,,,,,,,,,,98.0,,,,,,,,,,,,,,,,,,,,,,,,,,,,,,,,,,,,,,,,,,,,,,,,,,,,,,
Superior,GEOCHEMISTRY OF MUNRO TOWNSHIP BASALTS,P9-157,basalt,48.6,-80.5,2500.0,ARCHEAN,3850.0,2700.0,2720.0,2740.0,0.946606815,GEOCHEMISTRY OF MUNRO TOWNSHIP BASALTS,ARCHEAN CRATON (INCLUDING GREENSTONE BELTS),Superior,,48.6,48.6,-80.5,-80.5,,,,P9-157,basalt,2500000000.0,3850000000.0,PALEO,,,,,basalt,,,,,WR,50.61,1.36,,11.82,,,,14.09,8.15,8.1,0.2,,0.09,4.07,0.13,,,,,,,,,,,,,,,,,,,,,,,,,,,,,,,,,,,,,,,,,,,,32.0,,288.0,396.0,,,,218.0,,,,,,,,2.0,119.0,27.0,90.0,5.6,,,,,,,,,,,,,32.0,,,,,,,,,,,,,,,,,,,,,,,,,,,,,,,,,,,,,,,,,,,,,,,,,,,,,,
Superior,GEOCHEMISTRY OF MUNRO TOWNSHIP BASALTS,P9-159,THOLEIITE,48.6,-80.5,2500.0,ARCHEAN,3850.0,2700.0,2720.0,2740.0,0.999132216,GEOCHEMISTRY OF MUNRO TOWNSHIP BASALTS,ARCHEAN CRATON (INCLUDING GREENSTONE BELTS),Superior,,48.6,48.6,-80.5,-80.5,,,,P9-159,THOLEIITE,2500000000.0,3850000000.0,PALEO,,,,,THOLEIITE,,,,,WR,50.05,1.48,,13.32,,,,14.7,7.62,6.44,0.18,,0.32,4.1,0.14,,,,,,,,,,,,,,,,,,,,,,,,,,,,,,,,,,,,,,,,,,,,20.0,,276.0,115.0,,,,66.0,,,,,,,,9.0,279.0,27.0,103.0,6.4,,,,,,,,,,,,,73.0,,,,,,,,,,,,,,,,,,,,,,,,,,,,,,,,,,,,,,,,,,,,,,,,,,,,,,
Superior,GEOCHEMISTRY OF MUNRO TOWNSHIP BASALTS,P9-160,THOLEIITE,48.6,-80.5,2500.0,ARCHEAN,3850.0,2700.0,2720.0,2740.0,0.998754025,GEOCHEMISTRY OF MUNRO TOWNSHIP BASALTS,ARCHEAN CRATON (INCLUDING GREENSTONE BELTS),Superior,,48.6,48.6,-80.5,-80.5,,,,P9-160,THOLEIITE,2500000000.0,3850000000.0,PALEO,,,,,THOLEIITE,,,,,WR,51.17,1.12,,9.61,,,,11.42,11.88,10.25,0.18,,0.05,3.18,0.1,,,,,,,,,,,,,,,,,,,,,,,,,,,,,,,,,,,,,,,,,,,,33.7,,274.0,606.0,,,,172.0,,,,,,,,3.0,81.0,21.0,68.0,3.8,,,,,,,,,,,,,38.0,,,,,,,,,,,,,,,,,,,,,,,,,,,,,,,,,,,,,,,,,,,,,,,,,,,,,,
Superior,GEOCHEMISTRY OF MUNRO TOWNSHIP BASALTS,P9-161,THOLEIITE,48.6,-80.5,2500.0,ARCHEAN,3850.0,2700.0,2720.0,2740.0,0.998956561,GEOCHEMISTRY OF MUNRO TOWNSHIP BASALTS,ARCHEAN CRATON (INCLUDING GREENSTONE BELTS),Superior,,48.6,48.6,-80.5,-80.5,,,,P9-161,THOLEIITE,2500000000.0,3850000000.0,PALEO,,,,,THOLEIITE,,,,,WR,49.39,1.22,,14.37,,,,13.61,10.74,5.9,0.22,,0.43,2.92,0.1,,,,,,,,,,,,,,,,,,,,,,,,,,,,,,,,,,,,,,,,,,,,22.7,,297.0,124.0,,,,103.0,,,,,,,,11.0,234.0,21.0,65.0,4.7,,,,,,,,,,,,,156.0,,,,,,,,,,,,,,,,,,,,,,,,,,,,,,,,,,,,,,,,,,,,,,,,,,,,,,
Superior,GEOCHEMISTRY OF MUNRO TOWNSHIP BASALTS,P9-135,THOLEIITE,48.6,-80.5,2500.0,ARCHEAN,3850.0,2700.0,2720.0,2740.0,0.989864409,GEOCHEMISTRY OF MUNRO TOWNSHIP BASALTS,ARCHEAN CRATON (INCLUDING GREENSTONE BELTS),Superior,,48.6,48.6,-80.5,-80.5,,,,P9-135,THOLEIITE,2500000000.0,3850000000.0,PALEO,,,,,THOLEIITE,,,,,WR,49.9,1.6,,14.61,,,,13.5,7.58,5.73,0.17,,0.15,4.75,0.15,,,,,,,,,,,,,,,,,,,,,,,,,,,,,,,,,,,,,,,,,,,,21.0,,278.0,17.0,,,,50.0,,,,,,,,2.8,186.0,29.8,101.0,5.4,,,,,,,,,,,,,66.0,,,,,,,,,,,,,,,,,,,,,,,,,,,,,,,,,,,,,,,,,,,,,,,,,,,,,,
Superior,GEOCHEMISTRY OF MUNRO TOWNSHIP BASALTS,P9-101,BASALT,48.6,-80.5,2500.0,ARCHEAN,3850.0,2700.0,2720.0,2740.0,0.99320507,GEOCHEMISTRY OF MUNRO TOWNSHIP BASALTS,ARCHEAN CRATON (INCLUDING GREENSTONE BELTS),Superior,,48.6,48.6,-80.5,-80.5,,,,P9-101,BASALT,2500000000.0,3850000000.0,PALEO,,,,,BASALT,,,,,WR,50.14,1.45,,13.04,,,,14.14,11.71,5.52,0.26,,0.86,1.27,0.14,,,,,,,,,,,,,,,,,,,,,,,,,,,,,,,,,,,,,,,,,,,,28.0,,298.0,109.0,,,,62.0,,,,,,,,14.4,143.0,27.2,98.0,5.6,,,,,,,,,,,,,237.0,,,,,,,,,,,,,,,,,,,,,,,,,,,,,,,,,,,,,,,,,,,,,,,,,,,,,,
Superior,GEOCHEMISTRY OF MUNRO TOWNSHIP BASALTS,P9-146,BASALT,48.2,-80.1,2500.0,ARCHEAN,3850.0,2700.0,2720.0,2740.0,0.998180509,GEOCHEMISTRY OF MUNRO TOWNSHIP BASALTS,ARCHEAN CRATON (INCLUDING GREENSTONE BELTS),Superior,,48.2,48.2,-80.1,-80.1,,,,P9-146,BASALT,2500000000.0,3850000000.0,PALEO,,,,,BASALT,,,,,WR,51.8,1.9,,13.96,,,,14.14,7.72,5.56,0.35,,0.19,2.71,0.19,,,,,,,,,,,,,,,,,,,,,,,,,,,,,,,,,,,,,,,,,,,,48.0,,417.0,241.0,,,,85.0,,,,,,,,5.6,84.0,43.9,129.0,7.5,,,,,,,,,,,,,50.0,,,,,,,,,,,,,,,,,,,,,,,,,,,,,,,,,,,,,,,,,,,,,,,,,,,,,,
Superior,GEOCHEMISTRY OF MUNRO TOWNSHIP BASALTS,P9-147,BASALT,48.2,-80.1,2500.0,ARCHEAN,3850.0,2700.0,2720.0,2740.0,0.995534301,GEOCHEMISTRY OF MUNRO TOWNSHIP BASALTS,ARCHEAN CRATON (INCLUDING GREENSTONE BELTS),Superior,,48.2,48.2,-80.1,-80.1,,,,P9-147,BASALT,2500000000.0,3850000000.0,PALEO,,,,,BASALT,,,,,WR,53.02,1.91,,14.76,,,,12.34,5.76,4.7,0.27,,0.22,5.37,0.18,,,,,,,,,,,,,,,,,,,,,,,,,,,,,,,,,,,,,,,,,,,,46.0,,363.0,266.0,,,,124.0,,,,,,,,8.4,52.0,48.5,125.0,6.9,,,,,,,,,,,,,122.0,,,,,,,,,,,,,,,,,,,,,,,,,,,,,,,,,,,,,,,,,,,,,,,,,,,,,,
Superior,GEOCHEMISTRY OF MUNRO TOWNSHIP BASALTS,P9-148,BASALT,48.2,-80.1,2500.0,ARCHEAN,3850.0,2700.0,2720.0,2740.0,0.997593582,GEOCHEMISTRY OF MUNRO TOWNSHIP BASALTS,ARCHEAN CRATON (INCLUDING GREENSTONE BELTS),Superior,,48.2,48.2,-80.1,-80.1,,,,P9-148,BASALT,2500000000.0,3850000000.0,PALEO,,,,,BASALT,,,,,WR,49.99,1.96,,14.31,,,,16.34,7.29,5.19,0.39,,0.95,1.65,0.17,,,,,,,,,,,,,,,,,,,,,,,,,,,,,,,,,,,,,,,,,,,,49.0,,450.0,212.0,,,,57.0,,,,,,,,26.5,41.1,47.0,113.0,5.0,,,,,,,,,,,,,129.0,,,,,,,,,,,,,,,,,,,,,,,,,,,,,,,,,,,,,,,,,,,,,,,,,,,,,,
Superior,GEOCHEMISTRY OF MUNRO TOWNSHIP BASALTS,P9-209,BASALT,48.2,-80.1,2500.0,ARCHEAN,3850.0,2700.0,2720.0,2740.0,0.952356458,GEOCHEMISTRY OF MUNRO TOWNSHIP BASALTS,ARCHEAN CRATON (INCLUDING GREENSTONE BELTS),Superior,,48.2,48.2,-80.1,-80.1,,,,P9-209,BASALT,2500000000.0,3850000000.0,PALEO,,,,,BASALT,,,,,WR,51.87,1.99,,12.82,,,,15.88,6.44,5.04,0.26,,0.04,3.55,0.21,,,,,,,,,,,,,,,,,,,,,,,,,,,,,,,,,,,,,,,,,,,,39.0,,268.0,249.0,,,,72.0,,,,,,,,2.0,100.0,53.0,138.0,6.9,,,,,,,,,,,,,28.0,,,,,,,,,,,,,,,,,,,,,,,,,,,,,,,,,,,,,,,,,,,,,,,,,,,,,,
Superior,GEOCHEMISTRY OF MUNRO TOWNSHIP BASALTS,P9-208,BASALT,48.2,-80.1,2500.0,ARCHEAN,3850.0,2700.0,2720.0,2740.0,0.994378626,GEOCHEMISTRY OF MUNRO TOWNSHIP BASALTS,ARCHEAN CRATON (INCLUDING GREENSTONE BELTS),Superior,,48.2,48.2,-80.1,-80.1,,,,P9-208,BASALT,2500000000.0,3850000000.0,PALEO,,,,,BASALT,,,,,WR,51.08,2.07,,13.6,,,,15.59,6.78,4.42,0.24,,0.16,3.94,0.21,,,,,,,,,,,,,,,,,,,,,,,,,,,,,,,,,,,,,,,,,,,,40.0,,270.0,416.0,,,,95.0,,,,,,,,4.0,114.0,52.0,133.0,5.0,,,,,,,,,,,,,40.0,,,,,,,,,,,,,,,,,,,,,,,,,,,,,,,,,,,,,,,,,,,,,,,,,,,,,,
Abitibi,"GEOCHEMISTRY OF THE DUNDONALD KOMATIITE-BASALT SUITE AND GENESIS OF DUNDEAL NI DEPOSIT, ABITIBI SUBPROVINCE, CANADA",96TB0006,BASALT,48.2,-80.1,2710.0,ARCHEAN,2720.0,2714.0,2716.0,2718.0,0.544722915,"GEOCHEMISTRY OF THE DUNDONALD KOMATIITE-BASALT SUITE AND GENESIS OF DUNDEAL NI DEPOSIT, ABITIBI SUBPROVINCE, CANADA",ARCHEAN CRATON (INCLUDING GREENSTONE BELTS),Abitibi,,48.2,48.2,-80.1,-80.1,,,,96TB0006,BASALT,2710000000.0,2720000000.0,PALEO,,,,,BASALT,,,,,WR,47.9,0.62,,10.8,,,,10.08,9.42,13.0,0.18,,0.03,2.4,0.06,,,,,,,,,,,,,,,,,,,,,,,,,,,,,,,,,,,,,,,,,,,,31.0,,210.0,1400.0,,,63.0,450.0,89.0,96.0,12.0,,,,,1.0,47.0,17.0,44.0,1.7,,,,,,,,,,,,0.72,70.0,2.3,5.5,0.92,4.7,1.5,0.53,2.2,0.42,2.8,0.57,1.6,,1.7,0.27,5.5,0.2,,,,,,,,,2.0,,0.24,0.08,,,,,,,,,,,,,,,,,,,,,,,,,,
Abitibi,"GEOCHEMISTRY OF THE DUNDONALD KOMATIITE-BASALT SUITE AND GENESIS OF DUNDEAL NI DEPOSIT, ABITIBI SUBPROVINCE, CANADA",96TB0015,BASALT,48.2,-80.1,2710.0,ARCHEAN,2720.0,2714.0,2716.0,2718.0,0.10395138,"GEOCHEMISTRY OF THE DUNDONALD KOMATIITE-BASALT SUITE AND GENESIS OF DUNDEAL NI DEPOSIT, ABITIBI SUBPROVINCE, CANADA",ARCHEAN CRATON (INCLUDING GREENSTONE BELTS),Abitibi,,48.2,48.2,-80.1,-80.1,,,,96TB0015,BASALT,2710000000.0,2720000000.0,PALEO,,,,,BASALT,,,,,WR,49.2,0.95,,9.0,,,,12.51,11.5,11.5,0.22,,0.01,0.9,0.05,,,,,,,,,,,,,,,,,,,,,,,,,,,,,,,,,,,,,,,,,,,,29.0,,230.0,1200.0,,,58.0,380.0,210.0,95.0,13.0,,,,,1.0,67.0,18.0,63.0,3.3,,,,,,,,,,,,0.5,62.0,4.0,11.0,1.7,9.0,2.6,1.0,3.4,0.54,3.0,0.66,1.7,,1.6,0.26,2.8,0.2,,,,,,,,,2.0,,0.34,0.11,,,,,,,,,,,,,,,,,,,,,,,,,,
Abitibi,"GEOCHEMISTRY OF THE DUNDONALD KOMATIITE-BASALT SUITE AND GENESIS OF DUNDEAL NI DEPOSIT, ABITIBI SUBPROVINCE, CANADA",96TB0016,BASALT,48.2,-80.1,2710.0,ARCHEAN,2720.0,2714.0,2716.0,2718.0,0.210127935,"GEOCHEMISTRY OF THE DUNDONALD KOMATIITE-BASALT SUITE AND GENESIS OF DUNDEAL NI DEPOSIT, ABITIBI SUBPROVINCE, CANADA",ARCHEAN CRATON (INCLUDING GREENSTONE BELTS),Abitibi,,48.2,48.2,-80.1,-80.1,,,,96TB0016,BASALT,2710000000.0,2720000000.0,PALEO,,,,,BASALT,,,,,WR,53.4,1.04,,9.9,,,,11.43,9.6,8.39,0.21,,0.03,2.1,0.09,,,,,,,,,,,,,,,,,,,,,,,,,,,,,,,,,,,,,,,,,,,,25.0,,230.0,230.0,,,41.0,130.0,120.0,88.0,13.0,,,,,1.0,92.0,19.0,70.0,3.8,,,,,,,,,,,,0.34,75.0,4.4,11.0,1.9,10.0,2.9,0.87,3.7,0.59,3.3,0.71,1.8,,1.8,0.29,1.9,0.2,,,,,,,,,3.0,,0.41,0.14,,,,,,,,,,,,,,,,,,,,,,,,,,
Abitibi,"GEOCHEMISTRY OF THE DUNDONALD KOMATIITE-BASALT SUITE AND GENESIS OF DUNDEAL NI DEPOSIT, ABITIBI SUBPROVINCE, CANADA",96TB0057,BASALT,48.2,-80.1,2710.0,ARCHEAN,2720.0,2714.0,2716.0,2718.0,0.934411168,"GEOCHEMISTRY OF THE DUNDONALD KOMATIITE-BASALT SUITE AND GENESIS OF DUNDEAL NI DEPOSIT, ABITIBI SUBPROVINCE, CANADA",ARCHEAN CRATON (INCLUDING GREENSTONE BELTS),Abitibi,,48.2,48.2,-80.1,-80.1,,,,96TB0057,BASALT,2710000000.0,2720000000.0,PALEO,,,,,BASALT,,,,,WR,53.2,0.32,,18.6,,,,6.03,8.29,5.71,0.16,,0.11,1.8,0.04,,,,,,,,,,,,,,,,,,,,,,,,,,,,,,,,,,,,,,,,,,,,42.0,,200.0,510.0,,,220.0,6500.0,48.0,240.0,9.3,,,,,2.0,30.0,14.0,22.0,1.0,,,,,,,,,,,,0.14,92.0,1.1,3.2,0.51,2.9,0.77,0.29,1.2,0.25,1.8,0.43,1.5,,1.8,0.28,1.4,0.2,,,,,,,,,2.0,,0.15,0.06,,,,,,,,,,,,,,,,,,,,,,,,,,
Abitibi,"GEOLOGY AND PETROGENESIS OF THE ARCHEAN ABITIBI BELT IN THE KIRKLAND LAKE AREA, ONTARIO",71J581,BASALT,48.25,-79.5,2500.0,ARCHEAN,3850.0,2701.0,2701.5,2702.0,0.998751402,"GEOLOGY AND PETROGENESIS OF THE ARCHEAN ABITIBI BELT IN THE KIRKLAND LAKE AREA, ONTARIO",ARCHEAN CRATON (INCLUDING GREENSTONE BELTS),Abitibi,,48.25,48.25,-79.5,-79.5,,,,71J581,BASALT,2500000000.0,3850000000.0,PALEO,,,,,BASALT,,,,,WR,50.6,2.46,,12.2,,,,14.88,8.72,3.81,0.23,,0.38,2.59,0.1,,,,,,,,,,,,,,,,,,,,,,,,,,,,,,,,,,,,,,,,,,,,,,,,,,,,,,,,,,,,,,,,,,,,,,,,,,,,,,,,,,,,,,,,,,,,,,,,,,,,,,,,,,,,,,,,,,,,,,,,,,,,,,,,,,
Abitibi,"GEOLOGY AND PETROGENESIS OF THE ARCHEAN ABITIBI BELT IN THE KIRKLAND LAKE AREA, ONTARIO",72J507,BASALT,48.25,-79.5,2500.0,ARCHEAN,3850.0,2701.0,2701.5,2702.0,0.999934673,"GEOLOGY AND PETROGENESIS OF THE ARCHEAN ABITIBI BELT IN THE KIRKLAND LAKE AREA, ONTARIO",ARCHEAN CRATON (INCLUDING GREENSTONE BELTS),Abitibi,,48.25,48.25,-79.5,-79.5,,,,72J507,BASALT,2500000000.0,3850000000.0,PALEO,,,,,BASALT,,,,,WR,48.1,1.02,,15.8,,,,10.89,9.86,9.97,,,0.1,1.56,,,,,,,,,,,,,,,,,,,,,,,,,,,,,,,,,,,,,,,,,,,,,,,,,,,,,,,,,,,,,,,,,,,,,,,,,,,,,,,,,,,,,,,,,,,,,,,,,,,,,,,,,,,,,,,,,,,,,,,,,,,,,,,,,,,
Abitibi,"GEOLOGY AND PETROGENESIS OF THE ARCHEAN ABITIBI BELT IN THE KIRKLAND LAKE AREA, ONTARIO",8,BASALT,48.2,-80.0,2500.0,ARCHEAN,3850.0,2701.0,2701.5,2702.0,0.999711215,"GEOLOGY AND PETROGENESIS OF THE ARCHEAN ABITIBI BELT IN THE KIRKLAND LAKE AREA, ONTARIO",ARCHEAN CRATON (INCLUDING GREENSTONE BELTS),Abitibi,,48.2,48.2,-80.0,-80.0,,,,8,BASALT,2500000000.0,3850000000.0,PALEO,,,,,BASALT,,,,,WR,47.61,1.24,,13.8,,,,14.36,11.25,6.13,,,0.44,2.1,,,,,,,,,,,,,,,,,,,,,,,,,,,,,,,,,,,,,,,,,,,,,,,0.03,0.006,,,,97.0,108.0,135.0,,,,,,,,,,,,,,,,,,,,,,,,,,,,,,,,,,,,,,,,,,,,,,,,18.0,,,,,,,,,,,,,,,,,,,,,,,,,,,,,
Abitibi,"GEOLOGY AND PETROGENESIS OF THE ARCHEAN ABITIBI BELT IN THE KIRKLAND LAKE AREA, ONTARIO",72J576,BASALT,48.25,-79.5,2500.0,ARCHEAN,3850.0,2701.0,2701.5,2702.0,0.999227285,"GEOLOGY AND PETROGENESIS OF THE ARCHEAN ABITIBI BELT IN THE KIRKLAND LAKE AREA, ONTARIO",ARCHEAN CRATON (INCLUDING GREENSTONE BELTS),Abitibi,,48.25,48.25,-79.5,-79.5,,,,72J576,BASALT,2500000000.0,3850000000.0,PALEO,,,,,BASALT,,,,,WR,47.7,2.36,,13.0,,,,18.18,6.65,5.85,0.27,,0.39,2.4,0.16,,,,,,,,,,,,,,,,,,,,,,,,,,,,,,,,,,,,,,,,,,,,,,,,,,,,,,,,,,,,,,,,,,,,,,,,,,,,,,,,,,,,,,,,,,,,,,,,,,,,,,,,,,,,,,,,,,,,,,,,,,,,,,,,,,
Abitibi,"GEOLOGY AND PETROGENESIS OF THE ARCHEAN ABITIBI BELT IN THE KIRKLAND LAKE AREA, ONTARIO",73J1089,BASALT,48.25,-79.5,2500.0,ARCHEAN,3850.0,2701.0,2701.5,2702.0,0.999930263,"GEOLOGY AND PETROGENESIS OF THE ARCHEAN ABITIBI BELT IN THE KIRKLAND LAKE AREA, ONTARIO",ARCHEAN CRATON (INCLUDING GREENSTONE BELTS),Abitibi,,48.25,48.25,-79.5,-79.5,,,,73J1089,BASALT,2500000000.0,3850000000.0,PALEO,,,,,BASALT,,,,,WR,47.7,1.11,,15.7,,,,10.71,11.7,6.39,0.2,,0.48,2.18,0.09,,,,,,,,,,,,,,,,,,,,,,,,,,,,,,,,,,,,,,,,,,,,,,,,,,,,,,,,,,,,,,,,,,,,,,,,,,,,,,,,,,,,,,,,,,,,,,,,,,,,,,,,,,,,,,,,,,,,,,,,,,,,,,,,,,
Abitibi,"GEOLOGY AND PETROGENESIS OF THE ARCHEAN ABITIBI BELT IN THE KIRKLAND LAKE AREA, ONTARIO",72D536,BASALT,48.25,-79.5,2500.0,ARCHEAN,3850.0,2701.0,2701.5,2702.0,0.999934673,"GEOLOGY AND PETROGENESIS OF THE ARCHEAN ABITIBI BELT IN THE KIRKLAND LAKE AREA, ONTARIO",ARCHEAN CRATON (INCLUDING GREENSTONE BELTS),Abitibi,,48.25,48.25,-79.5,-79.5,,,,72D536,BASALT,2500000000.0,3850000000.0,PALEO,,,,,BASALT,,,,,WR,46.6,0.83,,14.5,,,,11.17,10.5,9.29,0.2,,0.17,1.7,0.05,,,,,,,,,,,,,,,,,,,,,,,,,,,,,,,,,,,,,,,,,,,,,,,,,,,,,,,,,,,,,,,,,,,,,,,,,,,,,,,,,,,,,,,,,,,,,,,,,,,,,,,,,,,,,,,,,,,,,,,,,,,,,,,,,,
Abitibi,"GEOLOGY AND PETROGENESIS OF THE ARCHEAN ABITIBI BELT IN THE KIRKLAND LAKE AREA, ONTARIO",74J1237,BASALT,48.25,-79.5,2500.0,ARCHEAN,3850.0,2701.0,2701.5,2702.0,0.999180377,"GEOLOGY AND PETROGENESIS OF THE ARCHEAN ABITIBI BELT IN THE KIRKLAND LAKE AREA, ONTARIO",ARCHEAN CRATON (INCLUDING GREENSTONE BELTS),Abitibi,,48.25,48.25,-79.5,-79.5,,,,74J1237,BASALT,2500000000.0,3850000000.0,PALEO,,,,,BASALT,,,,,WR,47.2,2.36,,14.5,,,,16.47,9.7,4.61,0.25,,0.17,1.81,,,,,,,,,,,,,,,,,,,,,,,,,,,,,,,,,,,,,,,,,,,,,,,,,,,,,,,,,,,,,,,,,,,,,,,,,,,,,,,,,,,,,,,,,,,,,,,,,,,,,,,,,,,,,,,,,,,,,,,,,,,,,,,,,,,
Abitibi,"GEOLOGY AND PETROGENESIS OF THE ARCHEAN ABITIBI BELT IN THE KIRKLAND LAKE AREA, ONTARIO",72J505,BASALT,48.25,-79.5,2500.0,ARCHEAN,3850.0,2701.0,2701.5,2702.0,0.999934673,"GEOLOGY AND PETROGENESIS OF THE ARCHEAN ABITIBI BELT IN THE KIRKLAND LAKE AREA, ONTARIO",ARCHEAN CRATON (INCLUDING GREENSTONE BELTS),Abitibi,,48.25,48.25,-79.5,-79.5,,,,72J505,BASALT,2500000000.0,3850000000.0,PALEO,,,,,BASALT,,,,,WR,47.7,0.73,,17.3,,,,9.36,8.97,9.76,,,0.63,1.43,,,,,,,,,,,,,,,,,,,,,,,,,,,,,,,,,,,,,,,,,,,,,,,,,,,,,,,,,,,,,,,,,,,,,,,,,,,,,,,,,,,,,,,,,,,,,,,,,,,,,,,,,,,,,,,,,,,,,,,,,,,,,,,,,,,
Abitibi,"HFSE/REE FRACTIONATIONS RECORDED IN THREE KOMATIITE-BASALT SEQUENCES, ARCHEAN ABITIBI GREENSTONE BELT; IMPLICATIONS FOR MULTIPLE PLUME SOURCES AND DEPTHS",T7,THOLEIITE,48.47,-81.4,2700.0,ARCHEAN,2700.0,2710.0,2717.5,2725.0,0.101224303,"HFSE/REE FRACTIONATIONS RECORDED IN THREE KOMATIITE-BASALT SEQUENCES, ARCHEAN ABITIBI GREENSTONE BELT; IMPLICATIONS FOR MULTIPLE PLUME SOURCES AND DEPTHS",ARCHEAN CRATON (INCLUDING GREENSTONE BELTS),Abitibi,,48.47,48.47,-81.4,-81.4,,,,T7,THOLEIITE,2700000000.0,2700000000.0,PALEO,,,,,THOLEIITE,,,,,WR,50.7,0.64,,15.4,,,,12.24,7.4,5.83,0.3,,0.06,2.58,0.07,,,,,,,,,,,,,,,,,,,,,,,,,,,,,,,,,,,,,,,,,,,,75.2,,,,,,,,,,,,,,,,,25.89,39.41,1.9,,,,,,,,,,,,,,2.29,6.25,0.94,5.27,1.5,0.49,2.17,0.43,3.65,0.91,3.17,,3.4,0.48,1.02,,,,,,,,,,,,0.36,,,,,,,,,,,,,,,,,,,,,,,,,,,
Abitibi,"HFSE/REE FRACTIONATIONS RECORDED IN THREE KOMATIITE-BASALT SEQUENCES, ARCHEAN ABITIBI GREENSTONE BELT; IMPLICATIONS FOR MULTIPLE PLUME SOURCES AND DEPTHS",T8,THOLEIITE,48.47,-81.4,2500.0,ARCHEAN,3850.0,2710.0,2717.5,2725.0,0.167550787,"HFSE/REE FRACTIONATIONS RECORDED IN THREE KOMATIITE-BASALT SEQUENCES, ARCHEAN ABITIBI GREENSTONE BELT; IMPLICATIONS FOR MULTIPLE PLUME SOURCES AND DEPTHS",ARCHEAN CRATON (INCLUDING GREENSTONE BELTS),Abitibi,,48.47,48.47,-81.4,-81.4,,,,T8,THOLEIITE,2500000000.0,3850000000.0,PALEO,,,,,THOLEIITE,,,,,WR,45.7,0.53,,14.8,,,,11.43,11.4,6.08,0.4,,0.05,1.87,0.06,,,,,,,,,,,,,,,,,,,,,,,,,,,,,,,,,,,,,,,,,,,,47.88,,,,,,,,,,,,,,,,,23.38,25.34,1.75,,,,,,,,,,,,,,1.54,4.72,0.78,3.85,1.28,0.43,1.97,0.4,3.22,0.87,2.91,,3.43,0.54,0.66,,,,,,,,,,,,0.26,,,,,,,,,,,,,,,,,,,,,,,,,,,
Abitibi,"HFSE/REE FRACTIONATIONS RECORDED IN THREE KOMATIITE-BASALT SEQUENCES, ARCHEAN ABITIBI GREENSTONE BELT; IMPLICATIONS FOR MULTIPLE PLUME SOURCES AND DEPTHS",MP-14,THOLEIITE,48.2,-80.1,2500.0,ARCHEAN,3850.0,2710.0,2717.5,2725.0,0.071934499,"HFSE/REE FRACTIONATIONS RECORDED IN THREE KOMATIITE-BASALT SEQUENCES, ARCHEAN ABITIBI GREENSTONE BELT; IMPLICATIONS FOR MULTIPLE PLUME SOURCES AND DEPTHS",ARCHEAN CRATON (INCLUDING GREENSTONE BELTS),Abitibi,,48.2,48.2,-80.1,-80.1,,,,MP-14,THOLEIITE,2500000000.0,3850000000.0,PALEO,,,,,THOLEIITE,,,,,WR,49.5,0.89,,7.08,,,,12.15,11.4,12.6,0.24,,0.12,1.28,0.08,,,,,,,,,,,,,,,,,,,,,,,,,,,,,,,,,,,,,,,,,,,,28.13,,,,,,,,,,,,,,,,,13.77,57.27,3.2,,,,,,,,,,,,,,3.57,9.87,1.57,8.41,2.41,0.75,2.93,0.44,3.01,0.57,1.68,,1.54,0.22,1.88,,,,,,,,,,,,0.43,,,,,,,,,,,,,,,,,,,,,,,,,,,
Abitibi,"HFSE/REE FRACTIONATIONS RECORDED IN THREE KOMATIITE-BASALT SEQUENCES, ARCHEAN ABITIBI GREENSTONE BELT; IMPLICATIONS FOR MULTIPLE PLUME SOURCES AND DEPTHS",MP-17,THOLEIITE,48.2,-80.1,2500.0,ARCHEAN,3850.0,2710.0,2717.5,2725.0,0.005358267,"HFSE/REE FRACTIONATIONS RECORDED IN THREE KOMATIITE-BASALT SEQUENCES, ARCHEAN ABITIBI GREENSTONE BELT; IMPLICATIONS FOR MULTIPLE PLUME SOURCES AND DEPTHS",ARCHEAN CRATON (INCLUDING GREENSTONE BELTS),Abitibi,,48.2,48.2,-80.1,-80.1,,,,MP-17,THOLEIITE,2500000000.0,3850000000.0,PALEO,,,,,THOLEIITE,,,,,WR,52.1,1.91,,13.0,,,,16.65,5.97,2.25,0.26,,0.32,4.27,0.22,,,,,,,,,,,,,,,,,,,,,,,,,,,,,,,,,,,,,,,,,,,,18.17,,,,,,,,,,,,,,,,,41.39,169.38,11.61,,,,,,,,,,,,,,12.34,34.42,5.36,26.73,7.39,2.1,8.29,1.26,8.15,1.58,4.53,,4.05,0.6,4.7,,,,,,,,,,,,1.04,,,,,,,,,,,,,,,,,,,,,,,,,,,
Abitibi,"HFSE/REE FRACTIONATIONS RECORDED IN THREE KOMATIITE-BASALT SEQUENCES, ARCHEAN ABITIBI GREENSTONE BELT; IMPLICATIONS FOR MULTIPLE PLUME SOURCES AND DEPTHS",MP-20,THOLEIITE,48.2,-80.1,2500.0,ARCHEAN,3850.0,2710.0,2717.5,2725.0,0.00104761,"HFSE/REE FRACTIONATIONS RECORDED IN THREE KOMATIITE-BASALT SEQUENCES, ARCHEAN ABITIBI GREENSTONE BELT; IMPLICATIONS FOR MULTIPLE PLUME SOURCES AND DEPTHS",ARCHEAN CRATON (INCLUDING GREENSTONE BELTS),Abitibi,,48.2,48.2,-80.1,-80.1,,,,MP-20,THOLEIITE,2500000000.0,3850000000.0,PALEO,,,,,THOLEIITE,,,,,WR,49.9,1.41,,11.7,,,,14.31,8.94,6.05,0.28,,0.57,3.15,0.14,,,,,,,,,,,,,,,,,,,,,,,,,,,,,,,,,,,,,,,,,,,,25.16,,,,,,,,,,,,,,,,,25.91,115.64,7.18,,,,,,,,,,,,,,7.99,21.36,3.25,16.55,4.49,1.47,5.09,0.79,5.17,1.01,2.86,,2.77,0.41,3.22,,,,,,,,,,,,0.72,,,,,,,,,,,,,,,,,,,,,,,,,,,
Abitibi,"HFSE/REE FRACTIONATIONS RECORDED IN THREE KOMATIITE-BASALT SEQUENCES, ARCHEAN ABITIBI GREENSTONE BELT; IMPLICATIONS FOR MULTIPLE PLUME SOURCES AND DEPTHS",MP-22,THOLEIITE,48.2,-80.1,2500.0,ARCHEAN,3850.0,2710.0,2717.5,2725.0,0.001735071,"HFSE/REE FRACTIONATIONS RECORDED IN THREE KOMATIITE-BASALT SEQUENCES, ARCHEAN ABITIBI GREENSTONE BELT; IMPLICATIONS FOR MULTIPLE PLUME SOURCES AND DEPTHS",ARCHEAN CRATON (INCLUDING GREENSTONE BELTS),Abitibi,,48.2,48.2,-80.1,-80.1,,,,MP-22,THOLEIITE,2500000000.0,3850000000.0,PALEO,,,,,THOLEIITE,,,,,WR,47.7,1.84,,12.0,,,,14.49,8.11,6.78,0.19,,0.89,1.49,0.14,,,,,,,,,,,,,,,,,,,,,,,,,,,,,,,,,,,,,,,,,,,,49.43,,,,,,,,,,,,,,,,,37.6,115.63,5.83,,,,,,,,,,,,,,6.48,17.21,2.64,14.02,4.44,1.39,5.63,0.97,6.97,1.45,4.43,,4.26,0.64,3.22,,,,,,,,,,,,0.49,,,,,,,,,,,,,,,,,,,,,,,,,,,
Abitibi,"HFSE/REE FRACTIONATIONS RECORDED IN THREE KOMATIITE-BASALT SEQUENCES, ARCHEAN ABITIBI GREENSTONE BELT; IMPLICATIONS FOR MULTIPLE PLUME SOURCES AND DEPTHS",MP-23,THOLEIITE,48.2,-80.1,2500.0,ARCHEAN,3850.0,2710.0,2717.5,2725.0,0.001997879,"HFSE/REE FRACTIONATIONS RECORDED IN THREE KOMATIITE-BASALT SEQUENCES, ARCHEAN ABITIBI GREENSTONE BELT; IMPLICATIONS FOR MULTIPLE PLUME SOURCES AND DEPTHS",ARCHEAN CRATON (INCLUDING GREENSTONE BELTS),Abitibi,,48.2,48.2,-80.1,-80.1,,,,MP-23,THOLEIITE,2500000000.0,3850000000.0,PALEO,,,,,THOLEIITE,,,,,WR,46.1,1.61,,13.6,,,,14.67,10.0,6.74,0.2,,0.06,1.25,0.11,,,,,,,,,,,,,,,,,,,,,,,,,,,,,,,,,,,,,,,,,,,,44.66,,,,,,,,,,,,,,,,,28.97,82.49,4.72,,,,,,,,,,,,,,4.55,12.56,2.0,10.38,3.41,1.2,4.09,0.79,5.52,1.15,3.56,,3.41,0.51,2.57,,,,,,,,,,,,0.39,,,,,,,,,,,,,,,,,,,,,,,,,,,
Abitibi,"HFSE/REE FRACTIONATIONS RECORDED IN THREE KOMATIITE-BASALT SEQUENCES, ARCHEAN ABITIBI GREENSTONE BELT; IMPLICATIONS FOR MULTIPLE PLUME SOURCES AND DEPTHS",B-3,THOLEIITE,47.9,-80.0,2500.0,ARCHEAN,3850.0,2710.0,2717.5,2725.0,0.024141815,"HFSE/REE FRACTIONATIONS RECORDED IN THREE KOMATIITE-BASALT SEQUENCES, ARCHEAN ABITIBI GREENSTONE BELT; IMPLICATIONS FOR MULTIPLE PLUME SOURCES AND DEPTHS",ARCHEAN CRATON (INCLUDING GREENSTONE BELTS),Abitibi,,47.9,47.9,-80.0,-80.0,,,,B-3,THOLEIITE,2500000000.0,3850000000.0,PALEO,,,,,THOLEIITE,,,,,WR,48.2,1.09,,14.3,,,,11.7,9.36,7.72,0.21,,0.07,2.2,0.09,,,,,,,,,,,,,,,,,,,,,,,,,,,,,,,,,,,,,,,,,,,,42.87,,,,,,,,,,,,,,,,,21.59,28.5,2.73,,,,,,,,,,,,,,3.09,8.77,1.45,7.93,2.61,0.78,3.66,0.6,4.43,0.89,2.72,,2.49,0.35,1.23,,,,,,,,,,,,0.34,,,,,,,,,,,,,,,,,,,,,,,,,,,
Abitibi,"HFSE/REE FRACTIONATIONS RECORDED IN THREE KOMATIITE-BASALT SEQUENCES, ARCHEAN ABITIBI GREENSTONE BELT; IMPLICATIONS FOR MULTIPLE PLUME SOURCES AND DEPTHS",B-6,THOLEIITE,47.9,-80.0,2700.0,ARCHEAN,2700.0,2710.0,2717.5,2725.0,0.069156028,"HFSE/REE FRACTIONATIONS RECORDED IN THREE KOMATIITE-BASALT SEQUENCES, ARCHEAN ABITIBI GREENSTONE BELT; IMPLICATIONS FOR MULTIPLE PLUME SOURCES AND DEPTHS",ARCHEAN CRATON (INCLUDING GREENSTONE BELTS),Abitibi,,47.9,47.9,-80.0,-80.0,,,,B-6,THOLEIITE,2700000000.0,2700000000.0,PALEO,,,,,THOLEIITE,,,,,WR,51.2,0.8,,15.4,,,,15.03,6.04,2.17,0.27,,0.41,5.28,0.2,,,,,,,,,,,,,,,,,,,,,,,,,,,,,,,,,,,,,,,,,,,,6.02,,,,,,,,,,,,,,,,,30.13,141.2,26.12,,,,,,,,,,,,,,31.29,69.05,8.9,37.42,7.41,2.31,6.97,1.0,6.36,1.21,3.41,,3.03,0.45,3.5,,,,,,,,,,,,2.6,,,,,,,,,,,,,,,,,,,,,,,,,,,
Abitibi,"HFSE/REE FRACTIONATIONS RECORDED IN THREE KOMATIITE-BASALT SEQUENCES, ARCHEAN ABITIBI GREENSTONE BELT; IMPLICATIONS FOR MULTIPLE PLUME SOURCES AND DEPTHS",B-7,THOLEIITE,47.9,-80.0,2500.0,ARCHEAN,3850.0,2710.0,2717.5,2725.0,0.019305265,"HFSE/REE FRACTIONATIONS RECORDED IN THREE KOMATIITE-BASALT SEQUENCES, ARCHEAN ABITIBI GREENSTONE BELT; IMPLICATIONS FOR MULTIPLE PLUME SOURCES AND DEPTHS",ARCHEAN CRATON (INCLUDING GREENSTONE BELTS),Abitibi,,47.9,47.9,-80.0,-80.0,,,,B-7,THOLEIITE,2500000000.0,3850000000.0,PALEO,,,,,THOLEIITE,,,,,WR,49.5,0.87,,14.3,,,,18.63,5.37,2.55,0.28,,0.44,5.06,0.21,,,,,,,,,,,,,,,,,,,,,,,,,,,,,,,,,,,,,,,,,,,,4.24,,,,,,,,,,,,,,,,,25.15,120.57,22.45,,,,,,,,,,,,,,19.75,44.42,5.9,25.49,5.38,1.71,5.35,0.8,5.11,1.01,2.91,,2.62,0.4,3.05,,,,,,,,,,,,2.06,,,,,,,,,,,,,,,,,,,,,,,,,,,
Abitibi,"HFSE/REE FRACTIONATIONS RECORDED IN THREE KOMATIITE-BASALT SEQUENCES, ARCHEAN ABITIBI GREENSTONE BELT; IMPLICATIONS FOR MULTIPLE PLUME SOURCES AND DEPTHS",B-8,THOLEIITE,47.9,-80.0,2500.0,ARCHEAN,3850.0,2710.0,2717.5,2725.0,0.015862867,"HFSE/REE FRACTIONATIONS RECORDED IN THREE KOMATIITE-BASALT SEQUENCES, ARCHEAN ABITIBI GREENSTONE BELT; IMPLICATIONS FOR MULTIPLE PLUME SOURCES AND DEPTHS",ARCHEAN CRATON (INCLUDING GREENSTONE BELTS),Abitibi,,47.9,47.9,-80.0,-80.0,,,,B-8,THOLEIITE,2500000000.0,3850000000.0,PALEO,,,,,THOLEIITE,,,,,WR,47.1,1.05,,5.67,,,,13.32,14.3,11.2,0.23,,0.52,0.65,0.08,,,,,,,,,,,,,,,,,,,,,,,,,,,,,,,,,,,,,,,,,,,,57.17,,,,,,,,,,,,,,,,,13.36,51.96,9.46,,,,,,,,,,,,,,11.01,24.28,3.32,14.72,3.21,1.24,3.33,0.46,2.97,0.55,1.53,,1.32,0.2,1.49,,,,,,,,,,,,0.78,,,,,,,,,,,,,,,,,,,,,,,,,,,
Superior Province,HIGH-PRECISION EXPLORATION GEOCHEMISTRY: APPLICATIONS FOR VOLCANOGENIC MASSIVE SULFIDE DEPOSITS,WL41,ANDESITE,48.0,-78.5,2700.0,ARCHEAN,2700.0,2700.0,2700.0,2700.0,0.001519885,HIGH-PRECISION EXPLORATION GEOCHEMISTRY: APPLICATIONS FOR VOLCANOGENIC MASSIVE SULFIDE DEPOSITS,ARCHEAN CRATON (INCLUDING GREENSTONE BELTS),Superior Province,,48.0,48.0,-78.5,-78.5,,,,WL41,ANDESITE,2700000000.0,2700000000.0,PALEO,,,,,ANDESITE,,,,,WR,53.61,1.25,,16.1,,,,10.48,8.6,5.03,0.17,,0.66,2.78,0.16,,,,,,,,,,,,,,,,,,,,,,,,,,,,,,,,,,,,,,,,,,,,33.0,,302.0,97.0,,,31.0,45.0,,,,,,,,16.0,198.0,22.59,119.0,7.42,,,,,,,,,,,,0.0,178.0,13.97,32.48,4.38,16.68,3.89,1.29,4.31,0.68,4.37,0.85,2.59,,2.41,0.37,3.37,0.51,,,,,,,,,,,1.84,0.44,,,,,,,,,,,,,,,,,,,,,,,,,,
Superior Province,HIGH-PRECISION EXPLORATION GEOCHEMISTRY: APPLICATIONS FOR VOLCANOGENIC MASSIVE SULFIDE DEPOSITS,KC-506-B,THOLEIITE,48.7,-81.4,2700.0,ARCHEAN,2700.0,2700.0,2700.0,2700.0,0.918031573,HIGH-PRECISION EXPLORATION GEOCHEMISTRY: APPLICATIONS FOR VOLCANOGENIC MASSIVE SULFIDE DEPOSITS,ARCHEAN CRATON (INCLUDING GREENSTONE BELTS),Superior Province,,48.7,48.7,-81.4,-81.4,,,,KC-506-B,THOLEIITE,2700000000.0,2700000000.0,PALEO,,,,,THOLEIITE,,,,,WR,52.55,0.31,,15.94,,,,8.8,3.79,12.8,0.2,,,4.6,0.04,,,,,,,,,,,,,,,,,,,,,,,,,,,,,,,,,,,,,,,,,,,,49.0,,175.0,668.0,,,65.0,303.0,,,,,,,,0.0,26.0,13.24,21.0,0.99,,,,,,,,,,,,0.0,20.0,1.22,3.32,0.53,2.34,0.69,0.4,1.18,0.22,1.91,0.48,1.66,,1.89,0.29,0.61,0.06,,,,,,,,,,,0.14,0.09,,,,,,,,,,,,,,,,,,,,,,,,,,
Superior Province,HIGH-PRECISION EXPLORATION GEOCHEMISTRY: APPLICATIONS FOR VOLCANOGENIC MASSIVE SULFIDE DEPOSITS,SL-54,basalt,49.0,-90.0,2780.0,ARCHEAN,2780.0,2780.0,2780.0,2780.0,0.006981961,HIGH-PRECISION EXPLORATION GEOCHEMISTRY: APPLICATIONS FOR VOLCANOGENIC MASSIVE SULFIDE DEPOSITS,ARCHEAN CRATON (INCLUDING GREENSTONE BELTS),Superior Province,,49.0,49.0,-90.0,-90.0,,,,SL-54,basalt,2780000000.0,2780000000.0,PALEO,,,,,basalt,,,,,WR,49.33,0.91,,15.04,,,,12.44,11.05,7.61,0.23,,0.09,1.84,0.08,,,,,,,,,,,,,,,,,,,,,,,,,,,,,,,,,,,,,,,,,,,,42.0,,282.0,294.0,,,54.0,137.0,,,,,,,,2.0,103.0,18.95,50.0,2.54,,,,,,,,,,,,0.0,19.0,2.68,7.37,1.13,5.83,2.05,0.74,2.62,0.48,3.38,0.74,2.04,,2.16,0.32,1.43,0.16,,,,,,,,,,,0.24,0.25,,,,,,,,,,,,,,,,,,,,,,,,,,
Superior Province,"IRON-RICH ALKALINE MAGMATISM IN THE ARCHEAN WAWA GREENSTONE BELTS (ONTARIO, CANADA)",PIC-121,basalt,48.58,-86.28,2600.0,ARCHEAN,2700.0,2600.0,2650.0,2700.0,0.000112099,"IRON-RICH ALKALINE MAGMATISM IN THE ARCHEAN WAWA GREENSTONE BELTS (ONTARIO, CANADA)",ARCHEAN CRATON (INCLUDING GREENSTONE BELTS),Superior Province,,48.58,48.58,-86.28,-86.28,,,,PIC-121,basalt,2600000000.0,2700000000.0,PALEO,,,,,basalt,,,,,WR,47.41,1.94,,11.22,,,,14.81,9.41,6.67,0.29,,0.13,3.65,0.14,,,,,,,,,,,,,,,,,,,,,,,,,,,,,,,,,,,,,,,,,,,,,,351.5,387.13,,,63.7,233.0,85.0,144.0,15.1,,,,,1.0,126.295,22.6,108.0,8.3,,,,,,,,,,,,0.1,224.898,9.26,35.5,3.6,17.2,4.65,1.35,4.75,0.81,4.69,0.9,2.53,,2.36,0.359,2.8,0.59,,,,,,,,,2.8,,1.7,0.0,,,,,,,,,,,,,,,,,,,,,,,,,,
Superior Province,"IRON-RICH ALKALINE MAGMATISM IN THE ARCHEAN WAWA GREENSTONE BELTS (ONTARIO, CANADA)",PIC-129,THOLEIITE,48.58,-86.28,2600.0,ARCHEAN,2700.0,2600.0,2650.0,2700.0,0.931405663,"IRON-RICH ALKALINE MAGMATISM IN THE ARCHEAN WAWA GREENSTONE BELTS (ONTARIO, CANADA)",ARCHEAN CRATON (INCLUDING GREENSTONE BELTS),Superior Province,,48.58,48.58,-86.28,-86.28,,,,PIC-129,THOLEIITE,2600000000.0,2700000000.0,PALEO,,,,,THOLEIITE,,,,,WR,48.16,0.67,,12.44,,,,10.81,13.02,9.24,0.19,,0.13,1.17,0.07,,,,,,,,,,,,,,,,,,,,,,,,,,,,,,,,,,,,,,,,,,,,,,220.4,965.362,,,64.5,337.0,173.0,42.0,13.25,,,,,1.1,172.53,16.6,45.8,2.3,,,,,,,,,,,,,26.3321,,22.9,,,,,,,,,,,,,,,,,,,,,,,2.3,,0.0,0.0,,,,,,,,,,,,,,,,,,,,,,,,,,
Superior Province,"IRON-RICH ALKALINE MAGMATISM IN THE ARCHEAN WAWA GREENSTONE BELTS (ONTARIO, CANADA)",PIC-42,THOLEIITE,48.58,-86.28,2600.0,ARCHEAN,2700.0,2600.0,2650.0,2700.0,0.000297895,"IRON-RICH ALKALINE MAGMATISM IN THE ARCHEAN WAWA GREENSTONE BELTS (ONTARIO, CANADA)",ARCHEAN CRATON (INCLUDING GREENSTONE BELTS),Superior Province,,48.58,48.58,-86.28,-86.28,,,,PIC-42,THOLEIITE,2600000000.0,2700000000.0,PALEO,,,,,THOLEIITE,,,,,WR,49.48,0.63,,11.13,,,,10.6,11.59,11.06,0.2,,0.12,1.72,0.06,,,,,,,,,,,,,,,,,,,,,,,,,,,,,,,,,,,,,,,,,,,,,,212.3,865.192,,,53.1,291.0,99.0,43.0,10.1,,,,,1.1,102.1,15.89,43.2,2.0,,,,,,,,,,,,0.0,15.5843,3.1,22.0,1.16,6.0,1.83,0.579,2.39,0.46,2.92,0.61,1.82,,1.87,0.288,1.3,0.12,,,,,,,,,1.1,,0.0,0.0,,,,,,,,,,,,,,,,,,,,,,,,,,
Superior Province,"IRON-RICH ALKALINE MAGMATISM IN THE ARCHEAN WAWA GREENSTONE BELTS (ONTARIO, CANADA)",PIC-206,basalt,48.58,-86.28,2600.0,ARCHEAN,2700.0,2600.0,2650.0,2700.0,7.17866e-05,"IRON-RICH ALKALINE MAGMATISM IN THE ARCHEAN WAWA GREENSTONE BELTS (ONTARIO, CANADA)",ARCHEAN CRATON (INCLUDING GREENSTONE BELTS),Superior Province,,48.58,48.58,-86.28,-86.28,,,,PIC-206,basalt,2600000000.0,2700000000.0,PALEO,,,,,basalt,,,,,WR,46.08,1.97,,9.15,,,,16.56,11.4,8.89,0.22,,0.49,2.27,0.12,,,,,,,,,,,,,,,,,,,,,,,,,,,,,,,,,,,,,,,,,,,,,,362.6,672.243,,,90.0,316.0,631.0,90.0,16.23,,,,,11.36,119.92,19.88,94.79,8.4,,,,,,,,,,,,1.2,106.851,10.2,22.0,3.89,17.6,4.72,1.6,5.12,0.82,4.49,0.85,2.28,,2.02,0.302,2.5,0.55,,,,,,,,,1.64,,0.0,0.0,,,,,,,,,,,,,,,,,,,,,,,,,,
Superior Province,"IRON-RICH ALKALINE MAGMATISM IN THE ARCHEAN WAWA GREENSTONE BELTS (ONTARIO, CANADA)",PIC-73,THOLEIITE,48.58,-86.28,2600.0,ARCHEAN,2700.0,2600.0,2650.0,2700.0,0.977961898,"IRON-RICH ALKALINE MAGMATISM IN THE ARCHEAN WAWA GREENSTONE BELTS (ONTARIO, CANADA)",ARCHEAN CRATON (INCLUDING GREENSTONE BELTS),Superior Province,,48.58,48.58,-86.28,-86.28,,,,PIC-73,THOLEIITE,2600000000.0,2700000000.0,PALEO,,,,,THOLEIITE,,,,,WR,48.65,0.85,,15.97,,,,10.72,12.0,6.01,0.18,,0.21,2.91,0.07,,,,,,,,,,,,,,,,,,,,,,,,,,,,,,,,,,,,,,,,,,,,,,270.2,349.84,,,44.5,154.0,191.0,59.0,15.1,,,,,0.0,132.6,17.0,46.5,2.2,,,,,,,,,,,,,26.6008,,25.5,,,,,,,,,,,,,,,,,,,,,,,2.7,,0.0,0.0,,,,,,,,,,,,,,,,,,,,,,,,,,
Superior Province,"IRON-RICH ALKALINE MAGMATISM IN THE ARCHEAN WAWA GREENSTONE BELTS (ONTARIO, CANADA)",PIC-58,THOLEIITE,48.58,-86.28,2600.0,ARCHEAN,2700.0,2600.0,2650.0,2700.0,0.966757715,"IRON-RICH ALKALINE MAGMATISM IN THE ARCHEAN WAWA GREENSTONE BELTS (ONTARIO, CANADA)",ARCHEAN CRATON (INCLUDING GREENSTONE BELTS),Superior Province,,48.58,48.58,-86.28,-86.28,,,,PIC-58,THOLEIITE,2600000000.0,2700000000.0,PALEO,,,,,THOLEIITE,,,,,WR,50.64,0.93,,13.07,,,,11.08,11.56,7.52,0.19,,0.17,1.74,0.1,,,,,,,,,,,,,,,,,,,,,,,,,,,,,,,,,,,,,,,,,,,,,,234.2,517.952,,,47.5,176.0,172.0,53.0,13.46,,,,,1.7,91.8,22.94,69.3,3.5,,,,,,,,,,,,,15.853,,20.0,,,,,,,,,,,,,,,,,,,,,,,3.2,,1.3,0.0,,,,,,,,,,,,,,,,,,,,,,,,,,
Superior Province,"IRON-RICH ALKALINE MAGMATISM IN THE ARCHEAN WAWA GREENSTONE BELTS (ONTARIO, CANADA)",PIC-95,THOLEIITE,48.58,-86.28,2600.0,ARCHEAN,2700.0,2600.0,2650.0,2700.0,0.956988275,"IRON-RICH ALKALINE MAGMATISM IN THE ARCHEAN WAWA GREENSTONE BELTS (ONTARIO, CANADA)",ARCHEAN CRATON (INCLUDING GREENSTONE BELTS),Superior Province,,48.58,48.58,-86.28,-86.28,,,,PIC-95,THOLEIITE,2600000000.0,2700000000.0,PALEO,,,,,THOLEIITE,,,,,WR,47.26,0.92,,12.66,,,,11.26,9.56,9.88,0.18,,0.14,2.17,0.1,,,,,,,,,,,,,,,,,,,,,,,,,,,,,,,,,,,,,,,,,,,,,,230.0,524.794,,,57.0,197.0,142.0,59.0,13.0,,,,,2.0,301.0,23.0,69.0,4.0,,,,,,,,,,,,,0.0,,0.0,,,,,,,,,,,,,,,,,,,,,,,3.0,,0.0,2.0,,,,,,,,,,,,,,,,,,,,,,,,,,
Superior Province,"IRON-RICH ALKALINE MAGMATISM IN THE ARCHEAN WAWA GREENSTONE BELTS (ONTARIO, CANADA)",PIC-55,THOLEIITE,48.58,-86.28,2600.0,ARCHEAN,2700.0,2600.0,2650.0,2700.0,0.987819195,"IRON-RICH ALKALINE MAGMATISM IN THE ARCHEAN WAWA GREENSTONE BELTS (ONTARIO, CANADA)",ARCHEAN CRATON (INCLUDING GREENSTONE BELTS),Superior Province,,48.58,48.58,-86.28,-86.28,,,,PIC-55,THOLEIITE,2600000000.0,2700000000.0,PALEO,,,,,THOLEIITE,,,,,WR,45.59,0.56,,10.05,,,,10.09,9.8,14.87,0.18,,0.05,1.25,0.06,,,,,,,,,,,,,,,,,,,,,,,,,,,,,,,,,,,,,,,,,,,,,,180.0,1417.01,,,70.0,496.0,131.0,37.0,9.0,,,,,0.0,69.0,13.0,38.0,2.0,,,,,,,,,,,,,0.0,,0.0,,,,,,,,,,,,,,,,,,,,,,,3.0,,0.0,0.0,,,,,,,,,,,,,,,,,,,,,,,,,,
Superior Province,"IRON-RICH ALKALINE MAGMATISM IN THE ARCHEAN WAWA GREENSTONE BELTS (ONTARIO, CANADA)",PIC-93,THOLEIITE,48.58,-86.28,2600.0,ARCHEAN,2700.0,2600.0,2650.0,2700.0,0.002734607,"IRON-RICH ALKALINE MAGMATISM IN THE ARCHEAN WAWA GREENSTONE BELTS (ONTARIO, CANADA)",ARCHEAN CRATON (INCLUDING GREENSTONE BELTS),Superior Province,,48.58,48.58,-86.28,-86.28,,,,PIC-93,THOLEIITE,2600000000.0,2700000000.0,PALEO,,,,,THOLEIITE,,,,,WR,47.15,0.89,,12.79,,,,12.1,9.13,11.62,0.2,,0.12,2.01,0.1,,,,,,,,,,,,,,,,,,,,,,,,,,,,,,,,,,,,,,,,,,,,,,234.0,656.164,,,65.0,255.0,37.0,75.0,13.0,,,,,0.0,91.0,22.0,64.0,3.0,,,,,,,,,,,,0.0,10.7478,4.2,0.0,1.64,8.38,2.6,0.864,3.33,0.62,3.93,0.82,2.45,,2.54,0.405,1.8,0.19,,,,,,,,,1.0,,0.0,2.0,,,,,,,,,,,,,,,,,,,,,,,,,,
Superior Province,"IRON-RICH ALKALINE MAGMATISM IN THE ARCHEAN WAWA GREENSTONE BELTS (ONTARIO, CANADA)",PIC-57,THOLEIITE,48.58,-86.28,2600.0,ARCHEAN,2700.0,2600.0,2650.0,2700.0,0.986948907,"IRON-RICH ALKALINE MAGMATISM IN THE ARCHEAN WAWA GREENSTONE BELTS (ONTARIO, CANADA)",ARCHEAN CRATON (INCLUDING GREENSTONE BELTS),Superior Province,,48.58,48.58,-86.28,-86.28,,,,PIC-57,THOLEIITE,2600000000.0,2700000000.0,PALEO,,,,,THOLEIITE,,,,,WR,49.76,0.9,,12.68,,,,10.55,13.41,8.04,0.19,,0.16,0.91,0.1,,,,,,,,,,,,,,,,,,,,,,,,,,,,,,,,,,,,,,,,,,,,,,237.5,501.805,,,39.5,155.0,22.0,52.0,12.9,,,,,2.8,114.1,21.9,66.3,3.45,,,,,,,,,,,,,29.8251,,17.6,,,,,,,,,,,,,,,,,,,,,,,1.6,,1.4,0.0,,,,,,,,,,,,,,,,,,,,,,,,,,
Superior Province,"IRON-RICH ALKALINE MAGMATISM IN THE ARCHEAN WAWA GREENSTONE BELTS (ONTARIO, CANADA)",PIC-85,THOLEIITE,48.58,-86.28,2600.0,ARCHEAN,2700.0,2600.0,2650.0,2700.0,6.12126e-05,"IRON-RICH ALKALINE MAGMATISM IN THE ARCHEAN WAWA GREENSTONE BELTS (ONTARIO, CANADA)",ARCHEAN CRATON (INCLUDING GREENSTONE BELTS),Superior Province,,48.58,48.58,-86.28,-86.28,,,,PIC-85,THOLEIITE,2600000000.0,2700000000.0,PALEO,,,,,THOLEIITE,,,,,WR,49.68,0.94,,13.44,,,,10.69,13.34,7.27,0.19,,0.11,0.86,0.1,,,,,,,,,,,,,,,,,,,,,,,,,,,,,,,,,,,,,,,,,,,,,,240.7,434.341,,,38.0,133.0,60.0,51.0,14.7,,,,,1.2,128.7,23.8,71.2,3.33,,,,,,,,,,,,0.0,0.0,4.71,19.0,1.85,9.42,2.92,1.08,3.75,0.71,4.49,0.96,2.83,,2.83,0.455,2.1,0.21,,,,,,,,,3.0,,0.0,0.0,,,,,,,,,,,,,,,,,,,,,,,,,,
Superior Province,"IRON-RICH ALKALINE MAGMATISM IN THE ARCHEAN WAWA GREENSTONE BELTS (ONTARIO, CANADA)",PIC-86,THOLEIITE,48.58,-86.28,2600.0,ARCHEAN,2700.0,2600.0,2650.0,2700.0,0.66669625,"IRON-RICH ALKALINE MAGMATISM IN THE ARCHEAN WAWA GREENSTONE BELTS (ONTARIO, CANADA)",ARCHEAN CRATON (INCLUDING GREENSTONE BELTS),Superior Province,,48.58,48.58,-86.28,-86.28,,,,PIC-86,THOLEIITE,2600000000.0,2700000000.0,PALEO,,,,,THOLEIITE,,,,,WR,48.09,0.98,,13.35,,,,12.18,11.07,8.64,0.21,,0.14,1.56,0.1,,,,,,,,,,,,,,,,,,,,,,,,,,,,,,,,,,,,,,,,,,,,,,254.7,464.72,,,43.0,149.0,18.0,75.0,13.0,,,,,1.2,105.7,24.0,74.5,3.44,,,,,,,,,,,,,0.0,,27.0,,,,,,,,,,,,,,,,,,,,,,,1.7,,0.0,0.0,,,,,,,,,,,,,,,,,,,,,,,,,,
Superior Province,"IRON-RICH ALKALINE MAGMATISM IN THE ARCHEAN WAWA GREENSTONE BELTS (ONTARIO, CANADA)",PIC-41,THOLEIITE,48.58,-86.28,2600.0,ARCHEAN,2700.0,2600.0,2650.0,2700.0,0.091603749,"IRON-RICH ALKALINE MAGMATISM IN THE ARCHEAN WAWA GREENSTONE BELTS (ONTARIO, CANADA)",ARCHEAN CRATON (INCLUDING GREENSTONE BELTS),Superior Province,,48.58,48.58,-86.28,-86.28,,,,PIC-41,THOLEIITE,2600000000.0,2700000000.0,PALEO,,,,,THOLEIITE,,,,,WR,48.35,0.67,,12.11,,,,11.03,11.04,10.91,0.2,,0.14,1.91,0.07,,,,,,,,,,,,,,,,,,,,,,,,,,,,,,,,,,,,,,,,,,,,,,231.0,909.324,,,64.0,307.0,160.0,45.0,12.0,,,,,2.0,114.0,17.0,46.0,2.0,,,,,,,,,,,,0.0,0.0,3.5,0.0,1.26,6.17,1.95,0.843,2.53,0.47,2.99,0.65,1.9,,1.87,0.297,1.4,0.12,,,,,,,,,3.0,,1.0,1.0,,,,,,,,,,,,,,,,,,,,,,,,,,
Superior Province,"IRON-RICH ALKALINE MAGMATISM IN THE ARCHEAN WAWA GREENSTONE BELTS (ONTARIO, CANADA)",PIC-74,THOLEIITE,48.58,-86.28,2600.0,ARCHEAN,2700.0,2600.0,2650.0,2700.0,0.031667452,"IRON-RICH ALKALINE MAGMATISM IN THE ARCHEAN WAWA GREENSTONE BELTS (ONTARIO, CANADA)",ARCHEAN CRATON (INCLUDING GREENSTONE BELTS),Superior Province,,48.58,48.58,-86.28,-86.28,,,,PIC-74,THOLEIITE,2600000000.0,2700000000.0,PALEO,,,,,THOLEIITE,,,,,WR,49.01,0.86,,16.0,,,,10.67,11.29,6.28,0.18,,0.22,3.11,0.07,,,,,,,,,,,,,,,,,,,,,,,,,,,,,,,,,,,,,,,,,,,,,,274.1,350.319,,,41.7,156.0,184.0,54.0,14.9,,,,,1.2,171.9,17.1,46.43,2.4,,,,,,,,,,,,0.0,36.3634,2.95,18.8,1.17,6.1,1.96,0.715,2.57,0.48,3.13,0.66,1.95,,1.93,0.305,1.2,0.15,,,,,,,,,3.7,,0.0,0.0,,,,,,,,,,,,,,,,,,,,,,,,,,
Superior Province,"IRON-RICH ALKALINE MAGMATISM IN THE ARCHEAN WAWA GREENSTONE BELTS (ONTARIO, CANADA)",PIC-77,THOLEIITE,48.58,-86.28,2600.0,ARCHEAN,2700.0,2600.0,2650.0,2700.0,0.962731719,"IRON-RICH ALKALINE MAGMATISM IN THE ARCHEAN WAWA GREENSTONE BELTS (ONTARIO, CANADA)",ARCHEAN CRATON (INCLUDING GREENSTONE BELTS),Superior Province,,48.58,48.58,-86.28,-86.28,,,,PIC-77,THOLEIITE,2600000000.0,2700000000.0,PALEO,,,,,THOLEIITE,,,,,WR,48.16,0.83,,15.4,,,,10.8,13.81,6.19,0.18,,0.13,1.28,0.07,,,,,,,,,,,,,,,,,,,,,,,,,,,,,,,,,,,,,,,,,,,,,,257.0,331.777,,,42.4,143.0,184.0,54.0,15.1,,,,,0.0,126.7,16.5,44.8,2.4,,,,,,,,,,,,,0.0,,15.5,,,,,,,,,,,,,,,,,,,,,,,2.0,,0.0,0.0,,,,,,,,,,,,,,,,,,,,,,,,,,
Superior Province,"IRON-RICH ALKALINE MAGMATISM IN THE ARCHEAN WAWA GREENSTONE BELTS (ONTARIO, CANADA)",PIC-75,THOLEIITE,48.58,-86.28,2600.0,ARCHEAN,2700.0,2600.0,2650.0,2700.0,0.001015566,"IRON-RICH ALKALINE MAGMATISM IN THE ARCHEAN WAWA GREENSTONE BELTS (ONTARIO, CANADA)",ARCHEAN CRATON (INCLUDING GREENSTONE BELTS),Superior Province,,48.58,48.58,-86.28,-86.28,,,,PIC-75,THOLEIITE,2600000000.0,2700000000.0,PALEO,,,,,THOLEIITE,,,,,WR,48.58,0.9,,14.89,,,,11.31,11.72,7.33,0.2,,0.17,2.24,0.07,,,,,,,,,,,,,,,,,,,,,,,,,,,,,,,,,,,,,,,,,,,,,,284.9,305.366,,,38.4,123.0,217.0,62.0,14.6,,,,,0.0,98.4,17.91,49.4,2.5,,,,,,,,,,,,0.0,22.033,3.18,15.2,1.26,6.61,2.12,0.759,2.73,0.5,3.28,0.69,2.05,,2.12,0.34,1.4,0.15,,,,,,,,,1.7,,0.0,0.0,,,,,,,,,,,,,,,,,,,,,,,,,,
Superior Province,"IRON-RICH ALKALINE MAGMATISM IN THE ARCHEAN WAWA GREENSTONE BELTS (ONTARIO, CANADA)",PIC-211,basalt,48.58,-86.28,2600.0,ARCHEAN,2700.0,2600.0,2650.0,2700.0,0.00035581,"IRON-RICH ALKALINE MAGMATISM IN THE ARCHEAN WAWA GREENSTONE BELTS (ONTARIO, CANADA)",ARCHEAN CRATON (INCLUDING GREENSTONE BELTS),Superior Province,,48.58,48.58,-86.28,-86.28,,,,PIC-211,basalt,2600000000.0,2700000000.0,PALEO,,,,,basalt,,,,,WR,47.9,2.28,,12.65,,,,15.79,8.69,6.54,0.23,,0.32,3.77,0.16,,,,,,,,,,,,,,,,,,,,,,,,,,,,,,,,,,,,,,,,,,,,,,377.2,71.5007,,,77.0,142.0,473.0,91.0,20.6,,,,,5.06,213.61,22.05,120.46,11.4,,,,,,,,,,,,0.4,129.242,12.6,24.0,4.75,20.2,5.26,1.91,5.52,0.92,5.1,0.96,2.53,,2.18,0.338,3.2,0.73,,,,,,,,,2.88,,1.12,0.0,,,,,,,,,,,,,,,,,,,,,,,,,,
Superior Province,"KOMATIITE FLOODING OF A RIFTED ARCHEAN RHYOLITIC ARC COMPLEX: GEOCHEMICAL SIGNATURE AND TECTONIC SIGNIFICANCE OF THE STOUGHTON-ROQUEMAURE GROUP, ABITIBI GREENSTONE BELT, CANADA",WP-94-13,BASALT,48.5,-79.2,2500.0,ARCHEAN,3850.0,2720.0,2725.0,2730.0,0.645651042,"KOMATIITE FLOODING OF A RIFTED ARCHEAN RHYOLITIC ARC COMPLEX: GEOCHEMICAL SIGNATURE AND TECTONIC SIGNIFICANCE OF THE STOUGHTON-ROQUEMAURE GROUP, ABITIBI GREENSTONE BELT, CANADA",ARCHEAN CRATON (INCLUDING GREENSTONE BELTS),Superior Province,,48.5,48.5,-79.2,-79.2,,,,WP-94-13,BASALT,2500000000.0,3850000000.0,PALEO,,,,,BASALT,,,,,WR,46.24,0.88,,14.79,,,,11.65,12.67,7.36,0.2,,,1.37,0.06,,,,,,,,,,,,,,,,,,,,,,,,,,,,,,,,,,,,,,,,,,,,,,244.0,249.0,,,,168.0,,92.0,,,,,,,169.0,17.0,53.0,2.7,,,,,,,,,,,,,40.0,2.8,7.63,1.2,6.37,1.98,0.7,2.78,0.45,3.2,0.71,2.11,,1.98,0.32,1.45,,,,,,,,,,,,0.21,,,,,,,,,,,,,,,,,,,,,,,,,,,
Superior Province,"KOMATIITE FLOODING OF A RIFTED ARCHEAN RHYOLITIC ARC COMPLEX: GEOCHEMICAL SIGNATURE AND TECTONIC SIGNIFICANCE OF THE STOUGHTON-ROQUEMAURE GROUP, ABITIBI GREENSTONE BELT, CANADA",WP-94-06,BASALT,48.5,-79.2,2500.0,ARCHEAN,3850.0,2720.0,2725.0,2730.0,0.101722918,"KOMATIITE FLOODING OF A RIFTED ARCHEAN RHYOLITIC ARC COMPLEX: GEOCHEMICAL SIGNATURE AND TECTONIC SIGNIFICANCE OF THE STOUGHTON-ROQUEMAURE GROUP, ABITIBI GREENSTONE BELT, CANADA",ARCHEAN CRATON (INCLUDING GREENSTONE BELTS),Superior Province,,48.5,48.5,-79.2,-79.2,,,,WP-94-06,BASALT,2500000000.0,3850000000.0,PALEO,,,,,BASALT,,,,,WR,47.45,0.92,,15.06,,,,12.48,8.73,8.21,0.23,,0.03,3.29,0.06,,,,,,,,,,,,,,,,,,,,,,,,,,,,,,,,,,,,,,,,,,,,,,264.0,263.0,,,,176.0,,107.0,,,,,,,170.0,18.0,56.0,2.8,,,,,,,,,,,,,79.0,2.77,7.47,1.17,5.9,2.03,0.76,2.68,0.47,3.28,0.73,2.09,,2.12,0.33,1.51,,,,,,,,,,,,0.2,,,,,,,,,,,,,,,,,,,,,,,,,,,
Superior Province,"KOMATIITE FLOODING OF A RIFTED ARCHEAN RHYOLITIC ARC COMPLEX: GEOCHEMICAL SIGNATURE AND TECTONIC SIGNIFICANCE OF THE STOUGHTON-ROQUEMAURE GROUP, ABITIBI GREENSTONE BELT, CANADA",ROQ95-7,BASALT,48.2,-80.0,2500.0,ARCHEAN,3850.0,2713.0,2716.5,2720.0,0.665900767,"KOMATIITE FLOODING OF A RIFTED ARCHEAN RHYOLITIC ARC COMPLEX: GEOCHEMICAL SIGNATURE AND TECTONIC SIGNIFICANCE OF THE STOUGHTON-ROQUEMAURE GROUP, ABITIBI GREENSTONE BELT, CANADA",ARCHEAN CRATON (INCLUDING GREENSTONE BELTS),Superior Province,,48.2,48.2,-80.0,-80.0,,,,ROQ95-7,BASALT,2500000000.0,3850000000.0,PALEO,,,,,BASALT,,,,,WR,48.24,0.8,,8.76,,,,11.24,8.61,15.73,0.18,,0.01,1.44,0.06,,,,,,,,,,,,,,,,,,,,,,,,,,,,,,,,,,,,,,,,,,,,,,210.0,1531.0,,,,556.0,,93.0,,,,,,3.0,48.0,12.0,52.0,2.8,,,,,,,,,,,,,1.0,3.32,8.56,1.25,7.22,2.08,0.64,2.37,0.37,2.48,0.47,1.36,,1.11,0.2,1.43,,,,,,,,,,,,0.25,,,,,,,,,,,,,,,,,,,,,,,,,,,
Superior Province,"KOMATIITE FLOODING OF A RIFTED ARCHEAN RHYOLITIC ARC COMPLEX: GEOCHEMICAL SIGNATURE AND TECTONIC SIGNIFICANCE OF THE STOUGHTON-ROQUEMAURE GROUP, ABITIBI GREENSTONE BELT, CANADA",WP-94-27,BASALT,48.5,-79.2,2500.0,ARCHEAN,3850.0,2720.0,2725.0,2730.0,0.646181107,"KOMATIITE FLOODING OF A RIFTED ARCHEAN RHYOLITIC ARC COMPLEX: GEOCHEMICAL SIGNATURE AND TECTONIC SIGNIFICANCE OF THE STOUGHTON-ROQUEMAURE GROUP, ABITIBI GREENSTONE BELT, CANADA",ARCHEAN CRATON (INCLUDING GREENSTONE BELTS),Superior Province,,48.5,48.5,-79.2,-79.2,,,,WP-94-27,BASALT,2500000000.0,3850000000.0,PALEO,,,,,BASALT,,,,,WR,49.88,0.62,,13.73,,,,10.96,8.57,9.28,0.19,,,3.54,0.04,,,,,,,,,,,,,,,,,,,,,,,,,,,,,,,,,,,,,,,,,,,,,,210.0,356.0,,,,168.0,,81.0,,,,,,,49.0,13.0,44.0,1.9,,,,,,,,,,,,,37.0,1.92,5.38,0.78,3.85,1.17,0.46,1.72,0.32,2.24,0.47,1.38,,1.43,0.23,1.08,,,,,,,,,,,,0.22,,,,,,,,,,,,,,,,,,,,,,,,,,,
Superior Province,"KOMATIITE FLOODING OF A RIFTED ARCHEAN RHYOLITIC ARC COMPLEX: GEOCHEMICAL SIGNATURE AND TECTONIC SIGNIFICANCE OF THE STOUGHTON-ROQUEMAURE GROUP, ABITIBI GREENSTONE BELT, CANADA",WP-94-26,BASALT,48.5,-79.2,2500.0,ARCHEAN,3850.0,2720.0,2725.0,2730.0,0.16033563,"KOMATIITE FLOODING OF A RIFTED ARCHEAN RHYOLITIC ARC COMPLEX: GEOCHEMICAL SIGNATURE AND TECTONIC SIGNIFICANCE OF THE STOUGHTON-ROQUEMAURE GROUP, ABITIBI GREENSTONE BELT, CANADA",ARCHEAN CRATON (INCLUDING GREENSTONE BELTS),Superior Province,,48.5,48.5,-79.2,-79.2,,,,WP-94-26,BASALT,2500000000.0,3850000000.0,PALEO,,,,,BASALT,,,,,WR,47.18,0.9,,15.09,,,,11.37,11.68,6.92,0.2,,0.03,2.47,0.05,,,,,,,,,,,,,,,,,,,,,,,,,,,,,,,,,,,,,,,,,,,,,,263.0,267.0,,,,177.0,,90.0,,,,,,,227.0,18.0,59.0,2.8,,,,,,,,,,,,,40.0,2.82,7.44,1.14,4.79,1.42,0.8,2.62,0.46,3.11,0.7,2.11,,2.17,0.32,1.44,,,,,,,,,,,,0.24,,,,,,,,,,,,,,,,,,,,,,,,,,,
Superior Province,"KOMATIITE FLOODING OF A RIFTED ARCHEAN RHYOLITIC ARC COMPLEX: GEOCHEMICAL SIGNATURE AND TECTONIC SIGNIFICANCE OF THE STOUGHTON-ROQUEMAURE GROUP, ABITIBI GREENSTONE BELT, CANADA",ROQ95-11,BASALT,48.2,-80.0,2500.0,ARCHEAN,3850.0,2713.0,2716.5,2720.0,0.524608493,"KOMATIITE FLOODING OF A RIFTED ARCHEAN RHYOLITIC ARC COMPLEX: GEOCHEMICAL SIGNATURE AND TECTONIC SIGNIFICANCE OF THE STOUGHTON-ROQUEMAURE GROUP, ABITIBI GREENSTONE BELT, CANADA",ARCHEAN CRATON (INCLUDING GREENSTONE BELTS),Superior Province,,48.2,48.2,-80.0,-80.0,,,,ROQ95-11,BASALT,2500000000.0,3850000000.0,PALEO,,,,,BASALT,,,,,WR,48.22,0.86,,9.3,,,,11.41,9.13,14.61,0.17,,0.05,1.84,0.06,,,,,,,,,,,,,,,,,,,,,,,,,,,,,,,,,,,,,,,,,,,,,,222.0,1506.0,,,,580.0,,128.0,,,,,,4.0,51.0,13.0,56.0,3.1,,,,,,,,,,,,,38.0,2.62,7.69,1.2,6.43,2.05,0.67,2.45,0.4,2.56,0.5,1.39,,1.36,0.21,1.37,,,,,,,,,,,,0.21,,,,,,,,,,,,,,,,,,,,,,,,,,,
Superior Province,"KOMATIITE FLOODING OF A RIFTED ARCHEAN RHYOLITIC ARC COMPLEX: GEOCHEMICAL SIGNATURE AND TECTONIC SIGNIFICANCE OF THE STOUGHTON-ROQUEMAURE GROUP, ABITIBI GREENSTONE BELT, CANADA",WP-94-12,BASALT,48.5,-79.2,2500.0,ARCHEAN,3850.0,2720.0,2725.0,2730.0,0.509508431,"KOMATIITE FLOODING OF A RIFTED ARCHEAN RHYOLITIC ARC COMPLEX: GEOCHEMICAL SIGNATURE AND TECTONIC SIGNIFICANCE OF THE STOUGHTON-ROQUEMAURE GROUP, ABITIBI GREENSTONE BELT, CANADA",ARCHEAN CRATON (INCLUDING GREENSTONE BELTS),Superior Province,,48.5,48.5,-79.2,-79.2,,,,WP-94-12,BASALT,2500000000.0,3850000000.0,PALEO,,,,,BASALT,,,,,WR,48.35,0.88,,14.62,,,,11.5,10.51,7.31,0.21,,0.07,2.64,0.06,,,,,,,,,,,,,,,,,,,,,,,,,,,,,,,,,,,,,,,,,,,,,,242.0,238.0,,,,158.0,,95.0,,,,,,,180.0,17.0,53.0,2.4,,,,,,,,,,,,,67.0,2.55,6.99,1.09,5.36,1.69,0.64,2.61,0.44,2.82,0.69,2.0,,1.93,0.28,1.22,,,,,,,,,,,,0.2,,,,,,,,,,,,,,,,,,,,,,,,,,,
Superior Province,"KOMATIITE FLOODING OF A RIFTED ARCHEAN RHYOLITIC ARC COMPLEX: GEOCHEMICAL SIGNATURE AND TECTONIC SIGNIFICANCE OF THE STOUGHTON-ROQUEMAURE GROUP, ABITIBI GREENSTONE BELT, CANADA",WP-94-5,BASALT,48.5,-79.2,2500.0,ARCHEAN,3850.0,2720.0,2725.0,2730.0,0.980624378,"KOMATIITE FLOODING OF A RIFTED ARCHEAN RHYOLITIC ARC COMPLEX: GEOCHEMICAL SIGNATURE AND TECTONIC SIGNIFICANCE OF THE STOUGHTON-ROQUEMAURE GROUP, ABITIBI GREENSTONE BELT, CANADA",ARCHEAN CRATON (INCLUDING GREENSTONE BELTS),Superior Province,,48.5,48.5,-79.2,-79.2,,,,WP-94-5,BASALT,2500000000.0,3850000000.0,PALEO,,,,,BASALT,,,,,WR,47.27,0.66,,14.87,,,,10.55,8.94,9.41,0.2,,0.4,1.96,0.04,,,,,,,,,,,,,,,,,,,,,,,,,,,,,,,,,,,,,,,,,,,,,,239.0,358.0,,,,152.0,,77.0,,,,,,9.0,323.0,13.0,38.0,1.8,,,,,,,,,,,,,200.0,1.74,5.0,0.79,3.95,1.45,0.46,2.01,0.34,2.36,0.51,1.58,,1.55,0.23,1.04,,,,,,,,,,,,0.13,,,,,,,,,,,,,,,,,,,,,,,,,,,
Superior Province,"KOMATIITE FLOODING OF A RIFTED ARCHEAN RHYOLITIC ARC COMPLEX: GEOCHEMICAL SIGNATURE AND TECTONIC SIGNIFICANCE OF THE STOUGHTON-ROQUEMAURE GROUP, ABITIBI GREENSTONE BELT, CANADA",ROQ95-10,BASALT,48.2,-80.0,2500.0,ARCHEAN,3850.0,2713.0,2716.5,2720.0,0.522377372,"KOMATIITE FLOODING OF A RIFTED ARCHEAN RHYOLITIC ARC COMPLEX: GEOCHEMICAL SIGNATURE AND TECTONIC SIGNIFICANCE OF THE STOUGHTON-ROQUEMAURE GROUP, ABITIBI GREENSTONE BELT, CANADA",ARCHEAN CRATON (INCLUDING GREENSTONE BELTS),Superior Province,,48.2,48.2,-80.0,-80.0,,,,ROQ95-10,BASALT,2500000000.0,3850000000.0,PALEO,,,,,BASALT,,,,,WR,47.13,0.83,,9.26,,,,11.42,9.34,15.71,0.19,,0.02,1.12,0.05,,,,,,,,,,,,,,,,,,,,,,,,,,,,,,,,,,,,,,,,,,,,,,209.0,1687.0,,,,624.0,,93.0,,,,,,2.0,50.0,12.0,53.0,3.0,,,,,,,,,,,,,36.0,2.8,7.94,1.2,6.32,2.02,0.76,2.52,0.41,2.5,0.5,1.37,,1.25,0.2,1.41,,,,,,,,,,,,0.28,,,,,,,,,,,,,,,,,,,,,,,,,,,
Superior Province,KOMATIITE-BASALT-RHYOLITE VOLCANIC ASSOCIATIONS IN NORTHERN SUPERIOR PROVINCE GREENSTONE BELTS; SIGNIFICANCE OF PLUME-ARC INTERACTION IN THE GENERATION OF THE PROTO CONTINENTAL SUPERIOR PROVINCE,NDC87-06A,BASALT,51.0,-93.5,2500.0,ARCHEAN,3850.0,2900.0,2950.0,3000.0,0.03615585,KOMATIITE-BASALT-RHYOLITE VOLCANIC ASSOCIATIONS IN NORTHERN SUPERIOR PROVINCE GREENSTONE BELTS; SIGNIFICANCE OF PLUME-ARC INTERACTION IN THE GENERATION OF THE PROTO CONTINENTAL SUPERIOR PROVINCE,ARCHEAN CRATON (INCLUDING GREENSTONE BELTS),Superior Province,,51.0,51.0,-93.5,-93.5,,,,NDC87-06A,BASALT,2500000000.0,3850000000.0,PALEO,,,,,BASALT,,,,,WR,50.82,0.35,,10.49,,,,11.38,11.21,13.06,0.25,,0.31,0.81,0.04,,,,,,,,,,,,,,,,,,,,,,,,,,,,,,,,,,,,,,,,,,,,30.0,,190.0,1304.0,,,80.0,395.0,,,,,,,,,,8.86,29.2,1.68,,,,,,,,,,,,,,2.45,5.58,0.69,3.07,0.89,0.29,1.32,0.23,1.59,0.36,1.04,,1.06,0.17,0.83,0.1,,,,,,,,,,,0.54,0.14,,,,,,,,,,,,,,,,,,,,,,,,,,
Superior Province,KOMATIITE-BASALT-RHYOLITE VOLCANIC ASSOCIATIONS IN NORTHERN SUPERIOR PROVINCE GREENSTONE BELTS; SIGNIFICANCE OF PLUME-ARC INTERACTION IN THE GENERATION OF THE PROTO CONTINENTAL SUPERIOR PROVINCE,AB94-147B,BASALT,51.0,-93.5,2500.0,ARCHEAN,3850.0,2900.0,2950.0,3000.0,0.182151124,KOMATIITE-BASALT-RHYOLITE VOLCANIC ASSOCIATIONS IN NORTHERN SUPERIOR PROVINCE GREENSTONE BELTS; SIGNIFICANCE OF PLUME-ARC INTERACTION IN THE GENERATION OF THE PROTO CONTINENTAL SUPERIOR PROVINCE,ARCHEAN CRATON (INCLUDING GREENSTONE BELTS),Superior Province,,51.0,51.0,-93.5,-93.5,,,,AB94-147B,BASALT,2500000000.0,3850000000.0,PALEO,,,,,BASALT,,,,,WR,46.86,0.31,,9.22,,,,12.54,10.12,15.87,0.23,,1.91,1.52,0.02,,,,,,,,,,,,,,,,,,,,,,,,,,,,,,,,,,,,,,,,,,,,56.0,,237.0,1480.0,,,74.0,326.0,,,,,,,,,,8.2,14.6,0.53,,,,,,,,,,,,,,0.83,1.91,0.3,1.6,0.62,0.27,0.91,0.17,1.26,0.29,0.86,,0.9,0.14,0.43,0.04,,,,,,,,,,,0.11,0.03,,,,,,,,,,,,,,,,,,,,,,,,,,
Superior Province,KOMATIITE-BASALT-RHYOLITE VOLCANIC ASSOCIATIONS IN NORTHERN SUPERIOR PROVINCE GREENSTONE BELTS; SIGNIFICANCE OF PLUME-ARC INTERACTION IN THE GENERATION OF THE PROTO CONTINENTAL SUPERIOR PROVINCE,RC96-6,THOLEIITE,51.0,-95.0,2500.0,ARCHEAN,3850.0,2900.0,2950.0,3000.0,0.007874996,KOMATIITE-BASALT-RHYOLITE VOLCANIC ASSOCIATIONS IN NORTHERN SUPERIOR PROVINCE GREENSTONE BELTS; SIGNIFICANCE OF PLUME-ARC INTERACTION IN THE GENERATION OF THE PROTO CONTINENTAL SUPERIOR PROVINCE,ARCHEAN CRATON (INCLUDING GREENSTONE BELTS),Superior Province,,51.0,51.0,-95.0,-95.0,,,,RC96-6,THOLEIITE,2500000000.0,3850000000.0,PALEO,,,,,THOLEIITE,,,,,WR,52.5,0.75,,16.53,,,,10.14,11.81,3.83,0.25,,0.16,2.86,0.04,,,,,,,,,,,,,,,,,,,,,,,,,,,,,,,,,,,,,,,,,,,,54.0,,367.0,333.0,,,45.0,155.0,,,,,,,,,,17.46,40.5,1.87,,,,,,,,,,,,,,2.17,6.02,0.95,5.0,1.65,0.67,2.5,0.44,3.12,0.68,2.04,,1.94,0.31,1.2,0.13,,,,,,,,,,,0.24,0.06,,,,,,,,,,,,,,,,,,,,,,,,,,
Superior Province,KOMATIITE-BASALT-RHYOLITE VOLCANIC ASSOCIATIONS IN NORTHERN SUPERIOR PROVINCE GREENSTONE BELTS; SIGNIFICANCE OF PLUME-ARC INTERACTION IN THE GENERATION OF THE PROTO CONTINENTAL SUPERIOR PROVINCE,MU95-17,BASALT,59.42,-97.75,2500.0,ARCHEAN,3850.0,2900.0,2950.0,3000.0,0.002181689,KOMATIITE-BASALT-RHYOLITE VOLCANIC ASSOCIATIONS IN NORTHERN SUPERIOR PROVINCE GREENSTONE BELTS; SIGNIFICANCE OF PLUME-ARC INTERACTION IN THE GENERATION OF THE PROTO CONTINENTAL SUPERIOR PROVINCE,ARCHEAN CRATON (INCLUDING GREENSTONE BELTS),Superior Province,,59.42,59.42,-97.75,-97.75,,,,MU95-17,BASALT,2500000000.0,3850000000.0,PALEO,,,,,BASALT,,,,,WR,50.72,0.78,,16.05,,,,11.18,8.33,7.53,0.21,,0.37,3.53,0.06,,,,,,,,,,,,,,,,,,,,,,,,,,,,,,,,,,,,,,,,,,,,43.0,,282.0,418.0,,,65.0,152.0,,,,,,,,,,16.98,42.4,2.54,,,,,,,,,,,,,,2.55,6.91,1.05,5.23,2.01,0.7,2.64,0.48,3.12,0.7,1.99,,1.95,0.28,1.29,0.23,,,,,,,,,,,0.3,0.06,,,,,,,,,,,,,,,,,,,,,,,,,,
Superior Province,KOMATIITE-BASALT-RHYOLITE VOLCANIC ASSOCIATIONS IN NORTHERN SUPERIOR PROVINCE GREENSTONE BELTS; SIGNIFICANCE OF PLUME-ARC INTERACTION IN THE GENERATION OF THE PROTO CONTINENTAL SUPERIOR PROVINCE,MU95-20,BASALT,59.42,-97.75,2500.0,ARCHEAN,3850.0,2900.0,2950.0,3000.0,0.001205996,KOMATIITE-BASALT-RHYOLITE VOLCANIC ASSOCIATIONS IN NORTHERN SUPERIOR PROVINCE GREENSTONE BELTS; SIGNIFICANCE OF PLUME-ARC INTERACTION IN THE GENERATION OF THE PROTO CONTINENTAL SUPERIOR PROVINCE,ARCHEAN CRATON (INCLUDING GREENSTONE BELTS),Superior Province,,59.42,59.42,-97.75,-97.75,,,,MU95-20,BASALT,2500000000.0,3850000000.0,PALEO,,,,,BASALT,,,,,WR,49.34,0.9,,16.0,,,,12.28,8.65,7.33,0.21,,0.26,3.6,0.07,,,,,,,,,,,,,,,,,,,,,,,,,,,,,,,,,,,,,,,,,,,,47.0,,313.0,248.0,,,65.0,136.0,,,,,,,,,,19.96,54.4,3.09,,,,,,,,,,,,,,3.11,8.72,1.32,6.64,2.12,0.71,3.11,0.53,3.41,0.79,2.22,,2.22,0.31,1.63,0.18,,,,,,,,,,,0.39,0.08,,,,,,,,,,,,,,,,,,,,,,,,,,
Superior Province,KOMATIITE-BASALT-RHYOLITE VOLCANIC ASSOCIATIONS IN NORTHERN SUPERIOR PROVINCE GREENSTONE BELTS; SIGNIFICANCE OF PLUME-ARC INTERACTION IN THE GENERATION OF THE PROTO CONTINENTAL SUPERIOR PROVINCE,RL95-40,BASALT,51.0,-93.5,2500.0,ARCHEAN,3850.0,2900.0,2950.0,3000.0,0.165067494,KOMATIITE-BASALT-RHYOLITE VOLCANIC ASSOCIATIONS IN NORTHERN SUPERIOR PROVINCE GREENSTONE BELTS; SIGNIFICANCE OF PLUME-ARC INTERACTION IN THE GENERATION OF THE PROTO CONTINENTAL SUPERIOR PROVINCE,ARCHEAN CRATON (INCLUDING GREENSTONE BELTS),Superior Province,,51.0,51.0,-93.5,-93.5,,,,RL95-40,BASALT,2500000000.0,3850000000.0,PALEO,,,,,BASALT,,,,,WR,49.84,0.32,,9.29,,,,11.67,9.87,16.61,0.21,,0.09,0.78,0.02,,,,,,,,,,,,,,,,,,,,,,,,,,,,,,,,,,,,,,,,,,,,46.0,,219.0,2193.0,,,90.0,524.0,,,,,,,,,,8.04,13.1,0.43,,,,,,,,,,,,,,0.63,1.71,0.28,1.37,0.64,0.26,0.94,0.18,1.23,0.3,0.83,,0.81,0.13,0.42,0.04,,,,,,,,,,,0.1,0.02,,,,,,,,,,,,,,,,,,,,,,,,,,
Superior Province,KOMATIITE-BASALT-RHYOLITE VOLCANIC ASSOCIATIONS IN NORTHERN SUPERIOR PROVINCE GREENSTONE BELTS; SIGNIFICANCE OF PLUME-ARC INTERACTION IN THE GENERATION OF THE PROTO CONTINENTAL SUPERIOR PROVINCE,L41,THOLEIITE,48.0,-90.0,2500.0,ARCHEAN,3850.0,2900.0,2950.0,3000.0,0.004682914,KOMATIITE-BASALT-RHYOLITE VOLCANIC ASSOCIATIONS IN NORTHERN SUPERIOR PROVINCE GREENSTONE BELTS; SIGNIFICANCE OF PLUME-ARC INTERACTION IN THE GENERATION OF THE PROTO CONTINENTAL SUPERIOR PROVINCE,ARCHEAN CRATON (INCLUDING GREENSTONE BELTS),Superior Province,,48.0,48.0,-90.0,-90.0,,,,L41,THOLEIITE,2500000000.0,3850000000.0,PALEO,,,,,THOLEIITE,,,,,WR,48.65,1.16,,14.71,,,,14.44,10.9,6.37,0.23,,0.14,1.72,0.08,,,,,,,,,,,,,,,,,,,,,,,,,,,,,,,,,,,,,,,,,,,,78.0,,409.0,292.0,,,57.0,73.0,,,,,,,,,,25.76,68.9,4.25,,,,,,,,,,,,,,4.33,11.58,1.6,8.77,2.85,1.01,3.7,0.64,4.26,0.97,2.86,,2.8,0.4,1.81,0.25,,,,,,,,,,,0.52,0.11,,,,,,,,,,,,,,,,,,,,,,,,,,
Superior Province,KOMATIITE-BASALT-RHYOLITE VOLCANIC ASSOCIATIONS IN NORTHERN SUPERIOR PROVINCE GREENSTONE BELTS; SIGNIFICANCE OF PLUME-ARC INTERACTION IN THE GENERATION OF THE PROTO CONTINENTAL SUPERIOR PROVINCE,L43,THOLEIITE,48.0,-90.0,2500.0,ARCHEAN,3850.0,2900.0,2950.0,3000.0,0.001370143,KOMATIITE-BASALT-RHYOLITE VOLCANIC ASSOCIATIONS IN NORTHERN SUPERIOR PROVINCE GREENSTONE BELTS; SIGNIFICANCE OF PLUME-ARC INTERACTION IN THE GENERATION OF THE PROTO CONTINENTAL SUPERIOR PROVINCE,ARCHEAN CRATON (INCLUDING GREENSTONE BELTS),Superior Province,,48.0,48.0,-90.0,-90.0,,,,L43,THOLEIITE,2500000000.0,3850000000.0,PALEO,,,,,THOLEIITE,,,,,WR,49.56,1.05,,15.22,,,,12.21,9.22,7.65,0.21,,0.02,3.42,0.07,,,,,,,,,,,,,,,,,,,,,,,,,,,,,,,,,,,,,,,,,,,,41.0,,286.0,421.0,,,51.0,119.0,,,,,,,,,,23.82,46.5,3.29,,,,,,,,,,,,,,2.95,8.4,1.28,6.34,2.21,0.85,2.95,0.51,3.53,0.76,2.17,,2.41,0.37,1.38,0.17,,,,,,,,,,,0.33,0.08,,,,,,,,,,,,,,,,,,,,,,,,,,
Superior Province,KOMATIITE-BASALT-RHYOLITE VOLCANIC ASSOCIATIONS IN NORTHERN SUPERIOR PROVINCE GREENSTONE BELTS; SIGNIFICANCE OF PLUME-ARC INTERACTION IN THE GENERATION OF THE PROTO CONTINENTAL SUPERIOR PROVINCE,L44,THOLEIITE,48.0,-90.0,2500.0,ARCHEAN,3850.0,2900.0,2950.0,3000.0,0.005433041,KOMATIITE-BASALT-RHYOLITE VOLCANIC ASSOCIATIONS IN NORTHERN SUPERIOR PROVINCE GREENSTONE BELTS; SIGNIFICANCE OF PLUME-ARC INTERACTION IN THE GENERATION OF THE PROTO CONTINENTAL SUPERIOR PROVINCE,ARCHEAN CRATON (INCLUDING GREENSTONE BELTS),Superior Province,,48.0,48.0,-90.0,-90.0,,,,L44,THOLEIITE,2500000000.0,3850000000.0,PALEO,,,,,THOLEIITE,,,,,WR,49.59,1.37,,13.31,,,,15.62,10.26,6.33,0.24,,0.04,1.39,0.1,,,,,,,,,,,,,,,,,,,,,,,,,,,,,,,,,,,,,,,,,,,,75.0,,419.0,239.0,,,49.0,62.0,,,,,,,,,,28.83,82.1,4.79,,,,,,,,,,,,,,5.23,13.54,1.82,10.34,3.15,1.15,4.04,0.76,4.85,1.13,3.19,,3.26,0.47,2.08,0.29,,,,,,,,,,,0.61,0.07,,,,,,,,,,,,,,,,,,,,,,,,,,
Superior Province,KOMATIITE-BASALT-RHYOLITE VOLCANIC ASSOCIATIONS IN NORTHERN SUPERIOR PROVINCE GREENSTONE BELTS; SIGNIFICANCE OF PLUME-ARC INTERACTION IN THE GENERATION OF THE PROTO CONTINENTAL SUPERIOR PROVINCE,MU95-1,BASALT,59.42,-97.75,2500.0,ARCHEAN,3850.0,2900.0,2950.0,3000.0,0.004307027,KOMATIITE-BASALT-RHYOLITE VOLCANIC ASSOCIATIONS IN NORTHERN SUPERIOR PROVINCE GREENSTONE BELTS; SIGNIFICANCE OF PLUME-ARC INTERACTION IN THE GENERATION OF THE PROTO CONTINENTAL SUPERIOR PROVINCE,ARCHEAN CRATON (INCLUDING GREENSTONE BELTS),Superior Province,,59.42,59.42,-97.75,-97.75,,,,MU95-1,BASALT,2500000000.0,3850000000.0,PALEO,,,,,BASALT,,,,,WR,49.84,1.03,,14.86,,,,12.35,9.42,7.75,0.2,,0.43,2.65,0.09,,,,,,,,,,,,,,,,,,,,,,,,,,,,,,,,,,,,,,,,,,,,43.0,,348.0,197.0,,,60.0,130.0,,,,,,,,,,22.63,61.6,3.88,,,,,,,,,,,,,,3.94,10.64,1.64,8.41,2.74,0.93,3.47,0.61,4.28,0.95,2.66,,2.62,0.37,1.75,0.22,,,,,,,,,,,0.48,0.12,,,,,,,,,,,,,,,,,,,,,,,,,,
Superior Province,KOMATIITE-BASALT-RHYOLITE VOLCANIC ASSOCIATIONS IN NORTHERN SUPERIOR PROVINCE GREENSTONE BELTS; SIGNIFICANCE OF PLUME-ARC INTERACTION IN THE GENERATION OF THE PROTO CONTINENTAL SUPERIOR PROVINCE,RL95-50,BASALT,51.0,-93.5,2500.0,ARCHEAN,3850.0,2900.0,2950.0,3000.0,0.013432027,KOMATIITE-BASALT-RHYOLITE VOLCANIC ASSOCIATIONS IN NORTHERN SUPERIOR PROVINCE GREENSTONE BELTS; SIGNIFICANCE OF PLUME-ARC INTERACTION IN THE GENERATION OF THE PROTO CONTINENTAL SUPERIOR PROVINCE,ARCHEAN CRATON (INCLUDING GREENSTONE BELTS),Superior Province,,51.0,51.0,-93.5,-93.5,,,,RL95-50,BASALT,2500000000.0,3850000000.0,PALEO,,,,,BASALT,,,,,WR,51.32,0.68,,9.21,,,,12.53,7.92,16.04,0.22,,0.33,0.29,0.06,,,,,,,,,,,,,,,,,,,,,,,,,,,,,,,,,,,,,,,,,,,,48.0,,268.0,1821.0,,,76.0,551.0,,,,,,,,,,14.01,44.9,2.7,,,,,,,,,,,,,,2.83,7.65,1.1,5.48,1.81,0.66,2.28,0.38,2.62,0.56,1.6,,1.59,0.24,1.03,0.16,,,,,,,,,,,0.54,0.07,,,,,,,,,,,,,,,,,,,,,,,,,,
Superior Province,KOMATIITE-BASALT-RHYOLITE VOLCANIC ASSOCIATIONS IN NORTHERN SUPERIOR PROVINCE GREENSTONE BELTS; SIGNIFICANCE OF PLUME-ARC INTERACTION IN THE GENERATION OF THE PROTO CONTINENTAL SUPERIOR PROVINCE,RL95-18B,BASALT,51.0,-93.5,2500.0,ARCHEAN,3850.0,2900.0,2950.0,3000.0,0.011545115,KOMATIITE-BASALT-RHYOLITE VOLCANIC ASSOCIATIONS IN NORTHERN SUPERIOR PROVINCE GREENSTONE BELTS; SIGNIFICANCE OF PLUME-ARC INTERACTION IN THE GENERATION OF THE PROTO CONTINENTAL SUPERIOR PROVINCE,ARCHEAN CRATON (INCLUDING GREENSTONE BELTS),Superior Province,,51.0,51.0,-93.5,-93.5,,,,RL95-18B,BASALT,2500000000.0,3850000000.0,PALEO,,,,,BASALT,,,,,WR,52.64,1.69,,14.33,,,,14.91,4.65,5.58,0.26,,3.38,0.74,0.15,,,,,,,,,,,,,,,,,,,,,,,,,,,,,,,,,,,,,,,,,,,,44.0,,407.0,67.0,,,52.0,56.0,,,,,,,,,,31.53,101.7,5.52,,,,,,,,,,,,,,8.07,21.01,3.0,14.38,4.42,1.26,5.36,0.93,5.96,1.35,3.91,,3.89,0.58,2.88,0.39,,,,,,,,,,,1.0,0.19,,,,,,,,,,,,,,,,,,,,,,,,,,
Superior Province,KOMATIITE-BASALT-RHYOLITE VOLCANIC ASSOCIATIONS IN NORTHERN SUPERIOR PROVINCE GREENSTONE BELTS; SIGNIFICANCE OF PLUME-ARC INTERACTION IN THE GENERATION OF THE PROTO CONTINENTAL SUPERIOR PROVINCE,RC96-2,BASALT,51.0,-95.0,2500.0,ARCHEAN,3850.0,2900.0,2950.0,3000.0,0.120262437,KOMATIITE-BASALT-RHYOLITE VOLCANIC ASSOCIATIONS IN NORTHERN SUPERIOR PROVINCE GREENSTONE BELTS; SIGNIFICANCE OF PLUME-ARC INTERACTION IN THE GENERATION OF THE PROTO CONTINENTAL SUPERIOR PROVINCE,ARCHEAN CRATON (INCLUDING GREENSTONE BELTS),Superior Province,,51.0,51.0,-95.0,-95.0,,,,RC96-2,BASALT,2500000000.0,3850000000.0,PALEO,,,,,BASALT,,,,,WR,53.44,0.28,,9.14,,,,10.89,10.57,12.41,0.24,,0.17,1.62,0.02,,,,,,,,,,,,,,,,,,,,,,,,,,,,,,,,,,,,,,,,,,,,48.0,,229.0,1499.0,,,59.0,347.0,,,,,,,,,,7.47,12.8,0.43,,,,,,,,,,,,,,0.62,1.71,0.28,1.61,0.61,0.22,1.03,0.19,1.28,0.29,0.85,,0.83,0.12,0.37,0.04,,,,,,,,,,,0.06,0.01,,,,,,,,,,,,,,,,,,,,,,,,,,
Superior Province,KOMATIITE-BASALT-RHYOLITE VOLCANIC ASSOCIATIONS IN NORTHERN SUPERIOR PROVINCE GREENSTONE BELTS; SIGNIFICANCE OF PLUME-ARC INTERACTION IN THE GENERATION OF THE PROTO CONTINENTAL SUPERIOR PROVINCE,RC96-5,BASALT,51.0,-95.0,2500.0,ARCHEAN,3850.0,2900.0,2950.0,3000.0,0.120538443,KOMATIITE-BASALT-RHYOLITE VOLCANIC ASSOCIATIONS IN NORTHERN SUPERIOR PROVINCE GREENSTONE BELTS; SIGNIFICANCE OF PLUME-ARC INTERACTION IN THE GENERATION OF THE PROTO CONTINENTAL SUPERIOR PROVINCE,ARCHEAN CRATON (INCLUDING GREENSTONE BELTS),Superior Province,,51.0,51.0,-95.0,-95.0,,,,RC96-5,BASALT,2500000000.0,3850000000.0,PALEO,,,,,BASALT,,,,,WR,52.76,0.28,,9.12,,,,12.31,7.98,13.58,0.19,,0.05,2.36,0.0,,,,,,,,,,,,,,,,,,,,,,,,,,,,,,,,,,,,,,,,,,,,54.0,,243.0,1303.0,,,78.0,216.0,,,,,,,,,,5.99,10.7,0.35,,,,,,,,,,,,,,0.42,1.23,0.22,1.16,0.48,0.17,0.86,0.16,1.21,0.29,0.8,,0.83,0.13,0.37,0.03,,,,,,,,,,,0.1,0.02,,,,,,,,,,,,,,,,,,,,,,,,,,
Superior Province,KOMATIITE-BASALT-RHYOLITE VOLCANIC ASSOCIATIONS IN NORTHERN SUPERIOR PROVINCE GREENSTONE BELTS; SIGNIFICANCE OF PLUME-ARC INTERACTION IN THE GENERATION OF THE PROTO CONTINENTAL SUPERIOR PROVINCE,NDC87-09C,BASALT,51.0,-93.5,2500.0,ARCHEAN,3850.0,2900.0,2950.0,3000.0,0.978437424,KOMATIITE-BASALT-RHYOLITE VOLCANIC ASSOCIATIONS IN NORTHERN SUPERIOR PROVINCE GREENSTONE BELTS; SIGNIFICANCE OF PLUME-ARC INTERACTION IN THE GENERATION OF THE PROTO CONTINENTAL SUPERIOR PROVINCE,ARCHEAN CRATON (INCLUDING GREENSTONE BELTS),Superior Province,,51.0,51.0,-93.5,-93.5,,,,NDC87-09C,BASALT,2500000000.0,3850000000.0,PALEO,,,,,BASALT,,,,,WR,52.98,0.22,,6.91,,,,9.63,12.05,16.31,0.21,,0.25,0.35,0.02,,,,,,,,,,,,,,,,,,,,,,,,,,,,,,,,,,,,,,,,,,,,55.0,,193.0,1996.0,,,73.0,211.0,,,,,,,,,,5.5,19.7,0.67,,,,,,,,,,,,,,2.46,4.84,0.55,2.44,0.6,0.2,0.81,0.13,0.97,0.2,0.56,,0.61,0.09,0.58,0.06,,,,,,,,,,,0.43,0.11,,,,,,,,,,,,,,,,,,,,,,,,,,
Superior Province,KOMATIITE-BASALT-RHYOLITE VOLCANIC ASSOCIATIONS IN NORTHERN SUPERIOR PROVINCE GREENSTONE BELTS; SIGNIFICANCE OF PLUME-ARC INTERACTION IN THE GENERATION OF THE PROTO CONTINENTAL SUPERIOR PROVINCE,NDC87-12B,BASALT,51.0,-93.5,2500.0,ARCHEAN,3850.0,2900.0,2950.0,3000.0,0.080337383,KOMATIITE-BASALT-RHYOLITE VOLCANIC ASSOCIATIONS IN NORTHERN SUPERIOR PROVINCE GREENSTONE BELTS; SIGNIFICANCE OF PLUME-ARC INTERACTION IN THE GENERATION OF THE PROTO CONTINENTAL SUPERIOR PROVINCE,ARCHEAN CRATON (INCLUDING GREENSTONE BELTS),Superior Province,,51.0,51.0,-93.5,-93.5,,,,NDC87-12B,BASALT,2500000000.0,3850000000.0,PALEO,,,,,BASALT,,,,,WR,52.08,0.32,,8.76,,,,10.62,10.35,14.81,0.22,,0.94,0.67,0.03,,,,,,,,,,,,,,,,,,,,,,,,,,,,,,,,,,,,,,,,,,,,40.0,,201.0,1205.0,,,55.0,253.0,,,,,,,,,,7.03,31.7,1.28,,,,,,,,,,,,,,2.21,5.57,0.68,2.92,0.84,0.32,1.09,0.17,1.24,0.26,0.8,,0.73,0.12,0.91,0.1,,,,,,,,,,,0.41,0.13,,,,,,,,,,,,,,,,,,,,,,,,,,
Superior Province,KOMATIITE-BASALT-RHYOLITE VOLCANIC ASSOCIATIONS IN NORTHERN SUPERIOR PROVINCE GREENSTONE BELTS; SIGNIFICANCE OF PLUME-ARC INTERACTION IN THE GENERATION OF THE PROTO CONTINENTAL SUPERIOR PROVINCE,RC96-7,THOLEIITE,51.0,-95.0,2500.0,ARCHEAN,3850.0,2900.0,2950.0,3000.0,0.004389716,KOMATIITE-BASALT-RHYOLITE VOLCANIC ASSOCIATIONS IN NORTHERN SUPERIOR PROVINCE GREENSTONE BELTS; SIGNIFICANCE OF PLUME-ARC INTERACTION IN THE GENERATION OF THE PROTO CONTINENTAL SUPERIOR PROVINCE,ARCHEAN CRATON (INCLUDING GREENSTONE BELTS),Superior Province,,51.0,51.0,-95.0,-95.0,,,,RC96-7,THOLEIITE,2500000000.0,3850000000.0,PALEO,,,,,THOLEIITE,,,,,WR,49.65,0.66,,14.88,,,,12.5,10.16,7.91,0.23,,0.14,2.42,0.04,,,,,,,,,,,,,,,,,,,,,,,,,,,,,,,,,,,,,,,,,,,,50.0,,330.0,305.0,,,50.0,131.0,,,,,,,,,,16.17,35.9,1.72,,,,,,,,,,,,,,1.64,4.89,0.78,3.82,1.36,0.47,2.09,0.39,2.59,0.61,1.74,,1.72,0.26,0.99,0.12,,,,,,,,,,,0.2,0.06,,,,,,,,,,,,,,,,,,,,,,,,,,
Superior Province,KOMATIITE-BASALT-RHYOLITE VOLCANIC ASSOCIATIONS IN NORTHERN SUPERIOR PROVINCE GREENSTONE BELTS; SIGNIFICANCE OF PLUME-ARC INTERACTION IN THE GENERATION OF THE PROTO CONTINENTAL SUPERIOR PROVINCE,RL95-18A,BASALT,51.0,-93.5,2500.0,ARCHEAN,3850.0,2900.0,2950.0,3000.0,0.007289485,KOMATIITE-BASALT-RHYOLITE VOLCANIC ASSOCIATIONS IN NORTHERN SUPERIOR PROVINCE GREENSTONE BELTS; SIGNIFICANCE OF PLUME-ARC INTERACTION IN THE GENERATION OF THE PROTO CONTINENTAL SUPERIOR PROVINCE,ARCHEAN CRATON (INCLUDING GREENSTONE BELTS),Superior Province,,51.0,51.0,-93.5,-93.5,,,,RL95-18A,BASALT,2500000000.0,3850000000.0,PALEO,,,,,BASALT,,,,,WR,50.11,1.7,,14.65,,,,14.2,9.05,6.12,0.25,,0.98,1.2,0.16,,,,,,,,,,,,,,,,,,,,,,,,,,,,,,,,,,,,,,,,,,,,48.0,,440.0,124.0,,,52.0,52.0,,,,,,,,,,35.67,111.6,6.56,,,,,,,,,,,,,,6.96,19.17,2.79,13.49,4.2,1.41,5.46,0.96,6.16,1.43,4.01,,3.93,0.62,2.65,0.37,,,,,,,,,,,0.82,0.2,,,,,,,,,,,,,,,,,,,,,,,,,,
Superior Province,KOMATIITE-BASALT-RHYOLITE VOLCANIC ASSOCIATIONS IN NORTHERN SUPERIOR PROVINCE GREENSTONE BELTS; SIGNIFICANCE OF PLUME-ARC INTERACTION IN THE GENERATION OF THE PROTO CONTINENTAL SUPERIOR PROVINCE,L42,THOLEIITE,48.0,-90.0,2500.0,ARCHEAN,3850.0,2900.0,2950.0,3000.0,0.01128495,KOMATIITE-BASALT-RHYOLITE VOLCANIC ASSOCIATIONS IN NORTHERN SUPERIOR PROVINCE GREENSTONE BELTS; SIGNIFICANCE OF PLUME-ARC INTERACTION IN THE GENERATION OF THE PROTO CONTINENTAL SUPERIOR PROVINCE,ARCHEAN CRATON (INCLUDING GREENSTONE BELTS),Superior Province,,48.0,48.0,-90.0,-90.0,,,,L42,THOLEIITE,2500000000.0,3850000000.0,PALEO,,,,,THOLEIITE,,,,,WR,48.87,0.7,,14.99,,,,11.65,11.4,8.03,0.2,,0.16,2.66,0.05,,,,,,,,,,,,,,,,,,,,,,,,,,,,,,,,,,,,,,,,,,,,42.0,,267.0,397.0,,,50.0,117.0,,,,,,,,,,19.06,39.2,1.95,,,,,,,,,,,,,,1.83,5.86,0.86,4.71,1.55,0.61,2.12,0.38,2.66,0.58,1.96,,2.01,0.32,1.11,0.1,,,,,,,,,,,0.21,0.05,,,,,,,,,,,,,,,,,,,,,,,,,,
Superior Province,KOMATIITE-BASALT-RHYOLITE VOLCANIC ASSOCIATIONS IN NORTHERN SUPERIOR PROVINCE GREENSTONE BELTS; SIGNIFICANCE OF PLUME-ARC INTERACTION IN THE GENERATION OF THE PROTO CONTINENTAL SUPERIOR PROVINCE,RL95-23,BASALT,51.0,-93.5,2500.0,ARCHEAN,3850.0,2900.0,2950.0,3000.0,0.001874986,KOMATIITE-BASALT-RHYOLITE VOLCANIC ASSOCIATIONS IN NORTHERN SUPERIOR PROVINCE GREENSTONE BELTS; SIGNIFICANCE OF PLUME-ARC INTERACTION IN THE GENERATION OF THE PROTO CONTINENTAL SUPERIOR PROVINCE,ARCHEAN CRATON (INCLUDING GREENSTONE BELTS),Superior Province,,51.0,51.0,-93.5,-93.5,,,,RL95-23,BASALT,2500000000.0,3850000000.0,PALEO,,,,,BASALT,,,,,WR,48.94,1.03,,15.01,,,,12.77,10.28,7.38,0.22,,0.14,2.72,0.09,,,,,,,,,,,,,,,,,,,,,,,,,,,,,,,,,,,,,,,,,,,,42.0,,296.0,219.0,,,50.0,127.0,,,,,,,,,,22.13,62.8,3.48,,,,,,,,,,,,,,3.71,9.91,1.54,7.66,2.67,0.88,3.3,0.56,3.9,0.85,2.4,,2.37,0.38,1.78,0.2,,,,,,,,,,,0.45,0.09,,,,,,,,,,,,,,,,,,,,,,,,,,
Superior Province,KOMATIITE-BASALT-RHYOLITE VOLCANIC ASSOCIATIONS IN NORTHERN SUPERIOR PROVINCE GREENSTONE BELTS; SIGNIFICANCE OF PLUME-ARC INTERACTION IN THE GENERATION OF THE PROTO CONTINENTAL SUPERIOR PROVINCE,L45,THOLEIITE,48.0,-90.0,2500.0,ARCHEAN,3850.0,2900.0,2950.0,3000.0,0.000606466,KOMATIITE-BASALT-RHYOLITE VOLCANIC ASSOCIATIONS IN NORTHERN SUPERIOR PROVINCE GREENSTONE BELTS; SIGNIFICANCE OF PLUME-ARC INTERACTION IN THE GENERATION OF THE PROTO CONTINENTAL SUPERIOR PROVINCE,ARCHEAN CRATON (INCLUDING GREENSTONE BELTS),Superior Province,,48.0,48.0,-90.0,-90.0,,,,L45,THOLEIITE,2500000000.0,3850000000.0,PALEO,,,,,THOLEIITE,,,,,WR,51.11,1.78,,12.42,,,,15.12,8.27,5.6,0.23,,0.15,3.49,0.14,,,,,,,,,,,,,,,,,,,,,,,,,,,,,,,,,,,,,,,,,,,,49.0,,498.0,28.0,,,59.0,20.0,,,,,,,,,,33.7,103.0,6.16,,,,,,,,,,,,,,6.13,17.98,2.66,13.85,4.14,1.2,5.27,0.88,6.2,1.34,3.96,,3.77,0.61,2.95,0.39,,,,,,,,,,,0.61,0.13,,,,,,,,,,,,,,,,,,,,,,,,,,
Superior Province,KOMATIITE-BASALT-RHYOLITE VOLCANIC ASSOCIATIONS IN NORTHERN SUPERIOR PROVINCE GREENSTONE BELTS; SIGNIFICANCE OF PLUME-ARC INTERACTION IN THE GENERATION OF THE PROTO CONTINENTAL SUPERIOR PROVINCE,RC96-4,BASALT,51.0,-95.0,2500.0,ARCHEAN,3850.0,2900.0,2950.0,3000.0,0.088233016,KOMATIITE-BASALT-RHYOLITE VOLCANIC ASSOCIATIONS IN NORTHERN SUPERIOR PROVINCE GREENSTONE BELTS; SIGNIFICANCE OF PLUME-ARC INTERACTION IN THE GENERATION OF THE PROTO CONTINENTAL SUPERIOR PROVINCE,ARCHEAN CRATON (INCLUDING GREENSTONE BELTS),Superior Province,,51.0,51.0,-95.0,-95.0,,,,RC96-4,BASALT,2500000000.0,3850000000.0,PALEO,,,,,BASALT,,,,,WR,52.86,0.31,,9.6,,,,11.92,8.42,12.72,0.17,,0.13,2.56,0.0,,,,,,,,,,,,,,,,,,,,,,,,,,,,,,,,,,,,,,,,,,,,58.0,,273.0,648.0,,,45.0,113.0,,,,,,,,,,6.06,10.8,0.32,,,,,,,,,,,,,,0.31,0.89,0.16,0.97,0.56,0.23,0.81,0.17,1.16,0.26,0.77,,0.76,0.11,0.37,0.04,,,,,,,,,,,0.06,0.01,,,,,,,,,,,,,,,,,,,,,,,,,,
Superior Province,KOMATIITE-BASALT-RHYOLITE VOLCANIC ASSOCIATIONS IN NORTHERN SUPERIOR PROVINCE GREENSTONE BELTS; SIGNIFICANCE OF PLUME-ARC INTERACTION IN THE GENERATION OF THE PROTO CONTINENTAL SUPERIOR PROVINCE,MU95-15,BASALT,59.42,-97.75,2500.0,ARCHEAN,3850.0,2900.0,2950.0,3000.0,0.002190689,KOMATIITE-BASALT-RHYOLITE VOLCANIC ASSOCIATIONS IN NORTHERN SUPERIOR PROVINCE GREENSTONE BELTS; SIGNIFICANCE OF PLUME-ARC INTERACTION IN THE GENERATION OF THE PROTO CONTINENTAL SUPERIOR PROVINCE,ARCHEAN CRATON (INCLUDING GREENSTONE BELTS),Superior Province,,59.42,59.42,-97.75,-97.75,,,,MU95-15,BASALT,2500000000.0,3850000000.0,PALEO,,,,,BASALT,,,,,WR,49.55,0.85,,15.32,,,,12.21,10.22,7.34,0.19,,1.27,1.63,0.06,,,,,,,,,,,,,,,,,,,,,,,,,,,,,,,,,,,,,,,,,,,,42.0,,308.0,267.0,,,60.0,147.0,,,,,,,,,,18.87,48.9,2.5,,,,,,,,,,,,,,3.01,8.35,1.26,6.12,2.18,0.78,2.81,0.49,3.4,0.73,2.17,,2.13,0.32,1.43,0.16,,,,,,,,,,,0.38,0.07,,,,,,,,,,,,,,,,,,,,,,,,,,
Superior Province,KOMATIITE-BASALT-RHYOLITE VOLCANIC ASSOCIATIONS IN NORTHERN SUPERIOR PROVINCE GREENSTONE BELTS; SIGNIFICANCE OF PLUME-ARC INTERACTION IN THE GENERATION OF THE PROTO CONTINENTAL SUPERIOR PROVINCE,RL95-39,BASALT,51.0,-93.5,2500.0,ARCHEAN,3850.0,2900.0,2950.0,3000.0,0.077219144,KOMATIITE-BASALT-RHYOLITE VOLCANIC ASSOCIATIONS IN NORTHERN SUPERIOR PROVINCE GREENSTONE BELTS; SIGNIFICANCE OF PLUME-ARC INTERACTION IN THE GENERATION OF THE PROTO CONTINENTAL SUPERIOR PROVINCE,ARCHEAN CRATON (INCLUDING GREENSTONE BELTS),Superior Province,,51.0,51.0,-93.5,-93.5,,,,RL95-39,BASALT,2500000000.0,3850000000.0,PALEO,,,,,BASALT,,,,,WR,53.59,0.32,,9.38,,,,11.84,8.99,12.62,0.17,,0.05,1.69,0.02,,,,,,,,,,,,,,,,,,,,,,,,,,,,,,,,,,,,,,,,,,,,56.0,,273.0,1103.0,,,84.0,216.0,,,,,,,,,,7.88,15.3,0.56,,,,,,,,,,,,,,0.95,2.35,0.35,1.77,0.65,0.29,0.93,0.18,1.29,0.29,0.85,,0.87,0.13,0.46,0.05,,,,,,,,,,,0.17,0.04,,,,,,,,,,,,,,,,,,,,,,,,,,
Superior Province,KOMATIITE-BASALT-RHYOLITE VOLCANIC ASSOCIATIONS IN NORTHERN SUPERIOR PROVINCE GREENSTONE BELTS; SIGNIFICANCE OF PLUME-ARC INTERACTION IN THE GENERATION OF THE PROTO CONTINENTAL SUPERIOR PROVINCE,RC96-3,BASALT,51.0,-95.0,2500.0,ARCHEAN,3850.0,2900.0,2950.0,3000.0,0.185023084,KOMATIITE-BASALT-RHYOLITE VOLCANIC ASSOCIATIONS IN NORTHERN SUPERIOR PROVINCE GREENSTONE BELTS; SIGNIFICANCE OF PLUME-ARC INTERACTION IN THE GENERATION OF THE PROTO CONTINENTAL SUPERIOR PROVINCE,ARCHEAN CRATON (INCLUDING GREENSTONE BELTS),Superior Province,,51.0,51.0,-95.0,-95.0,,,,RC96-3,BASALT,2500000000.0,3850000000.0,PALEO,,,,,BASALT,,,,,WR,52.39,0.31,,9.89,,,,10.0,10.55,13.34,0.2,,0.05,2.17,0.0,,,,,,,,,,,,,,,,,,,,,,,,,,,,,,,,,,,,,,,,,,,,56.0,,267.0,1673.0,,,63.0,402.0,,,,,,,,,,8.41,12.9,0.55,,,,,,,,,,,,,,0.84,2.25,0.35,1.82,0.68,0.44,1.0,0.2,1.31,0.3,0.88,,0.9,0.14,0.39,0.04,,,,,,,,,,,0.07,0.01,,,,,,,,,,,,,,,,,,,,,,,,,,
Superior Province,KOMATIITE-BASALT-RHYOLITE VOLCANIC ASSOCIATIONS IN NORTHERN SUPERIOR PROVINCE GREENSTONE BELTS; SIGNIFICANCE OF PLUME-ARC INTERACTION IN THE GENERATION OF THE PROTO CONTINENTAL SUPERIOR PROVINCE,MU95-27,BASALT,59.42,-97.75,2500.0,ARCHEAN,3850.0,2900.0,2950.0,3000.0,0.002038934,KOMATIITE-BASALT-RHYOLITE VOLCANIC ASSOCIATIONS IN NORTHERN SUPERIOR PROVINCE GREENSTONE BELTS; SIGNIFICANCE OF PLUME-ARC INTERACTION IN THE GENERATION OF THE PROTO CONTINENTAL SUPERIOR PROVINCE,ARCHEAN CRATON (INCLUDING GREENSTONE BELTS),Superior Province,,59.42,59.42,-97.75,-97.75,,,,MU95-27,BASALT,2500000000.0,3850000000.0,PALEO,,,,,BASALT,,,,,WR,50.31,0.63,,16.02,,,,10.81,7.81,9.0,0.21,,0.25,3.72,0.04,,,,,,,,,,,,,,,,,,,,,,,,,,,,,,,,,,,,,,,,,,,,52.0,,289.0,371.0,,,64.0,171.0,,,,,,,,,,15.15,34.4,1.89,,,,,,,,,,,,,,1.77,5.04,0.79,4.07,1.52,0.58,2.04,0.34,2.42,0.53,1.56,,1.64,0.23,0.97,0.11,,,,,,,,,,,0.17,0.04,,,,,,,,,,,,,,,,,,,,,,,,,,
Superior,"KOMATIITIC AND IRON-RICH THOLEIITIC LAVAS OF MUNRO TOWNSHIP, NORTHEAST ONTARIO",P9-101,tholeiitic basalt,48.6,-80.5,2500.0,ARCHEAN,3850.0,2700.0,2720.0,2740.0,0.9995085,"KOMATIITIC AND IRON-RICH THOLEIITIC LAVAS OF MUNRO TOWNSHIP, NORTHEAST ONTARIO",ARCHEAN CRATON (INCLUDING GREENSTONE BELTS),Superior,,48.6,48.6,-80.5,-80.5,,,,P9-101,tholeiitic basalt,2500000000.0,3850000000.0,PALEO,,,,,tholeiitic basalt,,,,,WR,50.4,1.39,,12.6,,,,13.9,11.9,5.11,0.24,,0.77,1.21,,,,,,,,,,,,,,,,,,,,,,,,,,,,,,,,,,,,,,,,,,,,,,,,82.0,,,70.0,67.0,,125.0,,,,,,13.0,130.0,,,,,,,,,,,,,,,,,,,,,,,,,,,,,,,,,,,,,,,,,,,,,,,,,,,,,,,,,,,,,,,,,,,,,,
Superior,"LIGHT RARE EARTH ELEMENT DEPLETED TO ENRICHED BASALTIC FLOWS FROM 2.8 TO 2.7 GA GREENSTONE BELTS OF THE UCHI SUBPROVINCE, ONTARIO, CANADA",LSJ95-10,BASALT,51.0844,-90.2807,2700.0,ARCHEAN,2700.0,2720.0,2722.0,2724.0,0.570580781,"LIGHT RARE EARTH ELEMENT DEPLETED TO ENRICHED BASALTIC FLOWS FROM 2.8 TO 2.7 GA GREENSTONE BELTS OF THE UCHI SUBPROVINCE, ONTARIO, CANADA",ARCHEAN CRATON (INCLUDING GREENSTONE BELTS),Superior,,51.0844,51.0844,-90.2807,-90.2807,,,,LSJ95-10,BASALT,2700000000.0,2700000000.0,PALEO,,,,,BASALT,,,,,WR,50.92,1.01,,15.33,,,,12.52,9.64,6.11,0.18,,0.15,2.69,0.06,,,,,,,,,,,,,,,,,,,,,,,,,,,,,,,,,,,,,,,,,,,,45.0,,256.0,203.0,,,54.0,116.0,,,,,,,,1.0,143.0,17.81,55.0,2.55,,,,,,,,,,,,0.11,39.0,3.33,9.61,1.43,7.68,2.55,1.0,3.29,0.56,3.49,0.76,2.22,,2.06,0.31,1.61,0.14,,,,,,,,,,,0.74,0.11,,,,,,,,,,,,,,,,,,,,,,,,,,
Superior,"LIGHT RARE EARTH ELEMENT DEPLETED TO ENRICHED BASALTIC FLOWS FROM 2.8 TO 2.7 GA GREENSTONE BELTS OF THE UCHI SUBPROVINCE, ONTARIO, CANADA",LSJ95-11,BASALT,51.0857,-90.2727,2700.0,ARCHEAN,2700.0,2720.0,2722.0,2724.0,0.277214259,"LIGHT RARE EARTH ELEMENT DEPLETED TO ENRICHED BASALTIC FLOWS FROM 2.8 TO 2.7 GA GREENSTONE BELTS OF THE UCHI SUBPROVINCE, ONTARIO, CANADA",ARCHEAN CRATON (INCLUDING GREENSTONE BELTS),Superior,,51.0857,51.0857,-90.2727,-90.2727,,,,LSJ95-11,BASALT,2700000000.0,2700000000.0,PALEO,,,,,BASALT,,,,,WR,48.13,0.87,,14.76,,,,12.82,9.34,10.16,0.2,,0.13,2.12,0.05,,,,,,,,,,,,,,,,,,,,,,,,,,,,,,,,,,,,,,,,,,,,40.0,,223.0,257.0,,,66.0,269.0,,,,,,,,2.0,224.0,15.62,43.0,1.88,,,,,,,,,,,,0.39,77.0,1.98,5.94,0.97,5.55,1.86,0.71,2.5,0.45,2.67,0.61,1.71,,1.64,0.24,1.42,0.1,,,,,,,,,,,0.53,0.1,,,,,,,,,,,,,,,,,,,,,,,,,,
Superior,"LIGHT RARE EARTH ELEMENT DEPLETED TO ENRICHED BASALTIC FLOWS FROM 2.8 TO 2.7 GA GREENSTONE BELTS OF THE UCHI SUBPROVINCE, ONTARIO, CANADA",LSJ95-12,BASALT,51.0855,-90.3062,2700.0,ARCHEAN,2700.0,2720.0,2722.0,2724.0,0.006234006,"LIGHT RARE EARTH ELEMENT DEPLETED TO ENRICHED BASALTIC FLOWS FROM 2.8 TO 2.7 GA GREENSTONE BELTS OF THE UCHI SUBPROVINCE, ONTARIO, CANADA",ARCHEAN CRATON (INCLUDING GREENSTONE BELTS),Superior,,51.0855,51.0855,-90.3062,-90.3062,,,,LSJ95-12,BASALT,2700000000.0,2700000000.0,PALEO,,,,,BASALT,,,,,WR,49.8,0.94,,14.98,,,,12.29,11.64,7.22,0.23,,0.14,1.32,0.07,,,,,,,,,,,,,,,,,,,,,,,,,,,,,,,,,,,,,,,,,,,,59.0,,59.0,152.0,,,56.0,123.0,,,,,,,,0.0,124.0,20.41,58.0,2.75,,,,,,,,,,,,0.0,0.0,3.01,8.32,1.09,6.41,2.53,0.89,3.21,0.57,3.66,0.82,2.36,,2.27,0.36,1.86,0.18,,,,,,,,,,,0.42,0.14,,,,,,,,,,,,,,,,,,,,,,,,,,
Superior,"LIGHT RARE EARTH ELEMENT DEPLETED TO ENRICHED BASALTIC FLOWS FROM 2.8 TO 2.7 GA GREENSTONE BELTS OF THE UCHI SUBPROVINCE, ONTARIO, CANADA",LSJ95-5,BASALT,51.1385,-90.2717,2700.0,ARCHEAN,2700.0,2720.0,2722.0,2724.0,0.226198778,"LIGHT RARE EARTH ELEMENT DEPLETED TO ENRICHED BASALTIC FLOWS FROM 2.8 TO 2.7 GA GREENSTONE BELTS OF THE UCHI SUBPROVINCE, ONTARIO, CANADA",ARCHEAN CRATON (INCLUDING GREENSTONE BELTS),Superior,,51.1385,51.1385,-90.2717,-90.2717,,,,LSJ95-5,BASALT,2700000000.0,2700000000.0,PALEO,,,,,BASALT,,,,,WR,50.43,1.22,,15.53,,,,12.26,10.19,5.38,0.2,,0.24,3.1,0.1,,,,,,,,,,,,,,,,,,,,,,,,,,,,,,,,,,,,,,,,,,,,37.0,,218.0,202.0,,,29.0,64.0,,,,,,,,10.0,268.0,17.47,66.0,2.63,,,,,,,,,,,,0.43,125.0,4.05,12.86,2.0,10.55,3.07,1.17,3.52,0.55,3.41,0.7,2.02,,1.74,0.25,2.05,0.15,,,,,,,,,,,1.19,0.28,,,,,,,,,,,,,,,,,,,,,,,,,,
Superior,"LIGHT RARE EARTH ELEMENT DEPLETED TO ENRICHED BASALTIC FLOWS FROM 2.8 TO 2.7 GA GREENSTONE BELTS OF THE UCHI SUBPROVINCE, ONTARIO, CANADA",LSJ95-6A,BASALT,51.0831,-90.3273,2700.0,ARCHEAN,2700.0,2720.0,2722.0,2724.0,0.866465688,"LIGHT RARE EARTH ELEMENT DEPLETED TO ENRICHED BASALTIC FLOWS FROM 2.8 TO 2.7 GA GREENSTONE BELTS OF THE UCHI SUBPROVINCE, ONTARIO, CANADA",ARCHEAN CRATON (INCLUDING GREENSTONE BELTS),Superior,,51.0831,51.0831,-90.3273,-90.3273,,,,LSJ95-6A,BASALT,2700000000.0,2700000000.0,PALEO,,,,,BASALT,,,,,WR,51.75,1.16,,16.24,,,,12.26,10.29,4.54,0.18,,0.24,1.89,0.1,,,,,,,,,,,,,,,,,,,,,,,,,,,,,,,,,,,,,,,,,,,,34.0,,226.0,130.0,,,54.0,165.0,,,,,,,,2.0,302.0,18.61,73.0,3.82,,,,,,,,,,,,0.44,128.0,6.23,16.17,2.2,10.6,3.02,1.06,3.27,0.53,3.28,0.7,1.93,,1.78,0.26,2.27,0.21,,,,,,,,,,,1.06,0.21,,,,,,,,,,,,,,,,,,,,,,,,,,
Superior,"LIGHT RARE EARTH ELEMENT DEPLETED TO ENRICHED BASALTIC FLOWS FROM 2.8 TO 2.7 GA GREENSTONE BELTS OF THE UCHI SUBPROVINCE, ONTARIO, CANADA",LSJ95-7,BASALT,51.0804,-90.3447,2700.0,ARCHEAN,2700.0,2720.0,2722.0,2724.0,0.54032886,"LIGHT RARE EARTH ELEMENT DEPLETED TO ENRICHED BASALTIC FLOWS FROM 2.8 TO 2.7 GA GREENSTONE BELTS OF THE UCHI SUBPROVINCE, ONTARIO, CANADA",ARCHEAN CRATON (INCLUDING GREENSTONE BELTS),Superior,,51.0804,51.0804,-90.3447,-90.3447,,,,LSJ95-7,BASALT,2700000000.0,2700000000.0,PALEO,,,,,BASALT,,,,,WR,51.26,1.33,,14.44,,,,13.0,9.25,6.26,0.18,,0.17,2.58,0.08,,,,,,,,,,,,,,,,,,,,,,,,,,,,,,,,,,,,,,,,,,,,39.0,,210.0,310.0,,,39.0,72.0,,,,,,,,1.0,336.0,17.88,75.0,3.46,,,,,,,,,,,,0.1,38.0,2.08,6.44,1.1,7.3,2.91,1.1,3.53,0.55,3.4,0.7,1.85,,1.61,0.23,2.23,0.16,,,,,,,,,,,1.34,0.29,,,,,,,,,,,,,,,,,,,,,,,,,,
Superior,"LIGHT RARE EARTH ELEMENT DEPLETED TO ENRICHED BASALTIC FLOWS FROM 2.8 TO 2.7 GA GREENSTONE BELTS OF THE UCHI SUBPROVINCE, ONTARIO, CANADA",LSJ95-8,BASALT,51.0763,-90.313,2700.0,ARCHEAN,2700.0,2720.0,2722.0,2724.0,0.165482402,"LIGHT RARE EARTH ELEMENT DEPLETED TO ENRICHED BASALTIC FLOWS FROM 2.8 TO 2.7 GA GREENSTONE BELTS OF THE UCHI SUBPROVINCE, ONTARIO, CANADA",ARCHEAN CRATON (INCLUDING GREENSTONE BELTS),Superior,,51.0763,51.0763,-90.313,-90.313,,,,LSJ95-8,BASALT,2700000000.0,2700000000.0,PALEO,,,,,BASALT,,,,,WR,47.82,1.14,,17.07,,,,12.49,11.42,5.56,0.19,,0.14,2.7,0.07,,,,,,,,,,,,,,,,,,,,,,,,,,,,,,,,,,,,,,,,,,,,46.0,,266.0,236.0,,,56.0,143.0,,,,,,,,1.0,241.0,18.3,74.0,3.7,,,,,,,,,,,,0.21,48.0,6.82,16.88,2.19,10.85,3.01,0.98,3.49,0.53,3.44,0.69,2.13,,1.9,0.28,2.07,0.18,,,,,,,,,,,1.04,0.24,,,,,,,,,,,,,,,,,,,,,,,,,,
Superior,"LIGHT RARE EARTH ELEMENT DEPLETED TO ENRICHED BASALTIC FLOWS FROM 2.8 TO 2.7 GA GREENSTONE BELTS OF THE UCHI SUBPROVINCE, ONTARIO, CANADA",LSJ95-9B,BASALT,51.0837,-90.2808,2700.0,ARCHEAN,2700.0,2720.0,2722.0,2724.0,0.017638745,"LIGHT RARE EARTH ELEMENT DEPLETED TO ENRICHED BASALTIC FLOWS FROM 2.8 TO 2.7 GA GREENSTONE BELTS OF THE UCHI SUBPROVINCE, ONTARIO, CANADA",ARCHEAN CRATON (INCLUDING GREENSTONE BELTS),Superior,,51.0837,51.0837,-90.2808,-90.2808,,,,LSJ95-9B,BASALT,2700000000.0,2700000000.0,PALEO,,,,,BASALT,,,,,WR,49.49,1.18,,14.97,,,,12.83,10.39,6.46,0.16,,0.14,2.9,0.05,,,,,,,,,,,,,,,,,,,,,,,,,,,,,,,,,,,,,,,,,,,,40.0,,283.0,182.0,,,64.0,249.0,,,,,,,,1.0,257.0,15.53,49.0,1.92,,,,,,,,,,,,0.05,92.0,2.95,8.97,1.37,7.77,2.67,0.83,3.18,0.51,2.94,0.62,1.62,,1.4,0.21,1.35,0.11,,,,,,,,,,,0.65,0.11,,,,,,,,,,,,,,,,,,,,,,,,,,
Superior,"LIGHT RARE EARTH ELEMENT DEPLETED TO ENRICHED BASALTIC FLOWS FROM 2.8 TO 2.7 GA GREENSTONE BELTS OF THE UCHI SUBPROVINCE, ONTARIO, CANADA",ML88-05,BASALT,51.242,-92.8238,2800.0,ARCHEAN,2800.0,2871.0,2871.0,2871.0,0.619086921,"LIGHT RARE EARTH ELEMENT DEPLETED TO ENRICHED BASALTIC FLOWS FROM 2.8 TO 2.7 GA GREENSTONE BELTS OF THE UCHI SUBPROVINCE, ONTARIO, CANADA",ARCHEAN CRATON (INCLUDING GREENSTONE BELTS),Superior,,51.242,51.242,-92.8238,-92.8238,,,,ML88-05,BASALT,2800000000.0,2800000000.0,PALEO,,,,,BASALT,,,,,WR,49.57,0.92,,15.61,,,,12.63,8.58,7.67,0.23,,0.05,3.27,0.07,,,,,,,,,,,,,,,,,,,,,,,,,,,,,,,,,,,,,,,,,,,,36.0,,278.0,244.0,,,56.0,131.0,,,,,,,,1.0,291.0,18.66,58.0,3.49,,,,,,,,,,,,0.0,32.0,5.04,12.32,1.74,8.1,2.44,0.85,3.23,0.55,3.75,0.86,2.43,,2.42,0.36,1.71,0.22,,,,,,,,,,,0.85,0.2,,,,,,,,,,,,,,,,,,,,,,,,,,
Superior,"LIGHT RARE EARTH ELEMENT DEPLETED TO ENRICHED BASALTIC FLOWS FROM 2.8 TO 2.7 GA GREENSTONE BELTS OF THE UCHI SUBPROVINCE, ONTARIO, CANADA",ML88-10,BASALT,51.2613,-92.8072,2800.0,ARCHEAN,2800.0,2871.0,2871.0,2871.0,0.654181182,"LIGHT RARE EARTH ELEMENT DEPLETED TO ENRICHED BASALTIC FLOWS FROM 2.8 TO 2.7 GA GREENSTONE BELTS OF THE UCHI SUBPROVINCE, ONTARIO, CANADA",ARCHEAN CRATON (INCLUDING GREENSTONE BELTS),Superior,,51.2613,51.2613,-92.8072,-92.8072,,,,ML88-10,BASALT,2800000000.0,2800000000.0,PALEO,,,,,BASALT,,,,,WR,48.0,1.11,,17.19,,,,12.94,10.76,8.05,0.19,,0.0,0.22,0.11,,,,,,,,,,,,,,,,,,,,,,,,,,,,,,,,,,,,,,,,,,,,41.0,,289.0,204.0,,,76.0,193.0,,,,,,,,1.0,176.0,20.12,74.0,3.92,,,,,,,,,,,,0.0,5.0,6.18,13.7,2.02,9.61,2.54,0.97,3.32,0.51,3.55,0.8,2.28,,2.34,0.35,2.07,0.27,,,,,,,,,,,1.21,0.28,,,,,,,,,,,,,,,,,,,,,,,,,,
Superior,"LIGHT RARE EARTH ELEMENT DEPLETED TO ENRICHED BASALTIC FLOWS FROM 2.8 TO 2.7 GA GREENSTONE BELTS OF THE UCHI SUBPROVINCE, ONTARIO, CANADA",ML88-11,BASALT,51.2609,-92.8216,2800.0,ARCHEAN,2800.0,2871.0,2871.0,2871.0,0.216000691,"LIGHT RARE EARTH ELEMENT DEPLETED TO ENRICHED BASALTIC FLOWS FROM 2.8 TO 2.7 GA GREENSTONE BELTS OF THE UCHI SUBPROVINCE, ONTARIO, CANADA",ARCHEAN CRATON (INCLUDING GREENSTONE BELTS),Superior,,51.2609,51.2609,-92.8216,-92.8216,,,,ML88-11,BASALT,2800000000.0,2800000000.0,PALEO,,,,,BASALT,,,,,WR,50.36,0.69,,11.59,,,,11.2,8.38,13.43,0.21,,0.4,2.24,0.25,,,,,,,,,,,,,,,,,,,,,,,,,,,,,,,,,,,,,,,,,,,,32.0,,241.0,1183.0,,,65.0,372.0,,,,,,,,9.0,101.0,16.93,77.0,3.89,,,,,,,,,,,,1.0,176.0,7.93,17.39,2.45,11.29,2.95,0.84,3.01,0.48,2.88,0.65,1.79,,1.76,0.24,2.24,0.32,,,,,,,,,,,2.98,0.95,,,,,,,,,,,,,,,,,,,,,,,,,,
Superior,"LIGHT RARE EARTH ELEMENT DEPLETED TO ENRICHED BASALTIC FLOWS FROM 2.8 TO 2.7 GA GREENSTONE BELTS OF THE UCHI SUBPROVINCE, ONTARIO, CANADA",ML88-16,BASALT,51.2599,-92.7628,2800.0,ARCHEAN,2800.0,2871.0,2871.0,2871.0,0.493016809,"LIGHT RARE EARTH ELEMENT DEPLETED TO ENRICHED BASALTIC FLOWS FROM 2.8 TO 2.7 GA GREENSTONE BELTS OF THE UCHI SUBPROVINCE, ONTARIO, CANADA",ARCHEAN CRATON (INCLUDING GREENSTONE BELTS),Superior,,51.2599,51.2599,-92.7628,-92.7628,,,,ML88-16,BASALT,2800000000.0,2800000000.0,PALEO,,,,,BASALT,,,,,WR,53.62,2.11,,12.13,,,,16.86,6.05,3.21,0.24,,0.24,3.03,0.63,,,,,,,,,,,,,,,,,,,,,,,,,,,,,,,,,,,,,,,,,,,,36.0,,100.0,6.0,,,39.0,8.0,,,,,,,,6.0,158.0,53.59,203.0,10.24,,,,,,,,,,,,0.0,92.0,15.24,35.36,5.42,26.23,7.62,2.8,9.58,1.44,10.46,2.05,6.17,,6.36,0.94,5.75,0.62,,,,,,,,,,,1.77,0.45,,,,,,,,,,,,,,,,,,,,,,,,,,
Superior,"LIGHT RARE EARTH ELEMENT DEPLETED TO ENRICHED BASALTIC FLOWS FROM 2.8 TO 2.7 GA GREENSTONE BELTS OF THE UCHI SUBPROVINCE, ONTARIO, CANADA",PK95-1,BASALT,50.9828,-90.3659,2700.0,ARCHEAN,2700.0,2720.0,2722.0,2724.0,0.045493674,"LIGHT RARE EARTH ELEMENT DEPLETED TO ENRICHED BASALTIC FLOWS FROM 2.8 TO 2.7 GA GREENSTONE BELTS OF THE UCHI SUBPROVINCE, ONTARIO, CANADA",ARCHEAN CRATON (INCLUDING GREENSTONE BELTS),Superior,,50.9828,50.9828,-90.3659,-90.3659,,,,PK95-1,BASALT,2700000000.0,2700000000.0,PALEO,,,,,BASALT,,,,,WR,50.32,0.87,,14.22,,,,12.98,7.0,9.88,0.22,,0.08,2.92,0.06,,,,,,,,,,,,,,,,,,,,,,,,,,,,,,,,,,,,,,,,,,,,57.0,,339.0,128.0,,,59.0,87.0,,,,,,,,2.0,260.0,22.06,60.0,3.1,,,,,,,,,,,,0.35,25.0,4.38,11.25,1.53,7.78,2.43,0.77,3.16,0.56,3.59,0.82,2.36,,2.37,0.33,1.59,0.18,,,,,,,,,,,0.49,0.07,,,,,,,,,,,,,,,,,,,,,,,,,,
Superior,"LIGHT RARE EARTH ELEMENT DEPLETED TO ENRICHED BASALTIC FLOWS FROM 2.8 TO 2.7 GA GREENSTONE BELTS OF THE UCHI SUBPROVINCE, ONTARIO, CANADA",PK95-12,BASALT,51.0165,-90.2163,2700.0,ARCHEAN,2700.0,2720.0,2722.0,2724.0,0.006859866,"LIGHT RARE EARTH ELEMENT DEPLETED TO ENRICHED BASALTIC FLOWS FROM 2.8 TO 2.7 GA GREENSTONE BELTS OF THE UCHI SUBPROVINCE, ONTARIO, CANADA",ARCHEAN CRATON (INCLUDING GREENSTONE BELTS),Superior,,51.0165,51.0165,-90.2163,-90.2163,,,,PK95-12,BASALT,2700000000.0,2700000000.0,PALEO,,,,,BASALT,,,,,WR,49.35,1.57,,15.03,,,,13.44,10.87,5.05,0.29,,0.07,2.71,0.13,,,,,,,,,,,,,,,,,,,,,,,,,,,,,,,,,,,,,,,,,,,,58.0,,417.0,197.0,,,49.0,73.0,,,,,,,,2.0,162.0,35.95,101.0,6.4,,,,,,,,,,,,0.32,23.0,5.92,17.69,2.4,12.92,4.3,1.38,5.17,0.92,5.99,1.34,3.75,,3.52,0.53,3.1,0.38,,,,,,,,,,,0.62,0.12,,,,,,,,,,,,,,,,,,,,,,,,,,
Superior,"LIGHT RARE EARTH ELEMENT DEPLETED TO ENRICHED BASALTIC FLOWS FROM 2.8 TO 2.7 GA GREENSTONE BELTS OF THE UCHI SUBPROVINCE, ONTARIO, CANADA",PK95-2B,BASALT,50.9922,-90.3368,2700.0,ARCHEAN,2700.0,2720.0,2722.0,2724.0,0.74376899,"LIGHT RARE EARTH ELEMENT DEPLETED TO ENRICHED BASALTIC FLOWS FROM 2.8 TO 2.7 GA GREENSTONE BELTS OF THE UCHI SUBPROVINCE, ONTARIO, CANADA",ARCHEAN CRATON (INCLUDING GREENSTONE BELTS),Superior,,50.9922,50.9922,-90.3368,-90.3368,,,,PK95-2B,BASALT,2700000000.0,2700000000.0,PALEO,,,,,BASALT,,,,,WR,53.43,1.23,,15.5,,,,12.41,5.68,5.89,0.18,,0.39,3.8,0.12,,,,,,,,,,,,,,,,,,,,,,,,,,,,,,,,,,,,,,,,,,,,57.0,,8.0,270.0,,,43.0,79.0,,,,,,,,1.0,365.0,22.49,82.0,4.0,,,,,,,,,,,,0.5,594.0,3.53,9.86,1.4,6.96,2.52,0.96,3.56,0.66,4.57,1.03,2.99,,2.87,0.45,2.5,0.19,,,,,,,,,,,0.59,0.08,,,,,,,,,,,,,,,,,,,,,,,,,,
Superior,"LIGHT RARE EARTH ELEMENT DEPLETED TO ENRICHED BASALTIC FLOWS FROM 2.8 TO 2.7 GA GREENSTONE BELTS OF THE UCHI SUBPROVINCE, ONTARIO, CANADA",PK95-3,BASALT,51.0071,-90.3145,2700.0,ARCHEAN,2700.0,2720.0,2722.0,2724.0,0.828970611,"LIGHT RARE EARTH ELEMENT DEPLETED TO ENRICHED BASALTIC FLOWS FROM 2.8 TO 2.7 GA GREENSTONE BELTS OF THE UCHI SUBPROVINCE, ONTARIO, CANADA",ARCHEAN CRATON (INCLUDING GREENSTONE BELTS),Superior,,51.0071,51.0071,-90.3145,-90.3145,,,,PK95-3,BASALT,2700000000.0,2700000000.0,PALEO,,,,,BASALT,,,,,WR,48.63,1.21,,15.77,,,,11.87,13.29,4.33,0.19,,0.4,2.91,0.09,,,,,,,,,,,,,,,,,,,,,,,,,,,,,,,,,,,,,,,,,,,,56.0,,350.0,108.0,,,54.0,92.0,,,,,,,,2.0,683.0,22.85,84.0,5.21,,,,,,,,,,,,0.04,135.0,5.86,13.1,1.7,8.21,2.56,1.08,3.5,0.63,4.18,0.92,2.69,,2.62,0.4,2.22,0.3,,,,,,,,,,,0.61,0.16,,,,,,,,,,,,,,,,,,,,,,,,,,
Superior,"LIGHT RARE EARTH ELEMENT DEPLETED TO ENRICHED BASALTIC FLOWS FROM 2.8 TO 2.7 GA GREENSTONE BELTS OF THE UCHI SUBPROVINCE, ONTARIO, CANADA",PK95-4,BASALT,50.9863,-90.3137,2700.0,ARCHEAN,2700.0,2720.0,2722.0,2724.0,0.690172493,"LIGHT RARE EARTH ELEMENT DEPLETED TO ENRICHED BASALTIC FLOWS FROM 2.8 TO 2.7 GA GREENSTONE BELTS OF THE UCHI SUBPROVINCE, ONTARIO, CANADA",ARCHEAN CRATON (INCLUDING GREENSTONE BELTS),Superior,,50.9863,50.9863,-90.3137,-90.3137,,,,PK95-4,BASALT,2700000000.0,2700000000.0,PALEO,,,,,BASALT,,,,,WR,48.99,0.54,,14.84,,,,10.24,13.01,9.8,0.17,,0.04,1.19,0.04,,,,,,,,,,,,,,,,,,,,,,,,,,,,,,,,,,,,,,,,,,,,51.0,,249.0,304.0,,,70.0,384.0,,,,,,,,0.0,150.0,11.99,29.0,1.54,,,,,,,,,,,,0.02,24.0,1.69,4.68,0.64,3.63,1.28,0.48,1.68,0.29,2.0,0.43,1.22,,1.19,0.16,0.77,0.09,,,,,,,,,,,0.19,0.09,,,,,,,,,,,,,,,,,,,,,,,,,,
Superior,"LIGHT RARE EARTH ELEMENT DEPLETED TO ENRICHED BASALTIC FLOWS FROM 2.8 TO 2.7 GA GREENSTONE BELTS OF THE UCHI SUBPROVINCE, ONTARIO, CANADA",PK95-6,BASALT,50.9342,-90.2957,2700.0,ARCHEAN,2700.0,2720.0,2722.0,2724.0,0.053156771,"LIGHT RARE EARTH ELEMENT DEPLETED TO ENRICHED BASALTIC FLOWS FROM 2.8 TO 2.7 GA GREENSTONE BELTS OF THE UCHI SUBPROVINCE, ONTARIO, CANADA",ARCHEAN CRATON (INCLUDING GREENSTONE BELTS),Superior,,50.9342,50.9342,-90.2957,-90.2957,,,,PK95-6,BASALT,2700000000.0,2700000000.0,PALEO,,,,,BASALT,,,,,WR,51.05,0.59,,15.12,,,,9.41,12.01,7.71,0.18,,0.1,2.73,0.04,,,,,,,,,,,,,,,,,,,,,,,,,,,,,,,,,,,,,,,,,,,,59.0,,269.0,136.0,,,49.0,130.0,,,,,,,,1.0,119.0,14.04,38.0,1.31,,,,,,,,,,,,0.12,18.0,1.44,4.06,0.61,3.44,1.24,0.51,1.99,0.33,2.52,0.54,1.64,,1.71,0.22,0.93,0.08,,,,,,,,,,,0.18,0.02,,,,,,,,,,,,,,,,,,,,,,,,,,
Superior,"LIGHT RARE EARTH ELEMENT DEPLETED TO ENRICHED BASALTIC FLOWS FROM 2.8 TO 2.7 GA GREENSTONE BELTS OF THE UCHI SUBPROVINCE, ONTARIO, CANADA",PL95-42,BASALT,51.025,-90.3582,2700.0,ARCHEAN,2700.0,2720.0,2722.0,2724.0,0.012322182,"LIGHT RARE EARTH ELEMENT DEPLETED TO ENRICHED BASALTIC FLOWS FROM 2.8 TO 2.7 GA GREENSTONE BELTS OF THE UCHI SUBPROVINCE, ONTARIO, CANADA",ARCHEAN CRATON (INCLUDING GREENSTONE BELTS),Superior,,51.025,51.025,-90.3582,-90.3582,,,,PL95-42,BASALT,2700000000.0,2700000000.0,PALEO,,,,,BASALT,,,,,WR,52.26,1.57,,14.89,,,,11.57,11.75,3.49,0.24,,0.38,2.41,0.14,,,,,,,,,,,,,,,,,,,,,,,,,,,,,,,,,,,,,,,,,,,,48.0,,330.0,122.0,,,57.0,76.0,,,,,,,,3.0,494.0,25.63,91.0,6.8,,,,,,,,,,,,0.2,156.0,8.57,20.8,2.77,13.48,3.73,1.35,4.56,0.7,4.59,0.94,2.7,,2.65,0.35,2.58,0.41,,,,,,,,,,,0.79,0.18,,,,,,,,,,,,,,,,,,,,,,,,,,
Superior,"LIGHT RARE EARTH ELEMENT DEPLETED TO ENRICHED BASALTIC FLOWS FROM 2.8 TO 2.7 GA GREENSTONE BELTS OF THE UCHI SUBPROVINCE, ONTARIO, CANADA",SB95-42,BASALT,51.2315,-92.7629,2800.0,ARCHEAN,2800.0,2871.0,2871.0,2871.0,0.658011496,"LIGHT RARE EARTH ELEMENT DEPLETED TO ENRICHED BASALTIC FLOWS FROM 2.8 TO 2.7 GA GREENSTONE BELTS OF THE UCHI SUBPROVINCE, ONTARIO, CANADA",ARCHEAN CRATON (INCLUDING GREENSTONE BELTS),Superior,,51.2315,51.2315,-92.7629,-92.7629,,,,SB95-42,BASALT,2800000000.0,2800000000.0,PALEO,,,,,BASALT,,,,,WR,51.99,0.71,,15.7,,,,11.08,10.61,6.67,0.24,,0.0,1.72,0.05,,,,,,,,,,,,,,,,,,,,,,,,,,,,,,,,,,,,,,,,,,,,48.0,,337.0,452.0,,,70.0,159.0,,,,,,,,0.0,213.0,18.14,44.0,1.37,,,,,,,,,,,,0.0,22.0,2.0,5.38,0.78,4.18,1.5,0.66,2.41,0.42,3.1,0.68,1.94,,1.89,0.27,1.26,0.09,,,,,,,,,,,0.33,0.07,,,,,,,,,,,,,,,,,,,,,,,,,,
Superior,"LITHOGEOCHEMISTRY OF ALTERED ROCKS AT THE NEW INSCO VMS DEPOSIT, NORANDA, QUEBEC",89-1,ANDESITE,48.5,-79.03,2500.0,ARCHEAN,3850.0,2698.0,2700.5,2703.0,0.997569978,"LITHOGEOCHEMISTRY OF ALTERED ROCKS AT THE NEW INSCO VMS DEPOSIT, NORANDA, QUEBEC",ARCHEAN CRATON (INCLUDING GREENSTONE BELTS),Superior,,48.5,48.5,-79.03,-79.03,,,,89-1,ANDESITE,2500000000.0,3850000000.0,PALEO,,,,,ANDESITE,,,,,WR,52.0,0.68,,14.14,,,,24.38,0.71,4.2,0.15,,0.0,0.0,0.11,,,,,,,,,,,,,,,,,,,,,,,,,,,,,,,,,,,,,,,,,,,,,,,,,,,,,,,,,,,,17.0,29.0,119.0,6.0,,,,,,,,,,,,,,,,,,,,,,,,,,,,,,,,,,,,,,,,,,,,,,,,,,,,,,,,,,,,,,,,,,,
Superior,"LITHOGEOCHEMISTRY OF ALTERED ROCKS AT THE NEW INSCO VMS DEPOSIT, NORANDA, QUEBEC",E9147,basalt,48.5,-79.03,2500.0,ARCHEAN,3850.0,2698.0,2700.5,2703.0,0.997809112,"LITHOGEOCHEMISTRY OF ALTERED ROCKS AT THE NEW INSCO VMS DEPOSIT, NORANDA, QUEBEC",ARCHEAN CRATON (INCLUDING GREENSTONE BELTS),Superior,,48.5,48.5,-79.03,-79.03,,,,E9147,basalt,2500000000.0,3850000000.0,PALEO,,,,,basalt,,,,,WR,45.67,0.74,,14.13,,,,13.16,12.85,9.1,0.0,,2.73,0.12,0.04,,,,,,,,,,,,,,,,,,,,,,,,,,,,,,,,,,,,,,,,,,,,,,,,,,,,,,,,,,,,67.0,11.0,57.0,4.0,,,,,,,,,,,,,,,,,,,,,,,,,,,,,,,,,,,,,,,,,,,,,,,,,,,,,,,,,,,,,,,,,,,
Superior,"LITHOGEOCHEMISTRY OF ALTERED ROCKS AT THE NEW INSCO VMS DEPOSIT, NORANDA, QUEBEC",89-6,ANDESITE,48.5,-79.03,2500.0,ARCHEAN,3850.0,2698.0,2700.5,2703.0,0.997982383,"LITHOGEOCHEMISTRY OF ALTERED ROCKS AT THE NEW INSCO VMS DEPOSIT, NORANDA, QUEBEC",ARCHEAN CRATON (INCLUDING GREENSTONE BELTS),Superior,,48.5,48.5,-79.03,-79.03,,,,89-6,ANDESITE,2500000000.0,3850000000.0,PALEO,,,,,ANDESITE,,,,,WR,49.94,0.75,,15.07,,,,25.37,0.3,4.82,0.09,,0.0,0.0,0.09,,,,,,,,,,,,,,,,,,,,,,,,,,,,,,,,,,,,,,,,,,,,,,,,,,,,,,,,,,,,17.0,22.0,118.0,7.0,,,,,,,,,,,,,,,,,,,,,,,,,,,,,,,,,,,,,,,,,,,,,,,,,,,,,,,,,,,,,,,,,,,
Superior,"LITHOGEOCHEMISTRY OF ALTERED ROCKS AT THE NEW INSCO VMS DEPOSIT, NORANDA, QUEBEC",89-5,ANDESITE,48.5,-79.03,2500.0,ARCHEAN,3850.0,2698.0,2700.5,2703.0,0.998865962,"LITHOGEOCHEMISTRY OF ALTERED ROCKS AT THE NEW INSCO VMS DEPOSIT, NORANDA, QUEBEC",ARCHEAN CRATON (INCLUDING GREENSTONE BELTS),Superior,,48.5,48.5,-79.03,-79.03,,,,89-5,ANDESITE,2500000000.0,3850000000.0,PALEO,,,,,ANDESITE,,,,,WR,53.38,0.69,,14.04,,,,23.69,0.38,4.59,0.08,,0.0,0.0,0.1,,,,,,,,,,,,,,,,,,,,,,,,,,,,,,,,,,,,,,,,,,,,,,,,,,,,,,,,,,,,17.0,19.0,121.0,8.0,,,,,,,,,,,,,,,,,,,,,,,,,,,,,,,,,,,,,,,,,,,,,,,,,,,,,,,,,,,,,,,,,,,
Superior,"LITHOGEOCHEMISTRY OF ALTERED ROCKS AT THE NEW INSCO VMS DEPOSIT, NORANDA, QUEBEC",E9121,basalt,48.5,-79.03,2500.0,ARCHEAN,3850.0,2698.0,2700.5,2703.0,0.997049689,"LITHOGEOCHEMISTRY OF ALTERED ROCKS AT THE NEW INSCO VMS DEPOSIT, NORANDA, QUEBEC",ARCHEAN CRATON (INCLUDING GREENSTONE BELTS),Superior,,48.5,48.5,-79.03,-79.03,,,,E9121,basalt,2500000000.0,3850000000.0,PALEO,,,,,basalt,,,,,WR,51.72,0.81,,15.16,,,,8.18,14.28,6.79,0.0,,1.88,0.16,0.11,,,,,,,,,,,,,,,,,,,,,,,,,,,,,,,,,,,,,,,,,,,,,,,,,,,,,,,,,,,,90.0,14.0,93.0,7.0,,,,,,,,,,,,,,,,,,,,,,,,,,,,,,,,,,,,,,,,,,,,,,,,,,,,,,,,,,,,,,,,,,,
Superior,"LONG-LIVED MANTLE-PLUME INFLUENCE ON AN ARCHEAN PROTOCONTINENT; GEOCHEMICAL EVIDENCE FROM THE 3 GA LUMBY LAKE GREENSTONE BELT, ONTARIO, CANADA",LU95-8,THOLEIITE,48.0,-90.0,2500.0,ARCHEAN,3850.0,2903.0,2951.0,2999.0,0.001770027,"LONG-LIVED MANTLE-PLUME INFLUENCE ON AN ARCHEAN PROTOCONTINENT; GEOCHEMICAL EVIDENCE FROM THE 3 GA LUMBY LAKE GREENSTONE BELT, ONTARIO, CANADA",ARCHEAN CRATON (INCLUDING GREENSTONE BELTS),Superior,,48.0,48.0,-90.0,-90.0,,,,LU95-8,THOLEIITE,2500000000.0,3850000000.0,PALEO,,,,,THOLEIITE,,,,,WR,50.79,0.96,,14.86,,,,12.64,10.89,5.68,0.23,,0.08,2.38,0.07,,,,,,,,,,,,,,,,,,,,,,,,,,,,,,,,,,,,,,,,,,,,52.0,,347.0,316.0,,,46.0,82.0,,,,,,,,,,21.06,57.0,2.92,,,,,,,,,,,,,,3.26,8.53,1.33,6.96,2.24,0.97,3.18,0.57,3.77,0.84,2.48,,2.45,0.36,1.67,0.11,,,,,,,,,,,0.31,0.04,,,,,,,,,,,,,,,,,,,,,,,,,,
Superior,"LONG-LIVED MANTLE-PLUME INFLUENCE ON AN ARCHEAN PROTOCONTINENT; GEOCHEMICAL EVIDENCE FROM THE 3 GA LUMBY LAKE GREENSTONE BELT, ONTARIO, CANADA",L23,THOLEIITE,48.0,-90.0,2500.0,ARCHEAN,3850.0,2903.0,2951.0,2999.0,5.32713e-05,"LONG-LIVED MANTLE-PLUME INFLUENCE ON AN ARCHEAN PROTOCONTINENT; GEOCHEMICAL EVIDENCE FROM THE 3 GA LUMBY LAKE GREENSTONE BELT, ONTARIO, CANADA",ARCHEAN CRATON (INCLUDING GREENSTONE BELTS),Superior,,48.0,48.0,-90.0,-90.0,,,,L23,THOLEIITE,2500000000.0,3850000000.0,PALEO,,,,,THOLEIITE,,,,,WR,53.47,1.73,,14.87,,,,11.86,8.87,6.02,0.18,,0.0,1.42,0.26,,,,,,,,,,,,,,,,,,,,,,,,,,,,,,,,,,,,,,,,,,,,26.0,,213.0,311.0,,,44.0,118.0,,,,,,,,,,29.13,149.0,13.23,,,,,,,,,,,,,,14.96,39.48,5.16,22.8,5.41,1.53,5.93,0.85,5.19,0.96,2.76,,2.6,0.34,3.59,0.64,,,,,,,,,,,1.69,0.33,,,,,,,,,,,,,,,,,,,,,,,,,,
Superior,"LONG-LIVED MANTLE-PLUME INFLUENCE ON AN ARCHEAN PROTOCONTINENT; GEOCHEMICAL EVIDENCE FROM THE 3 GA LUMBY LAKE GREENSTONE BELT, ONTARIO, CANADA",L16,THOLEIITE,48.0,-90.0,2500.0,ARCHEAN,3850.0,2903.0,2951.0,2999.0,0.001165693,"LONG-LIVED MANTLE-PLUME INFLUENCE ON AN ARCHEAN PROTOCONTINENT; GEOCHEMICAL EVIDENCE FROM THE 3 GA LUMBY LAKE GREENSTONE BELT, ONTARIO, CANADA",ARCHEAN CRATON (INCLUDING GREENSTONE BELTS),Superior,,48.0,48.0,-90.0,-90.0,,,,L16,THOLEIITE,2500000000.0,3850000000.0,PALEO,,,,,THOLEIITE,,,,,WR,53.55,0.9,,16.61,,,,8.95,9.76,4.82,0.17,,0.06,4.11,0.06,,,,,,,,,,,,,,,,,,,,,,,,,,,,,,,,,,,,,,,,,,,,43.0,,324.0,411.0,,,43.0,107.0,,,,,,,,,,20.71,50.0,3.1,,,,,,,,,,,,,,2.77,7.48,1.16,6.21,1.93,0.73,2.61,0.48,3.37,0.7,2.08,,2.2,0.32,1.45,0.16,,,,,,,,,,,0.27,0.12,,,,,,,,,,,,,,,,,,,,,,,,,,
Superior,"LONG-LIVED MANTLE-PLUME INFLUENCE ON AN ARCHEAN PROTOCONTINENT; GEOCHEMICAL EVIDENCE FROM THE 3 GA LUMBY LAKE GREENSTONE BELT, ONTARIO, CANADA",L12,THOLEIITE,48.0,-90.0,2500.0,ARCHEAN,3850.0,2903.0,2951.0,2999.0,0.003551861,"LONG-LIVED MANTLE-PLUME INFLUENCE ON AN ARCHEAN PROTOCONTINENT; GEOCHEMICAL EVIDENCE FROM THE 3 GA LUMBY LAKE GREENSTONE BELT, ONTARIO, CANADA",ARCHEAN CRATON (INCLUDING GREENSTONE BELTS),Superior,,48.0,48.0,-90.0,-90.0,,,,L12,THOLEIITE,2500000000.0,3850000000.0,PALEO,,,,,THOLEIITE,,,,,WR,50.91,0.8,,15.2,,,,11.92,11.61,7.97,0.23,,0.0,0.0,0.07,,,,,,,,,,,,,,,,,,,,,,,,,,,,,,,,,,,,,,,,,,,,52.0,,343.0,279.0,,,65.0,125.0,,,,,,,,,,18.81,47.0,2.51,,,,,,,,,,,,,,2.74,7.09,1.06,5.6,1.77,0.73,2.57,0.44,3.15,0.69,2.07,,2.04,0.3,1.33,0.14,,,,,,,,,,,0.3,0.1,,,,,,,,,,,,,,,,,,,,,,,,,,
Superior,"LONG-LIVED MANTLE-PLUME INFLUENCE ON AN ARCHEAN PROTOCONTINENT; GEOCHEMICAL EVIDENCE FROM THE 3 GA LUMBY LAKE GREENSTONE BELT, ONTARIO, CANADA",L5,BASALT,48.0,-90.0,2500.0,ARCHEAN,3850.0,2903.0,2951.0,2999.0,0.004581051,"LONG-LIVED MANTLE-PLUME INFLUENCE ON AN ARCHEAN PROTOCONTINENT; GEOCHEMICAL EVIDENCE FROM THE 3 GA LUMBY LAKE GREENSTONE BELT, ONTARIO, CANADA",ARCHEAN CRATON (INCLUDING GREENSTONE BELTS),Superior,,48.0,48.0,-90.0,-90.0,,,,L5,BASALT,2500000000.0,3850000000.0,PALEO,,,,,BASALT,,,,,WR,51.3,0.78,,12.9,,,,11.15,9.41,10.44,0.17,,0.45,2.08,0.06,,,,,,,,,,,,,,,,,,,,,,,,,,,,,,,,,,,,,,,,,,,,49.0,,335.0,573.0,,,75.0,147.0,,,,,,,,,,17.21,49.0,2.79,,,,,,,,,,,,,,3.23,8.7,1.25,6.01,1.93,0.72,2.41,0.42,2.82,0.63,1.74,,1.8,0.27,1.32,0.18,,,,,,,,,,,0.41,0.07,,,,,,,,,,,,,,,,,,,,,,,,,,
Superior,"LONG-LIVED MANTLE-PLUME INFLUENCE ON AN ARCHEAN PROTOCONTINENT; GEOCHEMICAL EVIDENCE FROM THE 3 GA LUMBY LAKE GREENSTONE BELT, ONTARIO, CANADA",L22,THOLEIITE,48.0,-90.0,2500.0,ARCHEAN,3850.0,2903.0,2951.0,2999.0,4.88651e-05,"LONG-LIVED MANTLE-PLUME INFLUENCE ON AN ARCHEAN PROTOCONTINENT; GEOCHEMICAL EVIDENCE FROM THE 3 GA LUMBY LAKE GREENSTONE BELT, ONTARIO, CANADA",ARCHEAN CRATON (INCLUDING GREENSTONE BELTS),Superior,,48.0,48.0,-90.0,-90.0,,,,L22,THOLEIITE,2500000000.0,3850000000.0,PALEO,,,,,THOLEIITE,,,,,WR,53.09,1.69,,14.62,,,,12.21,9.33,5.91,0.18,,0.0,1.37,0.25,,,,,,,,,,,,,,,,,,,,,,,,,,,,,,,,,,,,,,,,,,,,49.0,,242.0,249.0,,,37.0,103.0,,,,,,,,,,27.15,152.0,12.46,,,,,,,,,,,,,,15.96,37.89,4.72,23.11,5.73,1.66,5.52,0.8,5.2,1.02,2.78,,2.53,0.34,3.47,0.61,,,,,,,,,,,1.74,0.32,,,,,,,,,,,,,,,,,,,,,,,,,,
Superior,"LOW- AND HIGH-ALUMINA KOMATIITES FROM A LATE ARCHEAN SEQUENCE, NEWTON TOWNSHIP, ONTARIO",NEW39,BASALT,48.47,-81.4,2500.0,ARCHEAN,3850.0,2680.0,2688.0,2696.0,0.527081549,"LOW- AND HIGH-ALUMINA KOMATIITES FROM A LATE ARCHEAN SEQUENCE, NEWTON TOWNSHIP, ONTARIO",ARCHEAN CRATON (INCLUDING GREENSTONE BELTS),Superior,,48.47,48.47,-81.4,-81.4,,,,NEW39,BASALT,2500000000.0,3850000000.0,PALEO,,,,,BASALT,,,,,WR,51.28,0.59,,10.66,,,,10.23,8.07,14.99,0.21,,0.15,2.14,0.07,,,,,,,,,,,,,,,,,,,,,,,,,,,,,,,,,,,,,,,,,,,,38.0,,225.0,1825.0,,,,516.0,90.0,81.0,,,,,,7.0,99.0,15.0,45.0,,,,,,,,,,,,,,,2.84,8.17,,5.8,1.72,0.56,,,2.56,,1.6,,1.51,0.22,,,,,,,,,,,,,,,,,,,,,,,,,,,,,,,,,,,,,,,,
Superior,"MAFIC TO FELSIC MAGMATISM AND CRUSTAL RECYCLING IN THE OBONGA LAKE GREENSTONE BELT, WESTERN SUPERIOR PROVINCE: EVIDENCE FROM GEOCHEMISTRY, ND ISOTOPES AND U-PB GEOCHRONOLOGY",95-KYT-24,BASALT,49.8,-89.7,2500.0,ARCHEAN,3850.0,2726.0,2733.0,2740.0,0.896562994,"MAFIC TO FELSIC MAGMATISM AND CRUSTAL RECYCLING IN THE OBONGA LAKE GREENSTONE BELT, WESTERN SUPERIOR PROVINCE: EVIDENCE FROM GEOCHEMISTRY, ND ISOTOPES AND U-PB GEOCHRONOLOGY",ARCHEAN CRATON (INCLUDING GREENSTONE BELTS),Superior,,49.8,49.8,-89.7,-89.7,,,,95-KYT-24,BASALT,2500000000.0,3850000000.0,PALEO,,,,,BASALT,,,,,WR,49.84,0.72,,14.45,,,,9.78,11.8,6.5,0.18,,0.21,1.7,0.0,,,,,,,,,,,,,,,,,,,,,,,,,,,,,,,,,,,,,,,,,,,,25.0,,194.0,203.0,,,,80.0,65.0,71.0,,,,,,3.1,308.0,11.89,54.27,2.34,,,,,,,,,,,,,102.0,6.49,14.05,1.65,6.83,1.86,0.69,2.12,0.36,2.63,0.56,1.65,,1.49,0.22,1.42,0.18,,,,,,,,,,,1.1,0.31,,,,,,,,,,,,,,,,,,,,,,,,,,
Superior,"MAFIC TO FELSIC MAGMATISM AND CRUSTAL RECYCLING IN THE OBONGA LAKE GREENSTONE BELT, WESTERN SUPERIOR PROVINCE: EVIDENCE FROM GEOCHEMISTRY, ND ISOTOPES AND U-PB GEOCHRONOLOGY",95-KYT-28,BASALT,49.8,-89.7,2500.0,ARCHEAN,3850.0,2703.0,2713.5,2724.0,0.039036039,"MAFIC TO FELSIC MAGMATISM AND CRUSTAL RECYCLING IN THE OBONGA LAKE GREENSTONE BELT, WESTERN SUPERIOR PROVINCE: EVIDENCE FROM GEOCHEMISTRY, ND ISOTOPES AND U-PB GEOCHRONOLOGY",ARCHEAN CRATON (INCLUDING GREENSTONE BELTS),Superior,,49.8,49.8,-89.7,-89.7,,,,95-KYT-28,BASALT,2500000000.0,3850000000.0,PALEO,,,,,BASALT,,,,,WR,50.6,1.03,,15.83,,,,11.43,9.45,6.16,0.17,,0.06,2.8,0.05,,,,,,,,,,,,,,,,,,,,,,,,,,,,,,,,,,,,,,,,,,,,37.0,,244.0,166.0,,,,66.0,106.0,97.0,,,,,,2.0,247.0,14.15,59.43,5.36,,,,,,,,,,,,,76.0,6.24,16.88,2.17,8.02,2.01,0.78,2.4,0.38,2.63,0.54,1.57,,1.42,0.21,1.41,0.42,,,,,,,,,,,0.49,0.13,,,,,,,,,,,,,,,,,,,,,,,,,,
Superior,"MAFIC TO FELSIC MAGMATISM AND CRUSTAL RECYCLING IN THE OBONGA LAKE GREENSTONE BELT, WESTERN SUPERIOR PROVINCE: EVIDENCE FROM GEOCHEMISTRY, ND ISOTOPES AND U-PB GEOCHRONOLOGY",95-KYT-29,BASALT,49.8,-89.7,2500.0,ARCHEAN,3850.0,2703.0,2713.5,2724.0,0.008748432,"MAFIC TO FELSIC MAGMATISM AND CRUSTAL RECYCLING IN THE OBONGA LAKE GREENSTONE BELT, WESTERN SUPERIOR PROVINCE: EVIDENCE FROM GEOCHEMISTRY, ND ISOTOPES AND U-PB GEOCHRONOLOGY",ARCHEAN CRATON (INCLUDING GREENSTONE BELTS),Superior,,49.8,49.8,-89.7,-89.7,,,,95-KYT-29,BASALT,2500000000.0,3850000000.0,PALEO,,,,,BASALT,,,,,WR,48.13,0.88,,17.67,,,,11.93,9.78,5.26,0.23,,0.32,2.78,0.0,,,,,,,,,,,,,,,,,,,,,,,,,,,,,,,,,,,,,,,,,,,,31.0,,224.0,248.0,,,,140.0,110.0,99.0,,,,,,11.1,136.0,11.07,50.31,3.45,,,,,,,,,,,,,94.0,4.42,12.12,1.56,6.72,1.74,0.63,1.74,0.29,2.01,0.42,1.25,,1.11,0.16,1.19,0.26,,,,,,,,,,,0.38,0.09,,,,,,,,,,,,,,,,,,,,,,,,,,
Superior,"MAFIC TO FELSIC MAGMATISM AND CRUSTAL RECYCLING IN THE OBONGA LAKE GREENSTONE BELT, WESTERN SUPERIOR PROVINCE: EVIDENCE FROM GEOCHEMISTRY, ND ISOTOPES AND U-PB GEOCHRONOLOGY",95-KYT-34,BASALT,49.8,-89.7,2500.0,ARCHEAN,3850.0,2703.0,2713.5,2724.0,0.005258871,"MAFIC TO FELSIC MAGMATISM AND CRUSTAL RECYCLING IN THE OBONGA LAKE GREENSTONE BELT, WESTERN SUPERIOR PROVINCE: EVIDENCE FROM GEOCHEMISTRY, ND ISOTOPES AND U-PB GEOCHRONOLOGY",ARCHEAN CRATON (INCLUDING GREENSTONE BELTS),Superior,,49.8,49.8,-89.7,-89.7,,,,95-KYT-34,BASALT,2500000000.0,3850000000.0,PALEO,,,,,BASALT,,,,,WR,51.68,1.28,,15.06,,,,12.78,10.51,3.96,0.31,,0.2,2.14,0.08,,,,,,,,,,,,,,,,,,,,,,,,,,,,,,,,,,,,,,,,,,,,37.0,,308.0,109.0,,,,61.0,134.0,116.0,,,,,,2.6,113.0,16.48,66.85,6.31,,,,,,,,,,,,,109.0,8.31,20.97,2.62,10.9,2.69,0.95,2.8,0.45,3.01,0.63,1.79,,1.7,0.25,1.62,0.4,,,,,,,,,,,0.56,0.15,,,,,,,,,,,,,,,,,,,,,,,,,,
Superior,"MAFIC TO FELSIC MAGMATISM AND CRUSTAL RECYCLING IN THE OBONGA LAKE GREENSTONE BELT, WESTERN SUPERIOR PROVINCE: EVIDENCE FROM GEOCHEMISTRY, ND ISOTOPES AND U-PB GEOCHRONOLOGY",95-KYT-39,BASALT,49.8,-89.7,2500.0,ARCHEAN,3850.0,2703.0,2713.5,2724.0,0.002237953,"MAFIC TO FELSIC MAGMATISM AND CRUSTAL RECYCLING IN THE OBONGA LAKE GREENSTONE BELT, WESTERN SUPERIOR PROVINCE: EVIDENCE FROM GEOCHEMISTRY, ND ISOTOPES AND U-PB GEOCHRONOLOGY",ARCHEAN CRATON (INCLUDING GREENSTONE BELTS),Superior,,49.8,49.8,-89.7,-89.7,,,,95-KYT-39,BASALT,2500000000.0,3850000000.0,PALEO,,,,,BASALT,,,,,WR,52.09,2.25,,13.99,,,,12.76,8.33,3.07,0.29,,0.15,3.55,0.2,,,,,,,,,,,,,,,,,,,,,,,,,,,,,,,,,,,,,,,,,,,,33.0,,341.0,72.0,,,,44.0,57.0,129.0,,,,,,8.6,141.0,37.86,142.82,6.99,,,,,,,,,,,,,174.0,9.72,26.74,3.67,17.81,5.39,1.55,5.89,1.01,7.37,1.6,4.61,,4.07,0.59,3.56,0.51,,,,,,,,,,,0.85,0.2,,,,,,,,,,,,,,,,,,,,,,,,,,
Superior,"MAFIC TO FELSIC MAGMATISM AND CRUSTAL RECYCLING IN THE OBONGA LAKE GREENSTONE BELT, WESTERN SUPERIOR PROVINCE: EVIDENCE FROM GEOCHEMISTRY, ND ISOTOPES AND U-PB GEOCHRONOLOGY",95-KYT-40,BASALT,49.8,-89.7,2500.0,ARCHEAN,3850.0,2703.0,2713.5,2724.0,0.00073703,"MAFIC TO FELSIC MAGMATISM AND CRUSTAL RECYCLING IN THE OBONGA LAKE GREENSTONE BELT, WESTERN SUPERIOR PROVINCE: EVIDENCE FROM GEOCHEMISTRY, ND ISOTOPES AND U-PB GEOCHRONOLOGY",ARCHEAN CRATON (INCLUDING GREENSTONE BELTS),Superior,,49.8,49.8,-89.7,-89.7,,,,95-KYT-40,BASALT,2500000000.0,3850000000.0,PALEO,,,,,BASALT,,,,,WR,49.11,1.95,,15.85,,,,12.9,11.56,2.45,0.35,,0.23,1.79,0.2,,,,,,,,,,,,,,,,,,,,,,,,,,,,,,,,,,,,,,,,,,,,33.0,,294.0,84.0,,,,47.0,16.0,127.0,,,,,,4.8,105.0,31.94,111.23,5.68,,,,,,,,,,,,,77.0,8.02,21.1,2.99,14.68,4.38,1.42,4.81,0.82,6.07,1.31,3.72,,3.37,0.49,2.84,0.38,,,,,,,,,,,0.6,0.14,,,,,,,,,,,,,,,,,,,,,,,,,,
Superior,"MAFIC TO FELSIC MAGMATISM AND CRUSTAL RECYCLING IN THE OBONGA LAKE GREENSTONE BELT, WESTERN SUPERIOR PROVINCE: EVIDENCE FROM GEOCHEMISTRY, ND ISOTOPES AND U-PB GEOCHRONOLOGY",95-KYT-47,BASALT,49.8,-89.7,2500.0,ARCHEAN,3850.0,2726.0,2733.0,2740.0,0.003582367,"MAFIC TO FELSIC MAGMATISM AND CRUSTAL RECYCLING IN THE OBONGA LAKE GREENSTONE BELT, WESTERN SUPERIOR PROVINCE: EVIDENCE FROM GEOCHEMISTRY, ND ISOTOPES AND U-PB GEOCHRONOLOGY",ARCHEAN CRATON (INCLUDING GREENSTONE BELTS),Superior,,49.8,49.8,-89.7,-89.7,,,,95-KYT-47,BASALT,2500000000.0,3850000000.0,PALEO,,,,,BASALT,,,,,WR,53.44,1.17,,16.87,,,,8.53,8.79,4.72,0.2,,0.09,3.72,0.16,,,,,,,,,,,,,,,,,,,,,,,,,,,,,,,,,,,,,,,,,,,,20.0,,175.0,205.0,,,,107.0,35.0,109.0,,,,,,6.3,156.0,21.27,156.57,8.49,,,,,,,,,,,,,97.0,16.63,40.36,4.54,16.11,3.68,1.16,3.92,0.63,4.25,0.87,2.47,,2.28,0.32,3.64,0.62,,,,,,,,,,,2.38,0.41,,,,,,,,,,,,,,,,,,,,,,,,,,
Superior,"MAFIC TO FELSIC MAGMATISM AND CRUSTAL RECYCLING IN THE OBONGA LAKE GREENSTONE BELT, WESTERN SUPERIOR PROVINCE: EVIDENCE FROM GEOCHEMISTRY, ND ISOTOPES AND U-PB GEOCHRONOLOGY",95-KYT-48,BASALT,49.8,-89.7,2500.0,ARCHEAN,3850.0,2726.0,2733.0,2740.0,0.003386438,"MAFIC TO FELSIC MAGMATISM AND CRUSTAL RECYCLING IN THE OBONGA LAKE GREENSTONE BELT, WESTERN SUPERIOR PROVINCE: EVIDENCE FROM GEOCHEMISTRY, ND ISOTOPES AND U-PB GEOCHRONOLOGY",ARCHEAN CRATON (INCLUDING GREENSTONE BELTS),Superior,,49.8,49.8,-89.7,-89.7,,,,95-KYT-48,BASALT,2500000000.0,3850000000.0,PALEO,,,,,BASALT,,,,,WR,46.95,1.29,,14.47,,,,13.43,13.24,5.07,0.23,,0.36,1.34,0.06,,,,,,,,,,,,,,,,,,,,,,,,,,,,,,,,,,,,,,,,,,,,36.0,,325.0,108.0,,,,64.0,133.0,123.0,,,,,,6.7,183.0,23.07,71.97,3.38,,,,,,,,,,,,,173.0,4.91,12.84,1.83,8.82,2.85,0.99,3.38,0.6,4.51,0.97,2.82,,2.62,0.39,1.9,0.23,,,,,,,,,,,0.35,0.08,,,,,,,,,,,,,,,,,,,,,,,,,,
Superior,"MAFIC TO FELSIC MAGMATISM AND CRUSTAL RECYCLING IN THE OBONGA LAKE GREENSTONE BELT, WESTERN SUPERIOR PROVINCE: EVIDENCE FROM GEOCHEMISTRY, ND ISOTOPES AND U-PB GEOCHRONOLOGY",95-KYT-51,BASALT,49.8,-89.7,2500.0,ARCHEAN,3850.0,2726.0,2733.0,2740.0,0.001297527,"MAFIC TO FELSIC MAGMATISM AND CRUSTAL RECYCLING IN THE OBONGA LAKE GREENSTONE BELT, WESTERN SUPERIOR PROVINCE: EVIDENCE FROM GEOCHEMISTRY, ND ISOTOPES AND U-PB GEOCHRONOLOGY",ARCHEAN CRATON (INCLUDING GREENSTONE BELTS),Superior,,49.8,49.8,-89.7,-89.7,,,,95-KYT-51,BASALT,2500000000.0,3850000000.0,PALEO,,,,,BASALT,,,,,WR,48.84,1.33,,14.79,,,,13.54,10.44,5.86,0.23,,0.5,1.63,0.06,,,,,,,,,,,,,,,,,,,,,,,,,,,,,,,,,,,,,,,,,,,,41.0,,371.0,112.0,,,,80.0,40.0,157.0,,,,,,6.6,130.0,26.41,79.56,3.74,,,,,,,,,,,,,130.0,4.83,12.96,1.85,9.2,2.97,0.93,3.4,0.62,4.67,1.02,2.94,,2.71,0.4,2.08,0.24,,,,,,,,,,,0.37,0.09,,,,,,,,,,,,,,,,,,,,,,,,,,
Superior,"MAFIC TO FELSIC MAGMATISM AND CRUSTAL RECYCLING IN THE OBONGA LAKE GREENSTONE BELT, WESTERN SUPERIOR PROVINCE: EVIDENCE FROM GEOCHEMISTRY, ND ISOTOPES AND U-PB GEOCHRONOLOGY",96-KYT-177,BASALT,49.8,-89.7,2500.0,ARCHEAN,3850.0,2726.0,2733.0,2740.0,0.02155121,"MAFIC TO FELSIC MAGMATISM AND CRUSTAL RECYCLING IN THE OBONGA LAKE GREENSTONE BELT, WESTERN SUPERIOR PROVINCE: EVIDENCE FROM GEOCHEMISTRY, ND ISOTOPES AND U-PB GEOCHRONOLOGY",ARCHEAN CRATON (INCLUDING GREENSTONE BELTS),Superior,,49.8,49.8,-89.7,-89.7,,,,96-KYT-177,BASALT,2500000000.0,3850000000.0,PALEO,,,,,BASALT,,,,,WR,47.6,1.41,,15.08,,,,12.41,9.3,6.42,0.19,,,2.62,0.06,,,,,,,,,,,,,,,,,,,,,,,,,,,,,,,,,,,,,,,,,,,,41.0,,337.0,263.0,,,,65.0,154.0,60.0,,,,,,1.72,126.0,29.6,80.83,3.42,,,,,,,,,,,,,32.96,3.68,10.97,1.72,9.1,3.11,0.93,3.5,0.63,4.91,1.04,2.99,,2.78,0.4,2.16,0.21,,,,,,,,,,,0.3,0.07,,,,,,,,,,,,,,,,,,,,,,,,,,
Superior,"MAFIC TO FELSIC MAGMATISM AND CRUSTAL RECYCLING IN THE OBONGA LAKE GREENSTONE BELT, WESTERN SUPERIOR PROVINCE: EVIDENCE FROM GEOCHEMISTRY, ND ISOTOPES AND U-PB GEOCHRONOLOGY",96-KYT-178,BASALT,49.8,-89.7,2500.0,ARCHEAN,3850.0,2726.0,2733.0,2740.0,0.01998446,"MAFIC TO FELSIC MAGMATISM AND CRUSTAL RECYCLING IN THE OBONGA LAKE GREENSTONE BELT, WESTERN SUPERIOR PROVINCE: EVIDENCE FROM GEOCHEMISTRY, ND ISOTOPES AND U-PB GEOCHRONOLOGY",ARCHEAN CRATON (INCLUDING GREENSTONE BELTS),Superior,,49.8,49.8,-89.7,-89.7,,,,96-KYT-178,BASALT,2500000000.0,3850000000.0,PALEO,,,,,BASALT,,,,,WR,50.44,0.83,,14.85,,,,11.38,6.03,6.78,0.23,,,3.97,0.04,,,,,,,,,,,,,,,,,,,,,,,,,,,,,,,,,,,,,,,,,,,,34.0,,237.0,57.0,,,,60.0,25.0,92.0,,,,,,4.54,83.0,18.4,65.91,2.62,,,,,,,,,,,,,86.05,6.66,15.45,1.89,8.15,2.14,0.7,2.24,0.39,2.97,0.64,1.84,,1.74,0.26,1.67,0.18,,,,,,,,,,,1.39,0.33,,,,,,,,,,,,,,,,,,,,,,,,,,
Superior,"MAGMA MIXING IN KOMATIITIC LAVAS FROM MUNRO TOWNSHIP, ONTARIO",4,BASALT,48.2,-80.1,2500.0,ARCHEAN,3850.0,2700.0,2720.0,2740.0,0.999934673,"MAGMA MIXING IN KOMATIITIC LAVAS FROM MUNRO TOWNSHIP, ONTARIO",ARCHEAN CRATON (INCLUDING GREENSTONE BELTS),Superior,,48.2,48.2,-80.1,-80.1,,,,4,BASALT,2500000000.0,3850000000.0,PALEO,,,,,BASALT,,,,,WR,48.8,0.75,,11.4,,,,13.1,10.2,14.0,,,,1.89,,,,,,,,,,,,,,,,,,,,,,,,,,,,,,,,,,,,,,,,,,,,,,,,,,,,,,,,,,,,,,,,,,,,,,,,,,,,,,,,,,,,,,,,,,,,,,,,,,,,,,,,,,,,,,,,,,,,,,,,,,,,,,,,,,,
Superior,"MAGMA MIXING IN KOMATIITIC LAVAS FROM MUNRO TOWNSHIP, ONTARIO",C125,BASALT,48.2,-80.1,2500.0,ARCHEAN,3850.0,2700.0,2720.0,2740.0,0.860674143,"MAGMA MIXING IN KOMATIITIC LAVAS FROM MUNRO TOWNSHIP, ONTARIO",ARCHEAN CRATON (INCLUDING GREENSTONE BELTS),Superior,,48.2,48.2,-80.1,-80.1,,,,C125,BASALT,2500000000.0,3850000000.0,PALEO,,,,,BASALT,,,,,WR,50.63,0.63,,13.2,,,,10.17,10.2,9.8,0.21,,0.15,3.54,0.06,,,,,,,,,,,,,,,,,,,,,,,,,,,,,,,,,,,,,,,,,,,,41.0,,269.0,595.0,,,,171.0,,,,,,,,3.0,161.0,18.0,37.0,1.4,,,,,,,,,,,,,142.0,1.88,5.27,,4.48,1.67,0.63,2.5,,3.15,,2.03,,1.94,0.29,,,,,,,,,,,,,,,,,,,,,,,,,,,,,,,,,,,,,,,,
Superior,"MAGMA MIXING IN KOMATIITIC LAVAS FROM MUNRO TOWNSHIP, ONTARIO",C123,BASALT,48.2,-80.1,2500.0,ARCHEAN,3850.0,2700.0,2720.0,2740.0,0.144736975,"MAGMA MIXING IN KOMATIITIC LAVAS FROM MUNRO TOWNSHIP, ONTARIO",ARCHEAN CRATON (INCLUDING GREENSTONE BELTS),Superior,,48.2,48.2,-80.1,-80.1,,,,C123,BASALT,2500000000.0,3850000000.0,PALEO,,,,,BASALT,,,,,WR,50.1,0.42,,8.39,,,,10.6,13.57,14.71,0.24,,0.03,0.31,0.04,,,,,,,,,,,,,,,,,,,,,,,,,,,,,,,,,,,,,,,,,,,,28.0,,160.0,2058.0,,,,461.0,,,,,,,,2.0,16.0,11.0,20.0,1.5,,,,,,,,,,,,,11.0,0.8,2.38,,2.2,0.84,0.46,1.26,,1.54,,0.99,,0.95,0.143,,,,,,,,,,,,,,,,,,,,,,,,,,,,,,,,,,,,,,,,
Superior,"MAGMA MIXING IN KOMATIITIC LAVAS FROM MUNRO TOWNSHIP, ONTARIO",C31,BASALT,48.2,-80.1,2500.0,ARCHEAN,3850.0,2700.0,2720.0,2740.0,0.313436151,"MAGMA MIXING IN KOMATIITIC LAVAS FROM MUNRO TOWNSHIP, ONTARIO",ARCHEAN CRATON (INCLUDING GREENSTONE BELTS),Superior,,48.2,48.2,-80.1,-80.1,,,,C31,BASALT,2500000000.0,3850000000.0,PALEO,,,,,BASALT,,,,,WR,52.05,0.88,,14.4,,,,10.08,10.5,7.5,0.17,,0.09,3.09,0.09,,,,,,,,,,,,,,,,,,,,,,,,,,,,,,,,,,,,,,,,,,,,36.0,,259.0,294.0,,,,78.0,,,,,,,,2.7,98.0,24.4,63.0,3.8,,,,,,,,,,,,,72.0,,11.4,,7.36,2.25,0.74,2.98,,3.49,,2.22,,2.32,0.4,,,,,,,,,,,,,,,,,,,,,,,,,,,,,,,,,,,,,,,,
Superior,"MAGMA MIXING IN KOMATIITIC LAVAS FROM MUNRO TOWNSHIP, ONTARIO",C126,BASALT,48.2,-80.1,2700.0,ARCHEAN,2700.0,2700.0,2720.0,2740.0,0.207350001,"MAGMA MIXING IN KOMATIITIC LAVAS FROM MUNRO TOWNSHIP, ONTARIO",ARCHEAN CRATON (INCLUDING GREENSTONE BELTS),Superior,,48.2,48.2,-80.1,-80.1,,,,C126,BASALT,2700000000.0,2700000000.0,PALEO,,,,,BASALT,,,,,WR,51.02,0.61,,12.2,,,,10.44,8.5,12.2,0.19,,0.09,3.39,0.07,,,,,,,,,,,,,,,,,,,,,,,,,,,,,,,,,,,,,,,,,,,,38.0,,237.0,1089.0,,,,285.0,,,,,,,,1.8,73.0,17.0,38.0,1.8,,,,,,,,,,,,,102.0,1.7,4.88,,4.17,1.53,0.55,2.35,,2.78,,1.79,,1.73,0.26,,,,,,,,,,,,,,,,,,,,,,,,,,,,,,,,,,,,,,,,
Superior,"MAGMA MIXING IN KOMATIITIC LAVAS FROM MUNRO TOWNSHIP, ONTARIO",C85A,BASALT,48.2,-80.1,2500.0,ARCHEAN,3850.0,2700.0,2720.0,2740.0,0.999934673,"MAGMA MIXING IN KOMATIITIC LAVAS FROM MUNRO TOWNSHIP, ONTARIO",ARCHEAN CRATON (INCLUDING GREENSTONE BELTS),Superior,,48.2,48.2,-80.1,-80.1,,,,C85A,BASALT,2500000000.0,3850000000.0,PALEO,,,,,BASALT,,,,,WR,51.6,0.65,,12.9,,,,11.43,10.3,9.5,0.19,,0.18,1.79,,,,,,,,,,,,,,,,,,,,,,,,,,,,,,,,,,,,,,,,,,,,,,,,595.0,,,,85.0,,,,,,,,,,,,,,,,,,,,,,,,,,,,,,,,,,,,,,,,,,,,,,,,,,,,,,,,,,,,,,,,,,,,,,,,,,,,,,,
Superior,"MAGMA MIXING IN KOMATIITIC LAVAS FROM MUNRO TOWNSHIP, ONTARIO",M613,BASALT,48.2,-80.1,2500.0,ARCHEAN,3850.0,2700.0,2720.0,2740.0,0.999934673,"MAGMA MIXING IN KOMATIITIC LAVAS FROM MUNRO TOWNSHIP, ONTARIO",ARCHEAN CRATON (INCLUDING GREENSTONE BELTS),Superior,,48.2,48.2,-80.1,-80.1,,,,M613,BASALT,2500000000.0,3850000000.0,PALEO,,,,,BASALT,,,,,WR,48.7,0.68,,11.5,,,,10.53,10.1,15.0,0.19,,,1.82,,,,,,,,,,,,,,,,,,,,,,,,,,,,,,,,,,,,,,,,,,,,,,,,1302.0,,,,465.0,,,,,,,,,,,,,,,,,,,,,,,,,,,,,,,,,,,,,,,,,,,,,,,,,,,,,,,,,,,,,,,,,,,,,,,,,,,,,,,
Superior,"MAGMA MIXING IN KOMATIITIC LAVAS FROM MUNRO TOWNSHIP, ONTARIO",M615,BASALT,48.2,-80.1,2500.0,ARCHEAN,3850.0,2700.0,2720.0,2740.0,0.999934673,"MAGMA MIXING IN KOMATIITIC LAVAS FROM MUNRO TOWNSHIP, ONTARIO",ARCHEAN CRATON (INCLUDING GREENSTONE BELTS),Superior,,48.2,48.2,-80.1,-80.1,,,,M615,BASALT,2500000000.0,3850000000.0,PALEO,,,,,BASALT,,,,,WR,50.9,0.72,,12.0,,,,10.35,7.6,13.9,0.17,,,2.9,,,,,,,,,,,,,,,,,,,,,,,,,,,,,,,,,,,,,,,,,,,,,,,,1360.0,,,,574.0,,,,,,,,,,,,,,,,,,,,,,,,,,,,,,,,,,,,,,,,,,,,,,,,,,,,,,,,,,,,,,,,,,,,,,,,,,,,,,,
Superior,"MAGMA MIXING IN KOMATIITIC LAVAS FROM MUNRO TOWNSHIP, ONTARIO",C87A,BASALT,48.2,-80.1,2500.0,ARCHEAN,3850.0,2700.0,2720.0,2740.0,0.999934673,"MAGMA MIXING IN KOMATIITIC LAVAS FROM MUNRO TOWNSHIP, ONTARIO",ARCHEAN CRATON (INCLUDING GREENSTONE BELTS),Superior,,48.2,48.2,-80.1,-80.1,,,,C87A,BASALT,2500000000.0,3850000000.0,PALEO,,,,,BASALT,,,,,WR,49.6,0.64,,13.0,,,,11.79,10.9,10.6,0.19,,0.06,1.8,,,,,,,,,,,,,,,,,,,,,,,,,,,,,,,,,,,,,,,,,,,,,,,,553.0,,,,130.0,,,,,,,,,,,,,,,,,,,,,,,,,,,,,,,,,,,,,,,,,,,,,,,,,,,,,,,,,,,,,,,,,,,,,,,,,,,,,,,
Superior,"MAGMA MIXING IN KOMATIITIC LAVAS FROM MUNRO TOWNSHIP, ONTARIO",C84A,BASALT,48.2,-80.1,2500.0,ARCHEAN,3850.0,2700.0,2720.0,2740.0,0.999934673,"MAGMA MIXING IN KOMATIITIC LAVAS FROM MUNRO TOWNSHIP, ONTARIO",ARCHEAN CRATON (INCLUDING GREENSTONE BELTS),Superior,,48.2,48.2,-80.1,-80.1,,,,C84A,BASALT,2500000000.0,3850000000.0,PALEO,,,,,BASALT,,,,,WR,47.3,0.55,,11.3,,,,12.6,9.2,15.2,0.23,,0.13,1.8,,,,,,,,,,,,,,,,,,,,,,,,,,,,,,,,,,,,,,,,,,,,,,,,1100.0,,,,276.0,,,,,,,,,,,,,,,,,,,,,,,,,,,,,,,,,,,,,,,,,,,,,,,,,,,,,,,,,,,,,,,,,,,,,,,,,,,,,,,
Superior,"MAGMA MIXING IN KOMATIITIC LAVAS FROM MUNRO TOWNSHIP, ONTARIO",M622,BASALT,48.2,-80.1,2500.0,ARCHEAN,3850.0,2700.0,2720.0,2740.0,0.999934673,"MAGMA MIXING IN KOMATIITIC LAVAS FROM MUNRO TOWNSHIP, ONTARIO",ARCHEAN CRATON (INCLUDING GREENSTONE BELTS),Superior,,48.2,48.2,-80.1,-80.1,,,,M622,BASALT,2500000000.0,3850000000.0,PALEO,,,,,BASALT,,,,,WR,50.0,0.6,,9.9,,,,9.81,9.8,16.6,0.16,,,1.5,,,,,,,,,,,,,,,,,,,,,,,,,,,,,,,,,,,,,,,,,,,,,,,,1750.0,,,,765.0,,,,,,,,,,,,,,,,,,,,,,,,,,,,,,,,,,,,,,,,,,,,,,,,,,,,,,,,,,,,,,,,,,,,,,,,,,,,,,,
Superior,"MAGNESIAN ANDESITES, NB-ENRICHED BASALT-ANDESITES, AND ADAKITES FROM LATE-ARCHEAN 2.7 GA WAWA GREENSTONE BELT, SUPERIOR PROVINCE, CANADA: IMPLICATIONS FOR LATE ARCHEAN SUBDUCTION ZONE PETROGENETIC PROCESSES",SC95-20,BASALT,48.8,-87.27,2500.0,ARCHEAN,3850.0,2680.0,2701.0,2722.0,0.006035347,"MAGNESIAN ANDESITES, NB-ENRICHED BASALT-ANDESITES, AND ADAKITES FROM LATE-ARCHEAN 2.7 GA WAWA GREENSTONE BELT, SUPERIOR PROVINCE, CANADA: IMPLICATIONS FOR LATE ARCHEAN SUBDUCTION ZONE PETROGENETIC PROCESSES",ARCHEAN CRATON (INCLUDING GREENSTONE BELTS),Superior,,48.8,48.8,-87.27,-87.27,,,,SC95-20,BASALT,2500000000.0,3850000000.0,PALEO,,,,,BASALT,,,,,WR,49.7,2.11,,12.9,,,,16.47,9.0,4.5,0.29,,0.2,2.7,0.3,,,,,,,,,,,,,,,,,,,,,,,,,,,,,,,,,,,,,,,,,,,,39.9,,368.0,14.0,,,41.0,27.0,,,,,,,,2.0,133.0,34.9,138.0,5.17,,,,,,,,,,,,0.2,23.0,10.0,25.7,3.8,17.7,4.7,1.6,5.9,1.0,6.4,1.3,3.9,,3.83,0.6,3.8,0.5,,,,,,,,,,,0.79,0.2,,,,,,,,,,,,,,,,,,,,,,,,,,
Superior,"MAGNESIAN ANDESITES, NB-ENRICHED BASALT-ANDESITES, AND ADAKITES FROM LATE-ARCHEAN 2.7 GA WAWA GREENSTONE BELT, SUPERIOR PROVINCE, CANADA: IMPLICATIONS FOR LATE ARCHEAN SUBDUCTION ZONE PETROGENETIC PROCESSES",HE9,BASALT,48.6,-87.85,2500.0,ARCHEAN,3850.0,2680.0,2701.0,2722.0,0.238212571,"MAGNESIAN ANDESITES, NB-ENRICHED BASALT-ANDESITES, AND ADAKITES FROM LATE-ARCHEAN 2.7 GA WAWA GREENSTONE BELT, SUPERIOR PROVINCE, CANADA: IMPLICATIONS FOR LATE ARCHEAN SUBDUCTION ZONE PETROGENETIC PROCESSES",ARCHEAN CRATON (INCLUDING GREENSTONE BELTS),Superior,,48.6,48.6,-87.85,-87.85,,,,HE9,BASALT,2500000000.0,3850000000.0,PALEO,,,,,BASALT,,,,,WR,50.81,0.9,,16.42,,,,10.57,11.32,4.94,0.28,,0.77,2.69,0.14,,,,,,,,,,,,,,,,,,,,,,,,,,,,,,,,,,,,,,,,,,,,33.7,,200.0,208.0,,,,58.0,,,,,,,,32.0,280.0,19.1,67.0,3.68,,,,,,,,,,,,0.9,317.0,11.0,26.7,3.34,14.59,3.03,0.97,3.27,0.47,3.06,0.64,1.85,,1.82,0.26,1.9,0.18,,,,,,,,,,,1.06,0.15,,,,,,,,,,,,,,,,,,,,,,,,,,
Superior,"MAGNESIAN ANDESITES, NB-ENRICHED BASALT-ANDESITES, AND ADAKITES FROM LATE-ARCHEAN 2.7 GA WAWA GREENSTONE BELT, SUPERIOR PROVINCE, CANADA: IMPLICATIONS FOR LATE ARCHEAN SUBDUCTION ZONE PETROGENETIC PROCESSES",HB95-15,BASALT,48.65,-86.28,2700.0,ARCHEAN,2700.0,2680.0,2701.0,2722.0,0.997327447,"MAGNESIAN ANDESITES, NB-ENRICHED BASALT-ANDESITES, AND ADAKITES FROM LATE-ARCHEAN 2.7 GA WAWA GREENSTONE BELT, SUPERIOR PROVINCE, CANADA: IMPLICATIONS FOR LATE ARCHEAN SUBDUCTION ZONE PETROGENETIC PROCESSES",ARCHEAN CRATON (INCLUDING GREENSTONE BELTS),Superior,,48.65,48.65,-86.28,-86.28,,,,HB95-15,BASALT,2700000000.0,2700000000.0,PALEO,,,,,BASALT,,,,,WR,54.0,0.62,,15.7,,,,8.46,11.8,4.0,0.2,,0.6,3.5,0.22,,,,,,,,,,,,,,,,,,,,,,,,,,,,,,,,,,,,,,,,,,,,24.4,,187.0,117.0,,,36.0,64.0,,,,,,,,15.0,913.0,18.4,102.0,3.42,,,,,,,,,,,,0.6,155.0,24.2,55.7,6.74,27.4,5.33,1.473,4.31,0.519,3.0,0.6,1.65,,1.41,0.218,2.84,0.17,,,,,,,,,,,3.51,0.643,,,,,,,,,,,,,,,,,,,,,,,,,,
Superior,"MAGNESIAN ANDESITES, NB-ENRICHED BASALT-ANDESITES, AND ADAKITES FROM LATE-ARCHEAN 2.7 GA WAWA GREENSTONE BELT, SUPERIOR PROVINCE, CANADA: IMPLICATIONS FOR LATE ARCHEAN SUBDUCTION ZONE PETROGENETIC PROCESSES",WR95-1,BASALT,48.5,-85.5,2700.0,ARCHEAN,2700.0,2680.0,2701.0,2722.0,0.002701898,"MAGNESIAN ANDESITES, NB-ENRICHED BASALT-ANDESITES, AND ADAKITES FROM LATE-ARCHEAN 2.7 GA WAWA GREENSTONE BELT, SUPERIOR PROVINCE, CANADA: IMPLICATIONS FOR LATE ARCHEAN SUBDUCTION ZONE PETROGENETIC PROCESSES",ARCHEAN CRATON (INCLUDING GREENSTONE BELTS),Superior,,48.5,48.5,-85.5,-85.5,,,,WR95-1,BASALT,2700000000.0,2700000000.0,PALEO,,,,,BASALT,,,,,WR,50.5,1.42,,13.1,,,,14.94,9.5,5.3,0.24,,0.8,2.4,0.14,,,,,,,,,,,,,,,,,,,,,,,,,,,,,,,,,,,,,,,,,,,,44.6,,306.0,217.0,,,41.0,32.0,,,,,,,,64.0,154.0,30.9,116.0,7.26,,,,,,,,,,,,17.4,243.0,12.8,30.0,3.76,16.2,4.3,1.407,5.16,0.886,5.76,1.22,3.46,,3.47,0.515,3.2,0.49,,,,,,,,,,,2.44,0.501,,,,,,,,,,,,,,,,,,,,,,,,,,
Superior,"MAGNESIAN ANDESITES, NB-ENRICHED BASALT-ANDESITES, AND ADAKITES FROM LATE-ARCHEAN 2.7 GA WAWA GREENSTONE BELT, SUPERIOR PROVINCE, CANADA: IMPLICATIONS FOR LATE ARCHEAN SUBDUCTION ZONE PETROGENETIC PROCESSES",HE5,BASALT,48.6,-87.85,2500.0,ARCHEAN,3850.0,2680.0,2701.0,2722.0,0.913577378,"MAGNESIAN ANDESITES, NB-ENRICHED BASALT-ANDESITES, AND ADAKITES FROM LATE-ARCHEAN 2.7 GA WAWA GREENSTONE BELT, SUPERIOR PROVINCE, CANADA: IMPLICATIONS FOR LATE ARCHEAN SUBDUCTION ZONE PETROGENETIC PROCESSES",ARCHEAN CRATON (INCLUDING GREENSTONE BELTS),Superior,,48.6,48.6,-87.85,-87.85,,,,HE5,BASALT,2500000000.0,3850000000.0,PALEO,,,,,BASALT,,,,,WR,51.9,0.86,,16.62,,,,9.32,11.69,5.47,0.14,,0.15,2.74,0.06,,,,,,,,,,,,,,,,,,,,,,,,,,,,,,,,,,,,,,,,,,,,17.1,,132.0,200.0,,,,49.0,,,,,,,,41.0,677.0,13.3,106.0,3.41,,,,,,,,,,,,2.8,324.0,24.6,61.1,7.85,32.48,5.6,1.47,3.73,0.41,2.4,0.45,1.21,,1.02,0.16,2.8,0.17,,,,,,,,,,,2.26,0.19,,,,,,,,,,,,,,,,,,,,,,,,,,
Superior,"MAGNESIAN ANDESITES, NB-ENRICHED BASALT-ANDESITES, AND ADAKITES FROM LATE-ARCHEAN 2.7 GA WAWA GREENSTONE BELT, SUPERIOR PROVINCE, CANADA: IMPLICATIONS FOR LATE ARCHEAN SUBDUCTION ZONE PETROGENETIC PROCESSES",WL-39-3,BASALT,48.8,-87.0,2700.0,ARCHEAN,2700.0,2680.0,2701.0,2722.0,0.004959845,"MAGNESIAN ANDESITES, NB-ENRICHED BASALT-ANDESITES, AND ADAKITES FROM LATE-ARCHEAN 2.7 GA WAWA GREENSTONE BELT, SUPERIOR PROVINCE, CANADA: IMPLICATIONS FOR LATE ARCHEAN SUBDUCTION ZONE PETROGENETIC PROCESSES",ARCHEAN CRATON (INCLUDING GREENSTONE BELTS),Superior,,48.8,48.8,-87.0,-87.0,,,,WL-39-3,BASALT,2700000000.0,2700000000.0,PALEO,,,,,BASALT,,,,,WR,53.7,2.18,,14.2,,,,12.51,7.7,4.2,0.12,,0.5,2.9,0.52,,,,,,,,,,,,,,,,,,,,,,,,,,,,,,,,,,,,,,,,,,,,32.5,,318.0,14.0,,,43.0,15.0,,,,,,,,15.0,408.0,32.2,138.0,8.68,,,,,,,,,,,,0.2,122.0,37.2,93.8,12.3,51.6,8.6,2.4,7.0,0.9,5.6,1.2,3.3,,3.24,0.5,3.5,0.5,,,,,,,,,,,2.66,0.6,,,,,,,,,,,,,,,,,,,,,,,,,,
Superior,"MAGNESIAN ANDESITES, NB-ENRICHED BASALT-ANDESITES, AND ADAKITES FROM LATE-ARCHEAN 2.7 GA WAWA GREENSTONE BELT, SUPERIOR PROVINCE, CANADA: IMPLICATIONS FOR LATE ARCHEAN SUBDUCTION ZONE PETROGENETIC PROCESSES",HE7-2,BASALT,48.6,-87.85,2500.0,ARCHEAN,3850.0,2680.0,2701.0,2722.0,0.216619059,"MAGNESIAN ANDESITES, NB-ENRICHED BASALT-ANDESITES, AND ADAKITES FROM LATE-ARCHEAN 2.7 GA WAWA GREENSTONE BELT, SUPERIOR PROVINCE, CANADA: IMPLICATIONS FOR LATE ARCHEAN SUBDUCTION ZONE PETROGENETIC PROCESSES",ARCHEAN CRATON (INCLUDING GREENSTONE BELTS),Superior,,48.6,48.6,-87.85,-87.85,,,,HE7-2,BASALT,2500000000.0,3850000000.0,PALEO,,,,,BASALT,,,,,WR,52.5,0.94,,16.17,,,,8.26,12.49,5.0,0.23,,0.42,2.95,0.12,,,,,,,,,,,,,,,,,,,,,,,,,,,,,,,,,,,,,,,,,,,,38.8,,236.0,198.0,,,,41.0,,,,,,,,14.0,296.0,21.1,70.0,3.45,,,,,,,,,,,,1.0,168.0,9.0,21.9,2.84,12.39,2.9,0.95,3.18,0.5,3.37,0.69,2.1,,1.88,0.29,1.9,0.16,,,,,,,,,,,0.82,0.05,,,,,,,,,,,,,,,,,,,,,,,,,,
Superior,"MAGNESIAN ANDESITES, NB-ENRICHED BASALT-ANDESITES, AND ADAKITES FROM LATE-ARCHEAN 2.7 GA WAWA GREENSTONE BELT, SUPERIOR PROVINCE, CANADA: IMPLICATIONS FOR LATE ARCHEAN SUBDUCTION ZONE PETROGENETIC PROCESSES",SC95-24,BASALT,48.8,-87.27,2700.0,ARCHEAN,2700.0,2680.0,2701.0,2722.0,0.629775584,"MAGNESIAN ANDESITES, NB-ENRICHED BASALT-ANDESITES, AND ADAKITES FROM LATE-ARCHEAN 2.7 GA WAWA GREENSTONE BELT, SUPERIOR PROVINCE, CANADA: IMPLICATIONS FOR LATE ARCHEAN SUBDUCTION ZONE PETROGENETIC PROCESSES",ARCHEAN CRATON (INCLUDING GREENSTONE BELTS),Superior,,48.8,48.8,-87.27,-87.27,,,,SC95-24,BASALT,2700000000.0,2700000000.0,PALEO,,,,,BASALT,,,,,WR,53.9,1.53,,15.3,,,,11.16,9.4,3.6,0.2,,0.7,2.8,0.2,,,,,,,,,,,,,,,,,,,,,,,,,,,,,,,,,,,,,,,,,,,,20.5,,200.0,63.0,,,33.0,52.0,,,,,,,,29.0,303.0,19.2,121.0,2.99,,,,,,,,,,,,1.3,131.0,8.9,20.9,2.94,12.3,2.97,1.144,3.45,0.516,3.26,0.64,1.94,,1.9,0.294,2.82,0.25,,,,,,,,,,,1.0,0.223,,,,,,,,,,,,,,,,,,,,,,,,,,
Superior,"MAGNESIAN ANDESITES, NB-ENRICHED BASALT-ANDESITES, AND ADAKITES FROM LATE-ARCHEAN 2.7 GA WAWA GREENSTONE BELT, SUPERIOR PROVINCE, CANADA: IMPLICATIONS FOR LATE ARCHEAN SUBDUCTION ZONE PETROGENETIC PROCESSES",HE7,BASALT,48.6,-87.85,2700.0,ARCHEAN,2700.0,2680.0,2701.0,2722.0,0.043520469,"MAGNESIAN ANDESITES, NB-ENRICHED BASALT-ANDESITES, AND ADAKITES FROM LATE-ARCHEAN 2.7 GA WAWA GREENSTONE BELT, SUPERIOR PROVINCE, CANADA: IMPLICATIONS FOR LATE ARCHEAN SUBDUCTION ZONE PETROGENETIC PROCESSES",ARCHEAN CRATON (INCLUDING GREENSTONE BELTS),Superior,,48.6,48.6,-87.85,-87.85,,,,HE7,BASALT,2700000000.0,2700000000.0,PALEO,,,,,BASALT,,,,,WR,52.31,0.99,,16.9,,,,8.75,10.83,5.22,0.25,,0.6,3.06,0.13,,,,,,,,,,,,,,,,,,,,,,,,,,,,,,,,,,,,,,,,,,,,40.0,,237.0,237.0,,,,44.0,,,,,,,,21.0,300.0,22.2,71.0,3.94,,,,,,,,,,,,0.7,250.0,10.2,24.5,3.08,13.21,3.2,1.02,3.5,0.52,3.55,0.73,2.24,,1.92,0.3,2.06,0.19,,,,,,,,,,,0.92,0.17,,,,,,,,,,,,,,,,,,,,,,,,,,
Superior,"MAGNESIAN ANDESITES, NB-ENRICHED BASALT-ANDESITES, AND ADAKITES FROM LATE-ARCHEAN 2.7 GA WAWA GREENSTONE BELT, SUPERIOR PROVINCE, CANADA: IMPLICATIONS FOR LATE ARCHEAN SUBDUCTION ZONE PETROGENETIC PROCESSES",HE8,BASALT,48.6,-87.85,2500.0,ARCHEAN,3850.0,2680.0,2701.0,2722.0,0.576846838,"MAGNESIAN ANDESITES, NB-ENRICHED BASALT-ANDESITES, AND ADAKITES FROM LATE-ARCHEAN 2.7 GA WAWA GREENSTONE BELT, SUPERIOR PROVINCE, CANADA: IMPLICATIONS FOR LATE ARCHEAN SUBDUCTION ZONE PETROGENETIC PROCESSES",ARCHEAN CRATON (INCLUDING GREENSTONE BELTS),Superior,,48.6,48.6,-87.85,-87.85,,,,HE8,BASALT,2500000000.0,3850000000.0,PALEO,,,,,BASALT,,,,,WR,52.07,0.82,,17.63,,,,7.73,10.62,4.02,0.34,,0.69,5.1,0.1,,,,,,,,,,,,,,,,,,,,,,,,,,,,,,,,,,,,,,,,,,,,32.8,,191.0,225.0,,,,52.0,,,,,,,,24.0,498.0,17.8,62.0,2.69,,,,,,,,,,,,0.2,151.0,6.7,16.2,2.07,9.02,2.32,0.89,2.5,0.4,2.76,0.56,1.69,,1.64,0.24,1.64,0.15,,,,,,,,,,,0.56,0.36,,,,,,,,,,,,,,,,,,,,,,,,,,
Superior,"MAGNESIAN ANDESITES, NB-ENRICHED BASALT-ANDESITES, AND ADAKITES FROM LATE-ARCHEAN 2.7 GA WAWA GREENSTONE BELT, SUPERIOR PROVINCE, CANADA: IMPLICATIONS FOR LATE ARCHEAN SUBDUCTION ZONE PETROGENETIC PROCESSES",SC95-87,BASALT,48.8,-87.27,2700.0,ARCHEAN,2700.0,2680.0,2701.0,2722.0,0.004570615,"MAGNESIAN ANDESITES, NB-ENRICHED BASALT-ANDESITES, AND ADAKITES FROM LATE-ARCHEAN 2.7 GA WAWA GREENSTONE BELT, SUPERIOR PROVINCE, CANADA: IMPLICATIONS FOR LATE ARCHEAN SUBDUCTION ZONE PETROGENETIC PROCESSES",ARCHEAN CRATON (INCLUDING GREENSTONE BELTS),Superior,,48.8,48.8,-87.27,-87.27,,,,SC95-87,BASALT,2700000000.0,2700000000.0,PALEO,,,,,BASALT,,,,,WR,50.6,2.24,,14.7,,,,14.58,7.2,5.3,0.22,,1.3,2.0,0.27,,,,,,,,,,,,,,,,,,,,,,,,,,,,,,,,,,,,,,,,,,,,37.0,,386.0,22.0,,,36.0,24.0,,,,,,,,28.0,297.0,27.9,134.0,7.74,,,,,,,,,,,,2.2,297.0,11.9,31.6,4.16,19.3,4.8,1.494,5.18,0.8,5.08,1.07,2.95,,2.6,0.379,3.31,0.45,,,,,,,,,,,1.5,0.326,,,,,,,,,,,,,,,,,,,,,,,,,,
Superior,"MAJOR-ELEMENT GEOCHEMISTRY OF THE NORANDA VOLCANIC BELT, QUEBEC-ONTARIO",2_9,basalt,48.25,-79.02,2500.0,ARCHEAN,3850.0,2697.0,2699.0,2701.0,0.999930263,"MAJOR-ELEMENT GEOCHEMISTRY OF THE NORANDA VOLCANIC BELT, QUEBEC-ONTARIO",ARCHEAN CRATON (INCLUDING GREENSTONE BELTS),Superior,,48.25,48.25,-79.02,-79.02,,,,2_9,basalt,2500000000.0,3850000000.0,PALEO,,,,,basalt,,,,,WR,52.0,0.84,,17.15,,,,6.49,8.8,4.65,0.14,,0.38,2.95,0.11,,,,,,,,,,,,,,,,,,,,,,,,,,,,,,,,,,,,,,,,,,,,,,,,,,,,,,,,,,,,,,,,,,,,,,,,,,,,,,,,,,,,,,,,,,,,,,,,,,,,,,,,,,,,,,,,,,,,,,,,,,,,,,,,,,
Superior,"MAJOR-ELEMENT GEOCHEMISTRY OF THE NORANDA VOLCANIC BELT, QUEBEC-ONTARIO",1_2,basalt,48.25,-79.02,2500.0,ARCHEAN,3850.0,2697.0,2699.0,2701.0,0.998828113,"MAJOR-ELEMENT GEOCHEMISTRY OF THE NORANDA VOLCANIC BELT, QUEBEC-ONTARIO",ARCHEAN CRATON (INCLUDING GREENSTONE BELTS),Superior,,48.25,48.25,-79.02,-79.02,,,,1_2,basalt,2500000000.0,3850000000.0,PALEO,,,,,basalt,,,,,WR,50.6,1.89,,13.41,,,,12.15,8.05,5.58,0.22,,0.15,3.02,0.23,,,,,,,,,,,,,,,,,,,,,,,,,,,,,,,,,,,,,,,,,,,,,,,,,,,,,,,,,,,,,,,,,,,,,,,,,,,,,,,,,,,,,,,,,,,,,,,,,,,,,,,,,,,,,,,,,,,,,,,,,,,,,,,,,,
Superior,"MAJOR-ELEMENT GEOCHEMISTRY OF THE NORANDA VOLCANIC BELT, QUEBEC-ONTARIO",1_3,basalt,48.25,-79.02,2500.0,ARCHEAN,3850.0,2697.0,2699.0,2701.0,0.999780238,"MAJOR-ELEMENT GEOCHEMISTRY OF THE NORANDA VOLCANIC BELT, QUEBEC-ONTARIO",ARCHEAN CRATON (INCLUDING GREENSTONE BELTS),Superior,,48.25,48.25,-79.02,-79.02,,,,1_3,basalt,2500000000.0,3850000000.0,PALEO,,,,,basalt,,,,,WR,51.0,1.33,,14.47,,,,10.94,8.93,5.27,0.2,,0.04,3.12,0.13,,,,,,,,,,,,,,,,,,,,,,,,,,,,,,,,,,,,,,,,,,,,,,,,,,,,,,,,,,,,,,,,,,,,,,,,,,,,,,,,,,,,,,,,,,,,,,,,,,,,,,,,,,,,,,,,,,,,,,,,,,,,,,,,,,
Superior,"MAJOR-ELEMENT GEOCHEMISTRY OF THE NORANDA VOLCANIC BELT, QUEBEC-ONTARIO",1_1,basalt,48.25,-79.02,2500.0,ARCHEAN,3850.0,2697.0,2699.0,2701.0,0.999139071,"MAJOR-ELEMENT GEOCHEMISTRY OF THE NORANDA VOLCANIC BELT, QUEBEC-ONTARIO",ARCHEAN CRATON (INCLUDING GREENSTONE BELTS),Superior,,48.25,48.25,-79.02,-79.02,,,,1_1,basalt,2500000000.0,3850000000.0,PALEO,,,,,basalt,,,,,WR,51.8,1.84,,12.67,,,,11.16,8.77,5.01,0.21,,0.2,2.98,0.23,,,,,,,,,,,,,,,,,,,,,,,,,,,,,,,,,,,,,,,,,,,,,,,,,,,,,,,,,,,,,,,,,,,,,,,,,,,,,,,,,,,,,,,,,,,,,,,,,,,,,,,,,,,,,,,,,,,,,,,,,,,,,,,,,,
Superior,"MAJOR-ELEMENT GEOCHEMISTRY OF THE NORANDA VOLCANIC BELT, QUEBEC-ONTARIO",2_5,basalt,48.25,-79.02,2500.0,ARCHEAN,3850.0,2697.0,2699.0,2701.0,0.999930263,"MAJOR-ELEMENT GEOCHEMISTRY OF THE NORANDA VOLCANIC BELT, QUEBEC-ONTARIO",ARCHEAN CRATON (INCLUDING GREENSTONE BELTS),Superior,,48.25,48.25,-79.02,-79.02,,,,2_5,basalt,2500000000.0,3850000000.0,PALEO,,,,,basalt,,,,,WR,53.8,0.95,,15.41,,,,7.57,6.75,5.04,0.17,,0.45,3.3,0.11,,,,,,,,,,,,,,,,,,,,,,,,,,,,,,,,,,,,,,,,,,,,,,,,,,,,,,,,,,,,,,,,,,,,,,,,,,,,,,,,,,,,,,,,,,,,,,,,,,,,,,,,,,,,,,,,,,,,,,,,,,,,,,,,,,
Superior,"MAJOR-ELEMENT GEOCHEMISTRY OF THE NORANDA VOLCANIC BELT, QUEBEC-ONTARIO",1_10,basalt,48.25,-79.02,2500.0,ARCHEAN,3850.0,2697.0,2699.0,2701.0,0.999966741,"MAJOR-ELEMENT GEOCHEMISTRY OF THE NORANDA VOLCANIC BELT, QUEBEC-ONTARIO",ARCHEAN CRATON (INCLUDING GREENSTONE BELTS),Superior,,48.25,48.25,-79.02,-79.02,,,,1_10,basalt,2500000000.0,3850000000.0,PALEO,,,,,basalt,,,,,WR,52.8,1.12,,15.74,,,,7.46,8.46,4.47,0.14,,0.44,3.06,0.16,,,,,,,,,,,,,,,,,,,,,,,,,,,,,,,,,,,,,,,,,,,,,,,,,,,,,,,,,,,,,,,,,,,,,,,,,,,,,,,,,,,,,,,,,,,,,,,,,,,,,,,,,,,,,,,,,,,,,,,,,,,,,,,,,,
Superior,"MAJOR-ELEMENT GEOCHEMISTRY OF THE NORANDA VOLCANIC BELT, QUEBEC-ONTARIO",1_7,basalt,48.25,-79.02,2500.0,ARCHEAN,3850.0,2697.0,2699.0,2701.0,0.999930263,"MAJOR-ELEMENT GEOCHEMISTRY OF THE NORANDA VOLCANIC BELT, QUEBEC-ONTARIO",ARCHEAN CRATON (INCLUDING GREENSTONE BELTS),Superior,,48.25,48.25,-79.02,-79.02,,,,1_7,basalt,2500000000.0,3850000000.0,PALEO,,,,,basalt,,,,,WR,51.3,1.0,,18.41,,,,6.27,9.85,3.65,0.14,,0.38,3.28,0.1,,,,,,,,,,,,,,,,,,,,,,,,,,,,,,,,,,,,,,,,,,,,,,,,,,,,,,,,,,,,,,,,,,,,,,,,,,,,,,,,,,,,,,,,,,,,,,,,,,,,,,,,,,,,,,,,,,,,,,,,,,,,,,,,,,
Superior,"MAJOR-ELEMENT GEOCHEMISTRY OF THE NORANDA VOLCANIC BELT, QUEBEC-ONTARIO",1_12,basalt,48.25,-79.02,2500.0,ARCHEAN,3850.0,2697.0,2699.0,2701.0,0.999930263,"MAJOR-ELEMENT GEOCHEMISTRY OF THE NORANDA VOLCANIC BELT, QUEBEC-ONTARIO",ARCHEAN CRATON (INCLUDING GREENSTONE BELTS),Superior,,48.25,48.25,-79.02,-79.02,,,,1_12,basalt,2500000000.0,3850000000.0,PALEO,,,,,basalt,,,,,WR,49.1,1.02,,13.98,,,,10.89,10.29,6.68,0.21,,0.17,2.72,0.08,,,,,,,,,,,,,,,,,,,,,,,,,,,,,,,,,,,,,,,,,,,,,,,,,,,,,,,,,,,,,,,,,,,,,,,,,,,,,,,,,,,,,,,,,,,,,,,,,,,,,,,,,,,,,,,,,,,,,,,,,,,,,,,,,,
Superior,"MAJOR-ELEMENT GEOCHEMISTRY OF THE NORANDA VOLCANIC BELT, QUEBEC-ONTARIO",1_11,basalt,48.25,-79.02,2500.0,ARCHEAN,3850.0,2697.0,2699.0,2701.0,0.999780238,"MAJOR-ELEMENT GEOCHEMISTRY OF THE NORANDA VOLCANIC BELT, QUEBEC-ONTARIO",ARCHEAN CRATON (INCLUDING GREENSTONE BELTS),Superior,,48.25,48.25,-79.02,-79.02,,,,1_11,basalt,2500000000.0,3850000000.0,PALEO,,,,,basalt,,,,,WR,48.4,1.41,,14.08,,,,12.79,9.92,6.02,0.29,,0.28,2.5,0.12,,,,,,,,,,,,,,,,,,,,,,,,,,,,,,,,,,,,,,,,,,,,,,,,,,,,,,,,,,,,,,,,,,,,,,,,,,,,,,,,,,,,,,,,,,,,,,,,,,,,,,,,,,,,,,,,,,,,,,,,,,,,,,,,,,
Superior,"MAJOR-ELEMENT GEOCHEMISTRY OF THE NORANDA VOLCANIC BELT, QUEBEC-ONTARIO",1_6,basalt,48.25,-79.02,2500.0,ARCHEAN,3850.0,2697.0,2699.0,2701.0,0.999930263,"MAJOR-ELEMENT GEOCHEMISTRY OF THE NORANDA VOLCANIC BELT, QUEBEC-ONTARIO",ARCHEAN CRATON (INCLUDING GREENSTONE BELTS),Superior,,48.25,48.25,-79.02,-79.02,,,,1_6,basalt,2500000000.0,3850000000.0,PALEO,,,,,basalt,,,,,WR,53.4,0.83,,16.72,,,,6.56,8.74,4.87,0.11,,0.33,2.61,0.1,,,,,,,,,,,,,,,,,,,,,,,,,,,,,,,,,,,,,,,,,,,,,,,,,,,,,,,,,,,,,,,,,,,,,,,,,,,,,,,,,,,,,,,,,,,,,,,,,,,,,,,,,,,,,,,,,,,,,,,,,,,,,,,,,,
Superior,"MAJOR-ELEMENT GEOCHEMISTRY OF THE NORANDA VOLCANIC BELT, QUEBEC-ONTARIO",2_8,basalt,48.25,-79.02,2500.0,ARCHEAN,3850.0,2697.0,2699.0,2701.0,0.999930263,"MAJOR-ELEMENT GEOCHEMISTRY OF THE NORANDA VOLCANIC BELT, QUEBEC-ONTARIO",ARCHEAN CRATON (INCLUDING GREENSTONE BELTS),Superior,,48.25,48.25,-79.02,-79.02,,,,2_8,basalt,2500000000.0,3850000000.0,PALEO,,,,,basalt,,,,,WR,53.1,0.92,,17.9,,,,6.54,7.65,4.26,0.13,,0.6,3.69,0.11,,,,,,,,,,,,,,,,,,,,,,,,,,,,,,,,,,,,,,,,,,,,,,,,,,,,,,,,,,,,,,,,,,,,,,,,,,,,,,,,,,,,,,,,,,,,,,,,,,,,,,,,,,,,,,,,,,,,,,,,,,,,,,,,,,
Superior,"ND- AND SR-ISOTOPE SYSTEMATICS FOR THE KAMISKOTIA-MONTCALM AREA: IMPLICATIONS FOR THE FORMATION OF LATE ARCHEAN CRUST IN TH WESTERN ABITIBI SUBPROVINCE, CANADA",86-6,BASALT,48.3861,-80.3037,2500.0,ARCHEAN,3850.0,2670.0,2705.0,2740.0,0.219264939,"ND- AND SR-ISOTOPE SYSTEMATICS FOR THE KAMISKOTIA-MONTCALM AREA: IMPLICATIONS FOR THE FORMATION OF LATE ARCHEAN CRUST IN TH WESTERN ABITIBI SUBPROVINCE, CANADA",ARCHEAN CRATON (INCLUDING GREENSTONE BELTS),Superior,,48.3861,48.3861,-80.3037,-80.3037,,,,86-6,BASALT,2500000000.0,3850000000.0,PALEO,,,,,BASALT,,,,,WR,48.5,1.28,,13.3,,,,14.49,8.78,5.57,0.26,,0.15,3.07,0.1,,,,,,,,,,,,,,,,,,,,,,,,,,,,,,,,,,,,,,,,,,,,47.8,,,105.0,,,54.0,80.0,,150.0,,,,,,13.0,120.0,28.0,80.0,4.0,,,,,,,,,,,,,90.0,4.07,14.2,,9.497,3.027,1.16,,0.8,,,,,3.24,0.51,2.7,0.3,,,,,,,,,,,0.5,,,,,,,,,,,,,,,,,,,,,,,,,,,
Superior,"ND- AND SR-ISOTOPE SYSTEMATICS FOR THE KAMISKOTIA-MONTCALM AREA: IMPLICATIONS FOR THE FORMATION OF LATE ARCHEAN CRUST IN TH WESTERN ABITIBI SUBPROVINCE, CANADA",86-7,BASALT,48.3911,-80.2965,2500.0,ARCHEAN,3850.0,2670.0,2705.0,2740.0,0.499183267,"ND- AND SR-ISOTOPE SYSTEMATICS FOR THE KAMISKOTIA-MONTCALM AREA: IMPLICATIONS FOR THE FORMATION OF LATE ARCHEAN CRUST IN TH WESTERN ABITIBI SUBPROVINCE, CANADA",ARCHEAN CRATON (INCLUDING GREENSTONE BELTS),Superior,,48.3911,48.3911,-80.2965,-80.2965,,,,86-7,BASALT,2500000000.0,3850000000.0,PALEO,,,,,BASALT,,,,,WR,49.6,1.23,,14.5,,,,14.4,8.18,5.14,0.25,,0.15,3.44,0.1,,,,,,,,,,,,,,,,,,,,,,,,,,,,,,,,,,,,,,,,,,,,52.5,,,69.0,,,37.0,180.0,,35.0,,,,,,6.0,405.0,19.0,60.0,5.5,,,,,,,,,,,,,80.0,4.27,7.8,,10.795,3.559,0.7,,0.5,,,,,3.44,0.53,1.6,0.2,,,,,,,,,,,0.3,,,,,,,,,,,,,,,,,,,,,,,,,,,
Superior,"ND- AND SR-ISOTOPE SYSTEMATICS FOR THE KAMISKOTIA-MONTCALM AREA: IMPLICATIONS FOR THE FORMATION OF LATE ARCHEAN CRUST IN TH WESTERN ABITIBI SUBPROVINCE, CANADA",88-2,BASALT,48.4545,-80.4485,2500.0,ARCHEAN,3850.0,2670.0,2705.0,2740.0,0.311441749,"ND- AND SR-ISOTOPE SYSTEMATICS FOR THE KAMISKOTIA-MONTCALM AREA: IMPLICATIONS FOR THE FORMATION OF LATE ARCHEAN CRUST IN TH WESTERN ABITIBI SUBPROVINCE, CANADA",ARCHEAN CRATON (INCLUDING GREENSTONE BELTS),Superior,,48.4545,48.4545,-80.4485,-80.4485,,,,88-2,BASALT,2500000000.0,3850000000.0,PALEO,,,,,BASALT,,,,,WR,48.4,1.37,,11.7,,,,14.04,9.24,5.53,0.35,,0.31,1.74,0.17,,,,,,,,,,,,,,,,,,,,,,,,,,,,,,,,,,,,,,,,,,,,38.8,,,,,,59.0,29.0,,,,,,,,,108.0,25.0,91.0,0.0,,,,,,,,,,,,,,5.9,17.5,,10.893,2.931,1.12,,0.8,,,,,2.85,0.46,2.2,0.3,,,,,,,,,,,0.6,,,,,,,,,,,,,,,,,,,,,,,,,,,
Superior,"NEOARCHEAN EVOLUTION OF DIFFERING CONVERGENT MARGIN ASSEMBLAGES IN THE WABIGOON SUBPROVINCE: GEOCHEMICAL AND GEOCHRONOLOGICAL EVIDENCE FROM THE LAKE OF THE WOODS GREENSTONE BELTS, SUPERIOR PROVINCE, NORTHWESTERN CANADA",86-168,basalt,49.2,-94.6,2500.0,ARCHEAN,3850.0,2736.0,2738.0,2740.0,0.98918277,"NEOARCHEAN EVOLUTION OF DIFFERING CONVERGENT MARGIN ASSEMBLAGES IN THE WABIGOON SUBPROVINCE: GEOCHEMICAL AND GEOCHRONOLOGICAL EVIDENCE FROM THE LAKE OF THE WOODS GREENSTONE BELTS, SUPERIOR PROVINCE, NORTHWESTERN CANADA",ARCHEAN CRATON (INCLUDING GREENSTONE BELTS),Superior,,49.2,49.2,-94.6,-94.6,,,,86-168,basalt,2500000000.0,3850000000.0,PALEO,,,,,basalt,,,,,WR,47.1,0.5,,17.8,,,,9.36,10.7,9.39,0.15,,0.17,1.42,0.04,,,,,,,,,,,,,,,,,,,,,,,,,,,,,,,,,,,,,,,,,,,,31.0,,,335.0,,,49.0,184.0,93.0,73.0,,,,,,10.0,92.0,17.0,36.0,,,,,,,,,,,,,,,1.38,4.57,,2.58,1.12,0.48,,0.28,2.04,0.43,,,1.49,0.24,0.87,,,,,,,,,,,,0.14,0.08,,,,,,,,,,,,,,,,,,,,,,,,,,
Superior,"NEOARCHEAN EVOLUTION OF DIFFERING CONVERGENT MARGIN ASSEMBLAGES IN THE WABIGOON SUBPROVINCE: GEOCHEMICAL AND GEOCHRONOLOGICAL EVIDENCE FROM THE LAKE OF THE WOODS GREENSTONE BELTS, SUPERIOR PROVINCE, NORTHWESTERN CANADA",93-20,basalt,49.2,-94.6,2500.0,ARCHEAN,3850.0,2736.0,2738.0,2740.0,0.051905047,"NEOARCHEAN EVOLUTION OF DIFFERING CONVERGENT MARGIN ASSEMBLAGES IN THE WABIGOON SUBPROVINCE: GEOCHEMICAL AND GEOCHRONOLOGICAL EVIDENCE FROM THE LAKE OF THE WOODS GREENSTONE BELTS, SUPERIOR PROVINCE, NORTHWESTERN CANADA",ARCHEAN CRATON (INCLUDING GREENSTONE BELTS),Superior,,49.2,49.2,-94.6,-94.6,,,,93-20,basalt,2500000000.0,3850000000.0,PALEO,,,,,basalt,,,,,WR,51.2,0.92,,17.0,,,,10.89,7.16,4.83,0.12,,0.78,4.0,0.08,,,,,,,,,,,,,,,,,,,,,,,,,,,,,,,,,,,,,,,,,,,,43.0,,,229.0,,,64.0,123.0,423.0,98.0,,,,,,13.0,179.0,19.0,59.0,6.0,,,,,,,,,,,,,389.0,2.61,5.99,,4.75,1.68,0.77,,0.43,2.91,0.57,,,1.82,0.33,1.38,0.19,,,,,,,,,,,0.29,0.07,,,,,,,,,,,,,,,,,,,,,,,,,,
Superior,"NEOARCHEAN EVOLUTION OF DIFFERING CONVERGENT MARGIN ASSEMBLAGES IN THE WABIGOON SUBPROVINCE: GEOCHEMICAL AND GEOCHRONOLOGICAL EVIDENCE FROM THE LAKE OF THE WOODS GREENSTONE BELTS, SUPERIOR PROVINCE, NORTHWESTERN CANADA",93-23,basalt,49.2,-94.6,2720.0,ARCHEAN,2740.0,2736.0,2738.0,2740.0,0.948469877,"NEOARCHEAN EVOLUTION OF DIFFERING CONVERGENT MARGIN ASSEMBLAGES IN THE WABIGOON SUBPROVINCE: GEOCHEMICAL AND GEOCHRONOLOGICAL EVIDENCE FROM THE LAKE OF THE WOODS GREENSTONE BELTS, SUPERIOR PROVINCE, NORTHWESTERN CANADA",ARCHEAN CRATON (INCLUDING GREENSTONE BELTS),Superior,,49.2,49.2,-94.6,-94.6,,,,93-23,basalt,2720000000.0,2740000000.0,PALEO,,,,,basalt,,,,,WR,49.2,0.73,,14.3,,,,12.15,11.3,8.05,0.21,,0.09,1.71,0.07,,,,,,,,,,,,,,,,,,,,,,,,,,,,,,,,,,,,,,,,,,,,45.0,,,169.0,,,16.0,45.0,149.0,22.0,,,,,,,85.0,19.0,46.0,,,,,,,,,,,,,,,2.16,4.64,,4.93,1.54,0.67,,0.4,2.53,0.57,,,1.84,0.28,1.09,0.15,,,,,,,,,,,0.14,0.05,,,,,,,,,,,,,,,,,,,,,,,,,,
Superior,"NEOARCHEAN EVOLUTION OF DIFFERING CONVERGENT MARGIN ASSEMBLAGES IN THE WABIGOON SUBPROVINCE: GEOCHEMICAL AND GEOCHRONOLOGICAL EVIDENCE FROM THE LAKE OF THE WOODS GREENSTONE BELTS, SUPERIOR PROVINCE, NORTHWESTERN CANADA",89-110,basalt,49.2,-94.6,2500.0,ARCHEAN,3850.0,2736.0,2738.0,2740.0,0.03331111,"NEOARCHEAN EVOLUTION OF DIFFERING CONVERGENT MARGIN ASSEMBLAGES IN THE WABIGOON SUBPROVINCE: GEOCHEMICAL AND GEOCHRONOLOGICAL EVIDENCE FROM THE LAKE OF THE WOODS GREENSTONE BELTS, SUPERIOR PROVINCE, NORTHWESTERN CANADA",ARCHEAN CRATON (INCLUDING GREENSTONE BELTS),Superior,,49.2,49.2,-94.6,-94.6,,,,89-110,basalt,2500000000.0,3850000000.0,PALEO,,,,,basalt,,,,,WR,46.4,1.96,,15.1,,,,16.2,4.36,5.88,0.24,,0.36,3.14,0.18,,,,,,,,,,,,,,,,,,,,,,,,,,,,,,,,,,,,,,,,,,,,42.0,,314.0,95.0,,,43.0,48.0,147.0,,,,,,,14.0,59.0,40.0,117.0,7.0,,,,,,,,,,,,,116.0,8.74,19.91,,14.5,4.25,1.4,,1.05,6.02,1.14,,,3.85,0.64,3.17,0.44,,,,,,,,,,,0.84,0.16,,,,,,,,,,,,,,,,,,,,,,,,,,
Superior,"NEOARCHEAN EVOLUTION OF DIFFERING CONVERGENT MARGIN ASSEMBLAGES IN THE WABIGOON SUBPROVINCE: GEOCHEMICAL AND GEOCHRONOLOGICAL EVIDENCE FROM THE LAKE OF THE WOODS GREENSTONE BELTS, SUPERIOR PROVINCE, NORTHWESTERN CANADA",93-26,basalt,49.2,-94.6,2720.0,ARCHEAN,2740.0,2736.0,2738.0,2740.0,0.10145209,"NEOARCHEAN EVOLUTION OF DIFFERING CONVERGENT MARGIN ASSEMBLAGES IN THE WABIGOON SUBPROVINCE: GEOCHEMICAL AND GEOCHRONOLOGICAL EVIDENCE FROM THE LAKE OF THE WOODS GREENSTONE BELTS, SUPERIOR PROVINCE, NORTHWESTERN CANADA",ARCHEAN CRATON (INCLUDING GREENSTONE BELTS),Superior,,49.2,49.2,-94.6,-94.6,,,,93-26,basalt,2720000000.0,2740000000.0,PALEO,,,,,basalt,,,,,WR,46.5,0.59,,12.2,,,,10.8,9.49,14.0,0.2,,0.02,1.2,0.06,,,,,,,,,,,,,,,,,,,,,,,,,,,,,,,,,,,,,,,,,,,,35.0,,,959.0,,,35.0,208.0,51.0,50.0,,,,,,,98.0,14.0,45.0,5.0,,,,,,,,,,,,,66.0,2.24,5.41,,5.06,1.36,0.53,,0.36,2.13,0.45,,,1.62,0.24,1.0,0.09,,,,,,,,,,,0.13,0.06,,,,,,,,,,,,,,,,,,,,,,,,,,
Superior,"NEOARCHEAN EVOLUTION OF DIFFERING CONVERGENT MARGIN ASSEMBLAGES IN THE WABIGOON SUBPROVINCE: GEOCHEMICAL AND GEOCHRONOLOGICAL EVIDENCE FROM THE LAKE OF THE WOODS GREENSTONE BELTS, SUPERIOR PROVINCE, NORTHWESTERN CANADA",86-359,basalt,49.2,-94.6,2500.0,ARCHEAN,3850.0,2736.0,2738.0,2740.0,0.992090821,"NEOARCHEAN EVOLUTION OF DIFFERING CONVERGENT MARGIN ASSEMBLAGES IN THE WABIGOON SUBPROVINCE: GEOCHEMICAL AND GEOCHRONOLOGICAL EVIDENCE FROM THE LAKE OF THE WOODS GREENSTONE BELTS, SUPERIOR PROVINCE, NORTHWESTERN CANADA",ARCHEAN CRATON (INCLUDING GREENSTONE BELTS),Superior,,49.2,49.2,-94.6,-94.6,,,,86-359,basalt,2500000000.0,3850000000.0,PALEO,,,,,basalt,,,,,WR,49.9,0.6,,13.3,,,,10.71,9.12,8.54,0.15,,0.03,2.97,0.04,,,,,,,,,,,,,,,,,,,,,,,,,,,,,,,,,,,,,,,,,,,,45.0,,,354.0,,,44.0,75.0,91.0,64.0,,,,,,,64.0,13.0,41.0,,,,,,,,,,,,,,,2.86,6.7,,3.62,1.15,0.63,,0.27,2.1,0.39,,,1.55,0.25,0.94,0.07,,,,,,,,,,,0.48,0.11,,,,,,,,,,,,,,,,,,,,,,,,,,
Superior,"NEOARCHEAN EVOLUTION OF DIFFERING CONVERGENT MARGIN ASSEMBLAGES IN THE WABIGOON SUBPROVINCE: GEOCHEMICAL AND GEOCHRONOLOGICAL EVIDENCE FROM THE LAKE OF THE WOODS GREENSTONE BELTS, SUPERIOR PROVINCE, NORTHWESTERN CANADA",89-114,basalt,49.2,-94.6,2500.0,ARCHEAN,3850.0,2736.0,2738.0,2740.0,0.025094209,"NEOARCHEAN EVOLUTION OF DIFFERING CONVERGENT MARGIN ASSEMBLAGES IN THE WABIGOON SUBPROVINCE: GEOCHEMICAL AND GEOCHRONOLOGICAL EVIDENCE FROM THE LAKE OF THE WOODS GREENSTONE BELTS, SUPERIOR PROVINCE, NORTHWESTERN CANADA",ARCHEAN CRATON (INCLUDING GREENSTONE BELTS),Superior,,49.2,49.2,-94.6,-94.6,,,,89-114,basalt,2500000000.0,3850000000.0,PALEO,,,,,basalt,,,,,WR,49.8,0.67,,17.4,,,,9.27,10.3,5.28,0.18,,0.49,2.29,0.1,,,,,,,,,,,,,,,,,,,,,,,,,,,,,,,,,,,,,,,,,,,,35.0,,183.0,72.0,,,31.0,42.0,96.0,,,,,,,7.0,296.0,18.0,52.0,6.0,,,,,,,,,,,,,515.0,9.25,20.18,,11.13,2.29,0.8,,0.42,2.54,0.55,,,1.6,0.29,1.2,0.17,,,,,,,,,,,0.73,0.18,,,,,,,,,,,,,,,,,,,,,,,,,,
Superior,"NEOARCHEAN EVOLUTION OF DIFFERING CONVERGENT MARGIN ASSEMBLAGES IN THE WABIGOON SUBPROVINCE: GEOCHEMICAL AND GEOCHRONOLOGICAL EVIDENCE FROM THE LAKE OF THE WOODS GREENSTONE BELTS, SUPERIOR PROVINCE, NORTHWESTERN CANADA",90-1,basalt,49.2,-94.6,2500.0,ARCHEAN,3850.0,2736.0,2738.0,2740.0,0.972948134,"NEOARCHEAN EVOLUTION OF DIFFERING CONVERGENT MARGIN ASSEMBLAGES IN THE WABIGOON SUBPROVINCE: GEOCHEMICAL AND GEOCHRONOLOGICAL EVIDENCE FROM THE LAKE OF THE WOODS GREENSTONE BELTS, SUPERIOR PROVINCE, NORTHWESTERN CANADA",ARCHEAN CRATON (INCLUDING GREENSTONE BELTS),Superior,,49.2,49.2,-94.6,-94.6,,,,90-1,basalt,2500000000.0,3850000000.0,PALEO,,,,,basalt,,,,,WR,48.57,0.87,,14.9,,,,12.12,10.74,7.57,0.21,,0.62,1.88,0.06,,,,,,,,,,,,,,,,,,,,,,,,,,,,,,,,,,,,,,,,,,,,40.0,,261.0,231.0,,,45.0,124.0,120.0,,,,,,,26.0,107.0,18.0,47.0,,,,,,,,,,,,,,,2.49,5.69,,4.56,1.61,0.74,,0.44,2.75,0.62,,,1.95,0.31,1.16,0.1,,,,,,,,,,,0.14,0.04,,,,,,,,,,,,,,,,,,,,,,,,,,
Superior,"NEOARCHEAN EVOLUTION OF DIFFERING CONVERGENT MARGIN ASSEMBLAGES IN THE WABIGOON SUBPROVINCE: GEOCHEMICAL AND GEOCHRONOLOGICAL EVIDENCE FROM THE LAKE OF THE WOODS GREENSTONE BELTS, SUPERIOR PROVINCE, NORTHWESTERN CANADA",90-58,basalt,49.2,-94.6,2500.0,ARCHEAN,3850.0,2736.0,2738.0,2740.0,0.001392294,"NEOARCHEAN EVOLUTION OF DIFFERING CONVERGENT MARGIN ASSEMBLAGES IN THE WABIGOON SUBPROVINCE: GEOCHEMICAL AND GEOCHRONOLOGICAL EVIDENCE FROM THE LAKE OF THE WOODS GREENSTONE BELTS, SUPERIOR PROVINCE, NORTHWESTERN CANADA",ARCHEAN CRATON (INCLUDING GREENSTONE BELTS),Superior,,49.2,49.2,-94.6,-94.6,,,,90-58,basalt,2500000000.0,3850000000.0,PALEO,,,,,basalt,,,,,WR,47.82,0.95,,14.91,,,,11.95,10.54,7.38,0.25,,0.2,1.23,0.06,,,,,,,,,,,,,,,,,,,,,,,,,,,,,,,,,,,,,,,,,,,,45.0,,276.0,217.0,,,48.0,131.0,196.0,,,,,,,8.0,77.0,23.0,61.0,5.0,,,,,,,,,,,,,,2.55,6.16,,5.51,1.89,0.71,,0.53,3.51,0.82,,,2.2,0.38,1.51,0.23,,,,,,,,,,,0.23,0.06,,,,,,,,,,,,,,,,,,,,,,,,,,
Superior,"NEOARCHEAN EVOLUTION OF DIFFERING CONVERGENT MARGIN ASSEMBLAGES IN THE WABIGOON SUBPROVINCE: GEOCHEMICAL AND GEOCHRONOLOGICAL EVIDENCE FROM THE LAKE OF THE WOODS GREENSTONE BELTS, SUPERIOR PROVINCE, NORTHWESTERN CANADA",93-25,basalt,49.2,-94.6,2500.0,ARCHEAN,3850.0,2736.0,2738.0,2740.0,0.942623019,"NEOARCHEAN EVOLUTION OF DIFFERING CONVERGENT MARGIN ASSEMBLAGES IN THE WABIGOON SUBPROVINCE: GEOCHEMICAL AND GEOCHRONOLOGICAL EVIDENCE FROM THE LAKE OF THE WOODS GREENSTONE BELTS, SUPERIOR PROVINCE, NORTHWESTERN CANADA",ARCHEAN CRATON (INCLUDING GREENSTONE BELTS),Superior,,49.2,49.2,-94.6,-94.6,,,,93-25,basalt,2500000000.0,3850000000.0,PALEO,,,,,basalt,,,,,WR,46.4,0.92,,15.2,,,,10.62,11.2,4.87,0.2,,0.09,1.69,0.08,,,,,,,,,,,,,,,,,,,,,,,,,,,,,,,,,,,,,,,,,,,,43.0,,,229.0,,,46.0,104.0,142.0,84.0,,,,,,,114.0,20.0,56.0,,,,,,,,,,,,,,68.0,2.75,6.8,,5.5,1.87,0.82,,0.55,2.82,0.69,,,2.13,0.35,1.35,0.13,,,,,,,,,,,0.21,0.06,,,,,,,,,,,,,,,,,,,,,,,,,,
Superior,"NEOARCHEAN EVOLUTION OF DIFFERING CONVERGENT MARGIN ASSEMBLAGES IN THE WABIGOON SUBPROVINCE: GEOCHEMICAL AND GEOCHRONOLOGICAL EVIDENCE FROM THE LAKE OF THE WOODS GREENSTONE BELTS, SUPERIOR PROVINCE, NORTHWESTERN CANADA",93-37,basalt,49.2,-94.6,2720.0,ARCHEAN,2740.0,2736.0,2738.0,2740.0,0.978724122,"NEOARCHEAN EVOLUTION OF DIFFERING CONVERGENT MARGIN ASSEMBLAGES IN THE WABIGOON SUBPROVINCE: GEOCHEMICAL AND GEOCHRONOLOGICAL EVIDENCE FROM THE LAKE OF THE WOODS GREENSTONE BELTS, SUPERIOR PROVINCE, NORTHWESTERN CANADA",ARCHEAN CRATON (INCLUDING GREENSTONE BELTS),Superior,,49.2,49.2,-94.6,-94.6,,,,93-37,basalt,2720000000.0,2740000000.0,PALEO,,,,,basalt,,,,,WR,46.8,0.67,,14.9,,,,10.8,9.83,7.6,0.18,,0.02,0.29,0.07,,,,,,,,,,,,,,,,,,,,,,,,,,,,,,,,,,,,,,,,,,,,44.0,,,359.0,,,37.0,122.0,113.0,70.0,,,,,,,89.0,16.0,42.0,,,,,,,,,,,,,,,2.14,5.47,,4.41,1.44,0.64,,0.41,2.38,0.53,,,1.71,0.31,1.0,,,,,,,,,,,,0.15,0.03,,,,,,,,,,,,,,,,,,,,,,,,,,
Superior,"NEOARCHEAN EVOLUTION OF DIFFERING CONVERGENT MARGIN ASSEMBLAGES IN THE WABIGOON SUBPROVINCE: GEOCHEMICAL AND GEOCHRONOLOGICAL EVIDENCE FROM THE LAKE OF THE WOODS GREENSTONE BELTS, SUPERIOR PROVINCE, NORTHWESTERN CANADA",84-610,basalt,49.2,-94.6,2500.0,ARCHEAN,3850.0,2736.0,2738.0,2740.0,0.002331498,"NEOARCHEAN EVOLUTION OF DIFFERING CONVERGENT MARGIN ASSEMBLAGES IN THE WABIGOON SUBPROVINCE: GEOCHEMICAL AND GEOCHRONOLOGICAL EVIDENCE FROM THE LAKE OF THE WOODS GREENSTONE BELTS, SUPERIOR PROVINCE, NORTHWESTERN CANADA",ARCHEAN CRATON (INCLUDING GREENSTONE BELTS),Superior,,49.2,49.2,-94.6,-94.6,,,,84-610,basalt,2500000000.0,3850000000.0,PALEO,,,,,basalt,,,,,WR,49.0,1.08,,13.4,,,,12.33,9.37,7.08,0.2,,0.05,2.5,0.04,,,,,,,,,,,,,,,,,,,,,,,,,,,,,,,,,,,,,,,,,,,,41.0,,240.0,184.0,,,43.0,82.0,94.0,100.0,,,,,,,119.0,20.0,68.0,6.0,,,,,,,,,,,,,60.0,4.83,10.77,,8.4,2.34,0.91,,0.56,3.42,0.71,,,2.18,0.36,1.6,0.21,,,,,,,,,,,0.49,0.13,,,,,,,,,,,,,,,,,,,,,,,,,,
Superior,"NEOARCHEAN EVOLUTION OF DIFFERING CONVERGENT MARGIN ASSEMBLAGES IN THE WABIGOON SUBPROVINCE: GEOCHEMICAL AND GEOCHRONOLOGICAL EVIDENCE FROM THE LAKE OF THE WOODS GREENSTONE BELTS, SUPERIOR PROVINCE, NORTHWESTERN CANADA",87-293,basalt,49.2,-94.6,2500.0,ARCHEAN,3850.0,2736.0,2738.0,2740.0,0.007609815,"NEOARCHEAN EVOLUTION OF DIFFERING CONVERGENT MARGIN ASSEMBLAGES IN THE WABIGOON SUBPROVINCE: GEOCHEMICAL AND GEOCHRONOLOGICAL EVIDENCE FROM THE LAKE OF THE WOODS GREENSTONE BELTS, SUPERIOR PROVINCE, NORTHWESTERN CANADA",ARCHEAN CRATON (INCLUDING GREENSTONE BELTS),Superior,,49.2,49.2,-94.6,-94.6,,,,87-293,basalt,2500000000.0,3850000000.0,PALEO,,,,,basalt,,,,,WR,51.3,0.78,,13.9,,,,11.16,9.48,7.05,0.18,,0.12,2.63,0.04,,,,,,,,,,,,,,,,,,,,,,,,,,,,,,,,,,,,,,,,,,,,44.0,,262.0,241.0,,,45.0,65.0,97.0,96.0,,,,,,,94.0,18.0,56.0,5.0,,,,,,,,,,,,,,3.56,7.63,,5.22,1.59,0.64,,0.44,2.62,0.56,,,1.84,0.28,1.23,0.11,,,,,,,,,,,0.51,0.14,,,,,,,,,,,,,,,,,,,,,,,,,,
Superior,"NEOARCHEAN EVOLUTION OF DIFFERING CONVERGENT MARGIN ASSEMBLAGES IN THE WABIGOON SUBPROVINCE: GEOCHEMICAL AND GEOCHRONOLOGICAL EVIDENCE FROM THE LAKE OF THE WOODS GREENSTONE BELTS, SUPERIOR PROVINCE, NORTHWESTERN CANADA",93-27,basalt,49.2,-94.6,2720.0,ARCHEAN,2740.0,2736.0,2738.0,2740.0,0.004942817,"NEOARCHEAN EVOLUTION OF DIFFERING CONVERGENT MARGIN ASSEMBLAGES IN THE WABIGOON SUBPROVINCE: GEOCHEMICAL AND GEOCHRONOLOGICAL EVIDENCE FROM THE LAKE OF THE WOODS GREENSTONE BELTS, SUPERIOR PROVINCE, NORTHWESTERN CANADA",ARCHEAN CRATON (INCLUDING GREENSTONE BELTS),Superior,,49.2,49.2,-94.6,-94.6,,,,93-27,basalt,2720000000.0,2740000000.0,PALEO,,,,,basalt,,,,,WR,49.7,0.69,,13.8,,,,9.63,10.3,7.78,0.19,,0.33,3.41,0.19,,,,,,,,,,,,,,,,,,,,,,,,,,,,,,,,,,,,,,,,,,,,41.0,,,312.0,,,20.0,42.0,62.0,40.0,,,,,,10.0,334.0,15.0,70.0,7.0,,,,,,,,,,,,,160.0,16.62,34.45,,18.71,3.53,1.13,,0.47,2.17,0.49,,,1.38,0.23,1.55,0.23,,,,,,,,,,,1.26,0.19,,,,,,,,,,,,,,,,,,,,,,,,,,
Superior,"NEOARCHEAN EVOLUTION OF DIFFERING CONVERGENT MARGIN ASSEMBLAGES IN THE WABIGOON SUBPROVINCE: GEOCHEMICAL AND GEOCHRONOLOGICAL EVIDENCE FROM THE LAKE OF THE WOODS GREENSTONE BELTS, SUPERIOR PROVINCE, NORTHWESTERN CANADA",87-839,basalt,49.2,-94.6,2720.0,ARCHEAN,2740.0,2736.0,2738.0,2740.0,0.002681928,"NEOARCHEAN EVOLUTION OF DIFFERING CONVERGENT MARGIN ASSEMBLAGES IN THE WABIGOON SUBPROVINCE: GEOCHEMICAL AND GEOCHRONOLOGICAL EVIDENCE FROM THE LAKE OF THE WOODS GREENSTONE BELTS, SUPERIOR PROVINCE, NORTHWESTERN CANADA",ARCHEAN CRATON (INCLUDING GREENSTONE BELTS),Superior,,49.2,49.2,-94.6,-94.6,,,,87-839,basalt,2720000000.0,2740000000.0,PALEO,,,,,basalt,,,,,WR,48.6,0.81,,15.6,,,,12.42,11.0,6.66,0.22,,0.13,1.74,0.04,,,,,,,,,,,,,,,,,,,,,,,,,,,,,,,,,,,,,,,,,,,,34.0,,264.0,103.0,,,46.0,130.0,62.0,99.0,,,,,,11.0,90.0,32.0,108.0,6.0,,,,,,,,,,,,,,6.26,15.47,,11.3,3.26,1.42,,0.75,4.68,0.91,,,2.8,0.41,2.8,0.32,,,,,,,,,,,0.63,0.1,,,,,,,,,,,,,,,,,,,,,,,,,,
Superior,"NEOARCHEAN EVOLUTION OF DIFFERING CONVERGENT MARGIN ASSEMBLAGES IN THE WABIGOON SUBPROVINCE: GEOCHEMICAL AND GEOCHRONOLOGICAL EVIDENCE FROM THE LAKE OF THE WOODS GREENSTONE BELTS, SUPERIOR PROVINCE, NORTHWESTERN CANADA",90-22,basalt,49.2,-94.6,2500.0,ARCHEAN,3850.0,2736.0,2738.0,2740.0,0.001562531,"NEOARCHEAN EVOLUTION OF DIFFERING CONVERGENT MARGIN ASSEMBLAGES IN THE WABIGOON SUBPROVINCE: GEOCHEMICAL AND GEOCHRONOLOGICAL EVIDENCE FROM THE LAKE OF THE WOODS GREENSTONE BELTS, SUPERIOR PROVINCE, NORTHWESTERN CANADA",ARCHEAN CRATON (INCLUDING GREENSTONE BELTS),Superior,,49.2,49.2,-94.6,-94.6,,,,90-22,basalt,2500000000.0,3850000000.0,PALEO,,,,,basalt,,,,,WR,52.67,1.28,,17.05,,,,8.28,9.6,3.65,0.19,,0.32,1.53,0.29,,,,,,,,,,,,,,,,,,,,,,,,,,,,,,,,,,,,,,,,,,,,25.0,,171.0,44.0,,,24.0,41.0,40.0,,,,,,,8.0,416.0,25.0,165.0,10.0,,,,,,,,,,,,,,24.18,48.13,,24.01,4.34,1.64,,0.68,4.15,0.77,,,2.1,0.33,3.66,0.57,,,,,,,,,,,2.2,0.45,,,,,,,,,,,,,,,,,,,,,,,,,,
Superior,"NEOARCHEAN EVOLUTION OF DIFFERING CONVERGENT MARGIN ASSEMBLAGES IN THE WABIGOON SUBPROVINCE: GEOCHEMICAL AND GEOCHRONOLOGICAL EVIDENCE FROM THE LAKE OF THE WOODS GREENSTONE BELTS, SUPERIOR PROVINCE, NORTHWESTERN CANADA",85S-113,basalt,49.2,-94.6,2500.0,ARCHEAN,3850.0,2736.0,2738.0,2740.0,0.997787118,"NEOARCHEAN EVOLUTION OF DIFFERING CONVERGENT MARGIN ASSEMBLAGES IN THE WABIGOON SUBPROVINCE: GEOCHEMICAL AND GEOCHRONOLOGICAL EVIDENCE FROM THE LAKE OF THE WOODS GREENSTONE BELTS, SUPERIOR PROVINCE, NORTHWESTERN CANADA",ARCHEAN CRATON (INCLUDING GREENSTONE BELTS),Superior,,49.2,49.2,-94.6,-94.6,,,,85S-113,basalt,2500000000.0,3850000000.0,PALEO,,,,,basalt,,,,,WR,47.6,0.46,,10.6,,,,10.22,11.9,13.8,0.19,,0.0,0.83,0.03,,,,,,,,,,,,,,,,,,,,,,,,,,,,,,,,,,,,,,,,,,,,37.0,,,994.0,,,56.0,300.0,55.0,69.0,,,,,,,68.0,10.0,36.0,,,,,,,,,,,,,,50.0,2.08,4.21,,3.45,1.05,0.58,,0.28,1.63,0.27,,,1.15,0.17,0.79,0.15,,,,,,,,,,,0.22,0.07,,,,,,,,,,,,,,,,,,,,,,,,,,
Superior,"NEOARCHEAN EVOLUTION OF DIFFERING CONVERGENT MARGIN ASSEMBLAGES IN THE WABIGOON SUBPROVINCE: GEOCHEMICAL AND GEOCHRONOLOGICAL EVIDENCE FROM THE LAKE OF THE WOODS GREENSTONE BELTS, SUPERIOR PROVINCE, NORTHWESTERN CANADA",90-53,basalt,49.2,-94.6,2500.0,ARCHEAN,3850.0,2736.0,2738.0,2740.0,0.98796773,"NEOARCHEAN EVOLUTION OF DIFFERING CONVERGENT MARGIN ASSEMBLAGES IN THE WABIGOON SUBPROVINCE: GEOCHEMICAL AND GEOCHRONOLOGICAL EVIDENCE FROM THE LAKE OF THE WOODS GREENSTONE BELTS, SUPERIOR PROVINCE, NORTHWESTERN CANADA",ARCHEAN CRATON (INCLUDING GREENSTONE BELTS),Superior,,49.2,49.2,-94.6,-94.6,,,,90-53,basalt,2500000000.0,3850000000.0,PALEO,,,,,basalt,,,,,WR,49.89,0.58,,15.88,,,,8.63,13.44,4.67,0.18,,0.12,1.99,0.03,,,,,,,,,,,,,,,,,,,,,,,,,,,,,,,,,,,,,,,,,,,,42.0,,211.0,397.0,,,45.0,162.0,146.0,,,,,,,,85.0,16.0,35.0,,,,,,,,,,,,,,,1.76,4.42,,3.66,1.17,0.51,,0.35,2.11,0.43,,,1.32,0.24,0.89,,,,,,,,,,,,0.14,0.05,,,,,,,,,,,,,,,,,,,,,,,,,,
Superior,"NEOARCHEAN EVOLUTION OF DIFFERING CONVERGENT MARGIN ASSEMBLAGES IN THE WABIGOON SUBPROVINCE: GEOCHEMICAL AND GEOCHRONOLOGICAL EVIDENCE FROM THE LAKE OF THE WOODS GREENSTONE BELTS, SUPERIOR PROVINCE, NORTHWESTERN CANADA",84-617,basalt,49.2,-94.6,2500.0,ARCHEAN,3850.0,2736.0,2738.0,2740.0,0.000571136,"NEOARCHEAN EVOLUTION OF DIFFERING CONVERGENT MARGIN ASSEMBLAGES IN THE WABIGOON SUBPROVINCE: GEOCHEMICAL AND GEOCHRONOLOGICAL EVIDENCE FROM THE LAKE OF THE WOODS GREENSTONE BELTS, SUPERIOR PROVINCE, NORTHWESTERN CANADA",ARCHEAN CRATON (INCLUDING GREENSTONE BELTS),Superior,,49.2,49.2,-94.6,-94.6,,,,84-617,basalt,2500000000.0,3850000000.0,PALEO,,,,,basalt,,,,,WR,47.2,0.86,,14.2,,,,12.15,9.29,8.23,0.2,,0.0,1.58,0.02,,,,,,,,,,,,,,,,,,,,,,,,,,,,,,,,,,,,,,,,,,,,39.0,,220.0,196.0,,,41.0,112.0,116.0,91.0,,,,,,,99.0,20.0,51.0,5.0,,,,,,,,,,,,,50.0,2.7,5.55,,4.42,1.71,0.77,,0.49,2.89,0.65,,,2.02,0.34,1.18,0.12,,,,,,,,,,,0.21,0.05,,,,,,,,,,,,,,,,,,,,,,,,,,
Superior,"NEOARCHEAN EVOLUTION OF DIFFERING CONVERGENT MARGIN ASSEMBLAGES IN THE WABIGOON SUBPROVINCE: GEOCHEMICAL AND GEOCHRONOLOGICAL EVIDENCE FROM THE LAKE OF THE WOODS GREENSTONE BELTS, SUPERIOR PROVINCE, NORTHWESTERN CANADA",85S-336,basalt,49.2,-94.6,2500.0,ARCHEAN,3850.0,2736.0,2738.0,2740.0,0.986964405,"NEOARCHEAN EVOLUTION OF DIFFERING CONVERGENT MARGIN ASSEMBLAGES IN THE WABIGOON SUBPROVINCE: GEOCHEMICAL AND GEOCHRONOLOGICAL EVIDENCE FROM THE LAKE OF THE WOODS GREENSTONE BELTS, SUPERIOR PROVINCE, NORTHWESTERN CANADA",ARCHEAN CRATON (INCLUDING GREENSTONE BELTS),Superior,,49.2,49.2,-94.6,-94.6,,,,85S-336,basalt,2500000000.0,3850000000.0,PALEO,,,,,basalt,,,,,WR,47.5,0.57,,15.6,,,,9.94,9.86,8.45,0.17,,0.02,2.89,0.01,,,,,,,,,,,,,,,,,,,,,,,,,,,,,,,,,,,,,,,,,,,,35.0,,,292.0,,,40.0,120.0,68.0,74.0,,,,,,,118.0,16.0,38.0,,,,,,,,,,,,,,90.0,1.8,4.82,,3.62,1.23,0.6,,0.33,1.8,0.46,,,1.6,0.23,0.92,,,,,,,,,,,,0.12,0.05,,,,,,,,,,,,,,,,,,,,,,,,,,
Superior,"NEOARCHEAN EVOLUTION OF DIFFERING CONVERGENT MARGIN ASSEMBLAGES IN THE WABIGOON SUBPROVINCE: GEOCHEMICAL AND GEOCHRONOLOGICAL EVIDENCE FROM THE LAKE OF THE WOODS GREENSTONE BELTS, SUPERIOR PROVINCE, NORTHWESTERN CANADA",88-121,basalt,49.2,-94.6,2500.0,ARCHEAN,3850.0,2736.0,2738.0,2740.0,0.447458386,"NEOARCHEAN EVOLUTION OF DIFFERING CONVERGENT MARGIN ASSEMBLAGES IN THE WABIGOON SUBPROVINCE: GEOCHEMICAL AND GEOCHRONOLOGICAL EVIDENCE FROM THE LAKE OF THE WOODS GREENSTONE BELTS, SUPERIOR PROVINCE, NORTHWESTERN CANADA",ARCHEAN CRATON (INCLUDING GREENSTONE BELTS),Superior,,49.2,49.2,-94.6,-94.6,,,,88-121,basalt,2500000000.0,3850000000.0,PALEO,,,,,basalt,,,,,WR,53.6,0.83,,16.1,,,,8.62,7.45,5.87,0.14,,0.68,4.95,0.22,,,,,,,,,,,,,,,,,,,,,,,,,,,,,,,,,,,,,,,,,,,,28.0,,188.0,28.0,,,31.0,31.0,9.0,81.0,,,,,,17.0,394.0,18.0,104.0,6.0,,,,,,,,,,,,,,17.19,35.75,,17.31,3.33,1.08,,0.43,2.62,0.55,,,1.39,0.23,2.36,0.32,,,,,,,,,,,1.8,0.31,,,,,,,,,,,,,,,,,,,,,,,,,,
Superior,"NEOARCHEAN EVOLUTION OF DIFFERING CONVERGENT MARGIN ASSEMBLAGES IN THE WABIGOON SUBPROVINCE: GEOCHEMICAL AND GEOCHRONOLOGICAL EVIDENCE FROM THE LAKE OF THE WOODS GREENSTONE BELTS, SUPERIOR PROVINCE, NORTHWESTERN CANADA",87-615,basalt,49.2,-94.6,2500.0,ARCHEAN,3850.0,2736.0,2738.0,2740.0,0.998718023,"NEOARCHEAN EVOLUTION OF DIFFERING CONVERGENT MARGIN ASSEMBLAGES IN THE WABIGOON SUBPROVINCE: GEOCHEMICAL AND GEOCHRONOLOGICAL EVIDENCE FROM THE LAKE OF THE WOODS GREENSTONE BELTS, SUPERIOR PROVINCE, NORTHWESTERN CANADA",ARCHEAN CRATON (INCLUDING GREENSTONE BELTS),Superior,,49.2,49.2,-94.6,-94.6,,,,87-615,basalt,2500000000.0,3850000000.0,PALEO,,,,,basalt,,,,,WR,47.9,0.77,,14.3,,,,12.69,8.66,8.27,0.2,,0.04,1.74,0.05,,,,,,,,,,,,,,,,,,,,,,,,,,,,,,,,,,,,,,,,,,,,41.0,,275.0,233.0,,,65.0,145.0,135.0,100.0,,,,,,,114.0,18.0,70.0,,,,,,,,,,,,,,,2.8,6.8,,5.6,1.9,1.49,,0.43,3.1,0.73,,,1.8,0.27,,,,,,,,,,,,,,,,,,,,,,,,,,,,,,,,,,,,,,,,
Superior,"NEOARCHEAN EVOLUTION OF DIFFERING CONVERGENT MARGIN ASSEMBLAGES IN THE WABIGOON SUBPROVINCE: GEOCHEMICAL AND GEOCHRONOLOGICAL EVIDENCE FROM THE LAKE OF THE WOODS GREENSTONE BELTS, SUPERIOR PROVINCE, NORTHWESTERN CANADA",87-838,basalt,49.2,-94.6,2500.0,ARCHEAN,3850.0,2736.0,2738.0,2740.0,0.001071645,"NEOARCHEAN EVOLUTION OF DIFFERING CONVERGENT MARGIN ASSEMBLAGES IN THE WABIGOON SUBPROVINCE: GEOCHEMICAL AND GEOCHRONOLOGICAL EVIDENCE FROM THE LAKE OF THE WOODS GREENSTONE BELTS, SUPERIOR PROVINCE, NORTHWESTERN CANADA",ARCHEAN CRATON (INCLUDING GREENSTONE BELTS),Superior,,49.2,49.2,-94.6,-94.6,,,,87-838,basalt,2500000000.0,3850000000.0,PALEO,,,,,basalt,,,,,WR,48.6,1.58,,14.4,,,,15.03,9.33,3.85,0.37,,0.44,2.72,0.12,,,,,,,,,,,,,,,,,,,,,,,,,,,,,,,,,,,,,,,,,,,,33.0,,324.0,101.0,,,47.0,59.0,119.0,153.0,,,,,,13.0,91.0,29.0,108.0,5.0,,,,,,,,,,,,,,6.42,13.81,,10.72,3.4,1.43,,0.82,4.73,1.06,,,2.92,0.46,2.76,0.31,,,,,,,,,,,0.57,0.13,,,,,,,,,,,,,,,,,,,,,,,,,,
Superior,"NEOARCHEAN EVOLUTION OF DIFFERING CONVERGENT MARGIN ASSEMBLAGES IN THE WABIGOON SUBPROVINCE: GEOCHEMICAL AND GEOCHRONOLOGICAL EVIDENCE FROM THE LAKE OF THE WOODS GREENSTONE BELTS, SUPERIOR PROVINCE, NORTHWESTERN CANADA",93-21,basalt,49.2,-94.6,2500.0,ARCHEAN,3850.0,2736.0,2738.0,2740.0,0.872597337,"NEOARCHEAN EVOLUTION OF DIFFERING CONVERGENT MARGIN ASSEMBLAGES IN THE WABIGOON SUBPROVINCE: GEOCHEMICAL AND GEOCHRONOLOGICAL EVIDENCE FROM THE LAKE OF THE WOODS GREENSTONE BELTS, SUPERIOR PROVINCE, NORTHWESTERN CANADA",ARCHEAN CRATON (INCLUDING GREENSTONE BELTS),Superior,,49.2,49.2,-94.6,-94.6,,,,93-21,basalt,2500000000.0,3850000000.0,PALEO,,,,,basalt,,,,,WR,50.2,1.31,,12.0,,,,16.2,8.25,5.42,0.23,,0.11,1.46,0.12,,,,,,,,,,,,,,,,,,,,,,,,,,,,,,,,,,,,,,,,,,,,37.0,,,7.0,,,33.0,18.0,239.0,68.0,,,,,,7.0,91.0,25.0,78.0,,,,,,,,,,,,,,77.0,4.33,10.18,,8.31,2.6,1.05,,0.64,3.98,0.87,,,2.68,0.43,1.97,0.23,,,,,,,,,,,0.65,0.16,,,,,,,,,,,,,,,,,,,,,,,,,,
Superior,"NEOARCHEAN EVOLUTION OF DIFFERING CONVERGENT MARGIN ASSEMBLAGES IN THE WABIGOON SUBPROVINCE: GEOCHEMICAL AND GEOCHRONOLOGICAL EVIDENCE FROM THE LAKE OF THE WOODS GREENSTONE BELTS, SUPERIOR PROVINCE, NORTHWESTERN CANADA",93-22,basalt,49.2,-94.6,2500.0,ARCHEAN,3850.0,2736.0,2738.0,2740.0,0.010483085,"NEOARCHEAN EVOLUTION OF DIFFERING CONVERGENT MARGIN ASSEMBLAGES IN THE WABIGOON SUBPROVINCE: GEOCHEMICAL AND GEOCHRONOLOGICAL EVIDENCE FROM THE LAKE OF THE WOODS GREENSTONE BELTS, SUPERIOR PROVINCE, NORTHWESTERN CANADA",ARCHEAN CRATON (INCLUDING GREENSTONE BELTS),Superior,,49.2,49.2,-94.6,-94.6,,,,93-22,basalt,2500000000.0,3850000000.0,PALEO,,,,,basalt,,,,,WR,45.7,1.57,,12.8,,,,13.68,7.26,5.21,0.22,,2.57,2.71,0.15,,,,,,,,,,,,,,,,,,,,,,,,,,,,,,,,,,,,,,,,,,,,39.0,,,73.0,,,32.0,40.0,99.0,114.0,,,,,,68.0,94.0,34.0,104.0,6.0,,,,,,,,,,,,,323.0,5.93,13.34,,10.84,3.36,1.49,,0.89,5.37,1.08,,,3.58,0.55,2.65,0.23,,,,,,,,,,,0.61,0.19,,,,,,,,,,,,,,,,,,,,,,,,,,
Superior,"NIOBIUM-ENRICHED BASALTS FROM THE WABIGOON SUBPROVINCE, CANADA: EVIDENCE FOR ADAKITIC METASOMATISM ABOVE AN ARCHEAN SUBDUCTION ZONE",SL41A,BASALT,49.8,-90.8,2500.0,ARCHEAN,3850.0,2718.0,2746.5,2775.0,0.002474348,"NIOBIUM-ENRICHED BASALTS FROM THE WABIGOON SUBPROVINCE, CANADA: EVIDENCE FOR ADAKITIC METASOMATISM ABOVE AN ARCHEAN SUBDUCTION ZONE",ARCHEAN CRATON (INCLUDING GREENSTONE BELTS),Superior,,49.8,49.8,-90.8,-90.8,,,,SL41A,BASALT,2500000000.0,3850000000.0,PALEO,,,,,BASALT,,,,,WR,52.08,1.79,,13.47,,,,14.48,8.53,4.39,0.23,,0.25,3.0,0.17,,,,,,,,,,,,,,,,,,,,,,,,,,,,,,,,,,,,,,,,,,,,44.0,,406.0,95.0,,,46.0,38.0,,,,,,,,12.0,177.0,17.4,91.0,10.5,,,,,,,,,,,,0.91,66.0,11.04,27.31,3.62,15.29,3.53,1.13,3.59,0.53,3.55,0.71,2.03,,1.97,0.25,2.4,0.55,,,,,,,,,,,0.91,1.52,,,,,,,,,,,,,,,,,,,,,,,,,,
Superior,"NIOBIUM-ENRICHED BASALTS FROM THE WABIGOON SUBPROVINCE, CANADA: EVIDENCE FOR ADAKITIC METASOMATISM ABOVE AN ARCHEAN SUBDUCTION ZONE",VL10,BASALT,50.1,-91.92,2500.0,ARCHEAN,3850.0,2714.0,2723.0,2732.0,0.004387339,"NIOBIUM-ENRICHED BASALTS FROM THE WABIGOON SUBPROVINCE, CANADA: EVIDENCE FOR ADAKITIC METASOMATISM ABOVE AN ARCHEAN SUBDUCTION ZONE",ARCHEAN CRATON (INCLUDING GREENSTONE BELTS),Superior,,50.1,50.1,-91.92,-91.92,,,,VL10,BASALT,2500000000.0,3850000000.0,PALEO,,,,,BASALT,,,,,WR,49.29,2.21,,12.96,,,,16.83,7.95,5.17,0.2,,0.02,3.36,0.14,,,,,,,,,,,,,,,,,,,,,,,,,,,,,,,,,,,,,,,,,,,,62.0,,784.0,80.0,,,35.0,77.0,,,,,,,,0.0,130.0,32.5,105.0,5.8,,,,,,,,,,,,0.07,47.0,6.91,18.06,2.51,12.93,3.89,1.49,4.58,0.85,5.73,1.18,3.62,,3.42,0.56,2.9,0.34,,,,,,,,,,,0.82,0.18,,,,,,,,,,,,,,,,,,,,,,,,,,
Superior,"NIOBIUM-ENRICHED BASALTS FROM THE WABIGOON SUBPROVINCE, CANADA: EVIDENCE FOR ADAKITIC METASOMATISM ABOVE AN ARCHEAN SUBDUCTION ZONE",SL38,BASALT,49.8,-90.8,2500.0,ARCHEAN,3850.0,2718.0,2746.5,2775.0,0.00059915,"NIOBIUM-ENRICHED BASALTS FROM THE WABIGOON SUBPROVINCE, CANADA: EVIDENCE FOR ADAKITIC METASOMATISM ABOVE AN ARCHEAN SUBDUCTION ZONE",ARCHEAN CRATON (INCLUDING GREENSTONE BELTS),Superior,,49.8,49.8,-90.8,-90.8,,,,SL38,BASALT,2500000000.0,3850000000.0,PALEO,,,,,BASALT,,,,,WR,50.45,1.35,,15.63,,,,12.33,11.47,4.87,0.18,,0.18,2.0,0.15,,,,,,,,,,,,,,,,,,,,,,,,,,,,,,,,,,,,,,,,,,,,30.0,,232.0,225.0,,,44.0,113.0,,,,,,,,2.0,389.0,20.5,89.0,6.8,,,,,,,,,,,,0.11,29.0,6.41,18.56,2.61,11.16,3.94,1.38,3.82,0.56,3.62,0.71,2.06,,2.09,0.24,2.7,0.34,,,,,,,,,,,0.45,0.17,,,,,,,,,,,,,,,,,,,,,,,,,,
Superior,"NIOBIUM-ENRICHED BASALTS FROM THE WABIGOON SUBPROVINCE, CANADA: EVIDENCE FOR ADAKITIC METASOMATISM ABOVE AN ARCHEAN SUBDUCTION ZONE",DSV95-19,BASALT,50.1,-91.92,2500.0,ARCHEAN,3850.0,2714.0,2723.0,2732.0,0.000462447,"NIOBIUM-ENRICHED BASALTS FROM THE WABIGOON SUBPROVINCE, CANADA: EVIDENCE FOR ADAKITIC METASOMATISM ABOVE AN ARCHEAN SUBDUCTION ZONE",ARCHEAN CRATON (INCLUDING GREENSTONE BELTS),Superior,,50.1,50.1,-91.92,-91.92,,,,DSV95-19,BASALT,2500000000.0,3850000000.0,PALEO,,,,,BASALT,,,,,WR,49.88,1.57,,15.34,,,,12.02,7.83,7.67,0.18,,0.16,3.8,0.23,,,,,,,,,,,,,,,,,,,,,,,,,,,,,,,,,,,,,,,,,,,,28.0,,188.0,256.0,,,41.0,157.0,,,,,,,,2.0,312.0,20.6,115.0,10.2,,,,,,,,,,,,0.17,67.0,12.22,31.18,4.29,20.57,4.5,1.39,4.78,0.65,3.87,0.79,2.12,,1.88,0.25,2.9,0.52,,,,,,,,,,,0.77,0.18,,,,,,,,,,,,,,,,,,,,,,,,,,
Superior,"NIOBIUM-ENRICHED BASALTS FROM THE WABIGOON SUBPROVINCE, CANADA: EVIDENCE FOR ADAKITIC METASOMATISM ABOVE AN ARCHEAN SUBDUCTION ZONE",SL37,BASALT,49.8,-90.8,2500.0,ARCHEAN,3850.0,2718.0,2746.5,2775.0,0.001115537,"NIOBIUM-ENRICHED BASALTS FROM THE WABIGOON SUBPROVINCE, CANADA: EVIDENCE FOR ADAKITIC METASOMATISM ABOVE AN ARCHEAN SUBDUCTION ZONE",ARCHEAN CRATON (INCLUDING GREENSTONE BELTS),Superior,,49.8,49.8,-90.8,-90.8,,,,SL37,BASALT,2500000000.0,3850000000.0,PALEO,,,,,BASALT,,,,,WR,51.45,1.35,,14.66,,,,12.64,11.12,4.91,0.21,,0.18,1.91,0.15,,,,,,,,,,,,,,,,,,,,,,,,,,,,,,,,,,,,,,,,,,,,27.0,,218.0,241.0,,,48.0,110.0,,,,,,,,1.63,253.0,17.13,66.87,5.85,,,,,,,,,,,,0.05,25.0,5.74,16.11,2.39,11.83,3.16,1.12,3.61,0.57,3.73,0.7,2.0,,1.87,0.23,2.03,0.32,,,,,,,,,,,0.37,0.16,,,,,,,,,,,,,,,,,,,,,,,,,,
Superior,"NIOBIUM-ENRICHED BASALTS FROM THE WABIGOON SUBPROVINCE, CANADA: EVIDENCE FOR ADAKITIC METASOMATISM ABOVE AN ARCHEAN SUBDUCTION ZONE",K5-7,BASALT,50.1,-91.92,2500.0,ARCHEAN,3850.0,2714.0,2723.0,2732.0,0.015298666,"NIOBIUM-ENRICHED BASALTS FROM THE WABIGOON SUBPROVINCE, CANADA: EVIDENCE FOR ADAKITIC METASOMATISM ABOVE AN ARCHEAN SUBDUCTION ZONE",ARCHEAN CRATON (INCLUDING GREENSTONE BELTS),Superior,,50.1,50.1,-91.92,-91.92,,,,K5-7,BASALT,2500000000.0,3850000000.0,PALEO,,,,,BASALT,,,,,WR,53.3,0.73,,18.6,,,,7.72,7.05,5.24,0.14,,0.41,3.35,0.1,,,,,,,,,,,,,,,,,,,,,,,,,,,,,,,,,,,,,,,,,,,,26.0,,200.0,229.0,,,30.0,41.0,,,,,,,,20.0,206.0,16.0,111.0,7.0,,,,,,,,,,,,,200.0,10.5,21.43,,10.71,2.12,1.02,,0.34,1.89,0.45,,,1.35,0.21,2.5,0.33,,,,,,,,,,,0.93,0.22,,,,,,,,,,,,,,,,,,,,,,,,,,
Superior,"NIOBIUM-ENRICHED BASALTS FROM THE WABIGOON SUBPROVINCE, CANADA: EVIDENCE FOR ADAKITIC METASOMATISM ABOVE AN ARCHEAN SUBDUCTION ZONE",E5-2,BASALT,49.8,-90.8,2500.0,ARCHEAN,3850.0,2718.0,2746.5,2775.0,0.000938567,"NIOBIUM-ENRICHED BASALTS FROM THE WABIGOON SUBPROVINCE, CANADA: EVIDENCE FOR ADAKITIC METASOMATISM ABOVE AN ARCHEAN SUBDUCTION ZONE",ARCHEAN CRATON (INCLUDING GREENSTONE BELTS),Superior,,49.8,49.8,-90.8,-90.8,,,,E5-2,BASALT,2500000000.0,3850000000.0,PALEO,,,,,BASALT,,,,,WR,49.9,1.68,,15.1,,,,12.61,9.03,5.75,0.21,,0.33,3.02,0.28,,,,,,,,,,,,,,,,,,,,,,,,,,,,,,,,,,,,,,,,,,,,33.0,,,143.0,,,,,,,,,,,,11.0,151.0,24.0,124.0,10.0,,,,,,,,,,,,,,9.87,24.38,,16.74,3.94,1.52,,0.75,4.24,0.81,,,2.46,0.38,2.8,0.39,,,,,,,,,,,0.51,0.12,,,,,,,,,,,,,,,,,,,,,,,,,,
Superior,"OCEANIC SPREADING CENTER-GENERATED BASALTIC CRUST AND ASSOCIATED SULFIDIC AND CARBONATE-RICH HYDROTHERMAL DEPOSITS IN THE ARCHEAN (CA. 3 GA), NORTH SPIRIT LAKE GREENSTONE BELT, ONTARIO, CANADA",2-1,BASALT,52.5,-92.85,3000.0,ARCHEAN,3000.0,3021.0,3023.0,3025.0,0.999569833,"OCEANIC SPREADING CENTER-GENERATED BASALTIC CRUST AND ASSOCIATED SULFIDIC AND CARBONATE-RICH HYDROTHERMAL DEPOSITS IN THE ARCHEAN (CA. 3 GA), NORTH SPIRIT LAKE GREENSTONE BELT, ONTARIO, CANADA",ARCHEAN CRATON (INCLUDING GREENSTONE BELTS),Superior,,52.5,52.5,-92.85,-92.85,,,,2-1,BASALT,3000000000.0,3000000000.0,PALEO,,,,,BASALT,,,,,WR,48.14,0.79,,15.09,,,,10.77,0.12,15.18,0.03,,0.04,0.04,0.06,,,,,,,,,,,,,,,,,,,,,,,,,,,,,,,,,,,,,,,,,,,,,,,,,,,,,,,,,,,,,,,,,,,,,,,,,,,,,2.43,6.46,0.95,4.9,1.69,0.43,2.28,0.44,2.79,0.58,1.89,,1.63,0.26,,,,,,,,,,,,,,,,,,,,,,,,,,,,,,,,,,,,,,,,
Superior,"OCEANIC SPREADING CENTER-GENERATED BASALTIC CRUST AND ASSOCIATED SULFIDIC AND CARBONATE-RICH HYDROTHERMAL DEPOSITS IN THE ARCHEAN (CA. 3 GA), NORTH SPIRIT LAKE GREENSTONE BELT, ONTARIO, CANADA",1-4,BASALT,52.5,-92.85,3000.0,ARCHEAN,3000.0,3021.0,3023.0,3025.0,0.999512792,"OCEANIC SPREADING CENTER-GENERATED BASALTIC CRUST AND ASSOCIATED SULFIDIC AND CARBONATE-RICH HYDROTHERMAL DEPOSITS IN THE ARCHEAN (CA. 3 GA), NORTH SPIRIT LAKE GREENSTONE BELT, ONTARIO, CANADA",ARCHEAN CRATON (INCLUDING GREENSTONE BELTS),Superior,,52.5,52.5,-92.85,-92.85,,,,1-4,BASALT,3000000000.0,3000000000.0,PALEO,,,,,BASALT,,,,,WR,50.03,0.76,,14.5,,,,10.76,10.89,8.07,0.2,,0.32,0.95,0.06,,,,,,,,,,,,,,,,,,,,,,,,,,,,,,,,,,,,,,,,,,,,,,,,,,,,,,,,,,,,,,,,,,,,,,,,,,,,,2.7,6.91,1.03,5.42,1.85,0.71,2.41,0.47,3.07,0.67,2.1,,2.07,0.3,,,,,,,,,,,,,,,,,,,,,,,,,,,,,,,,,,,,,,,,
Superior,"OCEANIC SPREADING CENTER-GENERATED BASALTIC CRUST AND ASSOCIATED SULFIDIC AND CARBONATE-RICH HYDROTHERMAL DEPOSITS IN THE ARCHEAN (CA. 3 GA), NORTH SPIRIT LAKE GREENSTONE BELT, ONTARIO, CANADA",1-6,BASALT,52.5,-92.85,3000.0,ARCHEAN,3000.0,3021.0,3023.0,3025.0,0.999429643,"OCEANIC SPREADING CENTER-GENERATED BASALTIC CRUST AND ASSOCIATED SULFIDIC AND CARBONATE-RICH HYDROTHERMAL DEPOSITS IN THE ARCHEAN (CA. 3 GA), NORTH SPIRIT LAKE GREENSTONE BELT, ONTARIO, CANADA",ARCHEAN CRATON (INCLUDING GREENSTONE BELTS),Superior,,52.5,52.5,-92.85,-92.85,,,,1-6,BASALT,3000000000.0,3000000000.0,PALEO,,,,,BASALT,,,,,WR,51.36,0.54,,11.23,,,,9.29,14.26,8.23,0.2,,0.12,0.89,0.05,,,,,,,,,,,,,,,,,,,,,,,,,,,,,,,,,,,,,,,,,,,,,,,,,,,,,,,,,,,,,,,,,,,,,,,,,,,,,1.64,4.03,0.59,3.2,1.05,0.45,1.62,0.33,2.17,0.44,1.32,,1.29,0.18,,,,,,,,,,,,,,,,,,,,,,,,,,,,,,,,,,,,,,,,
Superior,"OCEANIC SPREADING CENTER-GENERATED BASALTIC CRUST AND ASSOCIATED SULFIDIC AND CARBONATE-RICH HYDROTHERMAL DEPOSITS IN THE ARCHEAN (CA. 3 GA), NORTH SPIRIT LAKE GREENSTONE BELT, ONTARIO, CANADA",2-2,BASALT,52.5,-92.85,3000.0,ARCHEAN,3000.0,3021.0,3023.0,3025.0,0.999569833,"OCEANIC SPREADING CENTER-GENERATED BASALTIC CRUST AND ASSOCIATED SULFIDIC AND CARBONATE-RICH HYDROTHERMAL DEPOSITS IN THE ARCHEAN (CA. 3 GA), NORTH SPIRIT LAKE GREENSTONE BELT, ONTARIO, CANADA",ARCHEAN CRATON (INCLUDING GREENSTONE BELTS),Superior,,52.5,52.5,-92.85,-92.85,,,,2-2,BASALT,3000000000.0,3000000000.0,PALEO,,,,,BASALT,,,,,WR,46.74,0.63,,8.87,,,,13.45,4.56,16.92,0.15,,0.13,0.59,0.04,,,,,,,,,,,,,,,,,,,,,,,,,,,,,,,,,,,,,,,,,,,,,,,,,,,,,,,,,,,,,,,,,,,,,,,,,,,,,1.61,5.13,0.85,4.41,1.54,0.85,2.06,0.38,2.24,0.43,1.26,,1.01,0.15,,,,,,,,,,,,,,,,,,,,,,,,,,,,,,,,,,,,,,,,
Superior,"OCEANIC SPREADING CENTER-GENERATED BASALTIC CRUST AND ASSOCIATED SULFIDIC AND CARBONATE-RICH HYDROTHERMAL DEPOSITS IN THE ARCHEAN (CA. 3 GA), NORTH SPIRIT LAKE GREENSTONE BELT, ONTARIO, CANADA",2-3,BASALT,52.5,-92.85,3000.0,ARCHEAN,3000.0,3021.0,3023.0,3025.0,0.998556077,"OCEANIC SPREADING CENTER-GENERATED BASALTIC CRUST AND ASSOCIATED SULFIDIC AND CARBONATE-RICH HYDROTHERMAL DEPOSITS IN THE ARCHEAN (CA. 3 GA), NORTH SPIRIT LAKE GREENSTONE BELT, ONTARIO, CANADA",ARCHEAN CRATON (INCLUDING GREENSTONE BELTS),Superior,,52.5,52.5,-92.85,-92.85,,,,2-3,BASALT,3000000000.0,3000000000.0,PALEO,,,,,BASALT,,,,,WR,49.27,0.5,,14.34,,,,16.73,1.14,8.09,0.12,,0.52,0.05,0.01,,,,,,,,,,,,,,,,,,,,,,,,,,,,,,,,,,,,,,,,,,,,,,,,,,,,,,,,,,,,,,,,,,,,,,,,,,,,,0.44,1.1,0.16,0.84,0.33,0.1,0.66,0.15,1.07,0.23,0.79,,0.78,0.13,,,,,,,,,,,,,,,,,,,,,,,,,,,,,,,,,,,,,,,,
Superior,"OCEANIC SPREADING CENTER-GENERATED BASALTIC CRUST AND ASSOCIATED SULFIDIC AND CARBONATE-RICH HYDROTHERMAL DEPOSITS IN THE ARCHEAN (CA. 3 GA), NORTH SPIRIT LAKE GREENSTONE BELT, ONTARIO, CANADA",2-4,BASALT,52.5,-92.85,3000.0,ARCHEAN,3000.0,3021.0,3023.0,3025.0,0.998556077,"OCEANIC SPREADING CENTER-GENERATED BASALTIC CRUST AND ASSOCIATED SULFIDIC AND CARBONATE-RICH HYDROTHERMAL DEPOSITS IN THE ARCHEAN (CA. 3 GA), NORTH SPIRIT LAKE GREENSTONE BELT, ONTARIO, CANADA",ARCHEAN CRATON (INCLUDING GREENSTONE BELTS),Superior,,52.5,52.5,-92.85,-92.85,,,,2-4,BASALT,3000000000.0,3000000000.0,PALEO,,,,,BASALT,,,,,WR,47.63,0.25,,8.16,,,,8.57,8.44,9.74,0.16,,0.02,1.94,0.02,,,,,,,,,,,,,,,,,,,,,,,,,,,,,,,,,,,,,,,,,,,,,,,,,,,,,,,,,,,,,,,,,,,,,,,,,,,,,0.68,1.63,0.22,1.14,0.42,0.2,0.65,0.15,1.03,0.23,0.76,,0.66,0.1,,,,,,,,,,,,,,,,,,,,,,,,,,,,,,,,,,,,,,,,
Superior,"OCEANIC SPREADING CENTER-GENERATED BASALTIC CRUST AND ASSOCIATED SULFIDIC AND CARBONATE-RICH HYDROTHERMAL DEPOSITS IN THE ARCHEAN (CA. 3 GA), NORTH SPIRIT LAKE GREENSTONE BELT, ONTARIO, CANADA",2-6,BASALT,52.5,-92.85,3000.0,ARCHEAN,3000.0,3021.0,3023.0,3025.0,0.999569833,"OCEANIC SPREADING CENTER-GENERATED BASALTIC CRUST AND ASSOCIATED SULFIDIC AND CARBONATE-RICH HYDROTHERMAL DEPOSITS IN THE ARCHEAN (CA. 3 GA), NORTH SPIRIT LAKE GREENSTONE BELT, ONTARIO, CANADA",ARCHEAN CRATON (INCLUDING GREENSTONE BELTS),Superior,,52.5,52.5,-92.85,-92.85,,,,2-6,BASALT,3000000000.0,3000000000.0,PALEO,,,,,BASALT,,,,,WR,45.74,0.6,,11.58,,,,10.84,10.47,4.36,0.2,,0.45,2.35,0.05,,,,,,,,,,,,,,,,,,,,,,,,,,,,,,,,,,,,,,,,,,,,,,,,,,,,,,,,,,,,,,,,,,,,,,,,,,,,,2.18,5.14,0.75,4.0,1.24,0.51,1.6,0.3,1.88,0.41,1.33,,1.31,0.19,,,,,,,,,,,,,,,,,,,,,,,,,,,,,,,,,,,,,,,,
Superior,"OCEANIC SPREADING CENTER-GENERATED BASALTIC CRUST AND ASSOCIATED SULFIDIC AND CARBONATE-RICH HYDROTHERMAL DEPOSITS IN THE ARCHEAN (CA. 3 GA), NORTH SPIRIT LAKE GREENSTONE BELT, ONTARIO, CANADA",2-5,BASALT,52.5,-92.85,3000.0,ARCHEAN,3000.0,3021.0,3023.0,3025.0,0.999622703,"OCEANIC SPREADING CENTER-GENERATED BASALTIC CRUST AND ASSOCIATED SULFIDIC AND CARBONATE-RICH HYDROTHERMAL DEPOSITS IN THE ARCHEAN (CA. 3 GA), NORTH SPIRIT LAKE GREENSTONE BELT, ONTARIO, CANADA",ARCHEAN CRATON (INCLUDING GREENSTONE BELTS),Superior,,52.5,52.5,-92.85,-92.85,,,,2-5,BASALT,3000000000.0,3000000000.0,PALEO,,,,,BASALT,,,,,WR,50.25,0.69,,8.5,,,,8.07,8.98,7.4,0.18,,0.21,0.0,0.05,,,,,,,,,,,,,,,,,,,,,,,,,,,,,,,,,,,,,,,,,,,,,,,,,,,,,,,,,,,,,,,,,,,,,,,,,,,,,2.39,5.92,0.89,4.74,1.52,0.47,1.77,0.28,1.66,0.34,1.0,,0.9,0.12,,,,,,,,,,,,,,,,,,,,,,,,,,,,,,,,,,,,,,,,
Superior,"OCEANIC SPREADING CENTER-GENERATED BASALTIC CRUST AND ASSOCIATED SULFIDIC AND CARBONATE-RICH HYDROTHERMAL DEPOSITS IN THE ARCHEAN (CA. 3 GA), NORTH SPIRIT LAKE GREENSTONE BELT, ONTARIO, CANADA",2-7,BASALT,52.5,-92.85,3000.0,ARCHEAN,3000.0,3021.0,3023.0,3025.0,0.999429643,"OCEANIC SPREADING CENTER-GENERATED BASALTIC CRUST AND ASSOCIATED SULFIDIC AND CARBONATE-RICH HYDROTHERMAL DEPOSITS IN THE ARCHEAN (CA. 3 GA), NORTH SPIRIT LAKE GREENSTONE BELT, ONTARIO, CANADA",ARCHEAN CRATON (INCLUDING GREENSTONE BELTS),Superior,,52.5,52.5,-92.85,-92.85,,,,2-7,BASALT,3000000000.0,3000000000.0,PALEO,,,,,BASALT,,,,,WR,52.04,0.64,,13.01,,,,5.96,7.29,6.91,0.17,,0.12,3.69,0.05,,,,,,,,,,,,,,,,,,,,,,,,,,,,,,,,,,,,,,,,,,,,,,,,,,,,,,,,,,,,,,,,,,,,,,,,,,,,,1.05,2.65,0.39,2.16,0.72,0.33,1.29,0.29,1.86,0.37,1.16,,1.07,0.15,,,,,,,,,,,,,,,,,,,,,,,,,,,,,,,,,,,,,,,,
Superior,"OCEANIC SPREADING CENTER-GENERATED BASALTIC CRUST AND ASSOCIATED SULFIDIC AND CARBONATE-RICH HYDROTHERMAL DEPOSITS IN THE ARCHEAN (CA. 3 GA), NORTH SPIRIT LAKE GREENSTONE BELT, ONTARIO, CANADA",1-1,BASALT,52.5,-92.85,3000.0,ARCHEAN,3000.0,3021.0,3023.0,3025.0,0.61870563,"OCEANIC SPREADING CENTER-GENERATED BASALTIC CRUST AND ASSOCIATED SULFIDIC AND CARBONATE-RICH HYDROTHERMAL DEPOSITS IN THE ARCHEAN (CA. 3 GA), NORTH SPIRIT LAKE GREENSTONE BELT, ONTARIO, CANADA",ARCHEAN CRATON (INCLUDING GREENSTONE BELTS),Superior,,52.5,52.5,-92.85,-92.85,,,,1-1,BASALT,3000000000.0,3000000000.0,PALEO,,,,,BASALT,,,,,WR,49.28,1.77,,13.1,,,,15.25,9.69,5.57,0.23,,0.34,1.22,0.14,,,,,,,,,,,,,,,,,,,,,,,,,,,,,,,,,,,,,,,,,,,,,,,,,,,,,,,,,,,,,,,,,,,,,,,,,,,,,10.9,25.9,3.49,16.1,4.46,1.51,4.56,0.8,4.85,0.95,2.8,,2.27,0.33,,,,,,,,,,,,,,,,,,,,,,,,,,,,,,,,,,,,,,,,
Superior,"OCEANIC SPREADING CENTER-GENERATED BASALTIC CRUST AND ASSOCIATED SULFIDIC AND CARBONATE-RICH HYDROTHERMAL DEPOSITS IN THE ARCHEAN (CA. 3 GA), NORTH SPIRIT LAKE GREENSTONE BELT, ONTARIO, CANADA",1-2,BASALT,52.5,-92.85,3000.0,ARCHEAN,3000.0,3021.0,3023.0,3025.0,0.999512792,"OCEANIC SPREADING CENTER-GENERATED BASALTIC CRUST AND ASSOCIATED SULFIDIC AND CARBONATE-RICH HYDROTHERMAL DEPOSITS IN THE ARCHEAN (CA. 3 GA), NORTH SPIRIT LAKE GREENSTONE BELT, ONTARIO, CANADA",ARCHEAN CRATON (INCLUDING GREENSTONE BELTS),Superior,,52.5,52.5,-92.85,-92.85,,,,1-2,BASALT,3000000000.0,3000000000.0,PALEO,,,,,BASALT,,,,,WR,49.87,0.58,,12.88,,,,9.54,9.4,8.98,0.19,,0.12,1.11,0.05,,,,,,,,,,,,,,,,,,,,,,,,,,,,,,,,,,,,,,,,,,,,,,,,,,,,,,,,,,,,,,,,,,,,,,,,,,,,,1.74,4.61,0.73,3.84,1.36,0.57,1.98,0.37,2.4,0.52,1.62,,1.49,0.22,,,,,,,,,,,,,,,,,,,,,,,,,,,,,,,,,,,,,,,,
Superior,"OCEANIC SPREADING CENTER-GENERATED BASALTIC CRUST AND ASSOCIATED SULFIDIC AND CARBONATE-RICH HYDROTHERMAL DEPOSITS IN THE ARCHEAN (CA. 3 GA), NORTH SPIRIT LAKE GREENSTONE BELT, ONTARIO, CANADA",1-3,BASALT,52.5,-92.85,3000.0,ARCHEAN,3000.0,3021.0,3023.0,3025.0,0.99949646,"OCEANIC SPREADING CENTER-GENERATED BASALTIC CRUST AND ASSOCIATED SULFIDIC AND CARBONATE-RICH HYDROTHERMAL DEPOSITS IN THE ARCHEAN (CA. 3 GA), NORTH SPIRIT LAKE GREENSTONE BELT, ONTARIO, CANADA",ARCHEAN CRATON (INCLUDING GREENSTONE BELTS),Superior,,52.5,52.5,-92.85,-92.85,,,,1-3,BASALT,3000000000.0,3000000000.0,PALEO,,,,,BASALT,,,,,WR,52.35,0.74,,15.69,,,,9.27,7.7,6.3,0.17,,0.14,2.15,0.05,,,,,,,,,,,,,,,,,,,,,,,,,,,,,,,,,,,,,,,,,,,,,,,,,,,,,,,,,,,,,,,,,,,,,,,,,,,,,1.77,4.28,0.64,3.29,1.17,0.58,1.63,0.32,2.06,0.45,1.36,,1.2,0.18,,,,,,,,,,,,,,,,,,,,,,,,,,,,,,,,,,,,,,,,
Superior,"ORIGIN OF ARCHEAN FERROPICRITES: GEOCHEMICAL CONSTRAINTS FROM THE BOSTON CREEK FLOW, ABITIBI GREENSTONE BELT, ONTARIO, CANADA",1-35,THOLEIITE,48.6,-80.5,2500.0,ARCHEAN,3850.0,2718.0,2720.0,2722.0,0.356155157,"ORIGIN OF ARCHEAN FERROPICRITES: GEOCHEMICAL CONSTRAINTS FROM THE BOSTON CREEK FLOW, ABITIBI GREENSTONE BELT, ONTARIO, CANADA",ARCHEAN CRATON (INCLUDING GREENSTONE BELTS),Superior,,48.6,48.6,-80.5,-80.5,,,,1-35,THOLEIITE,2500000000.0,3850000000.0,PALEO,,,,,THOLEIITE,,,,,WR,52.23,0.83,,6.43,,,,10.84,0.03,12.5,0.21,,0.12,1.34,0.03,,,,,,,,,,,,,,,,,,,,,,,,,,,,,,,,,,,,,,,,,,,,35.0,,235.0,1836.0,,,71.0,264.0,,,,,,,,5.0,94.0,14.0,68.0,5.0,,,,,,,,,,,,,68.0,3.6,9.3,,7.6,2.37,0.42,,0.39,,,,,1.15,0.19,0.96,0.0,,,,,,,,,,,0.0,,,,,,,,,,,,,,,,,,,,,,,,,,,
Superior,"ORIGIN OF ARCHEAN FERROPICRITES: GEOCHEMICAL CONSTRAINTS FROM THE BOSTON CREEK FLOW, ABITIBI GREENSTONE BELT, ONTARIO, CANADA",J14,THOLEIITE,47.9,-80.0,2500.0,ARCHEAN,3850.0,2718.0,2720.0,2722.0,0.789801657,"ORIGIN OF ARCHEAN FERROPICRITES: GEOCHEMICAL CONSTRAINTS FROM THE BOSTON CREEK FLOW, ABITIBI GREENSTONE BELT, ONTARIO, CANADA",ARCHEAN CRATON (INCLUDING GREENSTONE BELTS),Superior,,47.9,47.9,-80.0,-80.0,,,,J14,THOLEIITE,2500000000.0,3850000000.0,PALEO,,,,,THOLEIITE,,,,,WR,51.62,1.16,,15.09,,,,13.83,0.01,4.09,0.24,,0.07,1.46,0.1,,,,,,,,,,,,,,,,,,,,,,,,,,,,,,,,,,,,,,,,,,,,25.7,,324.0,128.0,,,59.0,61.0,,,,,,,,3.0,432.0,28.0,69.0,5.0,,,,,,,,,,,,,41.0,5.6,12.5,,6.59,1.437,0.86,,0.61,,,,,2.46,0.39,1.61,0.22,,,,,,,,,,,0.42,,,,,,,,,,,,,,,,,,,,,,,,,,,
Superior,"ORIGIN OF ARCHEAN FERROPICRITES: GEOCHEMICAL CONSTRAINTS FROM THE BOSTON CREEK FLOW, ABITIBI GREENSTONE BELT, ONTARIO, CANADA",1-64,THOLEIITE,47.9,-80.0,2500.0,ARCHEAN,3850.0,2718.0,2720.0,2722.0,0.670936286,"ORIGIN OF ARCHEAN FERROPICRITES: GEOCHEMICAL CONSTRAINTS FROM THE BOSTON CREEK FLOW, ABITIBI GREENSTONE BELT, ONTARIO, CANADA",ARCHEAN CRATON (INCLUDING GREENSTONE BELTS),Superior,,47.9,47.9,-80.0,-80.0,,,,1-64,THOLEIITE,2500000000.0,3850000000.0,PALEO,,,,,THOLEIITE,,,,,WR,51.08,1.21,,14.57,,,,12.61,0.01,5.38,0.21,,0.24,2.09,0.09,,,,,,,,,,,,,,,,,,,,,,,,,,,,,,,,,,,,,,,,,,,,34.2,,345.0,135.0,,,65.0,64.0,,,,,,,,3.0,322.0,29.0,74.0,4.0,,,,,,,,,,,,,108.0,4.3,10.1,,7.5,2.77,0.85,,0.44,,,,,2.05,0.34,1.38,0.21,,,,,,,,,,,0.47,1.2,,,,,,,,,,,,,,,,,,,,,,,,,,
Superior,"PETROGRAPHY AND GEOCHEMISTRY OF AN UNUSUAL FE-RICH BASALTIC KOMATIITE FROM BOSTON TOWNSHIP, NORTHEASTERN ONTARIO",J14,THOLEIITE,47.9,-80.0,2500.0,ARCHEAN,3850.0,2718.0,2720.0,2722.0,0.999946952,"PETROGRAPHY AND GEOCHEMISTRY OF AN UNUSUAL FE-RICH BASALTIC KOMATIITE FROM BOSTON TOWNSHIP, NORTHEASTERN ONTARIO",ARCHEAN CRATON (INCLUDING GREENSTONE BELTS),Superior,,47.9,47.9,-80.0,-80.0,,,,J14,THOLEIITE,2500000000.0,3850000000.0,PALEO,,,,,THOLEIITE,,,,,WR,48.7,1.25,,14.9,,,,13.68,12.5,4.78,0.23,,0.08,2.08,0.09,,,,,,,,,,,,,,,,,,,,,,,,,,,,,,,,,,,,,,,,,,,,35.0,,350.0,145.0,,,56.0,48.0,,,,,,,,30.0,370.0,30.0,25.0,,,,,,,,,,,,,,70.0,,,,,,,,,,,,,,,,,,,,,,,,,,,,,,,,,,,,,,,,,,,,,,,,,,,,,,
Superior,"PÉTROLOGIE DES ROCHES VOLCANIQUES DU SILLON DE ROCHES VERTES ARCHÉENNES DE MATAGAMI - CHIBOUGAMU À L^OUEST DE CHAPAIS (ABITIBI EST, QUÉBEC). 2. LE GROUPE HAUTEMENT POTASSIQUE D^OPÉMISCA",6048D,BASALT,49.75,-74.5,2500.0,ARCHEAN,3850.0,2715.0,2717.0,2719.0,0.999539256,"PÉTROLOGIE DES ROCHES VOLCANIQUES DU SILLON DE ROCHES VERTES ARCHÉENNES DE MATAGAMI - CHIBOUGAMU À L^OUEST DE CHAPAIS (ABITIBI EST, QUÉBEC). 2. LE GROUPE HAUTEMENT POTASSIQUE D^OPÉMISCA",ARCHEAN CRATON (INCLUDING GREENSTONE BELTS),Superior,,49.75,49.75,-74.5,-74.5,,,,6048D,BASALT,2500000000.0,3850000000.0,PALEO,,,,,BASALT,,,,,WR,50.29,0.75,,16.57,,,,9.07,10.78,7.83,0.13,,1.38,2.99,0.21,,,,,,,,,,,,,,,,,,,,,,,,,,,,,,,,,,,,,,,,,,,,,,181.0,343.0,,,45.0,230.0,,,,,,,,29.0,859.0,11.0,66.0,3.6,,,,,,,,,,,,,695.0,30.8,65.0,,33.7,5.49,1.3,,0.3,,0.5,,,0.98,0.14,2.0,0.14,,,,,,,,,,,3.38,,,,,,,,,,,,,,,,,,,,,,,,,,,
Superior,"PÉTROLOGIE DES ROCHES VOLCANIQUES DU SILLON DE ROCHES VERTES ARCHÉENNES DE MATAGAMI - CHIBOUGAMU À L^OUEST DE CHAPAIS (ABITIBI EST, QUÉBEC). 2. LE GROUPE HAUTEMENT POTASSIQUE D^OPÉMISCA",6046B,BASALT,49.75,-74.5,2500.0,ARCHEAN,3850.0,2715.0,2717.0,2719.0,0.855184555,"PÉTROLOGIE DES ROCHES VOLCANIQUES DU SILLON DE ROCHES VERTES ARCHÉENNES DE MATAGAMI - CHIBOUGAMU À L^OUEST DE CHAPAIS (ABITIBI EST, QUÉBEC). 2. LE GROUPE HAUTEMENT POTASSIQUE D^OPÉMISCA",ARCHEAN CRATON (INCLUDING GREENSTONE BELTS),Superior,,49.75,49.75,-74.5,-74.5,,,,6046B,BASALT,2500000000.0,3850000000.0,PALEO,,,,,BASALT,,,,,WR,48.46,0.49,,18.39,,,,9.1,10.85,9.07,0.15,,1.37,2.0,0.23,,,,,,,,,,,,,,,,,,,,,,,,,,,,,,,,,,,,,,,,,,,,,,167.0,197.0,,,46.0,109.0,,,,,,,,32.0,650.0,10.0,61.0,3.4,,,,,,,,,,,,,635.0,12.6,27.87,,14.81,3.35,1.01,,0.36,,0.3,,,0.83,0.13,1.4,0.11,,,,,,,,,,,1.43,,,,,,,,,,,,,,,,,,,,,,,,,,,
Superior,"PÉTROLOGIE DES ROCHES VOLCANIQUES DU SILLON DE ROCHES VERTES ARCHÉENNES DE MATAGAMI - CHIBOUGAMU À L^OUEST DE CHAPAIS (ABITIBI EST, QUÉBEC). 2. LE GROUPE HAUTEMENT POTASSIQUE D^OPÉMISCA",6062D,BASALT,49.75,-74.5,2500.0,ARCHEAN,3850.0,2715.0,2717.0,2719.0,0.999954581,"PÉTROLOGIE DES ROCHES VOLCANIQUES DU SILLON DE ROCHES VERTES ARCHÉENNES DE MATAGAMI - CHIBOUGAMU À L^OUEST DE CHAPAIS (ABITIBI EST, QUÉBEC). 2. LE GROUPE HAUTEMENT POTASSIQUE D^OPÉMISCA",ARCHEAN CRATON (INCLUDING GREENSTONE BELTS),Superior,,49.75,49.75,-74.5,-74.5,,,,6062D,BASALT,2500000000.0,3850000000.0,PALEO,,,,,BASALT,,,,,WR,49.79,0.73,,16.61,,,,8.78,11.01,9.85,0.16,,0.6,2.2,0.26,,,,,,,,,,,,,,,,,,,,,,,,,,,,,,,,,,,,,,,,,,,,,,183.0,373.0,,,40.0,194.0,,,,,,,,11.0,1195.0,10.0,70.0,5.3,,,,,,,,,,,,,365.0,,,,,,,,,,,,,,,,,,,,,,,,,,,,,,,,,,,,,,,,,,,,,,,,,,,,,,
Superior Province,"PLATINUM GROUP MINERAL OCCURRENCE ASSOCIATED WITH FLOW TO AMYGDULE SULFIDES IN KOMATIITIC BASALT, ABITIBI GREENSTONE BELT, ONTARIO",OLSX,BASALT,48.2,-80.1,2500.0,ARCHEAN,3850.0,2720.0,2730.0,2740.0,0.999934673,"PLATINUM GROUP MINERAL OCCURRENCE ASSOCIATED WITH FLOW TO AMYGDULE SULFIDES IN KOMATIITIC BASALT, ABITIBI GREENSTONE BELT, ONTARIO",ARCHEAN CRATON (INCLUDING GREENSTONE BELTS),Superior Province,,48.2,48.2,-80.1,-80.1,,,,OLSX,BASALT,2500000000.0,3850000000.0,PALEO,,,,,BASALT,,,,,WR,46.45,0.65,,12.0,,,,13.64,11.82,14.11,0.24,,0.0,0.63,0.02,,,,,,,,,,,,,,,,,,,,,,,,,,,,,,,,,,,,,,,,,,,,,,,2292.0,,,87.0,671.0,108.0,,,,,,,,,,,,,,,,,,,,,,,,,,,,,,,,,,,,,,,,,,,,,,,,,,,,,,,,,,,,,,,,,,,,,,,,,,,,,,
Superior Province,"PLATINUM GROUP MINERAL OCCURRENCE ASSOCIATED WITH FLOW TO AMYGDULE SULFIDES IN KOMATIITIC BASALT, ABITIBI GREENSTONE BELT, ONTARIO",AMYBST,BASALT,48.2,-80.1,2500.0,ARCHEAN,3850.0,2720.0,2730.0,2740.0,0.999897718,"PLATINUM GROUP MINERAL OCCURRENCE ASSOCIATED WITH FLOW TO AMYGDULE SULFIDES IN KOMATIITIC BASALT, ABITIBI GREENSTONE BELT, ONTARIO",ARCHEAN CRATON (INCLUDING GREENSTONE BELTS),Superior Province,,48.2,48.2,-80.1,-80.1,,,,AMYBST,BASALT,2500000000.0,3850000000.0,PALEO,,,,,BASALT,,,,,WR,52.56,0.64,,12.83,,,,12.09,8.55,10.85,0.17,,0.03,1.64,0.03,,,,,,,,,,,,,,,,,,,,,,,,,,,,,,,,,,,,,,,,,,,,,,,1845.0,,,87.0,2516.0,661.0,,,,,,,,,,,,,,,,,,,,,,,,,,,,,,,,,,,,,,,,,,,,,,,,,220.3,,,,,,,,,,,,,,,,,,,,,,,,,,,,,
Superior Province,PLUME AND ARC MAGMATISM IN THE ABITIBI SUBPROVINCE: IMPLICATIONS FOR THE ORIGIN OF ARCHEAN CONTINENTAL LITHOSPHERIC MANTLE,DDS 01,BASALT,48.47,-81.33,2700.0,ARCHEAN,2700.0,2711.0,2714.0,2717.0,0.003056828,PLUME AND ARC MAGMATISM IN THE ABITIBI SUBPROVINCE: IMPLICATIONS FOR THE ORIGIN OF ARCHEAN CONTINENTAL LITHOSPHERIC MANTLE,ARCHEAN CRATON (INCLUDING GREENSTONE BELTS),Superior Province,,48.47,48.47,-81.33,-81.33,,,,DDS 01,BASALT,2700000000.0,2700000000.0,PALEO,,,,,BASALT,,,,,WR,46.79,2.43,,12.67,,,,17.1,10.42,5.19,0.23,,0.41,2.81,0.05,,,,,,,,,,,,,,,,,,,,,,,,,,,,,,,,,,,,,,,,,,,,35.0,,489.0,97.0,,,71.0,3.0,38.0,69.0,,,,,,9.0,390.0,13.56,42.8,2.51,,,,,,,,,,,,0.0,148.0,3.35,9.6,1.58,7.19,2.34,0.98,2.96,0.44,2.83,0.57,1.64,,1.47,0.21,1.66,0.21,,,,,,,,,0.27,,0.31,0.07,,,,,,,,,,,,,,,,,,,,,,,,,,
Superior Province,PLUME AND ARC MAGMATISM IN THE ABITIBI SUBPROVINCE: IMPLICATIONS FOR THE ORIGIN OF ARCHEAN CONTINENTAL LITHOSPHERIC MANTLE,KC-519A,BASALT,48.47,-81.33,2700.0,ARCHEAN,2700.0,2711.0,2714.0,2717.0,0.053131226,PLUME AND ARC MAGMATISM IN THE ABITIBI SUBPROVINCE: IMPLICATIONS FOR THE ORIGIN OF ARCHEAN CONTINENTAL LITHOSPHERIC MANTLE,ARCHEAN CRATON (INCLUDING GREENSTONE BELTS),Superior Province,,48.47,48.47,-81.33,-81.33,,,,KC-519A,BASALT,2700000000.0,2700000000.0,PALEO,,,,,BASALT,,,,,WR,45.52,1.33,,14.87,,,,13.48,14.2,5.09,0.52,,0.1,3.28,0.11,,,,,,,,,,,,,,,,,,,,,,,,,,,,,,,,,,,,,,,,,,,,17.0,,371.0,211.0,,,48.0,60.0,56.0,90.0,,,,,,5.0,106.0,33.31,90.0,4.42,,,,,,,,,,,,0.0,47.0,6.3,15.35,1.92,9.96,3.06,1.21,4.02,0.72,4.77,1.03,2.93,,3.04,0.43,2.3,0.29,,,,,,,,,0.59,,0.66,0.14,,,,,,,,,,,,,,,,,,,,,,,,,,
Superior Province,PLUME AND ARC MAGMATISM IN THE ABITIBI SUBPROVINCE: IMPLICATIONS FOR THE ORIGIN OF ARCHEAN CONTINENTAL LITHOSPHERIC MANTLE,DU-2,BASALT,48.47,-81.33,2700.0,ARCHEAN,2700.0,2711.0,2714.0,2717.0,0.197130412,PLUME AND ARC MAGMATISM IN THE ABITIBI SUBPROVINCE: IMPLICATIONS FOR THE ORIGIN OF ARCHEAN CONTINENTAL LITHOSPHERIC MANTLE,ARCHEAN CRATON (INCLUDING GREENSTONE BELTS),Superior Province,,48.47,48.47,-81.33,-81.33,,,,DU-2,BASALT,2700000000.0,2700000000.0,PALEO,,,,,BASALT,,,,,WR,50.77,0.66,,12.74,,,,12.39,8.52,10.1,0.24,,0.74,2.39,0.06,,,,,,,,,,,,,,,,,,,,,,,,,,,,,,,,,,,,,,,,,,,,47.0,,266.0,645.0,,,66.0,129.0,88.0,81.0,,,,,,28.0,157.0,13.74,37.3,1.39,,,,,,,,,,,,1.0,132.0,1.56,4.48,0.76,3.68,1.44,0.51,2.04,0.35,2.53,0.52,1.63,,1.6,0.25,1.24,0.17,,,,,,,,,0.39,,0.25,0.05,,,,,,,,,,,,,,,,,,,,,,,,,,
Superior Province,PLUME AND ARC MAGMATISM IN THE ABITIBI SUBPROVINCE: IMPLICATIONS FOR THE ORIGIN OF ARCHEAN CONTINENTAL LITHOSPHERIC MANTLE,BY-4,BASALT,48.47,-81.33,2700.0,ARCHEAN,2700.0,2711.0,2714.0,2717.0,0.000421602,PLUME AND ARC MAGMATISM IN THE ABITIBI SUBPROVINCE: IMPLICATIONS FOR THE ORIGIN OF ARCHEAN CONTINENTAL LITHOSPHERIC MANTLE,ARCHEAN CRATON (INCLUDING GREENSTONE BELTS),Superior Province,,48.47,48.47,-81.33,-81.33,,,,BY-4,BASALT,2700000000.0,2700000000.0,PALEO,,,,,BASALT,,,,,WR,49.07,1.89,,19.33,,,,12.18,7.42,3.46,0.27,,0.28,4.61,0.16,,,,,,,,,,,,,,,,,,,,,,,,,,,,,,,,,,,,,,,,,,,,31.0,,372.0,223.0,,,69.0,147.0,153.0,54.0,,,,,,5.0,123.0,24.56,93.8,5.56,,,,,,,,,,,,1.0,51.0,8.09,22.4,3.28,14.07,4.17,1.57,5.24,0.84,5.43,1.11,3.05,,2.94,0.43,2.69,0.35,,,,,,,,,5.17,,0.51,0.12,,,,,,,,,,,,,,,,,,,,,,,,,,
Superior Province,PLUME AND ARC MAGMATISM IN THE ABITIBI SUBPROVINCE: IMPLICATIONS FOR THE ORIGIN OF ARCHEAN CONTINENTAL LITHOSPHERIC MANTLE,WI-4,BASALT,48.47,-81.33,2700.0,ARCHEAN,2700.0,2711.0,2714.0,2717.0,0.000119792,PLUME AND ARC MAGMATISM IN THE ABITIBI SUBPROVINCE: IMPLICATIONS FOR THE ORIGIN OF ARCHEAN CONTINENTAL LITHOSPHERIC MANTLE,ARCHEAN CRATON (INCLUDING GREENSTONE BELTS),Superior Province,,48.47,48.47,-81.33,-81.33,,,,WI-4,BASALT,2700000000.0,2700000000.0,PALEO,,,,,BASALT,,,,,WR,48.17,2.81,,12.67,,,,21.92,2.02,9.03,0.3,,0.0,0.31,0.34,,,,,,,,,,,,,,,,,,,,,,,,,,,,,,,,,,,,,,,,,,,,43.0,,333.0,103.0,,,43.0,44.0,19.0,619.0,,,,,,1.0,4.0,28.88,166.2,10.53,,,,,,,,,,,,0.0,5.0,8.19,21.79,3.27,16.13,4.63,1.48,5.44,0.86,5.7,1.21,3.63,,3.73,0.66,4.72,0.63,,,,,,,,,10.82,,0.74,0.18,,,,,,,,,,,,,,,,,,,,,,,,,,
Superior Province,PLUME AND ARC MAGMATISM IN THE ABITIBI SUBPROVINCE: IMPLICATIONS FOR THE ORIGIN OF ARCHEAN CONTINENTAL LITHOSPHERIC MANTLE,MO2,BASALT,48.47,-81.33,2700.0,ARCHEAN,2700.0,2711.0,2714.0,2717.0,0.000130303,PLUME AND ARC MAGMATISM IN THE ABITIBI SUBPROVINCE: IMPLICATIONS FOR THE ORIGIN OF ARCHEAN CONTINENTAL LITHOSPHERIC MANTLE,ARCHEAN CRATON (INCLUDING GREENSTONE BELTS),Superior Province,,48.47,48.47,-81.33,-81.33,,,,MO2,BASALT,2700000000.0,2700000000.0,PALEO,,,,,BASALT,,,,,WR,48.06,1.04,,13.86,,,,12.94,12.22,6.92,0.23,,0.03,2.03,0.08,,,,,,,,,,,,,,,,,,,,,,,,,,,,,,,,,,,,,,,,,,,,60.0,,329.0,181.0,,,56.0,95.0,135.0,96.0,,,,,,1.0,162.0,21.51,58.1,3.34,,,,,,,,,,,,0.0,20.0,3.45,9.15,1.59,8.56,2.88,0.94,3.86,0.62,4.09,0.87,2.53,,2.63,0.47,1.99,0.22,,,,,,,,,0.75,,0.23,0.09,,,,,,,,,,,,,,,,,,,,,,,,,,
Superior Province,PLUME AND ARC MAGMATISM IN THE ABITIBI SUBPROVINCE: IMPLICATIONS FOR THE ORIGIN OF ARCHEAN CONTINENTAL LITHOSPHERIC MANTLE,WL-L,BASALT,48.47,-81.33,2700.0,ARCHEAN,2700.0,2711.0,2714.0,2717.0,0.000229781,PLUME AND ARC MAGMATISM IN THE ABITIBI SUBPROVINCE: IMPLICATIONS FOR THE ORIGIN OF ARCHEAN CONTINENTAL LITHOSPHERIC MANTLE,ARCHEAN CRATON (INCLUDING GREENSTONE BELTS),Superior Province,,48.47,48.47,-81.33,-81.33,,,,WL-L,BASALT,2700000000.0,2700000000.0,PALEO,,,,,BASALT,,,,,WR,48.44,2.09,,13.08,,,,17.15,9.47,5.76,0.25,,0.1,1.52,0.22,,,,,,,,,,,,,,,,,,,,,,,,,,,,,,,,,,,,,,,,,,,,39.0,,343.0,169.0,,,60.0,100.0,10.0,118.0,,,,,,3.0,71.0,29.8,118.9,7.65,,,,,,,,,,,,0.0,39.0,7.99,21.18,3.17,14.94,4.51,1.58,5.64,0.9,6.18,1.28,3.76,,3.65,0.53,3.82,0.49,,,,,,,,,1.06,,0.63,0.13,,,,,,,,,,,,,,,,,,,,,,,,,,
Superior Province,PLUME AND ARC MAGMATISM IN THE ABITIBI SUBPROVINCE: IMPLICATIONS FOR THE ORIGIN OF ARCHEAN CONTINENTAL LITHOSPHERIC MANTLE,MO5,BASALT,48.47,-81.33,2700.0,ARCHEAN,2700.0,2711.0,2714.0,2717.0,0.002702749,PLUME AND ARC MAGMATISM IN THE ABITIBI SUBPROVINCE: IMPLICATIONS FOR THE ORIGIN OF ARCHEAN CONTINENTAL LITHOSPHERIC MANTLE,ARCHEAN CRATON (INCLUDING GREENSTONE BELTS),Superior Province,,48.47,48.47,-81.33,-81.33,,,,MO5,BASALT,2700000000.0,2700000000.0,PALEO,,,,,BASALT,,,,,WR,50.78,1.04,,14.55,,,,12.54,8.9,6.28,0.27,,0.28,3.88,0.08,,,,,,,,,,,,,,,,,,,,,,,,,,,,,,,,,,,,,,,,,,,,28.0,,282.0,42.0,,,48.0,56.0,166.0,138.0,,,,,,2.0,138.0,24.29,114.4,7.04,,,,,,,,,,,,1.0,32.0,6.69,20.11,3.18,15.46,4.54,1.39,5.29,0.81,5.2,1.04,2.92,,2.71,0.42,3.49,0.45,,,,,,,,,1.29,,0.76,0.18,,,,,,,,,,,,,,,,,,,,,,,,,,
Superior Province,PLUME AND ARC MAGMATISM IN THE ABITIBI SUBPROVINCE: IMPLICATIONS FOR THE ORIGIN OF ARCHEAN CONTINENTAL LITHOSPHERIC MANTLE,DUN-01,BASALT,48.47,-81.33,2700.0,ARCHEAN,2700.0,2711.0,2714.0,2717.0,0.289573133,PLUME AND ARC MAGMATISM IN THE ABITIBI SUBPROVINCE: IMPLICATIONS FOR THE ORIGIN OF ARCHEAN CONTINENTAL LITHOSPHERIC MANTLE,ARCHEAN CRATON (INCLUDING GREENSTONE BELTS),Superior Province,,48.47,48.47,-81.33,-81.33,,,,DUN-01,BASALT,2700000000.0,2700000000.0,PALEO,,,,,BASALT,,,,,WR,51.98,0.73,,12.3,,,,10.6,8.62,10.64,0.21,,0.05,3.61,0.07,,,,,,,,,,,,,,,,,,,,,,,,,,,,,,,,,,,,,,,,,,,,47.0,,288.0,739.0,,,51.0,193.0,50.0,53.0,,,,,,1.0,115.0,16.81,49.3,2.11,,,,,,,,,,,,0.0,97.0,2.32,6.67,1.08,5.11,1.8,0.67,2.62,0.44,3.19,0.67,2.12,,2.05,0.31,1.76,0.18,,,,,,,,,0.91,,0.34,0.06,,,,,,,,,,,,,,,,,,,,,,,,,,
Superior Province,PLUME AND ARC MAGMATISM IN THE ABITIBI SUBPROVINCE: IMPLICATIONS FOR THE ORIGIN OF ARCHEAN CONTINENTAL LITHOSPHERIC MANTLE,BY-3,BASALT,48.47,-81.33,2700.0,ARCHEAN,2700.0,2711.0,2714.0,2717.0,0.00973902,PLUME AND ARC MAGMATISM IN THE ABITIBI SUBPROVINCE: IMPLICATIONS FOR THE ORIGIN OF ARCHEAN CONTINENTAL LITHOSPHERIC MANTLE,ARCHEAN CRATON (INCLUDING GREENSTONE BELTS),Superior Province,,48.47,48.47,-81.33,-81.33,,,,BY-3,BASALT,2700000000.0,2700000000.0,PALEO,,,,,BASALT,,,,,WR,53.05,1.72,,14.24,,,,12.82,9.3,3.86,0.26,,0.24,2.93,0.15,,,,,,,,,,,,,,,,,,,,,,,,,,,,,,,,,,,,,,,,,,,,53.0,,454.0,139.0,,,55.0,75.0,134.0,133.0,,,,,,5.0,117.0,31.29,99.2,5.36,,,,,,,,,,,,0.0,92.0,5.38,15.4,2.54,11.98,3.93,1.29,5.19,0.9,6.25,1.29,3.84,,3.67,0.57,3.12,0.37,,,,,,,,,2.08,,0.43,0.26,,,,,,,,,,,,,,,,,,,,,,,,,,
Superior Province,PLUME AND ARC MAGMATISM IN THE ABITIBI SUBPROVINCE: IMPLICATIONS FOR THE ORIGIN OF ARCHEAN CONTINENTAL LITHOSPHERIC MANTLE,BY-2,BASALT,48.47,-81.33,2700.0,ARCHEAN,2700.0,2711.0,2714.0,2717.0,0.00396122,PLUME AND ARC MAGMATISM IN THE ABITIBI SUBPROVINCE: IMPLICATIONS FOR THE ORIGIN OF ARCHEAN CONTINENTAL LITHOSPHERIC MANTLE,ARCHEAN CRATON (INCLUDING GREENSTONE BELTS),Superior Province,,48.47,48.47,-81.33,-81.33,,,,BY-2,BASALT,2700000000.0,2700000000.0,PALEO,,,,,BASALT,,,,,WR,48.42,1.95,,16.7,,,,14.08,10.57,3.83,0.37,,0.54,1.61,0.37,,,,,,,,,,,,,,,,,,,,,,,,,,,,,,,,,,,,,,,,,,,,41.0,,247.0,279.0,,,59.0,160.0,90.0,140.0,,,,,,16.0,264.0,30.51,160.5,10.42,,,,,,,,,,,,2.0,232.0,9.1,26.3,4.18,18.29,5.15,1.83,6.18,0.97,6.49,1.31,3.62,,3.74,0.52,4.61,0.66,,,,,,,,,2.58,,0.61,0.16,,,,,,,,,,,,,,,,,,,,,,,,,,
Superior Province,PLUME AND ARC MAGMATISM IN THE ABITIBI SUBPROVINCE: IMPLICATIONS FOR THE ORIGIN OF ARCHEAN CONTINENTAL LITHOSPHERIC MANTLE,MO7,BASALT,48.47,-81.33,2700.0,ARCHEAN,2700.0,2711.0,2714.0,2717.0,0.036691714,PLUME AND ARC MAGMATISM IN THE ABITIBI SUBPROVINCE: IMPLICATIONS FOR THE ORIGIN OF ARCHEAN CONTINENTAL LITHOSPHERIC MANTLE,ARCHEAN CRATON (INCLUDING GREENSTONE BELTS),Superior Province,,48.47,48.47,-81.33,-81.33,,,,MO7,BASALT,2700000000.0,2700000000.0,PALEO,,,,,BASALT,,,,,WR,49.43,1.75,,14.15,,,,15.13,9.29,4.7,0.32,,0.49,2.9,0.18,,,,,,,,,,,,,,,,,,,,,,,,,,,,,,,,,,,,,,,,,,,,52.0,,406.0,164.0,,,63.0,88.0,115.0,134.0,,,,,,13.0,87.0,30.68,97.8,6.02,,,,,,,,,,,,0.0,128.0,4.64,13.11,2.11,11.05,3.94,1.29,5.47,0.88,6.23,1.3,3.87,,3.92,0.56,2.99,0.37,,,,,,,,,0.78,,0.45,0.1,,,,,,,,,,,,,,,,,,,,,,,,,,
Superior Province,PLUME AND ARC MAGMATISM IN THE ABITIBI SUBPROVINCE: IMPLICATIONS FOR THE ORIGIN OF ARCHEAN CONTINENTAL LITHOSPHERIC MANTLE,MO1,BASALT,48.47,-81.33,2700.0,ARCHEAN,2700.0,2711.0,2714.0,2717.0,0.078102626,PLUME AND ARC MAGMATISM IN THE ABITIBI SUBPROVINCE: IMPLICATIONS FOR THE ORIGIN OF ARCHEAN CONTINENTAL LITHOSPHERIC MANTLE,ARCHEAN CRATON (INCLUDING GREENSTONE BELTS),Superior Province,,48.47,48.47,-81.33,-81.33,,,,MO1,BASALT,2700000000.0,2700000000.0,PALEO,,,,,BASALT,,,,,WR,49.45,1.39,,12.62,,,,14.77,10.08,5.95,0.26,,0.37,2.2,0.11,,,,,,,,,,,,,,,,,,,,,,,,,,,,,,,,,,,,,,,,,,,,47.0,,373.0,107.0,,,58.0,57.0,128.0,123.0,,,,,,11.0,324.0,28.16,80.5,4.81,,,,,,,,,,,,0.0,87.0,3.81,11.2,1.76,9.38,3.07,1.06,3.91,0.76,5.01,1.14,3.12,,3.17,0.46,2.22,0.26,,,,,,,,,4.2,,0.29,0.08,,,,,,,,,,,,,,,,,,,,,,,,,,
Superior Province,PLUME AND ARC MAGMATISM IN THE ABITIBI SUBPROVINCE: IMPLICATIONS FOR THE ORIGIN OF ARCHEAN CONTINENTAL LITHOSPHERIC MANTLE,MO8,BASALT,48.47,-81.33,2700.0,ARCHEAN,2700.0,2711.0,2714.0,2717.0,0.003529325,PLUME AND ARC MAGMATISM IN THE ABITIBI SUBPROVINCE: IMPLICATIONS FOR THE ORIGIN OF ARCHEAN CONTINENTAL LITHOSPHERIC MANTLE,ARCHEAN CRATON (INCLUDING GREENSTONE BELTS),Superior Province,,48.47,48.47,-81.33,-81.33,,,,MO8,BASALT,2700000000.0,2700000000.0,PALEO,,,,,BASALT,,,,,WR,50.42,1.51,,13.0,,,,15.0,8.02,5.83,0.17,,0.1,4.13,0.15,,,,,,,,,,,,,,,,,,,,,,,,,,,,,,,,,,,,,,,,,,,,27.0,,285.0,126.0,,,66.0,84.0,38.0,101.0,,,,,,1.0,132.0,23.3,101.8,6.41,,,,,,,,,,,,0.0,26.0,7.57,19.94,2.96,14.49,4.27,1.49,5.06,0.76,5.03,0.99,2.77,,2.67,0.41,3.01,0.42,,,,,,,,,3.39,,0.67,0.2,,,,,,,,,,,,,,,,,,,,,,,,,,
Superior Province,PLUME AND ARC MAGMATISM IN THE ABITIBI SUBPROVINCE: IMPLICATIONS FOR THE ORIGIN OF ARCHEAN CONTINENTAL LITHOSPHERIC MANTLE,MO3,BASALT,48.47,-81.33,2700.0,ARCHEAN,2700.0,2711.0,2714.0,2717.0,0.009465211,PLUME AND ARC MAGMATISM IN THE ABITIBI SUBPROVINCE: IMPLICATIONS FOR THE ORIGIN OF ARCHEAN CONTINENTAL LITHOSPHERIC MANTLE,ARCHEAN CRATON (INCLUDING GREENSTONE BELTS),Superior Province,,48.47,48.47,-81.33,-81.33,,,,MO3,BASALT,2700000000.0,2700000000.0,PALEO,,,,,BASALT,,,,,WR,51.71,1.56,,12.98,,,,14.35,7.59,5.03,0.28,,0.11,4.51,0.14,,,,,,,,,,,,,,,,,,,,,,,,,,,,,,,,,,,,,,,,,,,,51.0,,341.0,202.0,,,59.0,69.0,135.0,96.0,,,,,,11.0,144.0,24.31,59.3,2.86,,,,,,,,,,,,0.0,77.0,2.57,7.51,1.23,6.71,2.38,0.88,3.33,0.65,4.38,0.98,2.77,,2.87,0.38,1.69,0.15,,,,,,,,,3.99,,0.18,0.06,,,,,,,,,,,,,,,,,,,,,,,,,,
Superior Province,PLUME AND ARC MAGMATISM IN THE ABITIBI SUBPROVINCE: IMPLICATIONS FOR THE ORIGIN OF ARCHEAN CONTINENTAL LITHOSPHERIC MANTLE,DU-2B,BASALT,48.47,-81.33,2700.0,ARCHEAN,2700.0,2711.0,2714.0,2717.0,0.670865059,PLUME AND ARC MAGMATISM IN THE ABITIBI SUBPROVINCE: IMPLICATIONS FOR THE ORIGIN OF ARCHEAN CONTINENTAL LITHOSPHERIC MANTLE,ARCHEAN CRATON (INCLUDING GREENSTONE BELTS),Superior Province,,48.47,48.47,-81.33,-81.33,,,,DU-2B,BASALT,2700000000.0,2700000000.0,PALEO,,,,,BASALT,,,,,WR,50.33,0.62,,12.35,,,,11.02,12.45,9.18,0.22,,0.19,2.37,0.05,,,,,,,,,,,,,,,,,,,,,,,,,,,,,,,,,,,,,,,,,,,,44.0,,261.0,585.0,,,58.0,116.0,57.0,90.0,,,,,,6.0,100.0,13.2,32.8,1.31,,,,,,,,,,,,0.0,50.0,1.41,4.26,0.72,3.63,1.38,0.6,2.17,0.35,2.5,0.53,1.57,,1.6,0.26,1.18,0.15,,,,,,,,,1.56,,0.2,0.04,,,,,,,,,,,,,,,,,,,,,,,,,,
Superior Province,PLUME AND ARC MAGMATISM IN THE ABITIBI SUBPROVINCE: IMPLICATIONS FOR THE ORIGIN OF ARCHEAN CONTINENTAL LITHOSPHERIC MANTLE,KC-519B,BASALT,48.47,-81.33,2700.0,ARCHEAN,2700.0,2711.0,2714.0,2717.0,0.451124072,PLUME AND ARC MAGMATISM IN THE ABITIBI SUBPROVINCE: IMPLICATIONS FOR THE ORIGIN OF ARCHEAN CONTINENTAL LITHOSPHERIC MANTLE,ARCHEAN CRATON (INCLUDING GREENSTONE BELTS),Superior Province,,48.47,48.47,-81.33,-81.33,,,,KC-519B,BASALT,2700000000.0,2700000000.0,PALEO,,,,,BASALT,,,,,WR,47.88,0.84,,16.79,,,,11.12,11.22,8.32,0.18,,0.05,2.31,0.05,,,,,,,,,,,,,,,,,,,,,,,,,,,,,,,,,,,,,,,,,,,,44.0,,229.0,205.0,,,52.0,149.0,86.0,65.0,,,,,,2.0,193.0,14.55,35.0,2.08,,,,,,,,,,,,0.0,32.0,2.48,6.71,1.05,5.56,1.91,0.74,2.27,0.42,2.89,0.62,1.81,,1.82,0.28,1.02,0.14,,,,,,,,,1.17,,0.26,0.05,,,,,,,,,,,,,,,,,,,,,,,,,,
Superior Province,PLUME AND ARC MAGMATISM IN THE ABITIBI SUBPROVINCE: IMPLICATIONS FOR THE ORIGIN OF ARCHEAN CONTINENTAL LITHOSPHERIC MANTLE,DUN-05,BASALT,48.47,-81.33,2700.0,ARCHEAN,2700.0,2711.0,2714.0,2717.0,0.257990122,PLUME AND ARC MAGMATISM IN THE ABITIBI SUBPROVINCE: IMPLICATIONS FOR THE ORIGIN OF ARCHEAN CONTINENTAL LITHOSPHERIC MANTLE,ARCHEAN CRATON (INCLUDING GREENSTONE BELTS),Superior Province,,48.47,48.47,-81.33,-81.33,,,,DUN-05,BASALT,2700000000.0,2700000000.0,PALEO,,,,,BASALT,,,,,WR,46.49,0.51,,10.05,,,,11.62,15.29,14.15,0.21,,0.01,0.32,0.05,,,,,,,,,,,,,,,,,,,,,,,,,,,,,,,,,,,,,,,,,,,,45.0,,254.0,918.0,,,51.0,232.0,45.0,67.0,,,,,,0.0,11.0,11.91,31.2,1.15,,,,,,,,,,,,0.0,11.0,1.32,3.89,0.65,3.08,1.22,0.47,1.77,0.33,2.2,0.49,1.46,,1.47,0.22,1.02,0.13,,,,,,,,,4.07,,0.19,0.05,,,,,,,,,,,,,,,,,,,,,,,,,,
Superior Province,"PROGRESSIVE METAMORPHISM OF KOMATIITES AND RELATED ARCHEAN LAVAS OF THE ABITIBI AREA, CANADA",837J,BASALT,48.2,-80.1,2500.0,ARCHEAN,3850.0,2673.0,2700.0,2727.0,0.999934673,"PROGRESSIVE METAMORPHISM OF KOMATIITES AND RELATED ARCHEAN LAVAS OF THE ABITIBI AREA, CANADA",ARCHEAN CRATON (INCLUDING GREENSTONE BELTS),Superior Province,,48.2,48.2,-80.1,-80.1,,,,837J,BASALT,2500000000.0,3850000000.0,PALEO,,,,,BASALT,,,,,WR,49.2,0.69,,11.7,,,,13.27,9.67,10.9,0.21,,0.02,2.94,,,,,,,,,,,,,,,,,,,,,,,,,,,,,,,,,,,,,,,,,,,,,,,,,,,,,,,,,,,,,,,,,,,,,,,,,,,,,,,,,,,,,,,,,,,,,,,,,,,,,,,,,,,,,,,,,,,,,,,,,,,,,,,,,,,
Superior Province,"PROGRESSIVE METAMORPHISM OF KOMATIITES AND RELATED ARCHEAN LAVAS OF THE ABITIBI AREA, CANADA",417,BASALT,47.6,-80.1,2500.0,ARCHEAN,3850.0,2673.0,2700.0,2727.0,0.999934673,"PROGRESSIVE METAMORPHISM OF KOMATIITES AND RELATED ARCHEAN LAVAS OF THE ABITIBI AREA, CANADA",ARCHEAN CRATON (INCLUDING GREENSTONE BELTS),Superior Province,,47.6,47.6,-80.1,-80.1,,,,417,BASALT,2500000000.0,3850000000.0,PALEO,,,,,BASALT,,,,,WR,51.6,0.88,,17.7,,,,11.07,13.81,3.18,0.16,,0.25,0.63,,,,,,,,,,,,,,,,,,,,,,,,,,,,,,,,,,,,,,,,,,,,,,,,,,,,,,,,,,,,,,,,,,,,,,,,,,,,,,,,,,,,,,,,,,,,,,,,,,,,,,,,,,,,,,,,,,,,,,,,,,,,,,,,,,,
Superior Province,"PROGRESSIVE METAMORPHISM OF KOMATIITES AND RELATED ARCHEAN LAVAS OF THE ABITIBI AREA, CANADA",218,BASALT,48.3,-78.85,2500.0,ARCHEAN,3850.0,2673.0,2700.0,2727.0,0.999836922,"PROGRESSIVE METAMORPHISM OF KOMATIITES AND RELATED ARCHEAN LAVAS OF THE ABITIBI AREA, CANADA",ARCHEAN CRATON (INCLUDING GREENSTONE BELTS),Superior Province,,48.3,48.3,-78.85,-78.85,,,,218,BASALT,2500000000.0,3850000000.0,PALEO,,,,,BASALT,,,,,WR,49.3,1.23,,17.0,,,,7.68,5.37,7.54,0.2,,0.43,3.08,,,,,,,,,,,,,,,,,,,,,,,,,,,,,,,,,,,,,,,,,,,,,,,,,,,,,,,,,,,,,,,,,,,,,,,,,,,,,,,,,,,,,,,,,,,,,,,,,,,,,,,,,,,,,,,,,,,,,,,,,,,,,,,,,,,
Superior Province,"PROGRESSIVE METAMORPHISM OF KOMATIITES AND RELATED ARCHEAN LAVAS OF THE ABITIBI AREA, CANADA",406A,BASALT,48.08,-80.08,2500.0,ARCHEAN,3850.0,2673.0,2700.0,2727.0,0.999815524,"PROGRESSIVE METAMORPHISM OF KOMATIITES AND RELATED ARCHEAN LAVAS OF THE ABITIBI AREA, CANADA",ARCHEAN CRATON (INCLUDING GREENSTONE BELTS),Superior Province,,48.08,48.08,-80.08,-80.08,,,,406A,BASALT,2500000000.0,3850000000.0,PALEO,,,,,BASALT,,,,,WR,47.8,1.29,,13.3,,,,12.1,9.57,8.7,0.18,,2.09,2.83,,,,,,,,,,,,,,,,,,,,,,,,,,,,,,,,,,,,,,,,,,,,,,,,,,,,,,,,,,,,,,,,,,,,,,,,,,,,,,,,,,,,,,,,,,,,,,,,,,,,,,,,,,,,,,,,,,,,,,,,,,,,,,,,,,,
Abitibi,"QUANTITATIVE TRACE-ELEMENT MODELLING OF THE CRYSTALLIZATION HISTORY OF THE KINOJÉVIS AND BLAKE RIVER GROUPS, ABITIBI GREENSTONE BELT, ONTARIO",F-637,BASALT,48.4,-81.3,2710.0,ARCHEAN,2710.0,2698.0,2704.0,2710.0,0.999813139,"QUANTITATIVE TRACE-ELEMENT MODELLING OF THE CRYSTALLIZATION HISTORY OF THE KINOJÉVIS AND BLAKE RIVER GROUPS, ABITIBI GREENSTONE BELT, ONTARIO",ARCHEAN CRATON (INCLUDING GREENSTONE BELTS),Abitibi,,48.4,48.4,-81.3,-81.3,,,,F-637,BASALT,2710000000.0,2710000000.0,PALEO,,,,,BASALT,,,,,WR,50.36,0.95,,13.99,,,,11.11,11.48,8.13,0.19,,0.19,1.39,0.04,,,,,,,,,,,,,,,,,,,,,,,,,,,,,,,,,,,,,,,,,,,,,,,255.0,,,,,,,,,,,,,,,33.0,,,,,,,,,,,,,,,1.69,4.5,,5.1,1.44,0.59,,0.4,2.6,0.59,1.7,,1.81,0.32,,1.32,,,,,,,,,,,0.07,,,,,,,,,,,,,,,,,,,,,,,,,,,
Abitibi,"QUANTITATIVE TRACE-ELEMENT MODELLING OF THE CRYSTALLIZATION HISTORY OF THE KINOJÉVIS AND BLAKE RIVER GROUPS, ABITIBI GREENSTONE BELT, ONTARIO",86-6A,BASALT,48.5,-79.03,2710.0,ARCHEAN,2710.0,2698.0,2704.0,2710.0,0.99284476,"QUANTITATIVE TRACE-ELEMENT MODELLING OF THE CRYSTALLIZATION HISTORY OF THE KINOJÉVIS AND BLAKE RIVER GROUPS, ABITIBI GREENSTONE BELT, ONTARIO",ARCHEAN CRATON (INCLUDING GREENSTONE BELTS),Abitibi,,48.5,48.5,-79.03,-79.03,,,,86-6A,BASALT,2710000000.0,2710000000.0,PALEO,,,,,BASALT,,,,,WR,52.45,1.05,,16.44,,,,8.55,8.56,6.74,0.13,,0.47,2.25,0.04,,,,,,,,,,,,,,,,,,,,,,,,,,,,,,,,,,,,,,,,,,,,,,,172.0,,,,,,,,,,,,,,,96.0,,,,,,,,,,,,,,,10.0,21.8,,11.1,2.7,0.88,,0.51,3.4,0.7,1.7,,1.9,0.31,,0.93,,,,,,,,,,,1.14,,,,,,,,,,,,,,,,,,,,,,,,,,,
Abitibi,"QUANTITATIVE TRACE-ELEMENT MODELLING OF THE CRYSTALLIZATION HISTORY OF THE KINOJÉVIS AND BLAKE RIVER GROUPS, ABITIBI GREENSTONE BELT, ONTARIO",F-462,BASALT,48.4,-81.3,2710.0,ARCHEAN,2710.0,2698.0,2704.0,2710.0,0.992316484,"QUANTITATIVE TRACE-ELEMENT MODELLING OF THE CRYSTALLIZATION HISTORY OF THE KINOJÉVIS AND BLAKE RIVER GROUPS, ABITIBI GREENSTONE BELT, ONTARIO",ARCHEAN CRATON (INCLUDING GREENSTONE BELTS),Abitibi,,48.4,48.4,-81.3,-81.3,,,,F-462,BASALT,2710000000.0,2710000000.0,PALEO,,,,,BASALT,,,,,WR,50.88,2.54,,12.04,,,,16.23,7.14,4.62,0.24,,0.8,3.73,0.23,,,,,,,,,,,,,,,,,,,,,,,,,,,,,,,,,,,,,,,,,,,,,,,6.0,,,,,,,,,,,,,,,103.0,,,,,,,,,,,,,,,6.0,15.4,,13.4,4.3,1.7,,1.21,6.3,1.36,4.3,,4.3,0.7,,14.74,,,,,,,,,,,0.46,,,,,,,,,,,,,,,,,,,,,,,,,,,
Abitibi,"RE-OS SYSTEMATICS OF KOMATIITES AND KOMATIITIC BASALTS AT DUNDONALD BEACH, ONTARIO, CANADA: EVIDENCE FOR A COMPLEX ALTERATION HISTORY AND IMPLICATIONS OF A LATE-ARCHEAN CHONDRITIC MANTLE SOURCE",DUNBCH-15,BASALT,48.2,-80.1,2700.0,ARCHEAN,2700.0,2710.0,2714.5,2719.0,0.999295592,"RE-OS SYSTEMATICS OF KOMATIITES AND KOMATIITIC BASALTS AT DUNDONALD BEACH, ONTARIO, CANADA: EVIDENCE FOR A COMPLEX ALTERATION HISTORY AND IMPLICATIONS OF A LATE-ARCHEAN CHONDRITIC MANTLE SOURCE",ARCHEAN CRATON (INCLUDING GREENSTONE BELTS),Abitibi,,48.2,48.2,-80.1,-80.1,,,,DUNBCH-15,BASALT,2700000000.0,2700000000.0,PALEO,,,,,BASALT,,,,,WR,49.2,0.56,,13.3,,,,9.99,11.3,12.0,0.2,,1.89,0.38,0.03,,,,,,,,,,,,,,,,,,,,,,,,,,,,,,,,,,,,,,,,,,,,,,,400.0,,,,119.0,,,,,,,,,,,,,,,,,,,,,,,,,,,,,,,,,,,,,,,,,,,,,,,,,,,,,,,,,,,,,,,,,,,,,,,,,,,,,,,
Abitibi,"RE-OS SYSTEMATICS OF KOMATIITES AND KOMATIITIC BASALTS AT DUNDONALD BEACH, ONTARIO, CANADA: EVIDENCE FOR A COMPLEX ALTERATION HISTORY AND IMPLICATIONS OF A LATE-ARCHEAN CHONDRITIC MANTLE SOURCE",DUNBCH-10,BASALT,48.2,-80.1,2700.0,ARCHEAN,2700.0,2710.0,2714.5,2719.0,0.999934673,"RE-OS SYSTEMATICS OF KOMATIITES AND KOMATIITIC BASALTS AT DUNDONALD BEACH, ONTARIO, CANADA: EVIDENCE FOR A COMPLEX ALTERATION HISTORY AND IMPLICATIONS OF A LATE-ARCHEAN CHONDRITIC MANTLE SOURCE",ARCHEAN CRATON (INCLUDING GREENSTONE BELTS),Abitibi,,48.2,48.2,-80.1,-80.1,,,,DUNBCH-10,BASALT,2700000000.0,2700000000.0,PALEO,,,,,BASALT,,,,,WR,47.9,0.56,,12.0,,,,11.34,13.7,12.2,0.21,,0.74,0.01,0.04,,,,,,,,,,,,,,,,,,,,,,,,,,,,,,,,,,,,,,,,,,,,,,,708.0,,,,178.0,,,,,,,,,,,,,,,,,,,,,,,,,,,,,,,,,,,,,,,,,,,,,,,,,,,,,,,,,,,,,,,,,,,,,,,,,,,,,,,
Abitibi,"RE-OS SYSTEMATICS OF KOMATIITES AND KOMATIITIC BASALTS AT DUNDONALD BEACH, ONTARIO, CANADA: EVIDENCE FOR A COMPLEX ALTERATION HISTORY AND IMPLICATIONS OF A LATE-ARCHEAN CHONDRITIC MANTLE SOURCE",DUNBCH-13,BASALT,48.2,-80.1,2700.0,ARCHEAN,2700.0,2710.0,2714.5,2719.0,0.999934673,"RE-OS SYSTEMATICS OF KOMATIITES AND KOMATIITIC BASALTS AT DUNDONALD BEACH, ONTARIO, CANADA: EVIDENCE FOR A COMPLEX ALTERATION HISTORY AND IMPLICATIONS OF A LATE-ARCHEAN CHONDRITIC MANTLE SOURCE",ARCHEAN CRATON (INCLUDING GREENSTONE BELTS),Abitibi,,48.2,48.2,-80.1,-80.1,,,,DUNBCH-13,BASALT,2700000000.0,2700000000.0,PALEO,,,,,BASALT,,,,,WR,49.2,0.44,,10.2,,,,10.8,11.6,14.7,0.22,,0.74,0.73,0.03,,,,,,,,,,,,,,,,,,,,,,,,,,,,,,,,,,,,,,,,,,,,,,,1139.0,,,,223.0,,,,,,,,,,,,,,,,,,,,,,,,,,,,,,,,,,,,,,,,,,,,,,,,,,,,,,,,,,,,,,,,,,,,,,,,,,,,,,,
Abitibi,"RE-OS SYSTEMATICS OF KOMATIITES AND KOMATIITIC BASALTS AT DUNDONALD BEACH, ONTARIO, CANADA: EVIDENCE FOR A COMPLEX ALTERATION HISTORY AND IMPLICATIONS OF A LATE-ARCHEAN CHONDRITIC MANTLE SOURCE",DUNBCH-14,BASALT,48.2,-80.1,2700.0,ARCHEAN,2700.0,2710.0,2714.5,2719.0,0.999934673,"RE-OS SYSTEMATICS OF KOMATIITES AND KOMATIITIC BASALTS AT DUNDONALD BEACH, ONTARIO, CANADA: EVIDENCE FOR A COMPLEX ALTERATION HISTORY AND IMPLICATIONS OF A LATE-ARCHEAN CHONDRITIC MANTLE SOURCE",ARCHEAN CRATON (INCLUDING GREENSTONE BELTS),Abitibi,,48.2,48.2,-80.1,-80.1,,,,DUNBCH-14,BASALT,2700000000.0,2700000000.0,PALEO,,,,,BASALT,,,,,WR,48.7,0.56,,13.7,,,,10.71,13.5,9.2,0.21,,1.93,0.15,0.04,,,,,,,,,,,,,,,,,,,,,,,,,,,,,,,,,,,,,,,,,,,,,,,327.0,,,,115.0,,,,,,,,,,,,,,,,,,,,,,,,,,,,,,,,,,,,,,,,,,,,,,,,,,,,,,,,,,,,,,,,,,,,,,,,,,,,,,,
Abitibi,"RE-OS SYSTEMATICS OF KOMATIITES AND KOMATIITIC BASALTS AT DUNDONALD BEACH, ONTARIO, CANADA: EVIDENCE FOR A COMPLEX ALTERATION HISTORY AND IMPLICATIONS OF A LATE-ARCHEAN CHONDRITIC MANTLE SOURCE",DUNBCH-8,BASALT,48.2,-80.1,2700.0,ARCHEAN,2700.0,2710.0,2714.5,2719.0,0.999934673,"RE-OS SYSTEMATICS OF KOMATIITES AND KOMATIITIC BASALTS AT DUNDONALD BEACH, ONTARIO, CANADA: EVIDENCE FOR A COMPLEX ALTERATION HISTORY AND IMPLICATIONS OF A LATE-ARCHEAN CHONDRITIC MANTLE SOURCE",ARCHEAN CRATON (INCLUDING GREENSTONE BELTS),Abitibi,,48.2,48.2,-80.1,-80.1,,,,DUNBCH-8,BASALT,2700000000.0,2700000000.0,PALEO,,,,,BASALT,,,,,WR,50.5,0.64,,14.6,,,,11.07,10.2,8.4,0.18,,1.06,2.06,0.05,,,,,,,,,,,,,,,,,,,,,,,,,,,,,,,,,,,,,,,,,,,,,,,303.0,,,,70.0,,,,,,,,,,,,,,,,,,,,,,,,,,,,,,,,,,,,,,,,,,,,,,,,,,,,,,,,,,,,,,,,,,,,,,,,,,,,,,,
Abitibi,"RE-OS SYSTEMATICS OF KOMATIITES AND KOMATIITIC BASALTS AT DUNDONALD BEACH, ONTARIO, CANADA: EVIDENCE FOR A COMPLEX ALTERATION HISTORY AND IMPLICATIONS OF A LATE-ARCHEAN CHONDRITIC MANTLE SOURCE",DUNBCH-9,BASALT,48.2,-80.1,2700.0,ARCHEAN,2700.0,2710.0,2714.5,2719.0,0.999934673,"RE-OS SYSTEMATICS OF KOMATIITES AND KOMATIITIC BASALTS AT DUNDONALD BEACH, ONTARIO, CANADA: EVIDENCE FOR A COMPLEX ALTERATION HISTORY AND IMPLICATIONS OF A LATE-ARCHEAN CHONDRITIC MANTLE SOURCE",ARCHEAN CRATON (INCLUDING GREENSTONE BELTS),Abitibi,,48.2,48.2,-80.1,-80.1,,,,DUNBCH-9,BASALT,2700000000.0,2700000000.0,PALEO,,,,,BASALT,,,,,WR,47.8,0.56,,12.7,,,,11.61,11.6,12.5,0.22,,1.1,0.36,0.04,,,,,,,,,,,,,,,,,,,,,,,,,,,,,,,,,,,,,,,,,,,,,,,888.0,,,,199.0,,,,,,,,,,,,,,,,,,,,,,,,,,,,,,,,,,,,,,,,,,,,,,,,,,,,,,,,,,,,,,,,,,,,,,,,,,,,,,,
Abitibi,"RE-OS SYSTEMATICS OF KOMATIITES AND KOMATIITIC BASALTS AT DUNDONALD BEACH, ONTARIO, CANADA: EVIDENCE FOR A COMPLEX ALTERATION HISTORY AND IMPLICATIONS OF A LATE-ARCHEAN CHONDRITIC MANTLE SOURCE",DUNBCH-7,BASALT,48.2,-80.1,2700.0,ARCHEAN,2700.0,2710.0,2714.5,2719.0,0.999934673,"RE-OS SYSTEMATICS OF KOMATIITES AND KOMATIITIC BASALTS AT DUNDONALD BEACH, ONTARIO, CANADA: EVIDENCE FOR A COMPLEX ALTERATION HISTORY AND IMPLICATIONS OF A LATE-ARCHEAN CHONDRITIC MANTLE SOURCE",ARCHEAN CRATON (INCLUDING GREENSTONE BELTS),Abitibi,,48.2,48.2,-80.1,-80.1,,,,DUNBCH-7,BASALT,2700000000.0,2700000000.0,PALEO,,,,,BASALT,,,,,WR,50.3,0.55,,11.7,,,,10.44,11.2,12.6,0.22,,0.75,0.97,0.04,,,,,,,,,,,,,,,,,,,,,,,,,,,,,,,,,,,,,,,,,,,,,,,1022.0,,,,118.0,,,,,,,,,,,,,,,,,,,,,,,,,,,,,,,,,,,,,,,,,,,,,,,,,,,,,,,,,,,,,,,,,,,,,,,,,,,,,,,
Abitibi,"RE-OS SYSTEMATICS OF THE 2.7-GA KOMATIITE FROM ALEXO, ONTARIO, CANADA",ALX-5W,BASALT,48.47,-81.4,2700.0,ARCHEAN,3850.0,2686.0,2762.0,2838.0,0.999934673,"RE-OS SYSTEMATICS OF THE 2.7-GA KOMATIITE FROM ALEXO, ONTARIO, CANADA",ARCHEAN CRATON (INCLUDING GREENSTONE BELTS),Abitibi,,48.47,48.47,-81.4,-81.4,,,,ALX-5W,BASALT,2700000000.0,3850000000.0,PALEO,,,,,BASALT,,,,,WR,47.73,0.59,,11.26,,,,10.57,17.04,11.62,0.19,,0.01,0.09,0.04,,,,,,,,,,,,,,,,,,,,,,,,,,,,,,,,,,,,,,,,,,,,,,,840.0,,,,199.0,,,,,,,,,,,,,,,,,,,,,,,,,,,,,,,,,,,,,,,,,,,,,,,,,,,,,,,,,,,,,,,,,,,,,,,,,,,,,,,
Abitibi,SILICATE-PEROVSKITE AND MAJORITE SIGNATURE KOMATIITES FROM THE ARCHEAN ABITIBI GREENSTONE BELT: IMPLICATIONS FOR EARLY MANTLE DIFFERENTIATION AND STRATIFICATION,T13,THOLEIITE,48.47,-81.4,2500.0,ARCHEAN,3850.0,2703.0,2706.5,2710.0,3.32891e-05,SILICATE-PEROVSKITE AND MAJORITE SIGNATURE KOMATIITES FROM THE ARCHEAN ABITIBI GREENSTONE BELT: IMPLICATIONS FOR EARLY MANTLE DIFFERENTIATION AND STRATIFICATION,ARCHEAN CRATON (INCLUDING GREENSTONE BELTS),Abitibi,,48.47,48.47,-81.4,-81.4,,,,T13,THOLEIITE,2500000000.0,3850000000.0,PALEO,,,,,THOLEIITE,,,,,WR,49.6,0.941,,12.9,,,,12.33,7.32,7.55,0.18,,0.74,2.04,0.08,,,,,,,,,,,,,,,,,,,,,,,,,,,,,,,,,,,,,,,,,,,,45.4,,305.0,293.0,,,,120.0,,,,,,,,,,23.5,47.9,2.33,,,,,,,,,,,,,,,,,,,,,,,,,,,,1.39,,,,,,,,,,,,0.24,,,,,,,,,,,,,,,,,,,,,,,,,,,
Abitibi,SILICATE-PEROVSKITE AND MAJORITE SIGNATURE KOMATIITES FROM THE ARCHEAN ABITIBI GREENSTONE BELT: IMPLICATIONS FOR EARLY MANTLE DIFFERENTIATION AND STRATIFICATION,T15,THOLEIITE,48.47,-81.4,2500.0,ARCHEAN,3850.0,2703.0,2706.5,2710.0,0.997019827,SILICATE-PEROVSKITE AND MAJORITE SIGNATURE KOMATIITES FROM THE ARCHEAN ABITIBI GREENSTONE BELT: IMPLICATIONS FOR EARLY MANTLE DIFFERENTIATION AND STRATIFICATION,ARCHEAN CRATON (INCLUDING GREENSTONE BELTS),Abitibi,,48.47,48.47,-81.4,-81.4,,,,T15,THOLEIITE,2500000000.0,3850000000.0,PALEO,,,,,THOLEIITE,,,,,WR,51.3,0.622,,15.63,,,,11.79,7.58,5.71,0.29,,0.04,2.39,0.06,,,,,,,,,,,,,,,,,,,,,,,,,,,,,,,,,,,,,,,,,,,,71.7,,293.0,38.0,,,,108.0,,,,,,,,,,23.2,39.4,1.8,,,,,,,,,,,,,,,,,,,,,,,,,,,,1.1,,,,,,,,,,,,0.28,,,,,,,,,,,,,,,,,,,,,,,,,,,
Abitibi,SILICATE-PEROVSKITE AND MAJORITE SIGNATURE KOMATIITES FROM THE ARCHEAN ABITIBI GREENSTONE BELT: IMPLICATIONS FOR EARLY MANTLE DIFFERENTIATION AND STRATIFICATION,T7,THOLEIITE,48.47,-81.4,2500.0,ARCHEAN,3850.0,2703.0,2706.5,2710.0,0.999414206,SILICATE-PEROVSKITE AND MAJORITE SIGNATURE KOMATIITES FROM THE ARCHEAN ABITIBI GREENSTONE BELT: IMPLICATIONS FOR EARLY MANTLE DIFFERENTIATION AND STRATIFICATION,ARCHEAN CRATON (INCLUDING GREENSTONE BELTS),Abitibi,,48.47,48.47,-81.4,-81.4,,,,T7,THOLEIITE,2500000000.0,3850000000.0,PALEO,,,,,THOLEIITE,,,,,WR,50.7,0.642,,15.4,,,,12.24,7.4,5.8,0.3,,0.06,2.58,0.07,,,,,,,,,,,,,,,,,,,,,,,,,,,,,,,,,,,,,,,,,,,,75.2,,297.0,27.0,,,,102.0,,,,,,,,,,25.9,39.4,1.9,,,,,,,,,,,,,,,,,,,,,,,,,,,,1.02,,,,,,,,,,,,0.36,,,,,,,,,,,,,,,,,,,,,,,,,,,
Abitibi,SILICATE-PEROVSKITE AND MAJORITE SIGNATURE KOMATIITES FROM THE ARCHEAN ABITIBI GREENSTONE BELT: IMPLICATIONS FOR EARLY MANTLE DIFFERENTIATION AND STRATIFICATION,T8,THOLEIITE,48.47,-81.4,2500.0,ARCHEAN,3850.0,2703.0,2706.5,2710.0,0.999403715,SILICATE-PEROVSKITE AND MAJORITE SIGNATURE KOMATIITES FROM THE ARCHEAN ABITIBI GREENSTONE BELT: IMPLICATIONS FOR EARLY MANTLE DIFFERENTIATION AND STRATIFICATION,ARCHEAN CRATON (INCLUDING GREENSTONE BELTS),Abitibi,,48.47,48.47,-81.4,-81.4,,,,T8,THOLEIITE,2500000000.0,3850000000.0,PALEO,,,,,THOLEIITE,,,,,WR,45.7,0.534,,14.8,,,,11.43,11.4,6.1,0.4,,0.05,1.87,0.06,,,,,,,,,,,,,,,,,,,,,,,,,,,,,,,,,,,,,,,,,,,,47.9,,240.0,136.0,,,,160.0,,,,,,,,,,23.4,25.3,1.75,,,,,,,,,,,,,,,,,,,,,,,,,,,,0.66,,,,,,,,,,,,0.26,,,,,,,,,,,,,,,,,,,,,,,,,,,
Abitibi,SILICATE-PEROVSKITE AND MAJORITE SIGNATURE KOMATIITES FROM THE ARCHEAN ABITIBI GREENSTONE BELT: IMPLICATIONS FOR EARLY MANTLE DIFFERENTIATION AND STRATIFICATION,mp-14,THOLEIITE,48.47,-81.4,2500.0,ARCHEAN,3850.0,2700.0,2720.0,2740.0,0.99969852,SILICATE-PEROVSKITE AND MAJORITE SIGNATURE KOMATIITES FROM THE ARCHEAN ABITIBI GREENSTONE BELT: IMPLICATIONS FOR EARLY MANTLE DIFFERENTIATION AND STRATIFICATION,ARCHEAN CRATON (INCLUDING GREENSTONE BELTS),Abitibi,,48.47,48.47,-81.4,-81.4,,,,mp-14,THOLEIITE,2500000000.0,3850000000.0,PALEO,,,,,THOLEIITE,,,,,WR,49.5,0.886,,7.08,,,,12.15,11.4,12.6,0.24,,0.12,1.28,0.08,,,,,,,,,,,,,,,,,,,,,,,,,,,,,,,,,,,,,,,,,,,,28.1,,198.0,922.0,,,,362.0,,,,,,,,,,13.8,57.3,3.2,,,,,,,,,,,,,,,,,,,,,,,,,,,,1.88,,,,,,,,,,,,0.43,,,,,,,,,,,,,,,,,,,,,,,,,,,
Abitibi,SILICATE-PEROVSKITE AND MAJORITE SIGNATURE KOMATIITES FROM THE ARCHEAN ABITIBI GREENSTONE BELT: IMPLICATIONS FOR EARLY MANTLE DIFFERENTIATION AND STRATIFICATION,mp-17,THOLEIITE,48.47,-81.4,2500.0,ARCHEAN,3850.0,2700.0,2720.0,2740.0,0.999436319,SILICATE-PEROVSKITE AND MAJORITE SIGNATURE KOMATIITES FROM THE ARCHEAN ABITIBI GREENSTONE BELT: IMPLICATIONS FOR EARLY MANTLE DIFFERENTIATION AND STRATIFICATION,ARCHEAN CRATON (INCLUDING GREENSTONE BELTS),Abitibi,,48.47,48.47,-81.4,-81.4,,,,mp-17,THOLEIITE,2500000000.0,3850000000.0,PALEO,,,,,THOLEIITE,,,,,WR,52.1,1.91,,13.0,,,,16.65,5.97,2.25,0.26,,0.32,4.27,0.22,,,,,,,,,,,,,,,,,,,,,,,,,,,,,,,,,,,,,,,,,,,,18.2,,68.0,17.0,,,,10.0,,,,,,,,,,41.4,169.0,11.6,,,,,,,,,,,,,,,,,,,,,,,,,,,,4.7,,,,,,,,,,,,1.04,,,,,,,,,,,,,,,,,,,,,,,,,,,
Abitibi,SILICATE-PEROVSKITE AND MAJORITE SIGNATURE KOMATIITES FROM THE ARCHEAN ABITIBI GREENSTONE BELT: IMPLICATIONS FOR EARLY MANTLE DIFFERENTIATION AND STRATIFICATION,mp-20,THOLEIITE,48.47,-81.4,2500.0,ARCHEAN,3850.0,2700.0,2720.0,2740.0,0.869166851,SILICATE-PEROVSKITE AND MAJORITE SIGNATURE KOMATIITES FROM THE ARCHEAN ABITIBI GREENSTONE BELT: IMPLICATIONS FOR EARLY MANTLE DIFFERENTIATION AND STRATIFICATION,ARCHEAN CRATON (INCLUDING GREENSTONE BELTS),Abitibi,,48.47,48.47,-81.4,-81.4,,,,mp-20,THOLEIITE,2500000000.0,3850000000.0,PALEO,,,,,THOLEIITE,,,,,WR,49.9,1.41,,11.7,,,,14.31,8.84,6.05,0.28,,0.57,3.15,0.14,,,,,,,,,,,,,,,,,,,,,,,,,,,,,,,,,,,,,,,,,,,,25.2,,251.0,28.0,,,,61.0,,,,,,,,,,25.9,116.0,7.18,,,,,,,,,,,,,,,,,,,,,,,,,,,,3.22,,,,,,,,,,,,0.72,,,,,,,,,,,,,,,,,,,,,,,,,,,
Abitibi,SILICATE-PEROVSKITE AND MAJORITE SIGNATURE KOMATIITES FROM THE ARCHEAN ABITIBI GREENSTONE BELT: IMPLICATIONS FOR EARLY MANTLE DIFFERENTIATION AND STRATIFICATION,mp-22,THOLEIITE,48.47,-81.4,2500.0,ARCHEAN,3850.0,2700.0,2720.0,2740.0,0.969398975,SILICATE-PEROVSKITE AND MAJORITE SIGNATURE KOMATIITES FROM THE ARCHEAN ABITIBI GREENSTONE BELT: IMPLICATIONS FOR EARLY MANTLE DIFFERENTIATION AND STRATIFICATION,ARCHEAN CRATON (INCLUDING GREENSTONE BELTS),Abitibi,,48.47,48.47,-81.4,-81.4,,,,mp-22,THOLEIITE,2500000000.0,3850000000.0,PALEO,,,,,THOLEIITE,,,,,WR,47.7,1.84,,12.0,,,,14.49,8.11,6.78,0.19,,0.89,1.49,0.14,,,,,,,,,,,,,,,,,,,,,,,,,,,,,,,,,,,,,,,,,,,,49.4,,413.0,92.0,,,,35.0,,,,,,,,,,37.6,116.0,5.83,,,,,,,,,,,,,,,,,,,,,,,,,,,,3.22,,,,,,,,,,,,0.49,,,,,,,,,,,,,,,,,,,,,,,,,,,
Abitibi,SILICATE-PEROVSKITE AND MAJORITE SIGNATURE KOMATIITES FROM THE ARCHEAN ABITIBI GREENSTONE BELT: IMPLICATIONS FOR EARLY MANTLE DIFFERENTIATION AND STRATIFICATION,mp-23,THOLEIITE,48.47,-81.4,2500.0,ARCHEAN,3850.0,2700.0,2720.0,2740.0,0.944766283,SILICATE-PEROVSKITE AND MAJORITE SIGNATURE KOMATIITES FROM THE ARCHEAN ABITIBI GREENSTONE BELT: IMPLICATIONS FOR EARLY MANTLE DIFFERENTIATION AND STRATIFICATION,ARCHEAN CRATON (INCLUDING GREENSTONE BELTS),Abitibi,,48.47,48.47,-81.4,-81.4,,,,mp-23,THOLEIITE,2500000000.0,3850000000.0,PALEO,,,,,THOLEIITE,,,,,WR,46.1,1.61,,13.6,,,,14.67,10.0,6.74,0.2,,0.06,1.25,0.11,,,,,,,,,,,,,,,,,,,,,,,,,,,,,,,,,,,,,,,,,,,,44.7,,397.0,100.0,,,,68.0,,,,,,,,,,29.0,82.5,4.72,,,,,,,,,,,,,,,,,,,,,,,,,,,,2.57,,,,,,,,,,,,0.39,,,,,,,,,,,,,,,,,,,,,,,,,,,
Abitibi,SILICATE-PEROVSKITE AND MAJORITE SIGNATURE KOMATIITES FROM THE ARCHEAN ABITIBI GREENSTONE BELT: IMPLICATIONS FOR EARLY MANTLE DIFFERENTIATION AND STRATIFICATION,B-6,THOLEIITE,48.47,-81.4,2500.0,ARCHEAN,3850.0,2718.0,2720.0,2722.0,0.956904411,SILICATE-PEROVSKITE AND MAJORITE SIGNATURE KOMATIITES FROM THE ARCHEAN ABITIBI GREENSTONE BELT: IMPLICATIONS FOR EARLY MANTLE DIFFERENTIATION AND STRATIFICATION,ARCHEAN CRATON (INCLUDING GREENSTONE BELTS),Abitibi,,48.47,48.47,-81.4,-81.4,,,,B-6,THOLEIITE,2500000000.0,3850000000.0,PALEO,,,,,THOLEIITE,,,,,WR,51.2,0.795,,15.4,,,,15.03,6.04,2.17,0.27,,0.41,5.28,0.2,,,,,,,,,,,,,,,,,,,,,,,,,,,,,,,,,,,,,,,,,,,,6.02,,12.0,3.0,,,,8.0,,,,,,,,,,30.1,141.0,26.1,,,,,,,,,,,,,,,,,,,,,,,,,,,,3.5,,,,,,,,,,,,2.6,,,,,,,,,,,,,,,,,,,,,,,,,,,
Abitibi,SILICATE-PEROVSKITE AND MAJORITE SIGNATURE KOMATIITES FROM THE ARCHEAN ABITIBI GREENSTONE BELT: IMPLICATIONS FOR EARLY MANTLE DIFFERENTIATION AND STRATIFICATION,B-7,THOLEIITE,48.47,-81.4,2500.0,ARCHEAN,3850.0,2718.0,2720.0,2722.0,0.996642232,SILICATE-PEROVSKITE AND MAJORITE SIGNATURE KOMATIITES FROM THE ARCHEAN ABITIBI GREENSTONE BELT: IMPLICATIONS FOR EARLY MANTLE DIFFERENTIATION AND STRATIFICATION,ARCHEAN CRATON (INCLUDING GREENSTONE BELTS),Abitibi,,48.47,48.47,-81.4,-81.4,,,,B-7,THOLEIITE,2500000000.0,3850000000.0,PALEO,,,,,THOLEIITE,,,,,WR,49.5,0.872,,14.3,,,,18.63,5.37,2.55,0.28,,0.44,5.06,0.21,,,,,,,,,,,,,,,,,,,,,,,,,,,,,,,,,,,,,,,,,,,,4.24,,18.0,5.0,,,,8.0,,,,,,,,,,25.2,121.0,22.5,,,,,,,,,,,,,,,,,,,,,,,,,,,,3.05,,,,,,,,,,,,2.06,,,,,,,,,,,,,,,,,,,,,,,,,,,
Superior,SM-ND STUDY OF ARCHEAN ALKALIC ROCKS FROM THE SUPERIOR PROVINCE OF THE CANADIAN SHIELD,A903,TRACHYBASALT,48.17,-79.75,2720.0,ARCHEAN,2720.0,2597.0,2702.0,2807.0,0.9999547,SM-ND STUDY OF ARCHEAN ALKALIC ROCKS FROM THE SUPERIOR PROVINCE OF THE CANADIAN SHIELD,ARCHEAN CRATON (INCLUDING GREENSTONE BELTS),Superior,,48.17,48.17,-79.75,-79.75,,,,A903,TRACHYBASALT,2720000000.0,2720000000.0,PALEO,,,,,TRACHYBASALT,,,,,WR,52.1,0.85,,15.28,,,,8.6,8.82,7.0,0.14,,3.65,3.55,,,,,,,,,,,,,,,,,,,,,,,,,,,,,,,,,,,,,,,,,,,,,,,,,,,,,,,,,,,,,,,,,,,,,,,,,,,,,,,,,47.173,9.187,,,,,,,,,,,,,,,,,,,,,,,,,,,,,,,,,,,,,,,,,,,,,,,,,
Superior,SM-ND STUDY OF ARCHEAN ALKALIC ROCKS FROM THE SUPERIOR PROVINCE OF THE CANADIAN SHIELD,A907,BASALT,48.17,-79.75,2720.0,ARCHEAN,2720.0,2597.0,2702.0,2807.0,0.999934673,SM-ND STUDY OF ARCHEAN ALKALIC ROCKS FROM THE SUPERIOR PROVINCE OF THE CANADIAN SHIELD,ARCHEAN CRATON (INCLUDING GREENSTONE BELTS),Superior,,48.17,48.17,-79.75,-79.75,,,,A907,BASALT,2720000000.0,2720000000.0,PALEO,,,,,BASALT,,,,,WR,48.48,0.73,,16.88,,,,7.38,11.18,5.01,0.21,,5.58,4.56,,,,,,,,,,,,,,,,,,,,,,,,,,,,,,,,,,,,,,,,,,,,,,,,,,,,,,,,,,,,,,,,,,,,,,,,,,,,,,,,,81.935,14.655,,,,,,,,,,,,,,,,,,,,,,,,,,,,,,,,,,,,,,,,,,,,,,,,,
Superior,"SOME CHEMICAL CHARACTERISTICS OF ULTRAMAFIC AND THOLEIITIC ROCKS, NEWTON TOWNSHIP, DISTRICT OF SUDBURY",11,BASALT,48.47,-81.4,2500.0,ARCHEAN,3850.0,2678.0,2688.5,2699.0,0.999934673,"SOME CHEMICAL CHARACTERISTICS OF ULTRAMAFIC AND THOLEIITIC ROCKS, NEWTON TOWNSHIP, DISTRICT OF SUDBURY",ARCHEAN CRATON (INCLUDING GREENSTONE BELTS),Superior,,48.47,48.47,-81.4,-81.4,,,,11,BASALT,2500000000.0,3850000000.0,PALEO,,,,,BASALT,,,,,WR,47.3,0.72,,13.1,,,,11.07,12.1,10.4,0.19,,0.1,1.51,0.09,,,,,,,,,,,,,,,,,,,,,,,,,,,,,,,,,,,,,,,,,,,,40.0,,300.0,660.0,,,50.0,185.0,45.0,85.0,,,,,,,200.0,,100.0,,,,,,,,,,,,,,,,,,,,,,,,,,,,,,,,,,,,,,,10.0,,,,,,,,,,,,,,,,,,,,,,,,,,,,,
Superior,"SOME CHEMICAL CHARACTERISTICS OF ULTRAMAFIC AND THOLEIITIC ROCKS, NEWTON TOWNSHIP, DISTRICT OF SUDBURY",4,THOLEIITE,48.47,-81.4,2500.0,ARCHEAN,3850.0,2678.0,2688.5,2699.0,0.999824584,"SOME CHEMICAL CHARACTERISTICS OF ULTRAMAFIC AND THOLEIITIC ROCKS, NEWTON TOWNSHIP, DISTRICT OF SUDBURY",ARCHEAN CRATON (INCLUDING GREENSTONE BELTS),Superior,,48.47,48.47,-81.4,-81.4,,,,4,THOLEIITE,2500000000.0,3850000000.0,PALEO,,,,,THOLEIITE,,,,,WR,51.0,0.7,,12.8,,,,10.35,9.06,9.89,0.15,,0.55,2.3,0.09,,,,,,,,,,,,,,,,,,,,,,,,,,,,,,,,,,,,,,,,,,,,35.0,,300.0,540.0,,,45.0,90.0,80.0,60.0,,,,,,,200.0,,70.0,,,,,,,,,,,,,,,,,,,,,,,,,,,,,,,,,,,,,,,30.0,,,,,,,,,,,,,,,,,,,,,,,,,,,,,
Superior,"SOME CHEMICAL CHARACTERISTICS OF ULTRAMAFIC AND THOLEIITIC ROCKS, NEWTON TOWNSHIP, DISTRICT OF SUDBURY",9,BASALT,48.47,-81.4,2500.0,ARCHEAN,3850.0,2678.0,2688.5,2699.0,0.999861479,"SOME CHEMICAL CHARACTERISTICS OF ULTRAMAFIC AND THOLEIITIC ROCKS, NEWTON TOWNSHIP, DISTRICT OF SUDBURY",ARCHEAN CRATON (INCLUDING GREENSTONE BELTS),Superior,,48.47,48.47,-81.4,-81.4,,,,9,BASALT,2500000000.0,3850000000.0,PALEO,,,,,BASALT,,,,,WR,46.7,0.62,,10.2,,,,11.07,7.84,15.5,0.19,,0.03,1.75,0.09,,,,,,,,,,,,,,,,,,,,,,,,,,,,,,,,,,,,,,,,,,,,30.0,,250.0,1880.0,,,80.0,560.0,70.0,95.0,,,,,,,60.0,,80.0,,,,,,,,,,,,,,,,,,,,,,,,,,,,,,,,,,,,,,,15.0,,,,,,,,,,,,,,,,,,,,,,,,,,,,,
Superior,"SOME CHEMICAL CHARACTERISTICS OF ULTRAMAFIC AND THOLEIITIC ROCKS, NEWTON TOWNSHIP, DISTRICT OF SUDBURY",8,THOLEIITE,48.47,-81.4,2500.0,ARCHEAN,3850.0,2678.0,2688.5,2699.0,0.999756038,"SOME CHEMICAL CHARACTERISTICS OF ULTRAMAFIC AND THOLEIITIC ROCKS, NEWTON TOWNSHIP, DISTRICT OF SUDBURY",ARCHEAN CRATON (INCLUDING GREENSTONE BELTS),Superior,,48.47,48.47,-81.4,-81.4,,,,8,THOLEIITE,2500000000.0,3850000000.0,PALEO,,,,,THOLEIITE,,,,,WR,46.5,2.08,,13.1,,,,16.47,9.11,5.15,0.26,,0.47,2.37,0.27,,,,,,,,,,,,,,,,,,,,,,,,,,,,,,,,,,,,,,,,,,,,40.0,,600.0,120.0,,,55.0,70.0,150.0,140.0,,,,,,,150.0,,200.0,,,,,,,,,,,,,,,,,,,,,,,,,,,,,,,,,,,,,,,15.0,,,,,,,,,,,,,,,,,,,,,,,,,,,,,
Superior,"SOME CHEMICAL CHARACTERISTICS OF ULTRAMAFIC AND THOLEIITIC ROCKS, NEWTON TOWNSHIP, DISTRICT OF SUDBURY",10,THOLEIITE,48.47,-81.4,2500.0,ARCHEAN,3850.0,2678.0,2688.5,2699.0,0.996989727,"SOME CHEMICAL CHARACTERISTICS OF ULTRAMAFIC AND THOLEIITIC ROCKS, NEWTON TOWNSHIP, DISTRICT OF SUDBURY",ARCHEAN CRATON (INCLUDING GREENSTONE BELTS),Superior,,48.47,48.47,-81.4,-81.4,,,,10,THOLEIITE,2500000000.0,3850000000.0,PALEO,,,,,THOLEIITE,,,,,WR,48.9,1.45,,12.9,,,,14.85,9.1,5.15,0.2,,0.43,2.07,0.12,,,,,,,,,,,,,,,,,,,,,,,,,,,,,,,,,,,,,,,,,,,,45.0,,500.0,75.0,,,50.0,70.0,80.0,135.0,,,,,,,150.0,,150.0,,,,,,,,,,,,,,,,,,,,,,,,,,,,,,,,,,,,,,,10.0,,,,,,,,,,,,,,,,,,,,,,,,,,,,,
Superior,"SOME CHEMICAL CHARACTERISTICS OF ULTRAMAFIC AND THOLEIITIC ROCKS, NEWTON TOWNSHIP, DISTRICT OF SUDBURY",12,BASALT,48.47,-81.4,2500.0,ARCHEAN,3850.0,2678.0,2688.5,2699.0,0.999551594,"SOME CHEMICAL CHARACTERISTICS OF ULTRAMAFIC AND THOLEIITIC ROCKS, NEWTON TOWNSHIP, DISTRICT OF SUDBURY",ARCHEAN CRATON (INCLUDING GREENSTONE BELTS),Superior,,48.47,48.47,-81.4,-81.4,,,,12,BASALT,2500000000.0,3850000000.0,PALEO,,,,,BASALT,,,,,WR,50.3,0.7,,12.5,,,,10.53,9.13,9.99,0.17,,0.09,2.98,0.09,,,,,,,,,,,,,,,,,,,,,,,,,,,,,,,,,,,,,,,,,,,,40.0,,250.0,540.0,,,50.0,160.0,20.0,80.0,,,,,,,150.0,,100.0,,,,,,,,,,,,,,,,,,,,,,,,,,,,,,,,,,,,,,,15.0,,,,,,,,,,,,,,,,,,,,,,,,,,,,,
Superior,"SOME CHEMICAL CHARACTERISTICS OF ULTRAMAFIC AND THOLEIITIC ROCKS, NEWTON TOWNSHIP, DISTRICT OF SUDBURY",5,THOLEIITE,48.47,-81.4,2500.0,ARCHEAN,3850.0,2678.0,2688.5,2699.0,0.999808729,"SOME CHEMICAL CHARACTERISTICS OF ULTRAMAFIC AND THOLEIITIC ROCKS, NEWTON TOWNSHIP, DISTRICT OF SUDBURY",ARCHEAN CRATON (INCLUDING GREENSTONE BELTS),Superior,,48.47,48.47,-81.4,-81.4,,,,5,THOLEIITE,2500000000.0,3850000000.0,PALEO,,,,,THOLEIITE,,,,,WR,51.3,0.76,,13.0,,,,10.17,8.32,8.42,0.17,,0.28,3.8,0.1,,,,,,,,,,,,,,,,,,,,,,,,,,,,,,,,,,,,,,,,,,,,40.0,,350.0,440.0,,,45.0,75.0,45.0,70.0,,,,,,,200.0,,100.0,,,,,,,,,,,,,,,,,,,,,,,,,,,,,,,,,,,,,,,30.0,,,,,,,,,,,,,,,,,,,,,,,,,,,,,
Abitibi,SPATIAL AND TEMPORAL VARIATIONS IN THE GEOCHEMISTRY OF KOMATIITES AND KOMATIITIC BASALTS IN THE ABITIBI GREENSTONE BELT,ROQ95-7,BASALT,48.2,-80.0,2500.0,ARCHEAN,3850.0,2720.0,2722.5,2725.0,0.999878883,SPATIAL AND TEMPORAL VARIATIONS IN THE GEOCHEMISTRY OF KOMATIITES AND KOMATIITIC BASALTS IN THE ABITIBI GREENSTONE BELT,ARCHEAN CRATON (INCLUDING GREENSTONE BELTS),Abitibi,,48.2,48.2,-80.0,-80.0,,,,ROQ95-7,BASALT,2500000000.0,3850000000.0,PALEO,,,,,BASALT,,,,,WR,50.58,0.84,,9.18,,,,11.8,9.03,16.49,0.19,,0.01,1.51,0.06,,,,,,,,,,,,,,,,,,,,,,,,,,,,,,,,,,,,,,,,,,,,,,214.0,1560.0,,,1560.0,567.0,214.0,95.0,,,,,,2.0,48.0,12.0,52.0,2.5,,,,,,,,,,,,,,3.32,8.56,1.25,6.19,1.95,0.64,2.37,0.37,2.48,0.47,1.36,,1.11,0.2,1.43,,,,,,,,,,,,0.25,,,,,,,,,,,,,,,,,,,,,,,,,,,
Abitibi,SPATIAL AND TEMPORAL VARIATIONS IN THE GEOCHEMISTRY OF KOMATIITES AND KOMATIITIC BASALTS IN THE ABITIBI GREENSTONE BELT,22180,BASALT,49.0,-79.37,2700.0,ARCHEAN,2710.0,2703.0,2706.5,2710.0,0.05341085,SPATIAL AND TEMPORAL VARIATIONS IN THE GEOCHEMISTRY OF KOMATIITES AND KOMATIITIC BASALTS IN THE ABITIBI GREENSTONE BELT,ARCHEAN CRATON (INCLUDING GREENSTONE BELTS),Abitibi,,49.0,49.0,-79.37,-79.37,,,,22180,BASALT,2700000000.0,2710000000.0,PALEO,,,,,BASALT,,,,,WR,53.0,0.53,,10.69,,,,9.35,7.94,15.96,0.17,,0.01,2.01,0.06,,,,,,,,,,,,,,,,,,,,,,,,,,,,,,,,,,,,,,,,,,,,28.4,,177.0,1490.0,,,69.2,484.0,69.2,72.3,,,,,,0.23,32.0,19.7,49.0,2.37,,,,,,,,,,,,,,3.58,8.91,1.38,6.07,1.85,0.52,2.49,0.5,3.09,0.72,2.04,,1.98,0.32,1.79,,,,,,,,,,,,0.44,0.12,,,,,,,,,,,,,,,,,,,,,,,,,,
Abitibi,SPATIAL AND TEMPORAL VARIATIONS IN THE GEOCHEMISTRY OF KOMATIITES AND KOMATIITIC BASALTS IN THE ABITIBI GREENSTONE BELT,6411,BASALT,48.2,-80.1,2700.0,ARCHEAN,2710.0,2703.0,2706.5,2710.0,0.089865014,SPATIAL AND TEMPORAL VARIATIONS IN THE GEOCHEMISTRY OF KOMATIITES AND KOMATIITIC BASALTS IN THE ABITIBI GREENSTONE BELT,ARCHEAN CRATON (INCLUDING GREENSTONE BELTS),Abitibi,,48.2,48.2,-80.1,-80.1,,,,6411,BASALT,2700000000.0,2710000000.0,PALEO,,,,,BASALT,,,,,WR,51.5,0.64,,10.18,,,,12.36,7.08,15.78,0.18,,0.01,1.97,0.05,,,,,,,,,,,,,,,,,,,,,,,,,,,,,,,,,,,,,,,,,,,,37.9,,233.0,1480.0,,,72.6,333.0,32.2,73.7,,,,,,0.68,25.1,15.0,29.4,1.25,,,,,,,,,,,,0.34,,1.3,4.48,0.72,4.18,1.58,0.54,2.13,0.36,2.16,0.5,1.5,,1.33,0.17,1.02,,,,,,,,,,,,0.13,0.04,,,,,,,,,,,,,,,,,,,,,,,,,,
Abitibi,SPATIAL AND TEMPORAL VARIATIONS IN THE GEOCHEMISTRY OF KOMATIITES AND KOMATIITIC BASALTS IN THE ABITIBI GREENSTONE BELT,27982,BASALT,47.5843,-81.2449,2735.0,ARCHEAN,2750.0,2735.0,2742.5,2750.0,0.223100036,SPATIAL AND TEMPORAL VARIATIONS IN THE GEOCHEMISTRY OF KOMATIITES AND KOMATIITIC BASALTS IN THE ABITIBI GREENSTONE BELT,ARCHEAN CRATON (INCLUDING GREENSTONE BELTS),Abitibi,,47.5843,47.5843,-81.2449,-81.2449,,,,27982,BASALT,2735000000.0,2750000000.0,PALEO,,,,,BASALT,,,,,WR,51.11,0.45,,14.75,,,,10.03,7.56,12.91,0.25,,1.39,1.42,0.04,,,,,,,,,,,,,,,,,,,,,,,,,,,,,,,,,,,,,,,,,,,,,,229.0,513.0,,,56.9,95.2,24.8,59.0,,,,,,53.4,65.0,15.5,22.6,0.42,,,,,,,,,,,,1.33,,0.7,1.91,0.34,2.17,0.94,0.67,1.54,0.31,2.26,0.56,1.65,,1.8,0.29,0.77,,,,,,,,,,,,0.04,0.01,,,,,,,,,,,,,,,,,,,,,,,,,,
Abitibi,SPATIAL AND TEMPORAL VARIATIONS IN THE GEOCHEMISTRY OF KOMATIITES AND KOMATIITIC BASALTS IN THE ABITIBI GREENSTONE BELT,23214,BASALT,48.0705,-80.0862,2700.0,ARCHEAN,2710.0,2703.0,2706.5,2710.0,0.034544535,SPATIAL AND TEMPORAL VARIATIONS IN THE GEOCHEMISTRY OF KOMATIITES AND KOMATIITIC BASALTS IN THE ABITIBI GREENSTONE BELT,ARCHEAN CRATON (INCLUDING GREENSTONE BELTS),Abitibi,,48.0705,48.0705,-80.0862,-80.0862,,,,23214,BASALT,2700000000.0,2710000000.0,PALEO,,,,,BASALT,,,,,WR,52.08,0.62,,11.94,,,,10.94,8.42,12.95,0.18,,0.01,2.61,,,,,,,,,,,,,,,,,,,,,,,,,,,,,,,,,,,,,,,,,,,,,37.9,,227.0,1390.0,,,73.0,357.0,68.9,72.0,,,,,,0.33,66.3,17.1,41.6,1.58,,,,,,,,,,,,0.14,,3.03,7.1,1.1,5.22,1.7,0.63,2.23,0.41,2.6,0.59,1.77,,1.79,0.26,1.29,,,,,,,,,,,,0.27,0.07,,,,,,,,,,,,,,,,,,,,,,,,,,
Superior,"THE CHARACTERISTICS AND ORIGIN OF THE BIG LAKE MAFIC-ULTRAMAFIC-HOSTED VOLCANOGENIC MASSIVE SULFIDE OCCURRENCE, MARATHON, ONTARIO, CANADA",546714,BASALT,48.6,-86.1,2500.0,ARCHEAN,3850.0,2688.0,2719.0,2750.0,0.000762193,"THE CHARACTERISTICS AND ORIGIN OF THE BIG LAKE MAFIC-ULTRAMAFIC-HOSTED VOLCANOGENIC MASSIVE SULFIDE OCCURRENCE, MARATHON, ONTARIO, CANADA",ARCHEAN CRATON (INCLUDING GREENSTONE BELTS),Superior,,48.6,48.6,-86.1,-86.1,,,,546714,BASALT,2500000000.0,3850000000.0,PALEO,,,,,BASALT,,,,,WR,46.75,1.13,,6.87,,,,12.42,9.43,15.01,0.21,,2.11,0.63,0.07,,,,,,,,,,,,,,,,,,,,,,,,,,,,,,,,,,,,,,,,,,,,,,240.0,1120.0,,,83.9,670.0,87.8,87.0,,,,,,1.6,90.2,13.0,38.4,4.8,,,,,,,,,,,,8.18,390.0,4.4,12.5,1.7,8.3,2.4,0.9,2.6,0.4,2.6,0.5,1.4,,1.2,0.1,1.3,0.32,,,,,,,,,2.3,,0.4,0.1,,,,,,,,,,,,,,,,,,,,,,,,,,
Superior,"THE CHARACTERISTICS AND ORIGIN OF THE BIG LAKE MAFIC-ULTRAMAFIC-HOSTED VOLCANOGENIC MASSIVE SULFIDE OCCURRENCE, MARATHON, ONTARIO, CANADA",546729,BASALT,48.6,-86.1,2500.0,ARCHEAN,3850.0,2688.0,2719.0,2750.0,0.046615519,"THE CHARACTERISTICS AND ORIGIN OF THE BIG LAKE MAFIC-ULTRAMAFIC-HOSTED VOLCANOGENIC MASSIVE SULFIDE OCCURRENCE, MARATHON, ONTARIO, CANADA",ARCHEAN CRATON (INCLUDING GREENSTONE BELTS),Superior,,48.6,48.6,-86.1,-86.1,,,,546729,BASALT,2500000000.0,3850000000.0,PALEO,,,,,BASALT,,,,,WR,45.91,1.29,,7.79,,,,12.71,8.18,16.97,0.22,,0.03,0.38,0.08,,,,,,,,,,,,,,,,,,,,,,,,,,,,,,,,,,,,,,,,,,,,,,237.0,1570.0,,,87.8,956.0,163.5,142.0,,,,,,10.0,60.2,13.4,44.5,4.6,,,,,,,,,,,,0.35,10.0,6.0,15.6,2.2,11.0,3.1,1.1,3.2,0.5,2.7,0.6,1.4,,1.2,0.1,1.6,0.29,,,,,,,,,1.8,,0.4,0.1,,,,,,,,,,,,,,,,,,,,,,,,,,
Superior,"THE CHARACTERISTICS AND ORIGIN OF THE BIG LAKE MAFIC-ULTRAMAFIC-HOSTED VOLCANOGENIC MASSIVE SULFIDE OCCURRENCE, MARATHON, ONTARIO, CANADA",546735,BASALT,48.6,-86.1,2500.0,ARCHEAN,3850.0,2688.0,2719.0,2750.0,0.000668212,"THE CHARACTERISTICS AND ORIGIN OF THE BIG LAKE MAFIC-ULTRAMAFIC-HOSTED VOLCANOGENIC MASSIVE SULFIDE OCCURRENCE, MARATHON, ONTARIO, CANADA",ARCHEAN CRATON (INCLUDING GREENSTONE BELTS),Superior,,48.6,48.6,-86.1,-86.1,,,,546735,BASALT,2500000000.0,3850000000.0,PALEO,,,,,BASALT,,,,,WR,46.19,1.53,,7.53,,,,15.9,8.2,14.4,0.27,,1.4,0.83,0.08,,,,,,,,,,,,,,,,,,,,,,,,,,,,,,,,,,,,,,,,,,,,,,281.0,844.0,,,101.5,784.0,100.0,171.0,,,,,,31.0,49.4,14.1,57.6,7.1,,,,,,,,,,,,8.73,230.0,8.0,21.6,2.9,13.2,3.3,0.7,3.3,0.5,2.7,0.6,1.4,,1.1,0.1,2.1,0.43,,,,,,,,,5.2,,0.7,0.2,,,,,,,,,,,,,,,,,,,,,,,,,,
Superior,"THE CHARACTERISTICS AND ORIGIN OF THE BIG LAKE MAFIC-ULTRAMAFIC-HOSTED VOLCANOGENIC MASSIVE SULFIDE OCCURRENCE, MARATHON, ONTARIO, CANADA",626174,BASALT,48.6,-86.1,2500.0,ARCHEAN,3850.0,2688.0,2719.0,2750.0,0.002795663,"THE CHARACTERISTICS AND ORIGIN OF THE BIG LAKE MAFIC-ULTRAMAFIC-HOSTED VOLCANOGENIC MASSIVE SULFIDE OCCURRENCE, MARATHON, ONTARIO, CANADA",ARCHEAN CRATON (INCLUDING GREENSTONE BELTS),Superior,,48.6,48.6,-86.1,-86.1,,,,626174,BASALT,2500000000.0,3850000000.0,PALEO,,,,,BASALT,,,,,WR,46.22,1.2,,6.44,,,,14.42,8.51,15.89,0.23,,2.69,0.45,0.1,,,,,,,,,,,,,,,,,,,,,,,,,,,,,,,,,,,,,,,,,,,,,,234.0,1305.0,,,87.0,823.0,106.0,100.0,,,,,,22.0,46.0,14.0,67.0,4.0,,,,,,,,,,,,,370.0,3.8,10.8,1.7,8.2,2.6,0.8,2.8,0.5,2.8,0.5,1.5,,1.3,0.2,,,,,,,,,,,8.0,,0.5,0.25,,,,,,,,,,,,,,,,,,,,,,,,,,
Superior,"THE CHARACTERISTICS AND ORIGIN OF THE BIG LAKE MAFIC-ULTRAMAFIC-HOSTED VOLCANOGENIC MASSIVE SULFIDE OCCURRENCE, MARATHON, ONTARIO, CANADA",626183,BASALT,48.6,-86.1,2500.0,ARCHEAN,3850.0,2688.0,2719.0,2750.0,0.27123332,"THE CHARACTERISTICS AND ORIGIN OF THE BIG LAKE MAFIC-ULTRAMAFIC-HOSTED VOLCANOGENIC MASSIVE SULFIDE OCCURRENCE, MARATHON, ONTARIO, CANADA",ARCHEAN CRATON (INCLUDING GREENSTONE BELTS),Superior,,48.6,48.6,-86.1,-86.1,,,,626183,BASALT,2500000000.0,3850000000.0,PALEO,,,,,BASALT,,,,,WR,45.04,1.48,,6.88,,,,14.17,7.42,15.61,0.23,,3.55,0.36,0.07,,,,,,,,,,,,,,,,,,,,,,,,,,,,,,,,,,,,,,,,,,,,,,271.0,904.0,,,87.0,731.0,192.0,110.0,,,,,,43.0,65.0,16.2,75.0,4.0,,,,,,,,,,,,,310.0,7.5,19.1,2.8,13.0,3.3,1.1,3.4,0.6,3.1,0.6,1.7,,1.4,0.2,,,,,,,,,,,5.0,,1.0,0.25,,,,,,,,,,,,,,,,,,,,,,,,,,
Superior,"THE CHARACTERISTICS AND ORIGIN OF THE BIG LAKE MAFIC-ULTRAMAFIC-HOSTED VOLCANOGENIC MASSIVE SULFIDE OCCURRENCE, MARATHON, ONTARIO, CANADA",626185,BASALT,48.6,-86.1,2500.0,ARCHEAN,3850.0,2688.0,2719.0,2750.0,0.025826076,"THE CHARACTERISTICS AND ORIGIN OF THE BIG LAKE MAFIC-ULTRAMAFIC-HOSTED VOLCANOGENIC MASSIVE SULFIDE OCCURRENCE, MARATHON, ONTARIO, CANADA",ARCHEAN CRATON (INCLUDING GREENSTONE BELTS),Superior,,48.6,48.6,-86.1,-86.1,,,,626185,BASALT,2500000000.0,3850000000.0,PALEO,,,,,BASALT,,,,,WR,47.43,2.12,,13.23,,,,11.74,7.31,6.37,0.22,,0.55,3.32,0.13,,,,,,,,,,,,,,,,,,,,,,,,,,,,,,,,,,,,,,,,,,,,,,370.0,31.0,,,59.0,75.0,207.0,137.0,,,,,,9.4,252.0,23.8,118.0,8.0,,,,,,,,,,,,,170.0,10.2,25.8,3.8,18.0,4.6,1.3,5.0,0.8,4.5,0.9,2.5,,2.1,0.3,,,,,,,,,,,8.0,,1.0,0.25,,,,,,,,,,,,,,,,,,,,,,,,,,
Superior,"THE CHARACTERISTICS AND ORIGIN OF THE BIG LAKE MAFIC-ULTRAMAFIC-HOSTED VOLCANOGENIC MASSIVE SULFIDE OCCURRENCE, MARATHON, ONTARIO, CANADA",626452,BASALT,48.6,-86.1,2500.0,ARCHEAN,3850.0,2688.0,2719.0,2750.0,0.000109231,"THE CHARACTERISTICS AND ORIGIN OF THE BIG LAKE MAFIC-ULTRAMAFIC-HOSTED VOLCANOGENIC MASSIVE SULFIDE OCCURRENCE, MARATHON, ONTARIO, CANADA",ARCHEAN CRATON (INCLUDING GREENSTONE BELTS),Superior,,48.6,48.6,-86.1,-86.1,,,,626452,BASALT,2500000000.0,3850000000.0,PALEO,,,,,BASALT,,,,,WR,45.65,3.09,,10.27,,,,10.78,9.23,4.91,0.32,,0.53,4.08,0.18,,,,,,,,,,,,,,,,,,,,,,,,,,,,,,,,,,,,,,,,,,,,,,357.0,18.0,,,65.5,69.9,227.0,184.0,,,,,,77.2,347.0,25.5,145.5,29.9,,,,,,,,,,,,2.27,560.0,26.3,60.2,,,,,,,,,,,,,3.9,1.89,,,,,,,,,4.0,,2.6,0.6,,,,,,,,,,,,,,,,,,,,,,,,,,
Superior,"THE CHARACTERISTICS AND ORIGIN OF THE BIG LAKE MAFIC-ULTRAMAFIC-HOSTED VOLCANOGENIC MASSIVE SULFIDE OCCURRENCE, MARATHON, ONTARIO, CANADA",626454,BASALT,48.6,-86.1,2500.0,ARCHEAN,3850.0,2688.0,2719.0,2750.0,0.000218869,"THE CHARACTERISTICS AND ORIGIN OF THE BIG LAKE MAFIC-ULTRAMAFIC-HOSTED VOLCANOGENIC MASSIVE SULFIDE OCCURRENCE, MARATHON, ONTARIO, CANADA",ARCHEAN CRATON (INCLUDING GREENSTONE BELTS),Superior,,48.6,48.6,-86.1,-86.1,,,,626454,BASALT,2500000000.0,3850000000.0,PALEO,,,,,BASALT,,,,,WR,47.06,1.47,,5.09,,,,12.25,14.92,10.96,0.21,,0.05,1.53,0.07,,,,,,,,,,,,,,,,,,,,,,,,,,,,,,,,,,,,,,,,,,,,,,279.0,1020.0,,,67.5,338.0,578.0,87.0,,,,,,8.6,239.0,13.8,51.0,10.8,,,,,,,,,,,,0.09,20.0,11.4,26.4,,,,,,,,,,,,,1.7,0.69,,,,,,,,,2.0,,1.0,0.2,,,,,,,,,,,,,,,,,,,,,,,,,,
Superior,"THE CHARACTERISTICS AND ORIGIN OF THE BIG LAKE MAFIC-ULTRAMAFIC-HOSTED VOLCANOGENIC MASSIVE SULFIDE OCCURRENCE, MARATHON, ONTARIO, CANADA",626455,BASALT,48.6,-86.1,2500.0,ARCHEAN,3850.0,2688.0,2719.0,2750.0,0.000368894,"THE CHARACTERISTICS AND ORIGIN OF THE BIG LAKE MAFIC-ULTRAMAFIC-HOSTED VOLCANOGENIC MASSIVE SULFIDE OCCURRENCE, MARATHON, ONTARIO, CANADA",ARCHEAN CRATON (INCLUDING GREENSTONE BELTS),Superior,,48.6,48.6,-86.1,-86.1,,,,626455,BASALT,2500000000.0,3850000000.0,PALEO,,,,,BASALT,,,,,WR,46.19,2.36,,12.93,,,,12.08,8.31,7.2,0.31,,0.25,2.21,0.14,,,,,,,,,,,,,,,,,,,,,,,,,,,,,,,,,,,,,,,,,,,,,,418.0,887.0,,,104.5,584.0,329.0,167.0,,,,,,19.8,391.0,27.7,107.5,11.1,,,,,,,,,,,,0.67,200.0,11.2,29.1,,,,,,,,,,,,,3.0,0.67,,,,,,,,,2.3,,0.9,0.2,,,,,,,,,,,,,,,,,,,,,,,,,,
Superior,"THE CHARACTERISTICS AND ORIGIN OF THE BIG LAKE MAFIC-ULTRAMAFIC-HOSTED VOLCANOGENIC MASSIVE SULFIDE OCCURRENCE, MARATHON, ONTARIO, CANADA",626474,BASALT,48.6,-86.1,2500.0,ARCHEAN,3850.0,2688.0,2719.0,2750.0,3.33032e-05,"THE CHARACTERISTICS AND ORIGIN OF THE BIG LAKE MAFIC-ULTRAMAFIC-HOSTED VOLCANOGENIC MASSIVE SULFIDE OCCURRENCE, MARATHON, ONTARIO, CANADA",ARCHEAN CRATON (INCLUDING GREENSTONE BELTS),Superior,,48.6,48.6,-86.1,-86.1,,,,626474,BASALT,2500000000.0,3850000000.0,PALEO,,,,,BASALT,,,,,WR,48.22,0.9,,14.87,,,,11.77,10.45,6.98,0.2,,0.38,2.78,0.1,,,,,,,,,,,,,,,,,,,,,,,,,,,,,,,,,,,,,,,,,,,,,,269.0,83.0,,,54.6,80.4,200.0,99.0,,,,,,7.0,209.0,17.3,17.8,2.5,,,,,,,,,,,,0.39,50.0,3.9,9.72,,,,,,,,,,,,,0.7,0.15,,,,,,,,,3.9,,0.3,0.1,,,,,,,,,,,,,,,,,,,,,,,,,,
Superior,"THE CHARACTERISTICS AND ORIGIN OF THE BIG LAKE MAFIC-ULTRAMAFIC-HOSTED VOLCANOGENIC MASSIVE SULFIDE OCCURRENCE, MARATHON, ONTARIO, CANADA",626486,BASALT,48.6,-86.1,2500.0,ARCHEAN,3850.0,2688.0,2719.0,2750.0,0.848498642,"THE CHARACTERISTICS AND ORIGIN OF THE BIG LAKE MAFIC-ULTRAMAFIC-HOSTED VOLCANOGENIC MASSIVE SULFIDE OCCURRENCE, MARATHON, ONTARIO, CANADA",ARCHEAN CRATON (INCLUDING GREENSTONE BELTS),Superior,,48.6,48.6,-86.1,-86.1,,,,626486,BASALT,2500000000.0,3850000000.0,PALEO,,,,,BASALT,,,,,WR,49.32,1.48,,4.57,,,,14.46,13.6,12.27,0.22,,0.04,1.37,0.07,,,,,,,,,,,,,,,,,,,,,,,,,,,,,,,,,,,,,,,,,,,,,,271.0,1020.0,,,71.3,383.0,621.0,98.0,,,,,,8.0,121.0,13.0,46.2,9.9,,,,,,,,,,,,0.07,10.0,10.1,25.1,,,,,,,,,,,,,1.8,0.65,,,,,,,,,2.3,,0.9,0.2,,,,,,,,,,,,,,,,,,,,,,,,,,
Superior,"THE CHARACTERISTICS AND ORIGIN OF THE BIG LAKE MAFIC-ULTRAMAFIC-HOSTED VOLCANOGENIC MASSIVE SULFIDE OCCURRENCE, MARATHON, ONTARIO, CANADA",626487,BASALT,48.6,-86.1,2500.0,ARCHEAN,3850.0,2688.0,2719.0,2750.0,0.000547201,"THE CHARACTERISTICS AND ORIGIN OF THE BIG LAKE MAFIC-ULTRAMAFIC-HOSTED VOLCANOGENIC MASSIVE SULFIDE OCCURRENCE, MARATHON, ONTARIO, CANADA",ARCHEAN CRATON (INCLUDING GREENSTONE BELTS),Superior,,48.6,48.6,-86.1,-86.1,,,,626487,BASALT,2500000000.0,3850000000.0,PALEO,,,,,BASALT,,,,,WR,46.68,1.97,,11.23,,,,12.06,8.88,10.7,0.23,,0.18,2.3,0.13,,,,,,,,,,,,,,,,,,,,,,,,,,,,,,,,,,,,,,,,,,,,,,331.0,782.0,,,92.5,589.0,228.0,114.0,,,,,,12.8,218.0,24.9,73.4,8.1,,,,,,,,,,,,0.17,80.0,8.7,23.5,,,,,,,,,,,,,2.6,0.52,,,,,,,,,10.8,,0.7,0.2,,,,,,,,,,,,,,,,,,,,,,,,,,
Superior,"THE CHARACTERISTICS AND ORIGIN OF THE BIG LAKE MAFIC-ULTRAMAFIC-HOSTED VOLCANOGENIC MASSIVE SULFIDE OCCURRENCE, MARATHON, ONTARIO, CANADA",626491,BASALT,48.6,-86.1,2500.0,ARCHEAN,3850.0,2688.0,2719.0,2750.0,0.004689212,"THE CHARACTERISTICS AND ORIGIN OF THE BIG LAKE MAFIC-ULTRAMAFIC-HOSTED VOLCANOGENIC MASSIVE SULFIDE OCCURRENCE, MARATHON, ONTARIO, CANADA",ARCHEAN CRATON (INCLUDING GREENSTONE BELTS),Superior,,48.6,48.6,-86.1,-86.1,,,,626491,BASALT,2500000000.0,3850000000.0,PALEO,,,,,BASALT,,,,,WR,46.47,1.18,,7.38,,,,12.63,8.47,16.39,0.23,,1.78,0.5,0.08,,,,,,,,,,,,,,,,,,,,,,,,,,,,,,,,,,,,,,,,,,,,,,231.0,1240.0,,,83.2,752.0,204.0,88.0,,,,,,10.9,118.0,13.4,23.6,4.7,,,,,,,,,,,,4.87,530.0,4.4,12.6,,,,,,,,,,,,,1.0,0.33,,,,,,,,,3.1,,0.5,0.1,,,,,,,,,,,,,,,,,,,,,,,,,,
Superior,"THE CHARACTERISTICS AND ORIGIN OF THE BIG LAKE MAFIC-ULTRAMAFIC-HOSTED VOLCANOGENIC MASSIVE SULFIDE OCCURRENCE, MARATHON, ONTARIO, CANADA",645658,BASALT,48.6,-86.1,2500.0,ARCHEAN,3850.0,2688.0,2719.0,2750.0,0.056269698,"THE CHARACTERISTICS AND ORIGIN OF THE BIG LAKE MAFIC-ULTRAMAFIC-HOSTED VOLCANOGENIC MASSIVE SULFIDE OCCURRENCE, MARATHON, ONTARIO, CANADA",ARCHEAN CRATON (INCLUDING GREENSTONE BELTS),Superior,,48.6,48.6,-86.1,-86.1,,,,645658,BASALT,2500000000.0,3850000000.0,PALEO,,,,,BASALT,,,,,WR,50.46,0.82,,3.22,,,,14.17,10.34,15.48,0.29,,0.91,0.35,0.05,,,,,,,,,,,,,,,,,,,,,,,,,,,,,,,,,,,,,,,,,,,,,,116.0,1640.0,,,133.0,1220.0,286.0,119.0,,,,,,23.6,56.8,7.0,32.4,7.7,,,,,,,,,,,,3.11,190.0,6.7,15.5,1.9,7.9,1.8,0.4,1.7,0.2,1.4,0.3,0.7,,0.6,0.1,1.0,0.46,,,,,,,,,1.9,,0.6,0.1,,,,,,,,,,,,,,,,,,,,,,,,,,
Superior,"THE CHARACTERISTICS AND ORIGIN OF THE BIG LAKE MAFIC-ULTRAMAFIC-HOSTED VOLCANOGENIC MASSIVE SULFIDE OCCURRENCE, MARATHON, ONTARIO, CANADA",645662,BASALT,48.6,-86.1,2500.0,ARCHEAN,3850.0,2688.0,2719.0,2750.0,0.049216613,"THE CHARACTERISTICS AND ORIGIN OF THE BIG LAKE MAFIC-ULTRAMAFIC-HOSTED VOLCANOGENIC MASSIVE SULFIDE OCCURRENCE, MARATHON, ONTARIO, CANADA",ARCHEAN CRATON (INCLUDING GREENSTONE BELTS),Superior,,48.6,48.6,-86.1,-86.1,,,,645662,BASALT,2500000000.0,3850000000.0,PALEO,,,,,BASALT,,,,,WR,47.77,0.78,,15.07,,,,11.74,11.13,7.53,0.23,,0.38,2.54,0.06,,,,,,,,,,,,,,,,,,,,,,,,,,,,,,,,,,,,,,,,,,,,,,218.0,98.0,,,56.4,103.5,78.8,78.0,,,,,,12.0,122.5,16.8,19.8,2.2,,,,,,,,,,,,0.34,60.0,3.3,8.5,1.2,5.8,1.8,0.7,2.3,0.4,2.9,0.6,1.8,,1.8,0.3,0.7,0.18,,,,,,,,,1.5,,0.3,0.1,,,,,,,,,,,,,,,,,,,,,,,,,,
Superior,"THE CHARACTERISTICS AND ORIGIN OF THE BIG LAKE MAFIC-ULTRAMAFIC-HOSTED VOLCANOGENIC MASSIVE SULFIDE OCCURRENCE, MARATHON, ONTARIO, CANADA",36-K,BASALT,48.6,-86.1,2500.0,ARCHEAN,3850.0,2688.0,2719.0,2750.0,0.471805334,"THE CHARACTERISTICS AND ORIGIN OF THE BIG LAKE MAFIC-ULTRAMAFIC-HOSTED VOLCANOGENIC MASSIVE SULFIDE OCCURRENCE, MARATHON, ONTARIO, CANADA",ARCHEAN CRATON (INCLUDING GREENSTONE BELTS),Superior,,48.6,48.6,-86.1,-86.1,,,,36-K,BASALT,2500000000.0,3850000000.0,PALEO,,,,,BASALT,,,,,WR,47.47,0.86,,14.04,,,,12.52,8.73,7.62,0.21,,1.01,3.43,0.06,,,,,,,,,,,,,,,,,,,,,,,,,,,,,,,,,,,,,,,,,,,,41.3,,319.0,164.0,,,52.5,94.0,27.0,75.0,,,,,,15.0,442.0,20.77,42.0,2.24,,,,,,,,,,,,0.767,394.0,3.21,9.8,1.16,5.8,1.83,0.713,2.43,0.448,3.0,0.69,2.03,,2.137,0.324,1.13,0.1,,,,,,,,,5.4,,0.28,0.13,,,,,,,,,,,,,,,,,,,,,,,,,,
Superior,"THE CHARACTERISTICS AND ORIGIN OF THE BIG LAKE MAFIC-ULTRAMAFIC-HOSTED VOLCANOGENIC MASSIVE SULFIDE OCCURRENCE, MARATHON, ONTARIO, CANADA",39-K,BASALT,48.6,-86.1,2500.0,ARCHEAN,3850.0,2688.0,2719.0,2750.0,0.988341749,"THE CHARACTERISTICS AND ORIGIN OF THE BIG LAKE MAFIC-ULTRAMAFIC-HOSTED VOLCANOGENIC MASSIVE SULFIDE OCCURRENCE, MARATHON, ONTARIO, CANADA",ARCHEAN CRATON (INCLUDING GREENSTONE BELTS),Superior,,48.6,48.6,-86.1,-86.1,,,,39-K,BASALT,2500000000.0,3850000000.0,PALEO,,,,,BASALT,,,,,WR,47.1,1.0,,6.45,,,,12.81,9.42,16.72,0.27,,2.15,0.32,0.07,,,,,,,,,,,,,,,,,,,,,,,,,,,,,,,,,,,,,,,,,,,,28.9,,238.0,2207.0,,,85.2,715.0,62.0,91.0,,,,,,16.0,133.0,13.12,54.0,3.63,,,,,,,,,,,,5.317,622.7,3.89,12.5,1.65,8.36,2.37,0.793,2.66,0.42,2.5,0.488,1.26,,1.112,0.167,1.44,0.3,,,,,,,,,5.5,,0.35,0.1,,,,,,,,,,,,,,,,,,,,,,,,,,
Superior,"THE CHARACTERISTICS AND ORIGIN OF THE BIG LAKE MAFIC-ULTRAMAFIC-HOSTED VOLCANOGENIC MASSIVE SULFIDE OCCURRENCE, MARATHON, ONTARIO, CANADA",41-K,BASALT,48.6,-86.1,2500.0,ARCHEAN,3850.0,2688.0,2719.0,2750.0,0.087488778,"THE CHARACTERISTICS AND ORIGIN OF THE BIG LAKE MAFIC-ULTRAMAFIC-HOSTED VOLCANOGENIC MASSIVE SULFIDE OCCURRENCE, MARATHON, ONTARIO, CANADA",ARCHEAN CRATON (INCLUDING GREENSTONE BELTS),Superior,,48.6,48.6,-86.1,-86.1,,,,41-K,BASALT,2500000000.0,3850000000.0,PALEO,,,,,BASALT,,,,,WR,49.11,1.37,,4.17,,,,14.32,12.52,13.81,0.22,,1.27,0.37,0.05,,,,,,,,,,,,,,,,,,,,,,,,,,,,,,,,,,,,,,,,,,,,95.1,,409.0,414.0,,,75.8,423.0,16.0,81.0,,,,,,8.0,133.0,15.57,42.0,6.45,,,,,,,,,,,,3.817,247.9,6.01,17.3,2.42,12.01,3.26,1.319,3.5,0.561,3.2,0.597,1.41,,1.184,0.161,1.38,0.4,,,,,,,,,6.1,,0.51,0.14,,,,,,,,,,,,,,,,,,,,,,,,,,
Superior,"THE CHARACTERISTICS AND ORIGIN OF THE BIG LAKE MAFIC-ULTRAMAFIC-HOSTED VOLCANOGENIC MASSIVE SULFIDE OCCURRENCE, MARATHON, ONTARIO, CANADA",52-K,BASALT,48.6,-86.1,2500.0,ARCHEAN,3850.0,2688.0,2719.0,2750.0,0.004542761,"THE CHARACTERISTICS AND ORIGIN OF THE BIG LAKE MAFIC-ULTRAMAFIC-HOSTED VOLCANOGENIC MASSIVE SULFIDE OCCURRENCE, MARATHON, ONTARIO, CANADA",ARCHEAN CRATON (INCLUDING GREENSTONE BELTS),Superior,,48.6,48.6,-86.1,-86.1,,,,52-K,BASALT,2500000000.0,3850000000.0,PALEO,,,,,BASALT,,,,,WR,46.8,1.14,,6.83,,,,13.21,11.1,13.55,0.24,,1.56,1.14,0.04,,,,,,,,,,,,,,,,,,,,,,,,,,,,,,,,,,,,,,,,,,,,27.7,,226.0,1656.0,,,76.5,661.0,35.0,126.0,,,,,,61.0,277.0,14.84,60.0,4.83,,,,,,,,,,,,7.22,377.8,4.21,12.4,1.84,9.21,2.78,0.964,2.89,0.464,2.8,0.532,1.39,,1.237,0.187,1.59,0.3,,,,,,,,,17.3,,0.4,0.11,,,,,,,,,,,,,,,,,,,,,,,,,,
Superior,"THE CHARACTERISTICS AND ORIGIN OF THE BIG LAKE MAFIC-ULTRAMAFIC-HOSTED VOLCANOGENIC MASSIVE SULFIDE OCCURRENCE, MARATHON, ONTARIO, CANADA",546702,BASALT,48.6,-86.1,2500.0,ARCHEAN,3850.0,2688.0,2719.0,2750.0,0.019185377,"THE CHARACTERISTICS AND ORIGIN OF THE BIG LAKE MAFIC-ULTRAMAFIC-HOSTED VOLCANOGENIC MASSIVE SULFIDE OCCURRENCE, MARATHON, ONTARIO, CANADA",ARCHEAN CRATON (INCLUDING GREENSTONE BELTS),Superior,,48.6,48.6,-86.1,-86.1,,,,546702,BASALT,2500000000.0,3850000000.0,PALEO,,,,,BASALT,,,,,WR,47.72,1.66,,10.24,,,,14.02,11.57,8.4,0.37,,0.83,2.12,0.1,,,,,,,,,,,,,,,,,,,,,,,,,,,,,,,,,,,,,,,,,,,,,,316.0,764.0,,,68.9,276.0,14.9,109.0,,,,,,2.4,1440.0,19.4,35.8,7.4,,,,,,,,,,,,0.07,1150.0,7.1,19.3,2.9,13.6,3.9,1.3,4.1,0.7,3.9,0.8,2.1,,1.8,0.3,1.4,0.47,,,,,,,,,4.1,,0.5,0.1,,,,,,,,,,,,,,,,,,,,,,,,,,
Superior,"THE CHARACTERISTICS AND ORIGIN OF THE BIG LAKE MAFIC-ULTRAMAFIC-HOSTED VOLCANOGENIC MASSIVE SULFIDE OCCURRENCE, MARATHON, ONTARIO, CANADA",546675,BASALT,48.6,-86.1,2500.0,ARCHEAN,3850.0,2688.0,2719.0,2750.0,0.008482034,"THE CHARACTERISTICS AND ORIGIN OF THE BIG LAKE MAFIC-ULTRAMAFIC-HOSTED VOLCANOGENIC MASSIVE SULFIDE OCCURRENCE, MARATHON, ONTARIO, CANADA",ARCHEAN CRATON (INCLUDING GREENSTONE BELTS),Superior,,48.6,48.6,-86.1,-86.1,,,,546675,BASALT,2500000000.0,3850000000.0,PALEO,,,,,BASALT,,,,,WR,49.46,0.7,,12.49,,,,10.62,9.89,10.56,0.17,,0.72,2.14,0.06,,,,,,,,,,,,,,,,,,,,,,,,,,,,,,,,,,,,,,,,,,,,,,230.0,412.0,,,59.0,194.0,259.0,64.0,,,,,,,143.0,19.2,15.7,2.3,,,,,,,,,,,,0.41,260.0,3.2,8.53,,,,,,,,,,,,,0.6,0.15,,,,,,,,,2.6,,0.3,0.1,,,,,,,,,,,,,,,,,,,,,,,,,,
Superior,"THE CHARACTERISTICS AND ORIGIN OF THE BIG LAKE MAFIC-ULTRAMAFIC-HOSTED VOLCANOGENIC MASSIVE SULFIDE OCCURRENCE, MARATHON, ONTARIO, CANADA",546676,BASALT,48.6,-86.1,2500.0,ARCHEAN,3850.0,2688.0,2719.0,2750.0,0.247857079,"THE CHARACTERISTICS AND ORIGIN OF THE BIG LAKE MAFIC-ULTRAMAFIC-HOSTED VOLCANOGENIC MASSIVE SULFIDE OCCURRENCE, MARATHON, ONTARIO, CANADA",ARCHEAN CRATON (INCLUDING GREENSTONE BELTS),Superior,,48.6,48.6,-86.1,-86.1,,,,546676,BASALT,2500000000.0,3850000000.0,PALEO,,,,,BASALT,,,,,WR,47.92,0.85,,15.53,,,,10.65,9.58,8.24,0.19,,1.84,1.78,0.06,,,,,,,,,,,,,,,,,,,,,,,,,,,,,,,,,,,,,,,,,,,,,,253.0,242.0,,,50.8,141.5,131.0,101.0,,,,,,,163.5,17.8,11.9,1.9,,,,,,,,,,,,1.41,520.0,3.1,8.07,,,,,,,,,,,,,0.5,0.13,,,,,,,,,1.7,,0.3,0.1,,,,,,,,,,,,,,,,,,,,,,,,,,
Superior,"THE CHARACTERISTICS AND ORIGIN OF THE BIG LAKE MAFIC-ULTRAMAFIC-HOSTED VOLCANOGENIC MASSIVE SULFIDE OCCURRENCE, MARATHON, ONTARIO, CANADA",546677,BASALT,48.6,-86.1,2500.0,ARCHEAN,3850.0,2688.0,2719.0,2750.0,0.82285893,"THE CHARACTERISTICS AND ORIGIN OF THE BIG LAKE MAFIC-ULTRAMAFIC-HOSTED VOLCANOGENIC MASSIVE SULFIDE OCCURRENCE, MARATHON, ONTARIO, CANADA",ARCHEAN CRATON (INCLUDING GREENSTONE BELTS),Superior,,48.6,48.6,-86.1,-86.1,,,,546677,BASALT,2500000000.0,3850000000.0,PALEO,,,,,BASALT,,,,,WR,45.69,1.73,,7.97,,,,16.56,8.67,13.7,0.27,,0.11,0.91,0.1,,,,,,,,,,,,,,,,,,,,,,,,,,,,,,,,,,,,,,,,,,,,,,293.0,1080.0,,,111.0,879.0,228.0,126.0,,,,,,,74.3,15.8,65.0,8.6,,,,,,,,,,,,0.45,60.0,8.5,21.8,,,,,,,,,,,,,2.0,0.52,,,,,,,,,4.5,,0.7,0.2,,,,,,,,,,,,,,,,,,,,,,,,,,
Superior,"THE CHARACTERISTICS AND ORIGIN OF THE BIG LAKE MAFIC-ULTRAMAFIC-HOSTED VOLCANOGENIC MASSIVE SULFIDE OCCURRENCE, MARATHON, ONTARIO, CANADA",546732,BASALT,48.6,-86.1,2500.0,ARCHEAN,3850.0,2688.0,2719.0,2750.0,0.011666193,"THE CHARACTERISTICS AND ORIGIN OF THE BIG LAKE MAFIC-ULTRAMAFIC-HOSTED VOLCANOGENIC MASSIVE SULFIDE OCCURRENCE, MARATHON, ONTARIO, CANADA",ARCHEAN CRATON (INCLUDING GREENSTONE BELTS),Superior,,48.6,48.6,-86.1,-86.1,,,,546732,BASALT,2500000000.0,3850000000.0,PALEO,,,,,BASALT,,,,,WR,48.26,0.72,,14.32,,,,11.74,10.21,7.6,0.18,,0.37,2.6,0.06,,,,,,,,,,,,,,,,,,,,,,,,,,,,,,,,,,,,,,,,,,,,,,236.0,99.0,,,51.0,104.0,87.3,78.0,,,,,,,143.0,17.9,21.1,2.1,,,,,,,,,,,,0.23,90.0,3.5,8.59,1.2,5.7,1.8,0.7,2.3,0.4,2.8,0.7,1.9,,1.8,0.2,0.9,0.16,,,,,,,,,1.6,,0.3,0.1,,,,,,,,,,,,,,,,,,,,,,,,,,
Superior,"THE CHARACTERISTICS AND ORIGIN OF THE BIG LAKE MAFIC-ULTRAMAFIC-HOSTED VOLCANOGENIC MASSIVE SULFIDE OCCURRENCE, MARATHON, ONTARIO, CANADA",546733,BASALT,48.6,-86.1,2500.0,ARCHEAN,3850.0,2688.0,2719.0,2750.0,0.788562179,"THE CHARACTERISTICS AND ORIGIN OF THE BIG LAKE MAFIC-ULTRAMAFIC-HOSTED VOLCANOGENIC MASSIVE SULFIDE OCCURRENCE, MARATHON, ONTARIO, CANADA",ARCHEAN CRATON (INCLUDING GREENSTONE BELTS),Superior,,48.6,48.6,-86.1,-86.1,,,,546733,BASALT,2500000000.0,3850000000.0,PALEO,,,,,BASALT,,,,,WR,48.92,0.69,,13.28,,,,10.78,9.13,9.43,0.22,,0.65,2.54,0.05,,,,,,,,,,,,,,,,,,,,,,,,,,,,,,,,,,,,,,,,,,,,,,232.0,103.0,,,53.8,119.0,116.0,78.0,,,,,,,158.0,16.0,11.3,1.8,,,,,,,,,,,,0.86,330.0,2.6,7.1,1.0,4.9,1.5,0.5,2.0,0.3,2.6,0.6,1.7,,1.6,0.2,0.5,0.14,,,,,,,,,2.5,,0.2,0.1,,,,,,,,,,,,,,,,,,,,,,,,,,
Superior,"THE CHARACTERISTICS AND ORIGIN OF THE BIG LAKE MAFIC-ULTRAMAFIC-HOSTED VOLCANOGENIC MASSIVE SULFIDE OCCURRENCE, MARATHON, ONTARIO, CANADA",546736,BASALT,48.6,-86.1,2500.0,ARCHEAN,3850.0,2688.0,2719.0,2750.0,0.809942901,"THE CHARACTERISTICS AND ORIGIN OF THE BIG LAKE MAFIC-ULTRAMAFIC-HOSTED VOLCANOGENIC MASSIVE SULFIDE OCCURRENCE, MARATHON, ONTARIO, CANADA",ARCHEAN CRATON (INCLUDING GREENSTONE BELTS),Superior,,48.6,48.6,-86.1,-86.1,,,,546736,BASALT,2500000000.0,3850000000.0,PALEO,,,,,BASALT,,,,,WR,46.51,0.88,,15.66,,,,12.25,12.23,6.45,0.29,,0.39,2.31,0.06,,,,,,,,,,,,,,,,,,,,,,,,,,,,,,,,,,,,,,,,,,,,,,279.0,86.0,,,61.5,111.5,166.5,113.0,,,,,,,201.0,18.7,10.0,2.4,,,,,,,,,,,,0.28,90.0,3.9,10.0,1.4,6.6,2.0,0.8,2.6,0.4,3.0,0.7,1.9,,1.7,0.2,0.6,0.18,,,,,,,,,3.4,,0.4,0.1,,,,,,,,,,,,,,,,,,,,,,,,,,
Superior,"THE CHARACTERISTICS AND ORIGIN OF THE BIG LAKE MAFIC-ULTRAMAFIC-HOSTED VOLCANOGENIC MASSIVE SULFIDE OCCURRENCE, MARATHON, ONTARIO, CANADA",546738,BASALT,48.6,-86.1,2500.0,ARCHEAN,3850.0,2688.0,2719.0,2750.0,0.208239153,"THE CHARACTERISTICS AND ORIGIN OF THE BIG LAKE MAFIC-ULTRAMAFIC-HOSTED VOLCANOGENIC MASSIVE SULFIDE OCCURRENCE, MARATHON, ONTARIO, CANADA",ARCHEAN CRATON (INCLUDING GREENSTONE BELTS),Superior,,48.6,48.6,-86.1,-86.1,,,,546738,BASALT,2500000000.0,3850000000.0,PALEO,,,,,BASALT,,,,,WR,48.19,0.68,,15.04,,,,18.77,10.73,8.48,0.18,,0.41,2.49,0.06,,,,,,,,,,,,,,,,,,,,,,,,,,,,,,,,,,,,,,,,,,,,,,227.0,133.0,,,50.1,117.5,87.8,81.0,,,,,,,157.5,17.7,8.4,1.9,,,,,,,,,,,,0.3,80.0,3.2,8.49,1.2,5.7,1.7,0.6,2.3,0.4,2.8,0.7,1.8,,1.7,0.2,0.4,0.16,,,,,,,,,2.0,,0.3,0.1,,,,,,,,,,,,,,,,,,,,,,,,,,
Superior,"THE CHARACTERISTICS AND ORIGIN OF THE BIG LAKE MAFIC-ULTRAMAFIC-HOSTED VOLCANOGENIC MASSIVE SULFIDE OCCURRENCE, MARATHON, ONTARIO, CANADA",546748,BASALT,48.6,-86.1,2500.0,ARCHEAN,3850.0,2688.0,2719.0,2750.0,0.870741963,"THE CHARACTERISTICS AND ORIGIN OF THE BIG LAKE MAFIC-ULTRAMAFIC-HOSTED VOLCANOGENIC MASSIVE SULFIDE OCCURRENCE, MARATHON, ONTARIO, CANADA",ARCHEAN CRATON (INCLUDING GREENSTONE BELTS),Superior,,48.6,48.6,-86.1,-86.1,,,,546748,BASALT,2500000000.0,3850000000.0,PALEO,,,,,BASALT,,,,,WR,47.74,0.69,,13.99,,,,12.08,11.37,8.22,0.2,,0.28,2.31,0.07,,,,,,,,,,,,,,,,,,,,,,,,,,,,,,,,,,,,,,,,,,,,,,223.0,114.0,,,54.6,114.0,193.5,102.0,,,,,,,104.5,16.9,18.2,2.1,,,,,,,,,,,,0.14,60.0,3.5,8.92,1.3,6.2,1.9,0.7,2.3,0.4,2.9,0.7,1.9,,1.8,0.3,0.8,0.15,,,,,,,,,3.4,,0.3,0.1,,,,,,,,,,,,,,,,,,,,,,,,,,
Superior,"THE CHARACTERISTICS AND ORIGIN OF THE BIG LAKE MAFIC-ULTRAMAFIC-HOSTED VOLCANOGENIC MASSIVE SULFIDE OCCURRENCE, MARATHON, ONTARIO, CANADA",546749,BASALT,48.6,-86.1,2500.0,ARCHEAN,3850.0,2688.0,2719.0,2750.0,0.344263256,"THE CHARACTERISTICS AND ORIGIN OF THE BIG LAKE MAFIC-ULTRAMAFIC-HOSTED VOLCANOGENIC MASSIVE SULFIDE OCCURRENCE, MARATHON, ONTARIO, CANADA",ARCHEAN CRATON (INCLUDING GREENSTONE BELTS),Superior,,48.6,48.6,-86.1,-86.1,,,,546749,BASALT,2500000000.0,3850000000.0,PALEO,,,,,BASALT,,,,,WR,47.44,0.82,,14.93,,,,16.19,13.81,6.58,0.23,,0.42,1.78,0.05,,,,,,,,,,,,,,,,,,,,,,,,,,,,,,,,,,,,,,,,,,,,,,258.0,75.0,,,47.0,81.5,77.1,68.0,,,,,,,189.5,18.5,17.3,2.2,,,,,,,,,,,,0.26,100.0,3.5,9.15,1.3,6.2,1.9,0.7,2.4,0.4,3.0,0.7,2.0,,1.9,0.3,0.8,0.16,,,,,,,,,6.2,,0.3,0.1,,,,,,,,,,,,,,,,,,,,,,,,,,
Superior,"THE CHARACTERISTICS AND ORIGIN OF THE BIG LAKE MAFIC-ULTRAMAFIC-HOSTED VOLCANOGENIC MASSIVE SULFIDE OCCURRENCE, MARATHON, ONTARIO, CANADA",626188,BASALT,48.6,-86.1,2500.0,ARCHEAN,3850.0,2688.0,2719.0,2750.0,0.131198332,"THE CHARACTERISTICS AND ORIGIN OF THE BIG LAKE MAFIC-ULTRAMAFIC-HOSTED VOLCANOGENIC MASSIVE SULFIDE OCCURRENCE, MARATHON, ONTARIO, CANADA",ARCHEAN CRATON (INCLUDING GREENSTONE BELTS),Superior,,48.6,48.6,-86.1,-86.1,,,,626188,BASALT,2500000000.0,3850000000.0,PALEO,,,,,BASALT,,,,,WR,49.43,1.44,,13.71,,,,15.66,8.07,4.2,0.24,,0.39,3.84,0.11,,,,,,,,,,,,,,,,,,,,,,,,,,,,,,,,,,,,,,,,,,,,,,409.0,51.0,,,54.0,53.0,337.0,125.0,,,,,,,277.0,27.2,90.0,3.0,,,,,,,,,,,,,100.0,6.3,15.2,2.2,10.4,3.0,1.0,3.9,0.7,4.6,1.1,3.1,,3.0,0.5,,,,,,,,,,,17.0,,1.0,0.25,,,,,,,,,,,,,,,,,,,,,,,,,,
Superior,"THE CHARACTERISTICS AND ORIGIN OF THE BIG LAKE MAFIC-ULTRAMAFIC-HOSTED VOLCANOGENIC MASSIVE SULFIDE OCCURRENCE, MARATHON, ONTARIO, CANADA",626189,BASALT,48.6,-86.1,2500.0,ARCHEAN,3850.0,2688.0,2719.0,2750.0,0.475318432,"THE CHARACTERISTICS AND ORIGIN OF THE BIG LAKE MAFIC-ULTRAMAFIC-HOSTED VOLCANOGENIC MASSIVE SULFIDE OCCURRENCE, MARATHON, ONTARIO, CANADA",ARCHEAN CRATON (INCLUDING GREENSTONE BELTS),Superior,,48.6,48.6,-86.1,-86.1,,,,626189,BASALT,2500000000.0,3850000000.0,PALEO,,,,,BASALT,,,,,WR,49.74,0.86,,14.37,,,,12.56,9.63,7.03,0.24,,0.61,2.23,0.08,,,,,,,,,,,,,,,,,,,,,,,,,,,,,,,,,,,,,,,,,,,,,,266.0,66.0,,,50.0,74.0,133.0,102.0,,,,,,,145.0,21.1,61.0,2.0,,,,,,,,,,,,,90.0,4.1,10.2,1.5,7.1,2.0,0.8,2.7,0.5,3.5,0.8,2.4,,2.2,0.4,,,,,,,,,,,4.0,,0.5,0.25,,,,,,,,,,,,,,,,,,,,,,,,,,
Superior,"THE CHARACTERISTICS AND ORIGIN OF THE BIG LAKE MAFIC-ULTRAMAFIC-HOSTED VOLCANOGENIC MASSIVE SULFIDE OCCURRENCE, MARATHON, ONTARIO, CANADA",626192,BASALT,48.6,-86.1,2500.0,ARCHEAN,3850.0,2688.0,2719.0,2750.0,0.982124269,"THE CHARACTERISTICS AND ORIGIN OF THE BIG LAKE MAFIC-ULTRAMAFIC-HOSTED VOLCANOGENIC MASSIVE SULFIDE OCCURRENCE, MARATHON, ONTARIO, CANADA",ARCHEAN CRATON (INCLUDING GREENSTONE BELTS),Superior,,48.6,48.6,-86.1,-86.1,,,,626192,BASALT,2500000000.0,3850000000.0,PALEO,,,,,BASALT,,,,,WR,48.47,0.76,,13.88,,,,11.94,10.11,8.23,0.22,,0.94,1.92,0.05,,,,,,,,,,,,,,,,,,,,,,,,,,,,,,,,,,,,,,,,,,,,,,244.0,86.0,,,50.0,92.0,121.0,93.0,,,,,,,264.0,20.0,52.0,1.0,,,,,,,,,,,,,120.0,4.1,9.7,1.4,6.6,2.0,0.8,2.6,0.5,3.3,0.8,2.2,,2.1,0.3,,,,,,,,,,,12.0,,0.5,0.25,,,,,,,,,,,,,,,,,,,,,,,,,,
Superior,"THE CHARACTERISTICS AND ORIGIN OF THE BIG LAKE MAFIC-ULTRAMAFIC-HOSTED VOLCANOGENIC MASSIVE SULFIDE OCCURRENCE, MARATHON, ONTARIO, CANADA",626477,BASALT,48.6,-86.1,2500.0,ARCHEAN,3850.0,2688.0,2719.0,2750.0,0.99934572,"THE CHARACTERISTICS AND ORIGIN OF THE BIG LAKE MAFIC-ULTRAMAFIC-HOSTED VOLCANOGENIC MASSIVE SULFIDE OCCURRENCE, MARATHON, ONTARIO, CANADA",ARCHEAN CRATON (INCLUDING GREENSTONE BELTS),Superior,,48.6,48.6,-86.1,-86.1,,,,626477,BASALT,2500000000.0,3850000000.0,PALEO,,,,,BASALT,,,,,WR,49.03,1.95,,9.3,,,,14.15,9.08,9.62,0.25,,0.34,2.54,0.11,,,,,,,,,,,,,,,,,,,,,,,,,,,,,,,,,,,,,,,,,,,,,,396.0,850.0,,,74.3,250.0,262.0,114.0,,,,,,,143.0,20.8,76.9,8.6,,,,,,,,,,,,1.81,230.0,8.3,22.6,,,,,,,,,,,,,2.8,0.57,,,,,,,,,2.6,,0.8,0.2,,,,,,,,,,,,,,,,,,,,,,,,,,
Superior,"THE CHARACTERISTICS AND ORIGIN OF THE BIG LAKE MAFIC-ULTRAMAFIC-HOSTED VOLCANOGENIC MASSIVE SULFIDE OCCURRENCE, MARATHON, ONTARIO, CANADA",645651,BASALT,48.6,-86.1,2500.0,ARCHEAN,3850.0,2688.0,2719.0,2750.0,0.000210751,"THE CHARACTERISTICS AND ORIGIN OF THE BIG LAKE MAFIC-ULTRAMAFIC-HOSTED VOLCANOGENIC MASSIVE SULFIDE OCCURRENCE, MARATHON, ONTARIO, CANADA",ARCHEAN CRATON (INCLUDING GREENSTONE BELTS),Superior,,48.6,48.6,-86.1,-86.1,,,,645651,BASALT,2500000000.0,3850000000.0,PALEO,,,,,BASALT,,,,,WR,49.45,1.1,,13.51,,,,11.32,8.98,6.77,0.18,,0.25,3.76,0.11,,,,,,,,,,,,,,,,,,,,,,,,,,,,,,,,,,,,,,,,,,,,,,264.0,139.0,,,40.1,75.5,100.5,80.0,,,,,,,174.5,28.4,47.6,3.8,,,,,,,,,,,,0.18,50.0,6.6,16.4,2.3,10.8,3.3,1.2,3.9,0.7,4.9,1.1,3.2,,3.0,0.5,1.7,0.26,,,,,,,,,42.7,,0.7,0.1,,,,,,,,,,,,,,,,,,,,,,,,,,
Superior,"THE CHARACTERISTICS AND ORIGIN OF THE BIG LAKE MAFIC-ULTRAMAFIC-HOSTED VOLCANOGENIC MASSIVE SULFIDE OCCURRENCE, MARATHON, ONTARIO, CANADA",645656,BASALT,48.6,-86.1,2500.0,ARCHEAN,3850.0,2688.0,2719.0,2750.0,0.009477303,"THE CHARACTERISTICS AND ORIGIN OF THE BIG LAKE MAFIC-ULTRAMAFIC-HOSTED VOLCANOGENIC MASSIVE SULFIDE OCCURRENCE, MARATHON, ONTARIO, CANADA",ARCHEAN CRATON (INCLUDING GREENSTONE BELTS),Superior,,48.6,48.6,-86.1,-86.1,,,,645656,BASALT,2500000000.0,3850000000.0,PALEO,,,,,BASALT,,,,,WR,48.1,0.67,,15.78,,,,15.49,12.64,6.92,0.22,,0.39,2.55,0.05,,,,,,,,,,,,,,,,,,,,,,,,,,,,,,,,,,,,,,,,,,,,,,217.0,49.0,,,46.1,79.6,40.0,56.0,,,,,,,202.0,16.5,11.8,2.1,,,,,,,,,,,,0.25,110.0,2.9,7.52,1.1,5.2,1.6,0.7,2.1,0.4,2.7,0.6,1.8,,1.7,0.3,0.5,0.18,,,,,,,,,5.7,,0.3,0.1,,,,,,,,,,,,,,,,,,,,,,,,,,
Superior,"THE CHARACTERISTICS AND ORIGIN OF THE BIG LAKE MAFIC-ULTRAMAFIC-HOSTED VOLCANOGENIC MASSIVE SULFIDE OCCURRENCE, MARATHON, ONTARIO, CANADA",645660,BASALT,48.6,-86.1,2500.0,ARCHEAN,3850.0,2688.0,2719.0,2750.0,0.568744302,"THE CHARACTERISTICS AND ORIGIN OF THE BIG LAKE MAFIC-ULTRAMAFIC-HOSTED VOLCANOGENIC MASSIVE SULFIDE OCCURRENCE, MARATHON, ONTARIO, CANADA",ARCHEAN CRATON (INCLUDING GREENSTONE BELTS),Superior,,48.6,48.6,-86.1,-86.1,,,,645660,BASALT,2500000000.0,3850000000.0,PALEO,,,,,BASALT,,,,,WR,47.95,0.77,,14.47,,,,11.77,10.61,7.47,0.2,,0.52,2.14,0.07,,,,,,,,,,,,,,,,,,,,,,,,,,,,,,,,,,,,,,,,,,,,,,223.0,112.0,,,55.6,107.0,139.0,73.0,,,,,,,132.0,16.9,17.0,2.3,,,,,,,,,,,,0.29,100.0,3.7,9.3,1.4,6.6,2.0,0.7,2.5,0.5,3.0,0.7,2.0,,1.9,0.3,0.7,0.2,,,,,,,,,1.1,,0.3,0.1,,,,,,,,,,,,,,,,,,,,,,,,,,
Superior,"THE CHARACTERISTICS AND ORIGIN OF THE BIG LAKE MAFIC-ULTRAMAFIC-HOSTED VOLCANOGENIC MASSIVE SULFIDE OCCURRENCE, MARATHON, ONTARIO, CANADA",645666,BASALT,48.6,-86.1,2500.0,ARCHEAN,3850.0,2688.0,2719.0,2750.0,0.421229511,"THE CHARACTERISTICS AND ORIGIN OF THE BIG LAKE MAFIC-ULTRAMAFIC-HOSTED VOLCANOGENIC MASSIVE SULFIDE OCCURRENCE, MARATHON, ONTARIO, CANADA",ARCHEAN CRATON (INCLUDING GREENSTONE BELTS),Superior,,48.6,48.6,-86.1,-86.1,,,,645666,BASALT,2500000000.0,3850000000.0,PALEO,,,,,BASALT,,,,,WR,48.53,0.85,,14.69,,,,12.06,7.96,8.6,0.2,,1.05,2.79,0.07,,,,,,,,,,,,,,,,,,,,,,,,,,,,,,,,,,,,,,,,,,,,,,237.0,72.0,,,49.5,85.6,77.3,66.0,,,,,,,357.0,16.5,31.9,2.4,,,,,,,,,,,,0.85,460.0,3.7,9.37,1.4,6.7,2.0,0.8,2.5,0.5,3.0,0.7,2.0,,1.9,0.3,1.1,0.19,,,,,,,,,6.9,,0.3,0.1,,,,,,,,,,,,,,,,,,,,,,,,,,
Superior,"THE CHARACTERISTICS AND ORIGIN OF THE BIG LAKE MAFIC-ULTRAMAFIC-HOSTED VOLCANOGENIC MASSIVE SULFIDE OCCURRENCE, MARATHON, ONTARIO, CANADA",23-L,BASALT,48.6,-86.1,2500.0,ARCHEAN,3850.0,2688.0,2719.0,2750.0,0.805756211,"THE CHARACTERISTICS AND ORIGIN OF THE BIG LAKE MAFIC-ULTRAMAFIC-HOSTED VOLCANOGENIC MASSIVE SULFIDE OCCURRENCE, MARATHON, ONTARIO, CANADA",ARCHEAN CRATON (INCLUDING GREENSTONE BELTS),Superior,,48.6,48.6,-86.1,-86.1,,,,23-L,BASALT,2500000000.0,3850000000.0,PALEO,,,,,BASALT,,,,,WR,47.46,1.03,,15.65,,,,14.11,6.82,6.07,0.48,,1.78,2.44,0.08,,,,,,,,,,,,,,,,,,,,,,,,,,,,,,,,,,,,,,,,,,,,43.8,,373.0,73.0,,,50.3,46.0,104.0,1280.0,,,,,,,120.0,22.19,57.0,2.44,,,,,,,,,,,,0.822,615.7,3.65,11.3,1.43,7.4,2.31,0.81,2.77,0.524,3.6,0.789,2.26,,2.305,0.375,1.61,0.2,,,,,,,,,38.8,,0.34,0.1,,,,,,,,,,,,,,,,,,,,,,,,,,
Superior,"THE CHARACTERISTICS AND ORIGIN OF THE BIG LAKE MAFIC-ULTRAMAFIC-HOSTED VOLCANOGENIC MASSIVE SULFIDE OCCURRENCE, MARATHON, ONTARIO, CANADA",30-L,BASALT,48.6,-86.1,2500.0,ARCHEAN,3850.0,2688.0,2719.0,2750.0,0.169122711,"THE CHARACTERISTICS AND ORIGIN OF THE BIG LAKE MAFIC-ULTRAMAFIC-HOSTED VOLCANOGENIC MASSIVE SULFIDE OCCURRENCE, MARATHON, ONTARIO, CANADA",ARCHEAN CRATON (INCLUDING GREENSTONE BELTS),Superior,,48.6,48.6,-86.1,-86.1,,,,30-L,BASALT,2500000000.0,3850000000.0,PALEO,,,,,BASALT,,,,,WR,48.06,1.5,,12.75,,,,16.5,8.83,4.69,0.47,,0.47,2.97,0.13,,,,,,,,,,,,,,,,,,,,,,,,,,,,,,,,,,,,,,,,,,,,43.9,,467.0,68.0,,,56.4,32.0,220.0,1799.0,,,,,,,128.0,35.92,90.0,4.05,,,,,,,,,,,,0.256,235.8,6.69,19.4,2.5,12.48,3.7,1.608,4.72,0.835,5.8,1.258,3.58,,3.669,0.586,2.55,0.3,,,,,,,,,14.8,,0.56,0.15,,,,,,,,,,,,,,,,,,,,,,,,,,
Superior,"THE CHARACTERISTICS AND ORIGIN OF THE BIG LAKE MAFIC-ULTRAMAFIC-HOSTED VOLCANOGENIC MASSIVE SULFIDE OCCURRENCE, MARATHON, ONTARIO, CANADA",39-L,BASALT,48.6,-86.1,2500.0,ARCHEAN,3850.0,2688.0,2719.0,2750.0,0.007650089,"THE CHARACTERISTICS AND ORIGIN OF THE BIG LAKE MAFIC-ULTRAMAFIC-HOSTED VOLCANOGENIC MASSIVE SULFIDE OCCURRENCE, MARATHON, ONTARIO, CANADA",ARCHEAN CRATON (INCLUDING GREENSTONE BELTS),Superior,,48.6,48.6,-86.1,-86.1,,,,39-L,BASALT,2500000000.0,3850000000.0,PALEO,,,,,BASALT,,,,,WR,48.16,0.75,,12.64,,,,13.21,11.6,9.22,0.22,,0.28,2.38,0.07,,,,,,,,,,,,,,,,,,,,,,,,,,,,,,,,,,,,,,,,,,,,40.8,,256.0,1069.0,,,67.1,246.0,6.0,54.0,,,,,,,195.0,19.99,52.0,2.24,,,,,,,,,,,,0.096,41.7,3.71,10.9,1.36,6.98,2.08,0.764,2.6,0.469,3.2,0.713,1.99,,1.999,0.307,1.47,0.1,,,,,,,,,1.3,,0.26,0.18,,,,,,,,,,,,,,,,,,,,,,,,,,
Superior,"THE CHARACTERISTICS AND ORIGIN OF THE BIG LAKE MAFIC-ULTRAMAFIC-HOSTED VOLCANOGENIC MASSIVE SULFIDE OCCURRENCE, MARATHON, ONTARIO, CANADA",46-L,BASALT,48.6,-86.1,2500.0,ARCHEAN,3850.0,2688.0,2719.0,2750.0,0.8179456,"THE CHARACTERISTICS AND ORIGIN OF THE BIG LAKE MAFIC-ULTRAMAFIC-HOSTED VOLCANOGENIC MASSIVE SULFIDE OCCURRENCE, MARATHON, ONTARIO, CANADA",ARCHEAN CRATON (INCLUDING GREENSTONE BELTS),Superior,,48.6,48.6,-86.1,-86.1,,,,46-L,BASALT,2500000000.0,3850000000.0,PALEO,,,,,BASALT,,,,,WR,48.17,0.62,,10.95,,,,10.68,12.65,9.71,0.23,,0.54,2.58,0.06,,,,,,,,,,,,,,,,,,,,,,,,,,,,,,,,,,,,,,,,,,,,31.6,,242.0,916.0,,,59.4,245.0,30.0,76.0,,,,,,,215.0,16.86,44.0,1.92,,,,,,,,,,,,1.795,130.2,2.78,8.0,1.1,5.55,1.72,0.555,2.12,0.401,2.8,0.608,1.69,,1.77,0.273,1.23,0.1,,,,,,,,,4.0,,0.25,0.08,,,,,,,,,,,,,,,,,,,,,,,,,,
Superior,"THE CHARACTERISTICS AND ORIGIN OF THE BIG LAKE MAFIC-ULTRAMAFIC-HOSTED VOLCANOGENIC MASSIVE SULFIDE OCCURRENCE, MARATHON, ONTARIO, CANADA",50-L,BASALT,48.6,-86.1,2500.0,ARCHEAN,3850.0,2688.0,2719.0,2750.0,0.685960472,"THE CHARACTERISTICS AND ORIGIN OF THE BIG LAKE MAFIC-ULTRAMAFIC-HOSTED VOLCANOGENIC MASSIVE SULFIDE OCCURRENCE, MARATHON, ONTARIO, CANADA",ARCHEAN CRATON (INCLUDING GREENSTONE BELTS),Superior,,48.6,48.6,-86.1,-86.1,,,,50-L,BASALT,2500000000.0,3850000000.0,PALEO,,,,,BASALT,,,,,WR,47.08,2.17,,14.33,,,,18.24,7.7,2.64,0.32,,0.68,4.75,0.19,,,,,,,,,,,,,,,,,,,,,,,,,,,,,,,,,,,,,,,,,,,,9.5,,49.0,17.0,,,42.1,6.0,39.0,150.0,,,,,,,485.0,31.09,179.0,23.24,,,,,,,,,,,,0.347,298.0,22.28,54.7,7.22,33.24,7.44,2.502,7.17,1.095,6.0,1.135,2.95,,2.659,0.399,4.6,1.5,,,,,,,,,5.6,,2.16,0.54,,,,,,,,,,,,,,,,,,,,,,,,,,
Superior,"THE CHARACTERISTICS AND ORIGIN OF THE BIG LAKE MAFIC-ULTRAMAFIC-HOSTED VOLCANOGENIC MASSIVE SULFIDE OCCURRENCE, MARATHON, ONTARIO, CANADA",74-L,BASALT,48.6,-86.1,2500.0,ARCHEAN,3850.0,2688.0,2719.0,2750.0,0.000512285,"THE CHARACTERISTICS AND ORIGIN OF THE BIG LAKE MAFIC-ULTRAMAFIC-HOSTED VOLCANOGENIC MASSIVE SULFIDE OCCURRENCE, MARATHON, ONTARIO, CANADA",ARCHEAN CRATON (INCLUDING GREENSTONE BELTS),Superior,,48.6,48.6,-86.1,-86.1,,,,74-L,BASALT,2500000000.0,3850000000.0,PALEO,,,,,BASALT,,,,,WR,47.6,0.87,,15.41,,,,11.09,13.27,7.05,0.19,,0.31,2.46,0.07,,,,,,,,,,,,,,,,,,,,,,,,,,,,,,,,,,,,,,,,,,,,38.9,,263.0,374.0,,,52.1,153.0,103.0,83.0,,,,,,,158.0,19.21,49.0,2.05,,,,,,,,,,,,0.24,28.7,2.89,8.5,1.23,6.3,1.98,0.731,2.55,0.462,3.2,0.688,1.9,,1.931,0.307,1.35,0.1,,,,,,,,,2.8,,0.22,0.07,,,,,,,,,,,,,,,,,,,,,,,,,,
Abitibi,THE GEOCHEMISTRY AND EVOLUTION OF THE VOLCANIC ROCKS OF THE CHIBOUGAMAU REGION OF THE ABITIBI METAVOLCANIC BELT,2,BASALT,48.0,-78.0,2500.0,ARCHEAN,3850.0,2700.0,2705.0,2710.0,0.999260604,THE GEOCHEMISTRY AND EVOLUTION OF THE VOLCANIC ROCKS OF THE CHIBOUGAMAU REGION OF THE ABITIBI METAVOLCANIC BELT,ARCHEAN CRATON (INCLUDING GREENSTONE BELTS),Abitibi,,48.0,48.0,-78.0,-78.0,,,,2,BASALT,2500000000.0,3850000000.0,PALEO,,,,,BASALT,,,,,WR,49.73,1.24,,14.62,,,,12.64,8.2,7.39,,,0.13,2.62,0.11,,,,,,,,,,,,,,,,,,,,,,,,,,,,,,,,,,,,,,,,,,,,40.0,,,155.0,,,,68.0,,,,,,,,6.0,114.0,29.0,70.0,4.0,,,,,,,,,,,,,,3.2,11.6,,7.9,2.6,0.87,,0.67,,,,,2.85,0.42,2.4,0.5,,,,,,,,,,,0.3,,,,,,,,,,,,,,,,,,,,,,,,,,,
Abitibi,THE GEOCHEMISTRY AND EVOLUTION OF THE VOLCANIC ROCKS OF THE CHIBOUGAMAU REGION OF THE ABITIBI METAVOLCANIC BELT,1,ANDESITE,49.5017,-74.8967,2500.0,ARCHEAN,3850.0,2705.0,2712.5,2720.0,0.000504221,THE GEOCHEMISTRY AND EVOLUTION OF THE VOLCANIC ROCKS OF THE CHIBOUGAMAU REGION OF THE ABITIBI METAVOLCANIC BELT,ARCHEAN CRATON (INCLUDING GREENSTONE BELTS),Abitibi,,49.5017,49.5017,-74.8967,-74.8967,,,,1,ANDESITE,2500000000.0,3850000000.0,PALEO,,,,,ANDESITE,,,,,WR,53.35,1.24,,13.93,,,,12.56,7.06,6.96,,,0.08,2.2,0.2,,,,,,,,,,,,,,,,,,,,,,,,,,,,,,,,,,,,,,,,,,,,,,,,,,,,,,,,,,,1.0,105.0,21.0,37.0,2.0,,,,,,,,,,,,,,2.2,6.1,,6.2,1.7,0.71,,,,0.85,,,2.17,0.37,,,,,,,,,,,,,,,,,,,,,,,,,,,,,,,,,,,,,,,,
Abitibi,THE GEOCHEMISTRY AND EVOLUTION OF THE VOLCANIC ROCKS OF THE CHIBOUGAMAU REGION OF THE ABITIBI METAVOLCANIC BELT,2,BASALT,49.5017,-74.8967,2500.0,ARCHEAN,3850.0,2705.0,2712.5,2720.0,0.01139475,THE GEOCHEMISTRY AND EVOLUTION OF THE VOLCANIC ROCKS OF THE CHIBOUGAMAU REGION OF THE ABITIBI METAVOLCANIC BELT,ARCHEAN CRATON (INCLUDING GREENSTONE BELTS),Abitibi,,49.5017,49.5017,-74.8967,-74.8967,,,,2,BASALT,2500000000.0,3850000000.0,PALEO,,,,,BASALT,,,,,WR,52.87,1.75,,15.4,,,,11.6,7.6,5.51,,,0.01,4.51,0.18,,,,,,,,,,,,,,,,,,,,,,,,,,,,,,,,,,,,,,,,,,,,,,,,,,,,,,,,,,,1.0,365.0,34.0,109.0,4.0,,,,,,,,,,,,,,8.48,21.3,,14.7,2.1,1.37,,1.03,,1.34,,,4.09,0.62,,,,,,,,,,,,,,,,,,,,,,,,,,,,,,,,,,,,,,,,
Abitibi,THE GEOCHEMISTRY AND EVOLUTION OF THE VOLCANIC ROCKS OF THE CHIBOUGAMAU REGION OF THE ABITIBI METAVOLCANIC BELT,7,BASALT,49.5017,-74.8967,2500.0,ARCHEAN,3850.0,2705.0,2712.5,2720.0,0.002906807,THE GEOCHEMISTRY AND EVOLUTION OF THE VOLCANIC ROCKS OF THE CHIBOUGAMAU REGION OF THE ABITIBI METAVOLCANIC BELT,ARCHEAN CRATON (INCLUDING GREENSTONE BELTS),Abitibi,,49.5017,49.5017,-74.8967,-74.8967,,,,7,BASALT,2500000000.0,3850000000.0,PALEO,,,,,BASALT,,,,,WR,52.7,0.7,,17.9,,,,6.21,9.36,6.71,,,0.88,2.51,0.12,,,,,,,,,,,,,,,,,,,,,,,,,,,,,,,,,,,,,,,,,,,,20.0,,,117.0,,,,119.0,,,,,,,,19.0,263.0,14.0,87.0,8.0,,,,,,,,,,,,,,9.6,21.6,,12.1,2.4,0.83,,0.24,,0.29,,,1.1,0.13,1.8,0.4,,,,,,,,,,,0.6,,,,,,,,,,,,,,,,,,,,,,,,,,,
Superior,"THE GEOCHEMISTRY OF KOMATIITES AND BASALTS FROM THE DEADMAN HILL AREA, MUNRO TOWNSHIP, ONTARIO, CANADA",NFT4244,THOLEIITE,48.48,-81.33,2500.0,ARCHEAN,3850.0,2700.0,2720.0,2740.0,0.001707678,"THE GEOCHEMISTRY OF KOMATIITES AND BASALTS FROM THE DEADMAN HILL AREA, MUNRO TOWNSHIP, ONTARIO, CANADA",ARCHEAN CRATON (INCLUDING GREENSTONE BELTS),Superior,,48.48,48.48,-81.33,-81.33,,,,NFT4244,THOLEIITE,2500000000.0,3850000000.0,PALEO,,,,,THOLEIITE,,,,,WR,46.69,1.38,,11.87,,,,14.13,10.71,8.29,0.31,,0.09,3.13,0.12,,,,,,,,,,,,,,,,,,,,,,,,,,,,,,,,,,,,,,,,,,,,,,243.0,221.0,,,50.0,77.0,97.0,,,,,,,29.0,143.0,36.0,97.0,8.0,,,,,,,,,,,,,160.0,,,,,,,,,,,,,,,,,,,,,,,,,,,,,,,,,,,,,,,,,,,,,,,,,,,,,,
Superior,"THE GEOCHEMISTRY OF KOMATIITES AND BASALTS FROM THE DEADMAN HILL AREA, MUNRO TOWNSHIP, ONTARIO, CANADA",DC116,THOLEIITE,48.48,-81.33,2500.0,ARCHEAN,3850.0,2700.0,2720.0,2740.0,0.997084081,"THE GEOCHEMISTRY OF KOMATIITES AND BASALTS FROM THE DEADMAN HILL AREA, MUNRO TOWNSHIP, ONTARIO, CANADA",ARCHEAN CRATON (INCLUDING GREENSTONE BELTS),Superior,,48.48,48.48,-81.33,-81.33,,,,DC116,THOLEIITE,2500000000.0,3850000000.0,PALEO,,,,,THOLEIITE,,,,,WR,52.75,0.7,,14.79,,,,10.02,10.18,8.64,0.14,,0.23,2.27,0.08,,,,,,,,,,,,,,,,,,,,,,,,,,,,,,,,,,,,,,,,,,,,,,189.0,217.0,,,41.0,100.0,90.0,,,,,,,5.0,302.0,15.0,47.0,5.0,,,,,,,,,,,,,54.0,,,,,,,,,,,,,,,,,,,,,,,,,,,,,,,,,,,,,,,,,,,,,,,,,,,,,,
Superior,"THE GEOCHEMISTRY OF KOMATIITES AND BASALTS FROM THE DEADMAN HILL AREA, MUNRO TOWNSHIP, ONTARIO, CANADA",NFT5187,BASALT,48.48,-81.33,2500.0,ARCHEAN,3850.0,2700.0,2720.0,2740.0,0.999674082,"THE GEOCHEMISTRY OF KOMATIITES AND BASALTS FROM THE DEADMAN HILL AREA, MUNRO TOWNSHIP, ONTARIO, CANADA",ARCHEAN CRATON (INCLUDING GREENSTONE BELTS),Superior,,48.48,48.48,-81.33,-81.33,,,,NFT5187,BASALT,2500000000.0,3850000000.0,PALEO,,,,,BASALT,,,,,WR,50.36,0.56,,10.86,,,,11.57,7.46,15.75,0.2,,0.13,2.82,0.07,,,,,,,,,,,,,,,,,,,,,,,,,,,,,,,,,,,,,,,,,,,,,,165.0,1324.0,,,64.0,499.0,58.0,,,,,,,3.0,74.0,14.0,42.0,5.0,,,,,,,,,,,,,35.0,,,,,,,,,,,,,,,,,,,,,,,,,,,,,,,,,,,,,,,,,,,,,,,,,,,,,,
Superior,"THE GEOCHEMISTRY OF KOMATIITES AND BASALTS FROM THE DEADMAN HILL AREA, MUNRO TOWNSHIP, ONTARIO, CANADA",DC105,BASALT,48.48,-81.33,2500.0,ARCHEAN,3850.0,2700.0,2720.0,2740.0,0.991950512,"THE GEOCHEMISTRY OF KOMATIITES AND BASALTS FROM THE DEADMAN HILL AREA, MUNRO TOWNSHIP, ONTARIO, CANADA",ARCHEAN CRATON (INCLUDING GREENSTONE BELTS),Superior,,48.48,48.48,-81.33,-81.33,,,,DC105,BASALT,2500000000.0,3850000000.0,PALEO,,,,,BASALT,,,,,WR,46.5,0.62,,12.87,,,,13.72,7.85,15.03,0.27,,0.21,2.62,0.08,,,,,,,,,,,,,,,,,,,,,,,,,,,,,,,,,,,,,,,,,,,,,,177.0,1265.0,,,69.0,483.0,64.0,,,,,,,4.0,76.0,14.0,45.0,5.0,,,,,,,,,,,,,83.0,,,,,,,,,,,,,,,,,,,,,,,,,,,,,,,,,,,,,,,,,,,,,,,,,,,,,,
Superior,"THE GEOCHEMISTRY OF KOMATIITES AND BASALTS FROM THE DEADMAN HILL AREA, MUNRO TOWNSHIP, ONTARIO, CANADA",NFT5101,THOLEIITE,48.48,-81.33,2500.0,ARCHEAN,3850.0,2700.0,2720.0,2740.0,0.997101724,"THE GEOCHEMISTRY OF KOMATIITES AND BASALTS FROM THE DEADMAN HILL AREA, MUNRO TOWNSHIP, ONTARIO, CANADA",ARCHEAN CRATON (INCLUDING GREENSTONE BELTS),Superior,,48.48,48.48,-81.33,-81.33,,,,NFT5101,THOLEIITE,2500000000.0,3850000000.0,PALEO,,,,,THOLEIITE,,,,,WR,49.18,1.18,,14.95,,,,13.39,8.95,7.29,0.3,,1.32,3.03,0.14,,,,,,,,,,,,,,,,,,,,,,,,,,,,,,,,,,,,,,,,,,,,,,265.0,144.0,,,58.0,101.0,174.0,,,,,,,3.0,51.0,27.0,94.0,9.0,,,,,,,,,,,,,40.0,,,,,,,,,,,,,,,,,,,,,,,,,,,,,,,,,,,,,,,,,,,,,,,,,,,,,,
Superior,"THE GEOCHEMISTRY OF KOMATIITES AND BASALTS FROM THE DEADMAN HILL AREA, MUNRO TOWNSHIP, ONTARIO, CANADA",DC106,BASALT,48.48,-81.33,2500.0,ARCHEAN,3850.0,2700.0,2720.0,2740.0,0.978423893,"THE GEOCHEMISTRY OF KOMATIITES AND BASALTS FROM THE DEADMAN HILL AREA, MUNRO TOWNSHIP, ONTARIO, CANADA",ARCHEAN CRATON (INCLUDING GREENSTONE BELTS),Superior,,48.48,48.48,-81.33,-81.33,,,,DC106,BASALT,2500000000.0,3850000000.0,PALEO,,,,,BASALT,,,,,WR,50.03,0.57,,8.7,,,,13.51,9.27,15.07,0.27,,0.04,2.3,0.06,,,,,,,,,,,,,,,,,,,,,,,,,,,,,,,,,,,,,,,,,,,,,,183.0,2330.0,,,86.0,651.0,62.0,,,,,,,0.0,16.0,14.0,38.0,3.0,,,,,,,,,,,,,14.0,,,,,,,,,,,,,,,,,,,,,,,,,,,,,,,,,,,,,,,,,,,,,,,,,,,,,,
Superior,"THE GEOCHEMISTRY OF KOMATIITES AND BASALTS FROM THE DEADMAN HILL AREA, MUNRO TOWNSHIP, ONTARIO, CANADA",DC118,BASALT,48.48,-81.33,2500.0,ARCHEAN,3850.0,2700.0,2720.0,2740.0,0.995514333,"THE GEOCHEMISTRY OF KOMATIITES AND BASALTS FROM THE DEADMAN HILL AREA, MUNRO TOWNSHIP, ONTARIO, CANADA",ARCHEAN CRATON (INCLUDING GREENSTONE BELTS),Superior,,48.48,48.48,-81.33,-81.33,,,,DC118,BASALT,2500000000.0,3850000000.0,PALEO,,,,,BASALT,,,,,WR,50.07,0.69,,14.02,,,,11.73,9.31,10.75,0.2,,0.68,2.25,0.08,,,,,,,,,,,,,,,,,,,,,,,,,,,,,,,,,,,,,,,,,,,,,,196.0,493.0,,,51.0,165.0,69.0,,,,,,,11.0,192.0,15.0,47.0,4.0,,,,,,,,,,,,,178.0,,,,,,,,,,,,,,,,,,,,,,,,,,,,,,,,,,,,,,,,,,,,,,,,,,,,,,
Superior,"THE GEOCHEMISTRY OF KOMATIITES AND BASALTS FROM THE DEADMAN HILL AREA, MUNRO TOWNSHIP, ONTARIO, CANADA",DC120,THOLEIITE,48.48,-81.33,2500.0,ARCHEAN,3850.0,2700.0,2720.0,2740.0,0.995194495,"THE GEOCHEMISTRY OF KOMATIITES AND BASALTS FROM THE DEADMAN HILL AREA, MUNRO TOWNSHIP, ONTARIO, CANADA",ARCHEAN CRATON (INCLUDING GREENSTONE BELTS),Superior,,48.48,48.48,-81.33,-81.33,,,,DC120,THOLEIITE,2500000000.0,3850000000.0,PALEO,,,,,THOLEIITE,,,,,WR,52.32,0.73,,14.82,,,,10.72,10.62,7.76,0.19,,0.27,2.26,0.09,,,,,,,,,,,,,,,,,,,,,,,,,,,,,,,,,,,,,,,,,,,,,,208.0,283.0,,,44.0,82.0,87.0,,,,,,,5.0,201.0,15.0,54.0,6.0,,,,,,,,,,,,,122.0,,,,,,,,,,,,,,,,,,,,,,,,,,,,,,,,,,,,,,,,,,,,,,,,,,,,,,
Superior,"THE GEOCHEMISTRY OF KOMATIITES AND BASALTS FROM THE DEADMAN HILL AREA, MUNRO TOWNSHIP, ONTARIO, CANADA",NFT4124,THOLEIITE,48.48,-81.33,2500.0,ARCHEAN,3850.0,2700.0,2720.0,2740.0,0.995925784,"THE GEOCHEMISTRY OF KOMATIITES AND BASALTS FROM THE DEADMAN HILL AREA, MUNRO TOWNSHIP, ONTARIO, CANADA",ARCHEAN CRATON (INCLUDING GREENSTONE BELTS),Superior,,48.48,48.48,-81.33,-81.33,,,,NFT4124,THOLEIITE,2500000000.0,3850000000.0,PALEO,,,,,THOLEIITE,,,,,WR,52.47,1.6,,13.06,,,,16.36,7.62,5.54,0.37,,0.23,2.29,0.15,,,,,,,,,,,,,,,,,,,,,,,,,,,,,,,,,,,,,,,,,,,,,,364.0,73.0,,,48.0,40.0,97.0,,,,,,,5.0,81.0,43.0,112.0,9.0,,,,,,,,,,,,,42.0,,,,,,,,,,,,,,,,,,,,,,,,,,,,,,,,,,,,,,,,,,,,,,,,,,,,,,
Superior,"THE GEOCHEMISTRY OF KOMATIITES AND BASALTS FROM THE DEADMAN HILL AREA, MUNRO TOWNSHIP, ONTARIO, CANADA",DC131,THOLEIITE,48.48,-81.33,2500.0,ARCHEAN,3850.0,2700.0,2720.0,2740.0,0.987593591,"THE GEOCHEMISTRY OF KOMATIITES AND BASALTS FROM THE DEADMAN HILL AREA, MUNRO TOWNSHIP, ONTARIO, CANADA",ARCHEAN CRATON (INCLUDING GREENSTONE BELTS),Superior,,48.48,48.48,-81.33,-81.33,,,,DC131,THOLEIITE,2500000000.0,3850000000.0,PALEO,,,,,THOLEIITE,,,,,WR,50.17,1.48,,12.41,,,,15.3,8.82,7.13,0.27,,0.07,3.9,0.13,,,,,,,,,,,,,,,,,,,,,,,,,,,,,,,,,,,,,,,,,,,,,,275.0,198.0,,,56.0,95.0,82.0,,,,,,,1.0,89.0,28.0,102.0,8.0,,,,,,,,,,,,,36.0,,,,,,,,,,,,,,,,,,,,,,,,,,,,,,,,,,,,,,,,,,,,,,,,,,,,,,
Superior,"THE GEOCHEMISTRY OF KOMATIITES AND BASALTS FROM THE DEADMAN HILL AREA, MUNRO TOWNSHIP, ONTARIO, CANADA",NFT4250,THOLEIITE,48.48,-81.33,2500.0,ARCHEAN,3850.0,2700.0,2720.0,2740.0,0.975453675,"THE GEOCHEMISTRY OF KOMATIITES AND BASALTS FROM THE DEADMAN HILL AREA, MUNRO TOWNSHIP, ONTARIO, CANADA",ARCHEAN CRATON (INCLUDING GREENSTONE BELTS),Superior,,48.48,48.48,-81.33,-81.33,,,,NFT4250,THOLEIITE,2500000000.0,3850000000.0,PALEO,,,,,THOLEIITE,,,,,WR,50.11,1.62,,16.09,,,,13.45,10.64,5.03,0.27,,0.16,2.16,0.16,,,,,,,,,,,,,,,,,,,,,,,,,,,,,,,,,,,,,,,,,,,,,,327.0,139.0,,,51.0,59.0,84.0,,,,,,,4.0,191.0,34.0,100.0,7.0,,,,,,,,,,,,,38.0,,,,,,,,,,,,,,,,,,,,,,,,,,,,,,,,,,,,,,,,,,,,,,,,,,,,,,
Superior,"THE GEOCHEMISTRY OF KOMATIITES AND BASALTS FROM THE DEADMAN HILL AREA, MUNRO TOWNSHIP, ONTARIO, CANADA",NFT4119,THOLEIITE,48.48,-81.33,2500.0,ARCHEAN,3850.0,2700.0,2720.0,2740.0,0.993765354,"THE GEOCHEMISTRY OF KOMATIITES AND BASALTS FROM THE DEADMAN HILL AREA, MUNRO TOWNSHIP, ONTARIO, CANADA",ARCHEAN CRATON (INCLUDING GREENSTONE BELTS),Superior,,48.48,48.48,-81.33,-81.33,,,,NFT4119,THOLEIITE,2500000000.0,3850000000.0,PALEO,,,,,THOLEIITE,,,,,WR,47.99,1.77,,13.83,,,,15.91,8.93,6.88,0.39,,0.91,2.92,0.14,,,,,,,,,,,,,,,,,,,,,,,,,,,,,,,,,,,,,,,,,,,,,,384.0,83.0,,,58.0,49.0,51.0,,,,,,,14.0,142.0,40.0,97.0,7.0,,,,,,,,,,,,,126.0,,,,,,,,,,,,,,,,,,,,,,,,,,,,,,,,,,,,,,,,,,,,,,,,,,,,,,
Superior,"THE GEOCHEMISTRY OF KOMATIITES AND BASALTS FROM THE DEADMAN HILL AREA, MUNRO TOWNSHIP, ONTARIO, CANADA",DC108,BASALT,48.48,-81.33,2500.0,ARCHEAN,3850.0,2700.0,2720.0,2740.0,0.996165991,"THE GEOCHEMISTRY OF KOMATIITES AND BASALTS FROM THE DEADMAN HILL AREA, MUNRO TOWNSHIP, ONTARIO, CANADA",ARCHEAN CRATON (INCLUDING GREENSTONE BELTS),Superior,,48.48,48.48,-81.33,-81.33,,,,DC108,BASALT,2500000000.0,3850000000.0,PALEO,,,,,BASALT,,,,,WR,51.65,0.65,,13.44,,,,10.11,10.95,10.08,0.17,,0.8,1.84,0.09,,,,,,,,,,,,,,,,,,,,,,,,,,,,,,,,,,,,,,,,,,,,,,193.0,833.0,,,43.0,143.0,73.0,,,,,,,19.0,311.0,16.0,49.0,5.0,,,,,,,,,,,,,168.0,,,,,,,,,,,,,,,,,,,,,,,,,,,,,,,,,,,,,,,,,,,,,,,,,,,,,,
Superior,"THE GEOCHEMISTRY OF KOMATIITES AND BASALTS FROM THE DEADMAN HILL AREA, MUNRO TOWNSHIP, ONTARIO, CANADA",NFT4254,THOLEIITE,48.48,-81.33,2500.0,ARCHEAN,3850.0,2700.0,2720.0,2740.0,0.999528289,"THE GEOCHEMISTRY OF KOMATIITES AND BASALTS FROM THE DEADMAN HILL AREA, MUNRO TOWNSHIP, ONTARIO, CANADA",ARCHEAN CRATON (INCLUDING GREENSTONE BELTS),Superior,,48.48,48.48,-81.33,-81.33,,,,NFT4254,THOLEIITE,2500000000.0,3850000000.0,PALEO,,,,,THOLEIITE,,,,,WR,50.95,1.49,,11.99,,,,14.72,9.23,7.26,0.27,,0.06,3.58,0.14,,,,,,,,,,,,,,,,,,,,,,,,,,,,,,,,,,,,,,,,,,,,,,262.0,82.0,,,61.0,98.0,212.0,,,,,,,1.0,46.0,30.0,98.0,8.0,,,,,,,,,,,,,10.0,,,,,,,,,,,,,,,,,,,,,,,,,,,,,,,,,,,,,,,,,,,,,,,,,,,,,,
Superior,"THE GEOCHEMISTRY OF KOMATIITES AND BASALTS FROM THE DEADMAN HILL AREA, MUNRO TOWNSHIP, ONTARIO, CANADA",DC117,THOLEIITE,48.48,-81.33,2500.0,ARCHEAN,3850.0,2700.0,2720.0,2740.0,0.951393127,"THE GEOCHEMISTRY OF KOMATIITES AND BASALTS FROM THE DEADMAN HILL AREA, MUNRO TOWNSHIP, ONTARIO, CANADA",ARCHEAN CRATON (INCLUDING GREENSTONE BELTS),Superior,,48.48,48.48,-81.33,-81.33,,,,DC117,THOLEIITE,2500000000.0,3850000000.0,PALEO,,,,,THOLEIITE,,,,,WR,52.45,0.68,,13.69,,,,9.8,10.7,9.39,0.18,,0.4,2.42,0.08,,,,,,,,,,,,,,,,,,,,,,,,,,,,,,,,,,,,,,,,,,,,,,201.0,442.0,,,44.0,124.0,76.0,,,,,,,7.0,170.0,15.0,52.0,4.0,,,,,,,,,,,,,139.0,,,,,,,,,,,,,,,,,,,,,,,,,,,,,,,,,,,,,,,,,,,,,,,,,,,,,,
Superior,"THE GEOCHEMISTRY OF KOMATIITES AND BASALTS FROM THE DEADMAN HILL AREA, MUNRO TOWNSHIP, ONTARIO, CANADA",DC129,BASALT,48.48,-81.33,2500.0,ARCHEAN,3850.0,2700.0,2720.0,2740.0,0.995633066,"THE GEOCHEMISTRY OF KOMATIITES AND BASALTS FROM THE DEADMAN HILL AREA, MUNRO TOWNSHIP, ONTARIO, CANADA",ARCHEAN CRATON (INCLUDING GREENSTONE BELTS),Superior,,48.48,48.48,-81.33,-81.33,,,,DC129,BASALT,2500000000.0,3850000000.0,PALEO,,,,,BASALT,,,,,WR,52.11,0.63,,13.4,,,,10.76,8.82,10.91,0.16,,0.44,2.47,0.07,,,,,,,,,,,,,,,,,,,,,,,,,,,,,,,,,,,,,,,,,,,,,,172.0,541.0,,,50.0,174.0,100.0,,,,,,,12.0,309.0,15.0,43.0,5.0,,,,,,,,,,,,,121.0,,,,,,,,,,,,,,,,,,,,,,,,,,,,,,,,,,,,,,,,,,,,,,,,,,,,,,
Superior,"THE GEOCHEMISTRY OF KOMATIITES AND BASALTS FROM THE DEADMAN HILL AREA, MUNRO TOWNSHIP, ONTARIO, CANADA",DC127,THOLEIITE,48.48,-81.33,2500.0,ARCHEAN,3850.0,2700.0,2720.0,2740.0,0.999777853,"THE GEOCHEMISTRY OF KOMATIITES AND BASALTS FROM THE DEADMAN HILL AREA, MUNRO TOWNSHIP, ONTARIO, CANADA",ARCHEAN CRATON (INCLUDING GREENSTONE BELTS),Superior,,48.48,48.48,-81.33,-81.33,,,,DC127,THOLEIITE,2500000000.0,3850000000.0,PALEO,,,,,THOLEIITE,,,,,WR,51.97,0.69,,14.69,,,,10.25,9.66,8.26,0.18,,0.97,3.11,0.08,,,,,,,,,,,,,,,,,,,,,,,,,,,,,,,,,,,,,,,,,,,,,,202.0,334.0,,,41.0,100.0,85.0,,,,,,,22.0,229.0,16.0,43.0,4.0,,,,,,,,,,,,,147.0,,,,,,,,,,,,,,,,,,,,,,,,,,,,,,,,,,,,,,,,,,,,,,,,,,,,,,
Superior,"THE GEOCHEMISTRY OF KOMATIITES AND BASALTS FROM THE DEADMAN HILL AREA, MUNRO TOWNSHIP, ONTARIO, CANADA",NFT5180,THOLEIITE,48.48,-81.33,2500.0,ARCHEAN,3850.0,2700.0,2720.0,2740.0,0.998677552,"THE GEOCHEMISTRY OF KOMATIITES AND BASALTS FROM THE DEADMAN HILL AREA, MUNRO TOWNSHIP, ONTARIO, CANADA",ARCHEAN CRATON (INCLUDING GREENSTONE BELTS),Superior,,48.48,48.48,-81.33,-81.33,,,,NFT5180,THOLEIITE,2500000000.0,3850000000.0,PALEO,,,,,THOLEIITE,,,,,WR,49.56,1.55,,12.79,,,,15.67,8.19,6.37,0.28,,2.28,2.86,0.13,,,,,,,,,,,,,,,,,,,,,,,,,,,,,,,,,,,,,,,,,,,,,,270.0,77.0,,,61.0,89.0,136.0,,,,,,,35.0,144.0,24.0,86.0,9.0,,,,,,,,,,,,,509.0,,,,,,,,,,,,,,,,,,,,,,,,,,,,,,,,,,,,,,,,,,,,,,,,,,,,,,
Superior,"THE GEOCHEMISTRY OF KOMATIITES AND BASALTS FROM THE DEADMAN HILL AREA, MUNRO TOWNSHIP, ONTARIO, CANADA",DC132,THOLEIITE,48.48,-81.33,2500.0,ARCHEAN,3850.0,2700.0,2720.0,2740.0,0.998228371,"THE GEOCHEMISTRY OF KOMATIITES AND BASALTS FROM THE DEADMAN HILL AREA, MUNRO TOWNSHIP, ONTARIO, CANADA",ARCHEAN CRATON (INCLUDING GREENSTONE BELTS),Superior,,48.48,48.48,-81.33,-81.33,,,,DC132,THOLEIITE,2500000000.0,3850000000.0,PALEO,,,,,THOLEIITE,,,,,WR,53.37,0.77,,14.49,,,,11.05,7.61,7.07,0.2,,0.25,4.84,0.1,,,,,,,,,,,,,,,,,,,,,,,,,,,,,,,,,,,,,,,,,,,,,,213.0,158.0,,,42.0,54.0,84.0,,,,,,,2.0,206.0,17.0,58.0,4.0,,,,,,,,,,,,,91.0,,,,,,,,,,,,,,,,,,,,,,,,,,,,,,,,,,,,,,,,,,,,,,,,,,,,,,
Superior,"THE GEOCHEMISTRY OF KOMATIITES AND BASALTS FROM THE DEADMAN HILL AREA, MUNRO TOWNSHIP, ONTARIO, CANADA",DC101,BASALT,48.48,-81.33,2500.0,ARCHEAN,3850.0,2700.0,2720.0,2740.0,0.998636782,"THE GEOCHEMISTRY OF KOMATIITES AND BASALTS FROM THE DEADMAN HILL AREA, MUNRO TOWNSHIP, ONTARIO, CANADA",ARCHEAN CRATON (INCLUDING GREENSTONE BELTS),Superior,,48.48,48.48,-81.33,-81.33,,,,DC101,BASALT,2500000000.0,3850000000.0,PALEO,,,,,BASALT,,,,,WR,49.89,0.61,,12.74,,,,11.03,9.82,12.11,0.23,,0.12,3.16,0.08,,,,,,,,,,,,,,,,,,,,,,,,,,,,,,,,,,,,,,,,,,,,,,183.0,1091.0,,,60.0,382.0,78.0,,,,,,,1.0,130.0,16.0,44.0,6.0,,,,,,,,,,,,,66.0,,,,,,,,,,,,,,,,,,,,,,,,,,,,,,,,,,,,,,,,,,,,,,,,,,,,,,
Superior,"THE GEOCHEMISTRY OF NEOARCHEAN (CA. 2700 MA) THOLEIITIC BASALTS, TRANSITIONAL TO ALKALINE BASALTS, AND GABBROS, WAWA SUBPROVINCE, CANADA: IMPLICATIONS FOR PETROGENETIC AND GEODYNAMIC PROCESSES",93-15,BASALT,49.0,-85.5,2700.0,ARCHEAN,2700.0,2693.0,2706.0,2719.0,0.971038222,"THE GEOCHEMISTRY OF NEOARCHEAN (CA. 2700 MA) THOLEIITIC BASALTS, TRANSITIONAL TO ALKALINE BASALTS, AND GABBROS, WAWA SUBPROVINCE, CANADA: IMPLICATIONS FOR PETROGENETIC AND GEODYNAMIC PROCESSES",ARCHEAN CRATON (INCLUDING GREENSTONE BELTS),Superior,,49.0,49.0,-85.5,-85.5,,,,93-15,BASALT,2700000000.0,2700000000.0,PALEO,,,,,BASALT,,,,,WR,47.6,2.8,,13.0,,,,15.93,8.9,6.0,0.2,,0.7,2.5,0.4,,,,,,,,,,,,,,,,,,,,,,,,,,,,,,,,,,,,,,,,,,,,39.0,,428.0,28.0,,,26.0,33.0,25.0,112.0,,,,,,13.0,182.0,31.0,125.0,6.6,,,,,,,,,,,,0.5,131.0,9.6,27.4,3.9,18.0,5.1,2.5,5.5,0.9,5.9,1.3,3.5,,3.1,0.5,3.0,0.3,,,,,,,,,6.1,,0.6,0.3,,,,,,,,,,,,,,,,,,,,,,,,,,
Superior,"THE GEOCHEMISTRY OF NEOARCHEAN (CA. 2700 MA) THOLEIITIC BASALTS, TRANSITIONAL TO ALKALINE BASALTS, AND GABBROS, WAWA SUBPROVINCE, CANADA: IMPLICATIONS FOR PETROGENETIC AND GEODYNAMIC PROCESSES",93-17,BASALT,49.0,-85.5,2700.0,ARCHEAN,2700.0,2693.0,2706.0,2719.0,0.005385993,"THE GEOCHEMISTRY OF NEOARCHEAN (CA. 2700 MA) THOLEIITIC BASALTS, TRANSITIONAL TO ALKALINE BASALTS, AND GABBROS, WAWA SUBPROVINCE, CANADA: IMPLICATIONS FOR PETROGENETIC AND GEODYNAMIC PROCESSES",ARCHEAN CRATON (INCLUDING GREENSTONE BELTS),Superior,,49.0,49.0,-85.5,-85.5,,,,93-17,BASALT,2700000000.0,2700000000.0,PALEO,,,,,BASALT,,,,,WR,48.2,2.5,,14.1,,,,15.03,9.3,6.8,0.3,,0.4,1.2,0.4,,,,,,,,,,,,,,,,,,,,,,,,,,,,,,,,,,,,,,,,,,,,36.0,,363.0,103.0,,,51.0,58.0,63.0,214.0,,,,,,10.0,116.0,29.0,148.0,9.3,,,,,,,,,,,,0.8,42.0,11.8,31.2,4.5,20.8,5.3,2.1,5.6,0.9,5.3,1.1,3.1,,2.9,0.4,3.8,0.4,,,,,,,,,3.4,,0.9,0.2,,,,,,,,,,,,,,,,,,,,,,,,,,
Superior,"THE GEOCHEMISTRY OF NEOARCHEAN (CA. 2700 MA) THOLEIITIC BASALTS, TRANSITIONAL TO ALKALINE BASALTS, AND GABBROS, WAWA SUBPROVINCE, CANADA: IMPLICATIONS FOR PETROGENETIC AND GEODYNAMIC PROCESSES",BD-16-1,BASALT,48.8,-87.0,2700.0,ARCHEAN,2700.0,2630.0,2678.0,2726.0,0.000744632,"THE GEOCHEMISTRY OF NEOARCHEAN (CA. 2700 MA) THOLEIITIC BASALTS, TRANSITIONAL TO ALKALINE BASALTS, AND GABBROS, WAWA SUBPROVINCE, CANADA: IMPLICATIONS FOR PETROGENETIC AND GEODYNAMIC PROCESSES",ARCHEAN CRATON (INCLUDING GREENSTONE BELTS),Superior,,48.8,48.8,-87.0,-87.0,,,,BD-16-1,BASALT,2700000000.0,2700000000.0,PALEO,,,,,BASALT,,,,,WR,51.6,1.3,,14.2,,,,13.68,7.8,6.6,0.2,,0.2,2.8,0.13,,,,,,,,,,,,,,,,,,,,,,,,,,,,,,,,,,,,,,,,,,,,43.0,,327.0,21.0,,,64.0,52.0,143.0,175.0,,,,,,4.7,238.0,42.0,138.0,6.7,,,,,,,,,,,,0.3,16.0,7.8,21.3,3.1,15.3,4.9,1.5,6.2,1.0,7.0,1.6,4.6,,4.5,0.7,3.6,0.4,,,,,,,,,3.9,,0.6,0.7,,,,,,,,,,,,,,,,,,,,,,,,,,
Superior,"THE GEOCHEMISTRY OF NEOARCHEAN (CA. 2700 MA) THOLEIITIC BASALTS, TRANSITIONAL TO ALKALINE BASALTS, AND GABBROS, WAWA SUBPROVINCE, CANADA: IMPLICATIONS FOR PETROGENETIC AND GEODYNAMIC PROCESSES",BD-18-1,BASALT,48.8,-87.0,2700.0,ARCHEAN,2700.0,2630.0,2678.0,2726.0,0.000264466,"THE GEOCHEMISTRY OF NEOARCHEAN (CA. 2700 MA) THOLEIITIC BASALTS, TRANSITIONAL TO ALKALINE BASALTS, AND GABBROS, WAWA SUBPROVINCE, CANADA: IMPLICATIONS FOR PETROGENETIC AND GEODYNAMIC PROCESSES",ARCHEAN CRATON (INCLUDING GREENSTONE BELTS),Superior,,48.8,48.8,-87.0,-87.0,,,,BD-18-1,BASALT,2700000000.0,2700000000.0,PALEO,,,,,BASALT,,,,,WR,52.4,1.6,,13.2,,,,15.12,7.5,4.7,0.2,,0.6,2.6,0.26,,,,,,,,,,,,,,,,,,,,,,,,,,,,,,,,,,,,,,,,,,,,42.0,,298.0,24.0,,,96.0,35.0,162.0,129.0,,,,,,16.6,116.0,51.0,158.0,10.1,,,,,,,,,,,,3.3,26.0,10.9,29.1,4.4,22.03,6.58,1.8,7.9,1.3,8.5,1.8,5.4,,5.4,0.8,3.8,0.6,,,,,,,,,3.8,,0.9,0.5,,,,,,,,,,,,,,,,,,,,,,,,,,
Superior,"THE GEOCHEMISTRY OF NEOARCHEAN (CA. 2700 MA) THOLEIITIC BASALTS, TRANSITIONAL TO ALKALINE BASALTS, AND GABBROS, WAWA SUBPROVINCE, CANADA: IMPLICATIONS FOR PETROGENETIC AND GEODYNAMIC PROCESSES",BD-18-2,BASALT,48.8,-87.0,2700.0,ARCHEAN,2700.0,2630.0,2678.0,2726.0,0.083919376,"THE GEOCHEMISTRY OF NEOARCHEAN (CA. 2700 MA) THOLEIITIC BASALTS, TRANSITIONAL TO ALKALINE BASALTS, AND GABBROS, WAWA SUBPROVINCE, CANADA: IMPLICATIONS FOR PETROGENETIC AND GEODYNAMIC PROCESSES",ARCHEAN CRATON (INCLUDING GREENSTONE BELTS),Superior,,48.8,48.8,-87.0,-87.0,,,,BD-18-2,BASALT,2700000000.0,2700000000.0,PALEO,,,,,BASALT,,,,,WR,52.0,1.0,,14.3,,,,12.06,9.0,6.8,0.2,,0.2,3.0,0.09,,,,,,,,,,,,,,,,,,,,,,,,,,,,,,,,,,,,,,,,,,,,45.0,,306.0,32.0,,,63.0,58.0,180.0,103.0,,,,,,2.4,270.0,30.0,94.0,5.1,,,,,,,,,,,,0.2,15.0,5.6,14.8,2.3,11.4,3.2,1.1,4.6,0.8,5.4,1.1,3.4,,3.1,0.5,2.7,0.3,,,,,,,,,5.8,,0.5,0.4,,,,,,,,,,,,,,,,,,,,,,,,,,
Superior,"THE GEOCHEMISTRY OF NEOARCHEAN (CA. 2700 MA) THOLEIITIC BASALTS, TRANSITIONAL TO ALKALINE BASALTS, AND GABBROS, WAWA SUBPROVINCE, CANADA: IMPLICATIONS FOR PETROGENETIC AND GEODYNAMIC PROCESSES",BD-28-1,BASALT,48.8,-87.0,2700.0,ARCHEAN,2700.0,2630.0,2678.0,2726.0,0.00477968,"THE GEOCHEMISTRY OF NEOARCHEAN (CA. 2700 MA) THOLEIITIC BASALTS, TRANSITIONAL TO ALKALINE BASALTS, AND GABBROS, WAWA SUBPROVINCE, CANADA: IMPLICATIONS FOR PETROGENETIC AND GEODYNAMIC PROCESSES",ARCHEAN CRATON (INCLUDING GREENSTONE BELTS),Superior,,48.8,48.8,-87.0,-87.0,,,,BD-28-1,BASALT,2700000000.0,2700000000.0,PALEO,,,,,BASALT,,,,,WR,51.1,1.2,,13.8,,,,13.86,9.3,6.0,0.2,,0.5,2.3,0.1,,,,,,,,,,,,,,,,,,,,,,,,,,,,,,,,,,,,,,,,,,,,40.0,,314.0,171.0,,,104.0,103.0,206.0,107.0,,,,,,17.7,132.0,27.0,89.0,4.1,,,,,,,,,,,,0.8,70.0,4.5,14.4,2.4,11.9,3.2,1.0,4.3,0.7,4.9,1.0,3.1,,3.2,0.5,2.5,0.3,,,,,,,,,3.8,,0.4,0.6,,,,,,,,,,,,,,,,,,,,,,,,,,
Superior,"THE GEOCHEMISTRY OF NEOARCHEAN (CA. 2700 MA) THOLEIITIC BASALTS, TRANSITIONAL TO ALKALINE BASALTS, AND GABBROS, WAWA SUBPROVINCE, CANADA: IMPLICATIONS FOR PETROGENETIC AND GEODYNAMIC PROCESSES",BD-28-2,BASALT,48.8,-87.0,2700.0,ARCHEAN,2700.0,2630.0,2678.0,2726.0,0.037653949,"THE GEOCHEMISTRY OF NEOARCHEAN (CA. 2700 MA) THOLEIITIC BASALTS, TRANSITIONAL TO ALKALINE BASALTS, AND GABBROS, WAWA SUBPROVINCE, CANADA: IMPLICATIONS FOR PETROGENETIC AND GEODYNAMIC PROCESSES",ARCHEAN CRATON (INCLUDING GREENSTONE BELTS),Superior,,48.8,48.8,-87.0,-87.0,,,,BD-28-2,BASALT,2700000000.0,2700000000.0,PALEO,,,,,BASALT,,,,,WR,50.0,1.3,,14.6,,,,14.67,7.7,6.8,0.2,,0.1,2.7,0.12,,,,,,,,,,,,,,,,,,,,,,,,,,,,,,,,,,,,,,,,,,,,43.0,,318.0,21.0,,,64.0,44.0,259.0,124.0,,,,,,2.0,196.0,41.0,129.0,6.5,,,,,,,,,,,,0.5,19.0,8.6,21.7,3.3,16.16,4.97,1.5,6.4,1.1,7.1,1.6,4.4,,4.4,0.7,3.8,0.4,,,,,,,,,16.5,,0.6,0.5,,,,,,,,,,,,,,,,,,,,,,,,,,
Superior,"THE GEOCHEMISTRY OF NEOARCHEAN (CA. 2700 MA) THOLEIITIC BASALTS, TRANSITIONAL TO ALKALINE BASALTS, AND GABBROS, WAWA SUBPROVINCE, CANADA: IMPLICATIONS FOR PETROGENETIC AND GEODYNAMIC PROCESSES",BD-32-1,BASALT,48.8,-87.0,2700.0,ARCHEAN,2700.0,2630.0,2678.0,2726.0,0.000107486,"THE GEOCHEMISTRY OF NEOARCHEAN (CA. 2700 MA) THOLEIITIC BASALTS, TRANSITIONAL TO ALKALINE BASALTS, AND GABBROS, WAWA SUBPROVINCE, CANADA: IMPLICATIONS FOR PETROGENETIC AND GEODYNAMIC PROCESSES",ARCHEAN CRATON (INCLUDING GREENSTONE BELTS),Superior,,48.8,48.8,-87.0,-87.0,,,,BD-32-1,BASALT,2700000000.0,2700000000.0,PALEO,,,,,BASALT,,,,,WR,51.3,1.3,,13.9,,,,14.4,8.6,6.3,0.2,,0.3,1.9,0.13,,,,,,,,,,,,,,,,,,,,,,,,,,,,,,,,,,,,,,,,,,,,44.0,,344.0,31.0,,,89.0,46.0,226.0,141.0,,,,,,12.6,205.0,44.0,139.0,7.0,,,,,,,,,,,,2.6,42.0,7.8,21.0,3.2,15.7,4.4,1.5,6.1,1.1,7.2,1.5,4.6,,4.3,0.6,3.7,0.4,,,,,,,,,5.8,,0.7,0.5,,,,,,,,,,,,,,,,,,,,,,,,,,
Superior,"THE GEOCHEMISTRY OF NEOARCHEAN (CA. 2700 MA) THOLEIITIC BASALTS, TRANSITIONAL TO ALKALINE BASALTS, AND GABBROS, WAWA SUBPROVINCE, CANADA: IMPLICATIONS FOR PETROGENETIC AND GEODYNAMIC PROCESSES",BD-37-1,BASALT,48.8,-87.0,2700.0,ARCHEAN,2700.0,2630.0,2678.0,2726.0,0.000613359,"THE GEOCHEMISTRY OF NEOARCHEAN (CA. 2700 MA) THOLEIITIC BASALTS, TRANSITIONAL TO ALKALINE BASALTS, AND GABBROS, WAWA SUBPROVINCE, CANADA: IMPLICATIONS FOR PETROGENETIC AND GEODYNAMIC PROCESSES",ARCHEAN CRATON (INCLUDING GREENSTONE BELTS),Superior,,48.8,48.8,-87.0,-87.0,,,,BD-37-1,BASALT,2700000000.0,2700000000.0,PALEO,,,,,BASALT,,,,,WR,51.3,0.9,,14.3,,,,11.52,9.8,7.3,0.2,,0.1,3.1,0.08,,,,,,,,,,,,,,,,,,,,,,,,,,,,,,,,,,,,,,,,,,,,41.0,,281.0,271.0,,,51.0,79.0,116.0,94.0,,,,,,1.3,122.0,25.0,85.0,4.2,,,,,,,,,,,,0.1,14.0,4.8,12.9,2.0,9.7,2.7,0.9,3.9,0.6,4.4,0.9,2.7,,2.6,0.4,2.3,0.3,,,,,,,,,2.9,,0.4,0.4,,,,,,,,,,,,,,,,,,,,,,,,,,
Superior,"THE GEOCHEMISTRY OF NEOARCHEAN (CA. 2700 MA) THOLEIITIC BASALTS, TRANSITIONAL TO ALKALINE BASALTS, AND GABBROS, WAWA SUBPROVINCE, CANADA: IMPLICATIONS FOR PETROGENETIC AND GEODYNAMIC PROCESSES",BD-46-1,BASALT,48.8,-87.0,2700.0,ARCHEAN,2700.0,2630.0,2678.0,2726.0,0.002140136,"THE GEOCHEMISTRY OF NEOARCHEAN (CA. 2700 MA) THOLEIITIC BASALTS, TRANSITIONAL TO ALKALINE BASALTS, AND GABBROS, WAWA SUBPROVINCE, CANADA: IMPLICATIONS FOR PETROGENETIC AND GEODYNAMIC PROCESSES",ARCHEAN CRATON (INCLUDING GREENSTONE BELTS),Superior,,48.8,48.8,-87.0,-87.0,,,,BD-46-1,BASALT,2700000000.0,2700000000.0,PALEO,,,,,BASALT,,,,,WR,50.8,1.1,,14.5,,,,13.23,9.0,6.8,0.2,,0.5,2.3,0.1,,,,,,,,,,,,,,,,,,,,,,,,,,,,,,,,,,,,,,,,,,,,44.0,,279.0,17.0,,,42.0,53.0,95.0,109.0,,,,,,15.7,157.0,34.0,106.0,5.5,,,,,,,,,,,,0.4,60.0,6.8,18.3,2.6,12.9,4.0,1.2,5.1,0.9,6.0,1.3,3.7,,3.7,0.6,2.8,0.3,,,,,,,,,17.9,,0.5,0.4,,,,,,,,,,,,,,,,,,,,,,,,,,
Superior,"THE GEOCHEMISTRY OF NEOARCHEAN (CA. 2700 MA) THOLEIITIC BASALTS, TRANSITIONAL TO ALKALINE BASALTS, AND GABBROS, WAWA SUBPROVINCE, CANADA: IMPLICATIONS FOR PETROGENETIC AND GEODYNAMIC PROCESSES",BD-48-1,BASALT,48.8,-87.0,2700.0,ARCHEAN,2700.0,2630.0,2678.0,2726.0,0.040439561,"THE GEOCHEMISTRY OF NEOARCHEAN (CA. 2700 MA) THOLEIITIC BASALTS, TRANSITIONAL TO ALKALINE BASALTS, AND GABBROS, WAWA SUBPROVINCE, CANADA: IMPLICATIONS FOR PETROGENETIC AND GEODYNAMIC PROCESSES",ARCHEAN CRATON (INCLUDING GREENSTONE BELTS),Superior,,48.8,48.8,-87.0,-87.0,,,,BD-48-1,BASALT,2700000000.0,2700000000.0,PALEO,,,,,BASALT,,,,,WR,50.8,0.8,,14.8,,,,9.72,11.3,8.6,0.1,,0.8,1.9,0.06,,,,,,,,,,,,,,,,,,,,,,,,,,,,,,,,,,,,,,,,,,,,40.0,,238.0,600.0,,,37.0,69.0,125.0,38.0,,,,,,28.4,235.0,22.0,33.0,3.1,,,,,,,,,,,,2.5,57.0,3.7,9.8,1.6,7.8,2.4,0.8,3.5,0.6,3.9,0.8,2.4,,2.4,0.4,1.0,0.2,,,,,,,,,3.8,,0.4,0.4,,,,,,,,,,,,,,,,,,,,,,,,,,
Superior,"THE GEOCHEMISTRY OF NEOARCHEAN (CA. 2700 MA) THOLEIITIC BASALTS, TRANSITIONAL TO ALKALINE BASALTS, AND GABBROS, WAWA SUBPROVINCE, CANADA: IMPLICATIONS FOR PETROGENETIC AND GEODYNAMIC PROCESSES",BD-7-1,BASALT,48.8,-87.0,2700.0,ARCHEAN,2700.0,2630.0,2678.0,2726.0,0.888211608,"THE GEOCHEMISTRY OF NEOARCHEAN (CA. 2700 MA) THOLEIITIC BASALTS, TRANSITIONAL TO ALKALINE BASALTS, AND GABBROS, WAWA SUBPROVINCE, CANADA: IMPLICATIONS FOR PETROGENETIC AND GEODYNAMIC PROCESSES",ARCHEAN CRATON (INCLUDING GREENSTONE BELTS),Superior,,48.8,48.8,-87.0,-87.0,,,,BD-7-1,BASALT,2700000000.0,2700000000.0,PALEO,,,,,BASALT,,,,,WR,53.8,1.3,,13.0,,,,13.14,8.3,5.9,0.2,,0.3,2.5,0.12,,,,,,,,,,,,,,,,,,,,,,,,,,,,,,,,,,,,,,,,,,,,39.0,,306.0,21.0,,,58.0,47.0,135.0,83.0,,,,,,6.5,113.0,41.0,130.0,6.4,,,,,,,,,,,,0.2,18.0,7.9,21.2,3.1,15.1,4.5,1.4,5.7,1.0,6.6,1.5,4.3,,4.3,0.7,3.5,0.4,,,,,,,,,9.9,,0.6,0.5,,,,,,,,,,,,,,,,,,,,,,,,,,
Superior,"THE GEOCHEMISTRY OF NEOARCHEAN (CA. 2700 MA) THOLEIITIC BASALTS, TRANSITIONAL TO ALKALINE BASALTS, AND GABBROS, WAWA SUBPROVINCE, CANADA: IMPLICATIONS FOR PETROGENETIC AND GEODYNAMIC PROCESSES",SC95-16,BASALT,48.8,-87.27,2700.0,ARCHEAN,2700.0,2630.0,2678.0,2726.0,6.61387e-05,"THE GEOCHEMISTRY OF NEOARCHEAN (CA. 2700 MA) THOLEIITIC BASALTS, TRANSITIONAL TO ALKALINE BASALTS, AND GABBROS, WAWA SUBPROVINCE, CANADA: IMPLICATIONS FOR PETROGENETIC AND GEODYNAMIC PROCESSES",ARCHEAN CRATON (INCLUDING GREENSTONE BELTS),Superior,,48.8,48.8,-87.27,-87.27,,,,SC95-16,BASALT,2700000000.0,2700000000.0,PALEO,,,,,BASALT,,,,,WR,52.9,1.5,,13.9,,,,13.5,7.7,4.9,0.2,,0.7,3.0,0.1,,,,,,,,,,,,,,,,,,,,,,,,,,,,,,,,,,,,,,,,,,,,39.0,,343.0,485.0,,,74.0,116.0,109.0,123.0,,,,,,29.0,326.0,22.0,100.0,7.0,,,,,,,,,,,,1.2,167.0,7.5,19.1,2.7,14.01,3.9,1.3,4.5,0.7,4.4,0.9,2.4,,2.2,0.3,2.8,0.3,,,,,,,,,1.2,,0.7,0.2,,,,,,,,,,,,,,,,,,,,,,,,,,
Superior,"THE GEOCHEMISTRY OF NEOARCHEAN (CA. 2700 MA) THOLEIITIC BASALTS, TRANSITIONAL TO ALKALINE BASALTS, AND GABBROS, WAWA SUBPROVINCE, CANADA: IMPLICATIONS FOR PETROGENETIC AND GEODYNAMIC PROCESSES",SC95-33,BASALT,48.8,-87.27,2700.0,ARCHEAN,2700.0,2630.0,2678.0,2726.0,0.007625903,"THE GEOCHEMISTRY OF NEOARCHEAN (CA. 2700 MA) THOLEIITIC BASALTS, TRANSITIONAL TO ALKALINE BASALTS, AND GABBROS, WAWA SUBPROVINCE, CANADA: IMPLICATIONS FOR PETROGENETIC AND GEODYNAMIC PROCESSES",ARCHEAN CRATON (INCLUDING GREENSTONE BELTS),Superior,,48.8,48.8,-87.27,-87.27,,,,SC95-33,BASALT,2700000000.0,2700000000.0,PALEO,,,,,BASALT,,,,,WR,46.3,2.4,,17.0,,,,15.39,10.1,3.3,0.4,,0.4,2.7,0.4,,,,,,,,,,,,,,,,,,,,,,,,,,,,,,,,,,,,,,,,,,,,32.0,,433.0,211.0,,,68.0,149.0,100.0,141.0,,,,,,7.0,230.0,32.0,169.0,10.2,,,,,,,,,,,,0.2,96.0,11.1,31.1,4.4,21.34,5.5,2.0,6.0,0.9,5.8,1.2,3.2,,3.1,0.5,3.7,0.5,,,,,,,,,1.4,,0.8,0.2,,,,,,,,,,,,,,,,,,,,,,,,,,
Superior,"THE GEOCHEMISTRY OF NEOARCHEAN (CA. 2700 MA) THOLEIITIC BASALTS, TRANSITIONAL TO ALKALINE BASALTS, AND GABBROS, WAWA SUBPROVINCE, CANADA: IMPLICATIONS FOR PETROGENETIC AND GEODYNAMIC PROCESSES",SC95-86,BASALT,48.8,-87.27,2700.0,ARCHEAN,2700.0,2630.0,2678.0,2726.0,0.013046798,"THE GEOCHEMISTRY OF NEOARCHEAN (CA. 2700 MA) THOLEIITIC BASALTS, TRANSITIONAL TO ALKALINE BASALTS, AND GABBROS, WAWA SUBPROVINCE, CANADA: IMPLICATIONS FOR PETROGENETIC AND GEODYNAMIC PROCESSES",ARCHEAN CRATON (INCLUDING GREENSTONE BELTS),Superior,,48.8,48.8,-87.27,-87.27,,,,SC95-86,BASALT,2700000000.0,2700000000.0,PALEO,,,,,BASALT,,,,,WR,50.0,2.2,,13.5,,,,13.95,9.6,4.9,0.3,,0.4,3.2,0.4,,,,,,,,,,,,,,,,,,,,,,,,,,,,,,,,,,,,,,,,,,,,37.0,,350.0,108.0,,,47.0,83.0,37.0,148.0,,,,,,15.0,180.0,34.0,176.0,13.2,,,,,,,,,,,,0.3,50.0,12.3,35.0,5.0,22.74,5.7,2.0,6.1,1.0,5.9,1.2,3.3,,3.2,0.5,4.5,0.6,,,,,,,,,1.3,,0.7,0.2,,,,,,,,,,,,,,,,,,,,,,,,,,
Superior,"THE GEOCHEMISTRY OF NEOARCHEAN (CA. 2700 MA) THOLEIITIC BASALTS, TRANSITIONAL TO ALKALINE BASALTS, AND GABBROS, WAWA SUBPROVINCE, CANADA: IMPLICATIONS FOR PETROGENETIC AND GEODYNAMIC PROCESSES",WL-43-1,BASALT,48.8,-87.0,2700.0,ARCHEAN,2700.0,2630.0,2678.0,2726.0,0.002737922,"THE GEOCHEMISTRY OF NEOARCHEAN (CA. 2700 MA) THOLEIITIC BASALTS, TRANSITIONAL TO ALKALINE BASALTS, AND GABBROS, WAWA SUBPROVINCE, CANADA: IMPLICATIONS FOR PETROGENETIC AND GEODYNAMIC PROCESSES",ARCHEAN CRATON (INCLUDING GREENSTONE BELTS),Superior,,48.8,48.8,-87.0,-87.0,,,,WL-43-1,BASALT,2700000000.0,2700000000.0,PALEO,,,,,BASALT,,,,,WR,51.9,1.4,,14.6,,,,12.6,11.6,5.0,0.1,,0.3,1.0,0.15,,,,,,,,,,,,,,,,,,,,,,,,,,,,,,,,,,,,,,,,,,,,38.0,,376.0,94.0,,,45.0,55.0,46.0,51.0,,,,,,12.4,164.0,32.0,93.0,5.3,,,,,,,,,,,,0.9,29.0,8.1,20.3,2.9,13.6,4.0,1.4,4.9,0.9,5.7,1.2,3.6,,3.6,0.5,2.7,0.3,,,,,,,,,0.7,,0.6,0.2,,,,,,,,,,,,,,,,,,,,,,,,,,
Superior,"THE GEOCHEMISTRY OF NEOARCHEAN (CA. 2700 MA) THOLEIITIC BASALTS, TRANSITIONAL TO ALKALINE BASALTS, AND GABBROS, WAWA SUBPROVINCE, CANADA: IMPLICATIONS FOR PETROGENETIC AND GEODYNAMIC PROCESSES",WL95-5,BASALT,48.8,-87.0,2700.0,ARCHEAN,2700.0,2630.0,2678.0,2726.0,0.004098037,"THE GEOCHEMISTRY OF NEOARCHEAN (CA. 2700 MA) THOLEIITIC BASALTS, TRANSITIONAL TO ALKALINE BASALTS, AND GABBROS, WAWA SUBPROVINCE, CANADA: IMPLICATIONS FOR PETROGENETIC AND GEODYNAMIC PROCESSES",ARCHEAN CRATON (INCLUDING GREENSTONE BELTS),Superior,,48.8,48.8,-87.0,-87.0,,,,WL95-5,BASALT,2700000000.0,2700000000.0,PALEO,,,,,BASALT,,,,,WR,46.0,2.3,,13.3,,,,15.66,8.1,9.4,0.2,,0.6,2.1,0.41,,,,,,,,,,,,,,,,,,,,,,,,,,,,,,,,,,,,,,,,,,,,26.0,,231.0,341.0,,,66.0,338.0,74.0,150.0,,,,,,21.7,199.0,29.0,157.0,10.1,,,,,,,,,,,,0.4,84.0,9.3,28.5,4.3,21.7,5.6,2.0,6.2,0.9,5.4,1.1,3.2,,2.8,0.4,3.9,0.5,,,,,,,,,0.8,,0.4,0.3,,,,,,,,,,,,,,,,,,,,,,,,,,
Abitibi,"THE KEY TUFFITE, MATAGAMI CAMP, ABITIBI GREENSTONE BELT, CANADA: PETROGENESIS AND IMPLICATIONS FOR VMS FORMATION AND EXPLORATION",31,basalt,49.75,-77.63,2500.0,ARCHEAN,3850.0,2725.4,2725.65,2725.9,0.002764689,"THE KEY TUFFITE, MATAGAMI CAMP, ABITIBI GREENSTONE BELT, CANADA: PETROGENESIS AND IMPLICATIONS FOR VMS FORMATION AND EXPLORATION",ARCHEAN CRATON (INCLUDING GREENSTONE BELTS),Abitibi,,49.75,49.75,-77.63,-77.63,,,,31,basalt,2500000000.0,3850000000.0,PALEO,,,,,basalt,,,,,WR,49.8196,0.3496,,10.324,,,,22.56,0.1655,2.1134,0.0923,,1.4469,0.2854,0.0983,,,,,,,,,,,,,,,,,,,,,,,,,,,,,,,,,,,,,,,,,,,,,,,,,,,,,,,,,,,,,10.7,81.6,3.61,,,,,,,,,,,,,,15.5,32.7,3.9,14.7,2.7,1.32,2.3,0.3,1.61,0.32,0.885,,0.781,0.121,,,,,,,,,,,,,,,,,,,,,,,,,,,,,,,,,,,,,,,,
Abitibi,"THE KEY TUFFITE, MATAGAMI CAMP, ABITIBI GREENSTONE BELT, CANADA: PETROGENESIS AND IMPLICATIONS FOR VMS FORMATION AND EXPLORATION",79841M,basalt,49.75,-77.63,2500.0,ARCHEAN,3850.0,2725.4,2725.65,2725.9,0.845473588,"THE KEY TUFFITE, MATAGAMI CAMP, ABITIBI GREENSTONE BELT, CANADA: PETROGENESIS AND IMPLICATIONS FOR VMS FORMATION AND EXPLORATION",ARCHEAN CRATON (INCLUDING GREENSTONE BELTS),Abitibi,,49.75,49.75,-77.63,-77.63,,,,79841M,basalt,2500000000.0,3850000000.0,PALEO,,,,,basalt,,,,,WR,50.74,0.45,,12.9,,,,13.05,0.19,13.93,0.14,,0.01,0.09,0.12,,,,,,,,,,,,,,,,,,,,,,,,,,,,,,,,,,,,,,,,,,,,,,,,,,,,,,,,,,,,,8.0,123.0,3.0,,,,,,,,,,,,,,,,,,,,,,,,,,,,,,,,,,,,,,,,,,,,,,,,,,,,,,,,,,,,,,,,,,,
Abitibi,"THE KEY TUFFITE, MATAGAMI CAMP, ABITIBI GREENSTONE BELT, CANADA: PETROGENESIS AND IMPLICATIONS FOR VMS FORMATION AND EXPLORATION",87717M,basalt,49.75,-77.63,2500.0,ARCHEAN,3850.0,2725.4,2725.65,2725.9,0.999666214,"THE KEY TUFFITE, MATAGAMI CAMP, ABITIBI GREENSTONE BELT, CANADA: PETROGENESIS AND IMPLICATIONS FOR VMS FORMATION AND EXPLORATION",ARCHEAN CRATON (INCLUDING GREENSTONE BELTS),Abitibi,,49.75,49.75,-77.63,-77.63,,,,87717M,basalt,2500000000.0,3850000000.0,PALEO,,,,,basalt,,,,,WR,45.19,0.34,,9.27,,,,17.86,0.17,11.95,0.03,,0.01,0.68,0.13,,,,,,,,,,,,,,,,,,,,,,,,,,,,,,,,,,,,,,,,,,,,,,,,,,,,,,,,,,,,,7.0,84.0,2.0,,,,,,,,,,,,,,,,,,,,,,,,,,,,,,,,,,,,,,,,,,,,,,,,,,,,,,,,,,,,,,,,,,,
Abitibi,"THE KEY TUFFITE, MATAGAMI CAMP, ABITIBI GREENSTONE BELT, CANADA: PETROGENESIS AND IMPLICATIONS FOR VMS FORMATION AND EXPLORATION",716464,basalt,49.75,-77.63,2500.0,ARCHEAN,3850.0,2725.4,2725.65,2725.9,0.999326944,"THE KEY TUFFITE, MATAGAMI CAMP, ABITIBI GREENSTONE BELT, CANADA: PETROGENESIS AND IMPLICATIONS FOR VMS FORMATION AND EXPLORATION",ARCHEAN CRATON (INCLUDING GREENSTONE BELTS),Abitibi,,49.75,49.75,-77.63,-77.63,,,,716464,basalt,2500000000.0,3850000000.0,PALEO,,,,,basalt,,,,,WR,50.6858,0.6289,,16.834,,,,10.46,0.1914,1.386,0.037,,5.2424,0.1598,0.137,,,,,,,,,,,,,,,,,,,,,,,,,,,,,,,,,,,,,,,,,,,,,,,,,,,,,,,,,,,,,21.3252,167.166,6.2494,,,,,,,,,,,,,,13.0787,29.3733,3.6553,14.7067,3.1194,1.0334,3.0527,0.4874,3.1455,0.694,1.8947,,1.6976,0.2526,,,,,,,,,,,,,,,,,,,,,,,,,,,,,,,,,,,,,,,,
Abitibi,"THE KEY TUFFITE, MATAGAMI CAMP, ABITIBI GREENSTONE BELT, CANADA: PETROGENESIS AND IMPLICATIONS FOR VMS FORMATION AND EXPLORATION",972167,basalt,49.75,-77.63,2500.0,ARCHEAN,3850.0,2725.4,2725.65,2725.9,0.012187156,"THE KEY TUFFITE, MATAGAMI CAMP, ABITIBI GREENSTONE BELT, CANADA: PETROGENESIS AND IMPLICATIONS FOR VMS FORMATION AND EXPLORATION",ARCHEAN CRATON (INCLUDING GREENSTONE BELTS),Abitibi,,49.75,49.75,-77.63,-77.63,,,,972167,basalt,2500000000.0,3850000000.0,PALEO,,,,,basalt,,,,,WR,52.025,0.4355,,11.8729,,,,22.22,0.1348,4.3345,0.2262,,0.1575,0.02,0.091,,,,,,,,,,,,,,,,,,,,,,,,,,,,,,,,,,,,,,,,,,,,,,,,,,,,,,,,,,,,,21.6886,106.379,4.3044,,,,,,,,,,,,,,9.1191,19.2962,2.5877,7.8045,2.3904,0.7808,2.6427,0.2797,2.0484,0.4176,1.5032,,1.418,0.2434,,,,,,,,,,,,,,,,,,,,,,,,,,,,,,,,,,,,,,,,
Abitibi,"THE KEY TUFFITE, MATAGAMI CAMP, ABITIBI GREENSTONE BELT, CANADA: PETROGENESIS AND IMPLICATIONS FOR VMS FORMATION AND EXPLORATION",85235M,basalt,49.75,-77.63,2500.0,ARCHEAN,3850.0,2725.4,2725.65,2725.9,0.005754424,"THE KEY TUFFITE, MATAGAMI CAMP, ABITIBI GREENSTONE BELT, CANADA: PETROGENESIS AND IMPLICATIONS FOR VMS FORMATION AND EXPLORATION",ARCHEAN CRATON (INCLUDING GREENSTONE BELTS),Abitibi,,49.75,49.75,-77.63,-77.63,,,,85235M,basalt,2500000000.0,3850000000.0,PALEO,,,,,basalt,,,,,WR,51.23,0.83,,13.78,,,,6.6,6.48,6.46,0.11,,0.05,3.81,0.52,,,,,,,,,,,,,,,,,,,,,,,,,,,,,,,,,,,,,,,,,,,,,,,,,,,,,,,,,,,,,7.0,156.0,10.0,,,,,,,,,,,,,,,,,,,,,,,,,,,,,,,,,,,,,,,,,,,,,,,,,,,,,,,,,,,,,,,,,,,
Abitibi,"THE KEY TUFFITE, MATAGAMI CAMP, ABITIBI GREENSTONE BELT, CANADA: PETROGENESIS AND IMPLICATIONS FOR VMS FORMATION AND EXPLORATION",969353,basalt,49.75,-77.63,2500.0,ARCHEAN,3850.0,2725.4,2725.65,2725.9,0.997539163,"THE KEY TUFFITE, MATAGAMI CAMP, ABITIBI GREENSTONE BELT, CANADA: PETROGENESIS AND IMPLICATIONS FOR VMS FORMATION AND EXPLORATION",ARCHEAN CRATON (INCLUDING GREENSTONE BELTS),Abitibi,,49.75,49.75,-77.63,-77.63,,,,969353,basalt,2500000000.0,3850000000.0,PALEO,,,,,basalt,,,,,WR,53.4434,0.4181,,16.5273,,,,7.18,0.01,14.0922,0.0477,,0.5063,0.073,0.015,,,,,,,,,,,,,,,,,,,,,,,,,,,,,,,,,,,,,,,,,,,,,,,,,,,,,,,,,,,,,5.9,84.2,2.63,,,,,,,,,,,,,,6.5,11.9,1.35,5.06,0.96,0.43,0.92,0.14,0.88,0.2,0.591,,0.66,0.105,,,,,,,,,,,,,,,,,,,,,,,,,,,,,,,,,,,,,,,,
Abitibi,"THE KEY TUFFITE, MATAGAMI CAMP, ABITIBI GREENSTONE BELT, CANADA: PETROGENESIS AND IMPLICATIONS FOR VMS FORMATION AND EXPLORATION",972227,basalt,49.75,-77.63,2500.0,ARCHEAN,3850.0,2725.4,2725.65,2725.9,0.818194032,"THE KEY TUFFITE, MATAGAMI CAMP, ABITIBI GREENSTONE BELT, CANADA: PETROGENESIS AND IMPLICATIONS FOR VMS FORMATION AND EXPLORATION",ARCHEAN CRATON (INCLUDING GREENSTONE BELTS),Abitibi,,49.75,49.75,-77.63,-77.63,,,,972227,basalt,2500000000.0,3850000000.0,PALEO,,,,,basalt,,,,,WR,51.5715,0.6831,,15.4899,,,,9.69,0.1296,14.8389,0.0646,,0.035,0.03,0.0946,,,,,,,,,,,,,,,,,,,,,,,,,,,,,,,,,,,,,,,,,,,,,,,,,,,,,,,,,,,,,15.5,158.0,7.35,,,,,,,,,,,,,,20.6,46.1,5.65,23.7,4.81,1.34,3.9,0.47,2.68,0.53,1.57,,1.6,0.24,,,,,,,,,,,,,,,,,,,,,,,,,,,,,,,,,,,,,,,,
Abitibi,"THE KEY TUFFITE, MATAGAMI CAMP, ABITIBI GREENSTONE BELT, CANADA: PETROGENESIS AND IMPLICATIONS FOR VMS FORMATION AND EXPLORATION",47,basalt,49.75,-77.63,2500.0,ARCHEAN,3850.0,2725.4,2725.65,2725.9,0.570243239,"THE KEY TUFFITE, MATAGAMI CAMP, ABITIBI GREENSTONE BELT, CANADA: PETROGENESIS AND IMPLICATIONS FOR VMS FORMATION AND EXPLORATION",ARCHEAN CRATON (INCLUDING GREENSTONE BELTS),Abitibi,,49.75,49.75,-77.63,-77.63,,,,47,basalt,2500000000.0,3850000000.0,PALEO,,,,,basalt,,,,,WR,47.6728,0.2516,,7.6594,,,,20.46,1.4846,2.9106,0.0553,,1.1361,0.0446,0.0536,,,,,,,,,,,,,,,,,,,,,,,,,,,,,,,,,,,,,,,,,,,,,,,,,,,,,,,,,,,,,8.4,61.9,1.98,,,,,,,,,,,,,,9.0,19.4,2.4,9.6,2.1,0.46,1.85,0.24,1.26,0.26,0.702,,0.653,0.106,,,,,,,,,,,,,,,,,,,,,,,,,,,,,,,,,,,,,,,,
Abitibi,"THE KEY TUFFITE, MATAGAMI CAMP, ABITIBI GREENSTONE BELT, CANADA: PETROGENESIS AND IMPLICATIONS FOR VMS FORMATION AND EXPLORATION",716496,basalt,49.75,-77.63,2500.0,ARCHEAN,3850.0,2725.4,2725.65,2725.9,0.683238149,"THE KEY TUFFITE, MATAGAMI CAMP, ABITIBI GREENSTONE BELT, CANADA: PETROGENESIS AND IMPLICATIONS FOR VMS FORMATION AND EXPLORATION",ARCHEAN CRATON (INCLUDING GREENSTONE BELTS),Abitibi,,49.75,49.75,-77.63,-77.63,,,,716496,basalt,2500000000.0,3850000000.0,PALEO,,,,,basalt,,,,,WR,52.567,0.52,,12.705,,,,13.56,0.2185,1.232,0.0194,,3.508,0.112,0.166,,,,,,,,,,,,,,,,,,,,,,,,,,,,,,,,,,,,,,,,,,,,,,,,,,,,,,,,,,,,,10.6739,137.462,4.6787,,,,,,,,,,,,,,15.5027,34.3709,4.2112,16.445,3.4845,1.3961,2.6377,0.3305,1.7376,0.368,1.0081,,0.9898,0.1535,,,,,,,,,,,,,,,,,,,,,,,,,,,,,,,,,,,,,,,,
Abitibi,"THE KEY TUFFITE, MATAGAMI CAMP, ABITIBI GREENSTONE BELT, CANADA: PETROGENESIS AND IMPLICATIONS FOR VMS FORMATION AND EXPLORATION",35,basalt,49.75,-77.63,2500.0,ARCHEAN,3850.0,2725.4,2725.65,2725.9,0.840008914,"THE KEY TUFFITE, MATAGAMI CAMP, ABITIBI GREENSTONE BELT, CANADA: PETROGENESIS AND IMPLICATIONS FOR VMS FORMATION AND EXPLORATION",ARCHEAN CRATON (INCLUDING GREENSTONE BELTS),Abitibi,,49.75,49.75,-77.63,-77.63,,,,35,basalt,2500000000.0,3850000000.0,PALEO,,,,,basalt,,,,,WR,48.915,0.2352,,6.1423,,,,26.33,0.1712,2.6161,0.6295,,0.02,0.01,0.0541,,,,,,,,,,,,,,,,,,,,,,,,,,,,,,,,,,,,,,,,,,,,,,,,,,,,,,,,,,,,,15.4,60.3,2.59,,,,,,,,,,,,,,7.0,15.8,2.1,9.3,2.4,0.88,2.46,0.39,2.25,0.48,1.34,,1.2,0.177,,,,,,,,,,,,,,,,,,,,,,,,,,,,,,,,,,,,,,,,
Superior,"THE LATE ARCHEAN SCHREIBER-HEMLO AND WHITE RIVER-DAYOHESSARAH GREENSTONE BELTS, SUPERIOR PROVINCE: COLLAGES OF OCEANIC PLATEAUS, OCEANIC ARCS, AND SUBDUCTION-ACCRETION COMPLEXES",SC-23,Basalt,48.8,-87.27,2700.0,ARCHEAN,2700.0,2688.0,2719.0,2750.0,0.980728686,"THE LATE ARCHEAN SCHREIBER-HEMLO AND WHITE RIVER-DAYOHESSARAH GREENSTONE BELTS, SUPERIOR PROVINCE: COLLAGES OF OCEANIC PLATEAUS, OCEANIC ARCS, AND SUBDUCTION-ACCRETION COMPLEXES",ARCHEAN CRATON (INCLUDING GREENSTONE BELTS),Superior,,48.8,48.8,-87.27,-87.27,,,,SC-23,Basalt,2700000000.0,2700000000.0,PALEO,,,,,Basalt,,,,,WR,50.0,0.9,,15.7,,,,9.63,11.4,4.0,0.3,,0.16,2.7,0.07,,,,,,,,,,,,,,,,,,,,,,,,,,,,,,,,,,,,,,,,,,,,43.0,,273.0,434.0,,,48.0,152.0,,,,,,,,7.0,135.0,22.0,55.0,3.0,,,,,,,,,,,,0.4,57.0,3.0,8.3,1.3,6.3,2.3,0.8,2.9,0.5,3.3,0.7,2.3,,2.1,0.32,1.5,0.2,,,,,,,,,,,0.3,0.13,,,,,,,,,,,,,,,,,,,,,,,,,,
Superior,"THE LATE ARCHEAN SCHREIBER-HEMLO AND WHITE RIVER-DAYOHESSARAH GREENSTONE BELTS, SUPERIOR PROVINCE: COLLAGES OF OCEANIC PLATEAUS, OCEANIC ARCS, AND SUBDUCTION-ACCRETION COMPLEXES",SC21-2,Basalt,48.8,-87.27,2700.0,ARCHEAN,2700.0,2688.0,2719.0,2750.0,0.130540967,"THE LATE ARCHEAN SCHREIBER-HEMLO AND WHITE RIVER-DAYOHESSARAH GREENSTONE BELTS, SUPERIOR PROVINCE: COLLAGES OF OCEANIC PLATEAUS, OCEANIC ARCS, AND SUBDUCTION-ACCRETION COMPLEXES",ARCHEAN CRATON (INCLUDING GREENSTONE BELTS),Superior,,48.8,48.8,-87.27,-87.27,,,,SC21-2,Basalt,2700000000.0,2700000000.0,PALEO,,,,,Basalt,,,,,WR,52.3,1.1,,14.8,,,,9.27,9.9,5.2,0.2,,0.08,2.2,0.12,,,,,,,,,,,,,,,,,,,,,,,,,,,,,,,,,,,,,,,,,,,,43.0,,282.0,467.0,,,50.0,125.0,,,,,,,,3.0,104.0,29.0,85.0,5.2,,,,,,,,,,,,0.2,31.0,5.2,14.3,2.1,10.2,3.5,1.0,4.5,0.7,5.2,1.0,3.1,,3.0,0.44,2.4,0.3,,,,,,,,,,,0.6,0.14,,,,,,,,,,,,,,,,,,,,,,,,,,
Superior,"THE LATE ARCHEAN SCHREIBER-HEMLO AND WHITE RIVER-DAYOHESSARAH GREENSTONE BELTS, SUPERIOR PROVINCE: COLLAGES OF OCEANIC PLATEAUS, OCEANIC ARCS, AND SUBDUCTION-ACCRETION COMPLEXES",SC95-119,Basalt,48.8,-87.27,2700.0,ARCHEAN,2700.0,2688.0,2719.0,2750.0,0.000843946,"THE LATE ARCHEAN SCHREIBER-HEMLO AND WHITE RIVER-DAYOHESSARAH GREENSTONE BELTS, SUPERIOR PROVINCE: COLLAGES OF OCEANIC PLATEAUS, OCEANIC ARCS, AND SUBDUCTION-ACCRETION COMPLEXES",ARCHEAN CRATON (INCLUDING GREENSTONE BELTS),Superior,,48.8,48.8,-87.27,-87.27,,,,SC95-119,Basalt,2700000000.0,2700000000.0,PALEO,,,,,Basalt,,,,,WR,53.6,2.4,,12.3,,,,14.94,5.3,3.9,0.1,,0.41,4.9,0.32,,,,,,,,,,,,,,,,,,,,,,,,,,,,,,,,,,,,,,,,,,,,44.0,,342.0,27.0,,,48.0,29.0,,,,,,,,15.0,64.0,65.0,238.0,13.0,,,,,,,,,,,,5.5,187.0,14.1,39.3,5.5,28.1,8.5,2.5,10.5,1.8,12.0,2.5,7.2,,7.0,1.06,6.2,0.7,,,,,,,,,,,1.5,0.35,,,,,,,,,,,,,,,,,,,,,,,,,,
Superior,"THE LATE ARCHEAN SCHREIBER-HEMLO AND WHITE RIVER-DAYOHESSARAH GREENSTONE BELTS, SUPERIOR PROVINCE: COLLAGES OF OCEANIC PLATEAUS, OCEANIC ARCS, AND SUBDUCTION-ACCRETION COMPLEXES",SC95-91,Basalt,48.8,-87.27,2700.0,ARCHEAN,2700.0,2688.0,2719.0,2750.0,0.033509742,"THE LATE ARCHEAN SCHREIBER-HEMLO AND WHITE RIVER-DAYOHESSARAH GREENSTONE BELTS, SUPERIOR PROVINCE: COLLAGES OF OCEANIC PLATEAUS, OCEANIC ARCS, AND SUBDUCTION-ACCRETION COMPLEXES",ARCHEAN CRATON (INCLUDING GREENSTONE BELTS),Superior,,48.8,48.8,-87.27,-87.27,,,,SC95-91,Basalt,2700000000.0,2700000000.0,PALEO,,,,,Basalt,,,,,WR,49.6,0.9,,15.5,,,,11.34,10.3,8.0,0.2,,0.41,2.4,0.06,,,,,,,,,,,,,,,,,,,,,,,,,,,,,,,,,,,,,,,,,,,,40.0,,285.0,384.0,,,51.0,147.0,,,,,,,,19.0,219.0,17.0,50.0,2.7,,,,,,,,,,,,1.6,78.0,2.7,7.8,1.1,5.7,2.0,0.8,2.5,0.4,3.0,0.7,1.9,,1.9,0.28,1.4,0.2,,,,,,,,,,,0.3,0.09,,,,,,,,,,,,,,,,,,,,,,,,,,
Superior,"THE LATE ARCHEAN SCHREIBER-HEMLO AND WHITE RIVER-DAYOHESSARAH GREENSTONE BELTS, SUPERIOR PROVINCE: COLLAGES OF OCEANIC PLATEAUS, OCEANIC ARCS, AND SUBDUCTION-ACCRETION COMPLEXES",SC95-126,Basalt,48.8,-87.27,2700.0,ARCHEAN,2700.0,2688.0,2719.0,2750.0,0.171938613,"THE LATE ARCHEAN SCHREIBER-HEMLO AND WHITE RIVER-DAYOHESSARAH GREENSTONE BELTS, SUPERIOR PROVINCE: COLLAGES OF OCEANIC PLATEAUS, OCEANIC ARCS, AND SUBDUCTION-ACCRETION COMPLEXES",ARCHEAN CRATON (INCLUDING GREENSTONE BELTS),Superior,,48.8,48.8,-87.27,-87.27,,,,SC95-126,Basalt,2700000000.0,2700000000.0,PALEO,,,,,Basalt,,,,,WR,50.3,1.9,,14.4,,,,14.13,8.5,5.0,0.2,,0.21,3.5,0.21,,,,,,,,,,,,,,,,,,,,,,,,,,,,,,,,,,,,,,,,,,,,43.0,,302.0,151.0,,,48.0,39.0,,,,,,,,7.0,138.0,36.0,132.0,7.1,,,,,,,,,,,,1.0,34.0,7.3,20.1,3.0,15.2,4.6,1.6,5.4,0.9,6.0,1.3,3.7,,3.7,0.54,3.3,0.4,,,,,,,,,,,0.6,0.19,,,,,,,,,,,,,,,,,,,,,,,,,,
Superior,"THE LATE ARCHEAN SCHREIBER-HEMLO AND WHITE RIVER-DAYOHESSARAH GREENSTONE BELTS, SUPERIOR PROVINCE: COLLAGES OF OCEANIC PLATEAUS, OCEANIC ARCS, AND SUBDUCTION-ACCRETION COMPLEXES",HB96-16,Basalt,48.65,-86.28,2700.0,ARCHEAN,2700.0,2688.0,2719.0,2750.0,0.031136176,"THE LATE ARCHEAN SCHREIBER-HEMLO AND WHITE RIVER-DAYOHESSARAH GREENSTONE BELTS, SUPERIOR PROVINCE: COLLAGES OF OCEANIC PLATEAUS, OCEANIC ARCS, AND SUBDUCTION-ACCRETION COMPLEXES",ARCHEAN CRATON (INCLUDING GREENSTONE BELTS),Superior,,48.65,48.65,-86.28,-86.28,,,,HB96-16,Basalt,2700000000.0,2700000000.0,PALEO,,,,,Basalt,,,,,WR,52.3,1.2,,13.5,,,,11.88,11.0,6.3,0.2,,0.17,1.9,0.12,,,,,,,,,,,,,,,,,,,,,,,,,,,,,,,,,,,,,,,,,,,,37.0,,250.0,96.0,,,51.0,53.0,,,,,,,,3.0,111.0,29.0,91.0,4.7,,,,,,,,,,,,0.0,32.0,5.1,13.7,2.1,10.0,3.3,1.1,4.6,0.8,5.3,1.2,3.3,,3.3,0.47,2.6,0.3,,,,,,,,,,,0.6,0.13,,,,,,,,,,,,,,,,,,,,,,,,,,
Superior,"THE LATE ARCHEAN SCHREIBER-HEMLO AND WHITE RIVER-DAYOHESSARAH GREENSTONE BELTS, SUPERIOR PROVINCE: COLLAGES OF OCEANIC PLATEAUS, OCEANIC ARCS, AND SUBDUCTION-ACCRETION COMPLEXES",HB96-2,Basalt,48.65,-86.28,2700.0,ARCHEAN,2700.0,2688.0,2719.0,2750.0,0.000200464,"THE LATE ARCHEAN SCHREIBER-HEMLO AND WHITE RIVER-DAYOHESSARAH GREENSTONE BELTS, SUPERIOR PROVINCE: COLLAGES OF OCEANIC PLATEAUS, OCEANIC ARCS, AND SUBDUCTION-ACCRETION COMPLEXES",ARCHEAN CRATON (INCLUDING GREENSTONE BELTS),Superior,,48.65,48.65,-86.28,-86.28,,,,HB96-2,Basalt,2700000000.0,2700000000.0,PALEO,,,,,Basalt,,,,,WR,51.4,0.7,,14.7,,,,10.08,10.0,9.8,0.1,,0.12,1.9,0.06,,,,,,,,,,,,,,,,,,,,,,,,,,,,,,,,,,,,,,,,,,,,28.0,,185.0,267.0,,,41.0,119.0,,,,,,,,3.0,110.0,15.0,44.0,2.3,,,,,,,,,,,,0.0,25.0,2.6,6.8,1.0,5.1,1.7,0.6,2.2,0.4,2.6,0.6,1.6,,1.4,0.2,1.3,0.1,,,,,,,,,,,0.3,0.06,,,,,,,,,,,,,,,,,,,,,,,,,,
Superior,"THE LATE ARCHEAN SCHREIBER-HEMLO AND WHITE RIVER-DAYOHESSARAH GREENSTONE BELTS, SUPERIOR PROVINCE: COLLAGES OF OCEANIC PLATEAUS, OCEANIC ARCS, AND SUBDUCTION-ACCRETION COMPLEXES",HB96-4,Basalt,48.65,-86.28,2700.0,ARCHEAN,2700.0,2688.0,2719.0,2750.0,0.020420764,"THE LATE ARCHEAN SCHREIBER-HEMLO AND WHITE RIVER-DAYOHESSARAH GREENSTONE BELTS, SUPERIOR PROVINCE: COLLAGES OF OCEANIC PLATEAUS, OCEANIC ARCS, AND SUBDUCTION-ACCRETION COMPLEXES",ARCHEAN CRATON (INCLUDING GREENSTONE BELTS),Superior,,48.65,48.65,-86.28,-86.28,,,,HB96-4,Basalt,2700000000.0,2700000000.0,PALEO,,,,,Basalt,,,,,WR,48.7,0.8,,16.4,,,,11.25,11.8,7.5,0.2,,0.1,2.0,0.06,,,,,,,,,,,,,,,,,,,,,,,,,,,,,,,,,,,,,,,,,,,,31.0,,197.0,284.0,,,48.0,124.0,,,,,,,,0.0,137.0,17.0,48.0,2.5,,,,,,,,,,,,0.0,26.0,2.7,7.5,1.2,6.0,1.8,0.7,2.5,0.5,3.2,0.7,2.0,,1.8,0.25,1.3,0.2,,,,,,,,,,,0.3,0.07,,,,,,,,,,,,,,,,,,,,,,,,,,
Superior,"THE LATE ARCHEAN SCHREIBER-HEMLO AND WHITE RIVER-DAYOHESSARAH GREENSTONE BELTS, SUPERIOR PROVINCE: COLLAGES OF OCEANIC PLATEAUS, OCEANIC ARCS, AND SUBDUCTION-ACCRETION COMPLEXES",HB4-1,Basalt,48.65,-86.28,2700.0,ARCHEAN,2700.0,2688.0,2719.0,2750.0,0.010257603,"THE LATE ARCHEAN SCHREIBER-HEMLO AND WHITE RIVER-DAYOHESSARAH GREENSTONE BELTS, SUPERIOR PROVINCE: COLLAGES OF OCEANIC PLATEAUS, OCEANIC ARCS, AND SUBDUCTION-ACCRETION COMPLEXES",ARCHEAN CRATON (INCLUDING GREENSTONE BELTS),Superior,,48.65,48.65,-86.28,-86.28,,,,HB4-1,Basalt,2700000000.0,2700000000.0,PALEO,,,,,Basalt,,,,,WR,47.5,0.8,,15.3,,,,11.25,12.6,7.0,0.2,,0.1,1.5,0.06,,,,,,,,,,,,,,,,,,,,,,,,,,,,,,,,,,,,,,,,,,,,41.0,,263.0,459.0,,,60.0,148.0,,,,,,,,0.67,131.0,19.0,54.0,2.7,,,,,,,,,,,,0.0,25.0,2.9,7.9,1.2,5.9,2.0,0.8,2.6,0.5,3.2,0.7,2.0,,1.9,0.29,1.5,0.2,,,,,,,,,,,0.3,0.03,,,,,,,,,,,,,,,,,,,,,,,,,,
Superior,"THE LATE ARCHEAN SCHREIBER-HEMLO AND WHITE RIVER-DAYOHESSARAH GREENSTONE BELTS, SUPERIOR PROVINCE: COLLAGES OF OCEANIC PLATEAUS, OCEANIC ARCS, AND SUBDUCTION-ACCRETION COMPLEXES",HB4-2,Basalt,48.65,-86.28,2700.0,ARCHEAN,2700.0,2688.0,2719.0,2750.0,0.003178996,"THE LATE ARCHEAN SCHREIBER-HEMLO AND WHITE RIVER-DAYOHESSARAH GREENSTONE BELTS, SUPERIOR PROVINCE: COLLAGES OF OCEANIC PLATEAUS, OCEANIC ARCS, AND SUBDUCTION-ACCRETION COMPLEXES",ARCHEAN CRATON (INCLUDING GREENSTONE BELTS),Superior,,48.65,48.65,-86.28,-86.28,,,,HB4-2,Basalt,2700000000.0,2700000000.0,PALEO,,,,,Basalt,,,,,WR,48.7,0.8,,15.1,,,,10.98,12.2,7.4,0.2,,0.18,1.6,0.07,,,,,,,,,,,,,,,,,,,,,,,,,,,,,,,,,,,,,,,,,,,,43.0,,266.0,435.0,,,51.0,147.0,,,,,,,,2.56,218.0,20.0,53.0,3.0,,,,,,,,,,,,0.1,52.0,3.0,8.4,1.2,5.7,2.1,0.8,2.6,0.4,3.1,0.7,2.1,,2.0,0.28,1.5,0.2,,,,,,,,,,,0.4,0.02,,,,,,,,,,,,,,,,,,,,,,,,,,
Superior,"THE LATE ARCHEAN SCHREIBER-HEMLO AND WHITE RIVER-DAYOHESSARAH GREENSTONE BELTS, SUPERIOR PROVINCE: COLLAGES OF OCEANIC PLATEAUS, OCEANIC ARCS, AND SUBDUCTION-ACCRETION COMPLEXES",WR95-8,Basalt,48.5,-85.5,2700.0,ARCHEAN,2700.0,2688.0,2719.0,2750.0,0.013503452,"THE LATE ARCHEAN SCHREIBER-HEMLO AND WHITE RIVER-DAYOHESSARAH GREENSTONE BELTS, SUPERIOR PROVINCE: COLLAGES OF OCEANIC PLATEAUS, OCEANIC ARCS, AND SUBDUCTION-ACCRETION COMPLEXES",ARCHEAN CRATON (INCLUDING GREENSTONE BELTS),Superior,,48.5,48.5,-85.5,-85.5,,,,WR95-8,Basalt,2700000000.0,2700000000.0,PALEO,,,,,Basalt,,,,,WR,52.8,1.1,,15.5,,,,10.17,9.8,5.1,0.2,,0.75,3.3,0.07,,,,,,,,,,,,,,,,,,,,,,,,,,,,,,,,,,,,,,,,,,,,52.0,,379.0,357.0,,,63.0,98.0,,,,,,,,23.0,182.0,22.0,58.0,3.7,,,,,,,,,,,,1.2,174.0,3.3,9.5,1.5,7.5,2.5,0.9,3.6,0.6,4.0,0.9,2.4,,2.5,0.35,1.8,0.2,,,,,,,,,,,0.3,0.14,,,,,,,,,,,,,,,,,,,,,,,,,,
Superior,"THE LATE ARCHEAN SCHREIBER-HEMLO AND WHITE RIVER-DAYOHESSARAH GREENSTONE BELTS, SUPERIOR PROVINCE: COLLAGES OF OCEANIC PLATEAUS, OCEANIC ARCS, AND SUBDUCTION-ACCRETION COMPLEXES",DH95-4,Basalt,48.8,-85.0,2700.0,ARCHEAN,2700.0,2688.0,2719.0,2750.0,0.165815443,"THE LATE ARCHEAN SCHREIBER-HEMLO AND WHITE RIVER-DAYOHESSARAH GREENSTONE BELTS, SUPERIOR PROVINCE: COLLAGES OF OCEANIC PLATEAUS, OCEANIC ARCS, AND SUBDUCTION-ACCRETION COMPLEXES",ARCHEAN CRATON (INCLUDING GREENSTONE BELTS),Superior,,48.8,48.8,-85.0,-85.0,,,,DH95-4,Basalt,2700000000.0,2700000000.0,PALEO,,,,,Basalt,,,,,WR,49.5,1.2,,15.3,,,,13.23,10.7,6.2,0.2,,0.15,2.1,0.08,,,,,,,,,,,,,,,,,,,,,,,,,,,,,,,,,,,,,,,,,,,,41.0,,325.0,194.0,,,,76.0,,,,,,,,5.0,119.0,27.0,68.0,4.2,,,,,,,,,,,,0.7,22.0,3.7,10.4,1.6,8.9,3.1,1.1,4.2,0.7,4.9,1.1,3.1,,3.2,0.51,2.1,0.2,,,,,,,,,,,0.4,0.11,,,,,,,,,,,,,,,,,,,,,,,,,,
Superior,"THE LATE ARCHEAN SCHREIBER-HEMLO AND WHITE RIVER-DAYOHESSARAH GREENSTONE BELTS, SUPERIOR PROVINCE: COLLAGES OF OCEANIC PLATEAUS, OCEANIC ARCS, AND SUBDUCTION-ACCRETION COMPLEXES",HE96-4,Basalt,48.5,-85.5,2700.0,ARCHEAN,2700.0,2688.0,2719.0,2750.0,0.001279119,"THE LATE ARCHEAN SCHREIBER-HEMLO AND WHITE RIVER-DAYOHESSARAH GREENSTONE BELTS, SUPERIOR PROVINCE: COLLAGES OF OCEANIC PLATEAUS, OCEANIC ARCS, AND SUBDUCTION-ACCRETION COMPLEXES",ARCHEAN CRATON (INCLUDING GREENSTONE BELTS),Superior,,48.5,48.5,-85.5,-85.5,,,,HE96-4,Basalt,2700000000.0,2700000000.0,PALEO,,,,,Basalt,,,,,WR,52.1,1.6,,14.4,,,,11.88,8.8,6.5,0.2,,0.52,2.5,0.17,,,,,,,,,,,,,,,,,,,,,,,,,,,,,,,,,,,,,,,,,,,,37.0,,304.0,157.0,,,,77.0,,,,,,,,25.0,240.0,35.0,109.0,6.7,,,,,,,,,,,,3.6,173.0,7.1,19.4,2.9,14.6,4.3,1.4,5.5,0.9,6.4,1.3,3.9,,3.8,0.52,3.9,0.4,,,,,,,,,,,0.7,0.18,,,,,,,,,,,,,,,,,,,,,,,,,,
Superior,"THE LATE ARCHEAN SCHREIBER-HEMLO AND WHITE RIVER-DAYOHESSARAH GREENSTONE BELTS, SUPERIOR PROVINCE: COLLAGES OF OCEANIC PLATEAUS, OCEANIC ARCS, AND SUBDUCTION-ACCRETION COMPLEXES",DH96-6,Basalt,48.8,-85.0,2700.0,ARCHEAN,2700.0,2688.0,2719.0,2750.0,0.017195903,"THE LATE ARCHEAN SCHREIBER-HEMLO AND WHITE RIVER-DAYOHESSARAH GREENSTONE BELTS, SUPERIOR PROVINCE: COLLAGES OF OCEANIC PLATEAUS, OCEANIC ARCS, AND SUBDUCTION-ACCRETION COMPLEXES",ARCHEAN CRATON (INCLUDING GREENSTONE BELTS),Superior,,48.8,48.8,-85.0,-85.0,,,,DH96-6,Basalt,2700000000.0,2700000000.0,PALEO,,,,,Basalt,,,,,WR,48.4,1.0,,14.5,,,,13.86,9.7,7.4,0.2,,0.61,2.6,0.07,,,,,,,,,,,,,,,,,,,,,,,,,,,,,,,,,,,,,,,,,,,,53.0,,335.0,159.0,,,,64.0,,,,,,,,43.0,99.0,21.0,65.0,3.0,,,,,,,,,,,,2.0,97.0,3.8,10.4,1.5,7.9,2.5,0.8,3.2,0.6,3.8,0.9,2.5,,2.4,0.36,1.9,0.2,,,,,,,,,,,0.3,0.0,,,,,,,,,,,,,,,,,,,,,,,,,,
Superior,"THE LATE ARCHEAN SCHREIBER-HEMLO AND WHITE RIVER-DAYOHESSARAH GREENSTONE BELTS, SUPERIOR PROVINCE: COLLAGES OF OCEANIC PLATEAUS, OCEANIC ARCS, AND SUBDUCTION-ACCRETION COMPLEXES",DH96-8,Basalt,48.8,-85.0,2700.0,ARCHEAN,2700.0,2688.0,2719.0,2750.0,0.004831773,"THE LATE ARCHEAN SCHREIBER-HEMLO AND WHITE RIVER-DAYOHESSARAH GREENSTONE BELTS, SUPERIOR PROVINCE: COLLAGES OF OCEANIC PLATEAUS, OCEANIC ARCS, AND SUBDUCTION-ACCRETION COMPLEXES",ARCHEAN CRATON (INCLUDING GREENSTONE BELTS),Superior,,48.8,48.8,-85.0,-85.0,,,,DH96-8,Basalt,2700000000.0,2700000000.0,PALEO,,,,,Basalt,,,,,WR,49.5,0.8,,15.5,,,,10.8,11.6,8.3,0.2,,0.06,2.0,0.06,,,,,,,,,,,,,,,,,,,,,,,,,,,,,,,,,,,,,,,,,,,,45.0,,300.0,341.0,,,,143.0,,,,,,,,1.0,198.0,19.0,48.0,2.6,,,,,,,,,,,,0.2,41.0,2.8,7.5,1.1,5.7,1.9,0.7,2.5,0.5,3.1,0.7,2.0,,1.9,0.29,1.3,0.2,,,,,,,,,,,0.3,0.06,,,,,,,,,,,,,,,,,,,,,,,,,,
Superior,"THE LATE ARCHEAN SCHREIBER-HEMLO AND WHITE RIVER-DAYOHESSARAH GREENSTONE BELTS, SUPERIOR PROVINCE: COLLAGES OF OCEANIC PLATEAUS, OCEANIC ARCS, AND SUBDUCTION-ACCRETION COMPLEXES",SC95-87,Basalt,48.8,-87.27,2700.0,ARCHEAN,2700.0,2688.0,2719.0,2750.0,0.019198922,"THE LATE ARCHEAN SCHREIBER-HEMLO AND WHITE RIVER-DAYOHESSARAH GREENSTONE BELTS, SUPERIOR PROVINCE: COLLAGES OF OCEANIC PLATEAUS, OCEANIC ARCS, AND SUBDUCTION-ACCRETION COMPLEXES",ARCHEAN CRATON (INCLUDING GREENSTONE BELTS),Superior,,48.8,48.8,-87.27,-87.27,,,,SC95-87,Basalt,2700000000.0,2700000000.0,PALEO,,,,,Basalt,,,,,WR,47.8,2.1,,13.9,,,,13.77,6.8,5.1,0.2,,1.2,1.9,0.3,,,,,,,,,,,,,,,,,,,,,,,,,,,,,,,,,,,,,,,,,,,,35.0,,366.0,21.0,,,40.0,22.0,,,,,,,,26.0,282.0,26.0,127.0,7.4,,,,,,,,,,,,2.1,282.0,11.3,30.1,4.0,18.3,4.6,1.4,4.9,0.8,4.8,1.0,2.8,,2.5,0.36,3.1,0.4,,,,,,,,,,,1.4,0.31,,,,,,,,,,,,,,,,,,,,,,,,,,
Superior,"THE LATE ARCHEAN SCHREIBER-HEMLO AND WHITE RIVER-DAYOHESSARAH GREENSTONE BELTS, SUPERIOR PROVINCE: COLLAGES OF OCEANIC PLATEAUS, OCEANIC ARCS, AND SUBDUCTION-ACCRETION COMPLEXES",SC95-24,Basalt,48.8,-87.27,2700.0,ARCHEAN,2700.0,2688.0,2719.0,2750.0,0.012998522,"THE LATE ARCHEAN SCHREIBER-HEMLO AND WHITE RIVER-DAYOHESSARAH GREENSTONE BELTS, SUPERIOR PROVINCE: COLLAGES OF OCEANIC PLATEAUS, OCEANIC ARCS, AND SUBDUCTION-ACCRETION COMPLEXES",ARCHEAN CRATON (INCLUDING GREENSTONE BELTS),Superior,,48.8,48.8,-87.27,-87.27,,,,SC95-24,Basalt,2700000000.0,2700000000.0,PALEO,,,,,Basalt,,,,,WR,52.8,1.5,,15.0,,,,10.89,9.2,3.5,0.2,,0.7,2.7,0.2,,,,,,,,,,,,,,,,,,,,,,,,,,,,,,,,,,,,,,,,,,,,20.0,,200.0,63.0,,,33.0,52.0,,,,,,,,29.0,303.0,19.0,121.0,3.0,,,,,,,,,,,,1.3,131.0,8.9,20.9,2.9,12.1,2.9,1.1,3.4,0.5,3.2,0.6,1.9,,1.9,0.29,2.8,0.3,,,,,,,,,,,1.0,0.22,,,,,,,,,,,,,,,,,,,,,,,,,,
Superior,"THE LATE ARCHEAN SCHREIBER-HEMLO AND WHITE RIVER-DAYOHESSARAH GREENSTONE BELTS, SUPERIOR PROVINCE: COLLAGES OF OCEANIC PLATEAUS, OCEANIC ARCS, AND SUBDUCTION-ACCRETION COMPLEXES",SC95-25,Basalt,48.8,-87.27,2700.0,ARCHEAN,2700.0,2688.0,2719.0,2750.0,0.326915294,"THE LATE ARCHEAN SCHREIBER-HEMLO AND WHITE RIVER-DAYOHESSARAH GREENSTONE BELTS, SUPERIOR PROVINCE: COLLAGES OF OCEANIC PLATEAUS, OCEANIC ARCS, AND SUBDUCTION-ACCRETION COMPLEXES",ARCHEAN CRATON (INCLUDING GREENSTONE BELTS),Superior,,48.8,48.8,-87.27,-87.27,,,,SC95-25,Basalt,2700000000.0,2700000000.0,PALEO,,,,,Basalt,,,,,WR,48.3,0.7,,12.4,,,,8.01,8.3,8.6,0.2,,0.2,2.7,0.2,,,,,,,,,,,,,,,,,,,,,,,,,,,,,,,,,,,,,,,,,,,,25.0,,155.0,537.0,,,38.0,295.0,,,,,,,,5.0,168.0,14.0,101.0,2.3,,,,,,,,,,,,0.8,163.0,38.0,79.8,10.0,38.0,6.5,1.7,4.8,0.5,2.8,0.5,1.2,,1.1,0.17,2.9,0.2,,,,,,,,,,,5.8,1.14,,,,,,,,,,,,,,,,,,,,,,,,,,
Superior,"THE LATE ARCHEAN SCHREIBER-HEMLO AND WHITE RIVER-DAYOHESSARAH GREENSTONE BELTS, SUPERIOR PROVINCE: COLLAGES OF OCEANIC PLATEAUS, OCEANIC ARCS, AND SUBDUCTION-ACCRETION COMPLEXES",SC95-103,Basalt,48.8,-87.27,2700.0,ARCHEAN,2700.0,2688.0,2719.0,2750.0,0.142019615,"THE LATE ARCHEAN SCHREIBER-HEMLO AND WHITE RIVER-DAYOHESSARAH GREENSTONE BELTS, SUPERIOR PROVINCE: COLLAGES OF OCEANIC PLATEAUS, OCEANIC ARCS, AND SUBDUCTION-ACCRETION COMPLEXES",ARCHEAN CRATON (INCLUDING GREENSTONE BELTS),Superior,,48.8,48.8,-87.27,-87.27,,,,SC95-103,Basalt,2700000000.0,2700000000.0,PALEO,,,,,Basalt,,,,,WR,51.6,2.3,,12.1,,,,14.85,5.2,3.1,0.1,,2.4,2.3,0.5,,,,,,,,,,,,,,,,,,,,,,,,,,,,,,,,,,,,,,,,,,,,39.0,,397.0,35.0,,,57.0,19.0,,,,,,,,63.0,297.0,43.0,230.0,18.7,,,,,,,,,,,,1.8,783.0,43.2,92.5,10.7,43.1,8.9,2.4,8.6,1.2,7.4,1.5,4.2,,4.1,0.61,6.0,0.9,,,,,,,,,,,8.6,1.38,,,,,,,,,,,,,,,,,,,,,,,,,,
Superior,"THE LATE ARCHEAN SCHREIBER-HEMLO AND WHITE RIVER-DAYOHESSARAH GREENSTONE BELTS, SUPERIOR PROVINCE: COLLAGES OF OCEANIC PLATEAUS, OCEANIC ARCS, AND SUBDUCTION-ACCRETION COMPLEXES",HB95-15,Basalt,48.65,-86.28,2700.0,ARCHEAN,2700.0,2688.0,2719.0,2750.0,0.00134429,"THE LATE ARCHEAN SCHREIBER-HEMLO AND WHITE RIVER-DAYOHESSARAH GREENSTONE BELTS, SUPERIOR PROVINCE: COLLAGES OF OCEANIC PLATEAUS, OCEANIC ARCS, AND SUBDUCTION-ACCRETION COMPLEXES",ARCHEAN CRATON (INCLUDING GREENSTONE BELTS),Superior,,48.65,48.65,-86.28,-86.28,,,,HB95-15,Basalt,2700000000.0,2700000000.0,PALEO,,,,,Basalt,,,,,WR,54.0,0.6,,15.7,,,,8.46,11.8,4.0,0.2,,0.6,3.5,0.2,,,,,,,,,,,,,,,,,,,,,,,,,,,,,,,,,,,,,,,,,,,,24.0,,180.0,113.0,,,35.0,61.0,,,,,,,,14.0,880.0,18.0,99.0,3.3,,,,,,,,,,,,0.6,150.0,23.3,53.7,6.5,26.4,5.1,1.4,4.2,0.5,2.9,0.6,1.6,,1.4,0.21,2.7,0.2,,,,,,,,,,,3.4,0.62,,,,,,,,,,,,,,,,,,,,,,,,,,
Superior,"THE LATE ARCHEAN SCHREIBER-HEMLO AND WHITE RIVER-DAYOHESSARAH GREENSTONE BELTS, SUPERIOR PROVINCE: COLLAGES OF OCEANIC PLATEAUS, OCEANIC ARCS, AND SUBDUCTION-ACCRETION COMPLEXES",HE-8,Basalt,48.6,-87.85,2700.0,ARCHEAN,2700.0,2688.0,2719.0,2750.0,0.998443067,"THE LATE ARCHEAN SCHREIBER-HEMLO AND WHITE RIVER-DAYOHESSARAH GREENSTONE BELTS, SUPERIOR PROVINCE: COLLAGES OF OCEANIC PLATEAUS, OCEANIC ARCS, AND SUBDUCTION-ACCRETION COMPLEXES",ARCHEAN CRATON (INCLUDING GREENSTONE BELTS),Superior,,48.6,48.6,-87.85,-87.85,,,,HE-8,Basalt,2700000000.0,2700000000.0,PALEO,,,,,Basalt,,,,,WR,50.5,0.8,,17.1,,,,7.47,10.3,3.9,0.3,,0.7,5.0,0.1,,,,,,,,,,,,,,,,,,,,,,,,,,,,,,,,,,,,,,,,,,,,33.0,,191.0,225.0,,,60.0,52.0,,,,,,,,24.0,498.0,18.0,62.0,2.7,,,,,,,,,,,,0.2,151.0,6.7,16.2,2.1,9.0,2.3,0.9,2.5,0.4,2.8,0.6,1.7,,1.6,0.24,1.6,0.2,,,,,,,,,,,0.6,0.36,,,,,,,,,,,,,,,,,,,,,,,,,,
Superior,"THE LATE ARCHEAN SCHREIBER-HEMLO AND WHITE RIVER-DAYOHESSARAH GREENSTONE BELTS, SUPERIOR PROVINCE: COLLAGES OF OCEANIC PLATEAUS, OCEANIC ARCS, AND SUBDUCTION-ACCRETION COMPLEXES",HE-9,Basalt,48.6,-87.85,2700.0,ARCHEAN,2700.0,2688.0,2719.0,2750.0,0.726041198,"THE LATE ARCHEAN SCHREIBER-HEMLO AND WHITE RIVER-DAYOHESSARAH GREENSTONE BELTS, SUPERIOR PROVINCE: COLLAGES OF OCEANIC PLATEAUS, OCEANIC ARCS, AND SUBDUCTION-ACCRETION COMPLEXES",ARCHEAN CRATON (INCLUDING GREENSTONE BELTS),Superior,,48.6,48.6,-87.85,-87.85,,,,HE-9,Basalt,2700000000.0,2700000000.0,PALEO,,,,,Basalt,,,,,WR,48.9,0.9,,15.8,,,,10.17,10.9,4.8,0.3,,0.7,2.6,0.1,,,,,,,,,,,,,,,,,,,,,,,,,,,,,,,,,,,,,,,,,,,,34.0,,200.0,208.0,,,45.0,58.0,,,,,,,,32.0,280.0,19.0,68.0,3.7,,,,,,,,,,,,0.9,317.0,11.0,26.7,3.3,14.6,3.0,1.0,3.3,0.5,3.1,0.6,1.9,,1.8,0.26,1.9,0.2,,,,,,,,,,,1.1,0.15,,,,,,,,,,,,,,,,,,,,,,,,,,
Superior,"THE LATE ARCHEAN SCHREIBER-HEMLO AND WHITE RIVER-DAYOHESSARAH GREENSTONE BELTS, SUPERIOR PROVINCE: COLLAGES OF OCEANIC PLATEAUS, OCEANIC ARCS, AND SUBDUCTION-ACCRETION COMPLEXES",HE6-4,Basalt,48.6,-87.85,2700.0,ARCHEAN,2700.0,2688.0,2719.0,2750.0,0.173327491,"THE LATE ARCHEAN SCHREIBER-HEMLO AND WHITE RIVER-DAYOHESSARAH GREENSTONE BELTS, SUPERIOR PROVINCE: COLLAGES OF OCEANIC PLATEAUS, OCEANIC ARCS, AND SUBDUCTION-ACCRETION COMPLEXES",ARCHEAN CRATON (INCLUDING GREENSTONE BELTS),Superior,,48.6,48.6,-87.85,-87.85,,,,HE6-4,Basalt,2700000000.0,2700000000.0,PALEO,,,,,Basalt,,,,,WR,50.4,0.7,,12.7,,,,9.18,9.0,8.6,0.2,,1.2,2.3,0.4,,,,,,,,,,,,,,,,,,,,,,,,,,,,,,,,,,,,,,,,,,,,31.0,,169.0,532.0,,,42.0,77.0,,,,,,,,34.0,654.0,24.0,93.0,4.9,,,,,,,,,,,,1.7,339.0,25.1,58.5,7.5,33.4,6.9,1.8,5.8,0.7,4.2,0.8,2.3,,2.1,0.33,2.5,0.2,,,,,,,,,,,3.8,0.76,,,,,,,,,,,,,,,,,,,,,,,,,,
Superior,"THE LATE ARCHEAN SCHREIBER-HEMLO AND WHITE RIVER-DAYOHESSARAH GREENSTONE BELTS, SUPERIOR PROVINCE: COLLAGES OF OCEANIC PLATEAUS, OCEANIC ARCS, AND SUBDUCTION-ACCRETION COMPLEXES",HE7-2,Basalt,48.6,-87.85,2700.0,ARCHEAN,2700.0,2688.0,2719.0,2750.0,0.998807311,"THE LATE ARCHEAN SCHREIBER-HEMLO AND WHITE RIVER-DAYOHESSARAH GREENSTONE BELTS, SUPERIOR PROVINCE: COLLAGES OF OCEANIC PLATEAUS, OCEANIC ARCS, AND SUBDUCTION-ACCRETION COMPLEXES",ARCHEAN CRATON (INCLUDING GREENSTONE BELTS),Superior,,48.6,48.6,-87.85,-87.85,,,,HE7-2,Basalt,2700000000.0,2700000000.0,PALEO,,,,,Basalt,,,,,WR,51.3,0.9,,15.8,,,,8.1,12.2,4.9,0.2,,0.4,2.9,0.1,,,,,,,,,,,,,,,,,,,,,,,,,,,,,,,,,,,,,,,,,,,,39.0,,236.0,198.0,,,,41.0,,,,,,,,14.0,296.0,21.0,70.0,3.5,,,,,,,,,,,,1.0,168.0,9.0,21.9,2.8,12.4,2.9,1.0,3.2,0.5,3.4,0.7,2.1,,1.9,0.29,1.7,0.2,,,,,,,,,,,0.8,0.05,,,,,,,,,,,,,,,,,,,,,,,,,,
Superior,"THE LATE ARCHEAN SCHREIBER-HEMLO AND WHITE RIVER-DAYOHESSARAH GREENSTONE BELTS, SUPERIOR PROVINCE: COLLAGES OF OCEANIC PLATEAUS, OCEANIC ARCS, AND SUBDUCTION-ACCRETION COMPLEXES",HEG-16,Basalt,48.6,-87.85,2700.0,ARCHEAN,2700.0,2688.0,2719.0,2750.0,0.097134866,"THE LATE ARCHEAN SCHREIBER-HEMLO AND WHITE RIVER-DAYOHESSARAH GREENSTONE BELTS, SUPERIOR PROVINCE: COLLAGES OF OCEANIC PLATEAUS, OCEANIC ARCS, AND SUBDUCTION-ACCRETION COMPLEXES",ARCHEAN CRATON (INCLUDING GREENSTONE BELTS),Superior,,48.6,48.6,-87.85,-87.85,,,,HEG-16,Basalt,2700000000.0,2700000000.0,PALEO,,,,,Basalt,,,,,WR,50.7,1.0,,15.6,,,,9.72,8.8,8.2,0.2,,1.0,3.5,0.3,,,,,,,,,,,,,,,,,,,,,,,,,,,,,,,,,,,,,,,,,,,,25.0,,190.0,457.0,,,,58.0,,,,,,,,36.0,1232.0,17.0,147.0,11.8,,,,,,,,,,,,5.5,786.0,37.7,82.2,9.9,39.5,7.0,1.9,5.7,0.6,3.4,0.6,1.6,,1.3,0.2,4.2,0.7,,,,,,,,,,,5.1,0.85,,,,,,,,,,,,,,,,,,,,,,,,,,
Superior,"THE LATE ARCHEAN SCHREIBER-HEMLO AND WHITE RIVER-DAYOHESSARAH GREENSTONE BELTS, SUPERIOR PROVINCE: COLLAGES OF OCEANIC PLATEAUS, OCEANIC ARCS, AND SUBDUCTION-ACCRETION COMPLEXES",WR95-1,Basalt,48.5,-85.5,2700.0,ARCHEAN,2700.0,2688.0,2719.0,2750.0,0.723136187,"THE LATE ARCHEAN SCHREIBER-HEMLO AND WHITE RIVER-DAYOHESSARAH GREENSTONE BELTS, SUPERIOR PROVINCE: COLLAGES OF OCEANIC PLATEAUS, OCEANIC ARCS, AND SUBDUCTION-ACCRETION COMPLEXES",ARCHEAN CRATON (INCLUDING GREENSTONE BELTS),Superior,,48.5,48.5,-85.5,-85.5,,,,WR95-1,Basalt,2700000000.0,2700000000.0,PALEO,,,,,Basalt,,,,,WR,49.5,1.4,,12.8,,,,14.67,9.4,5.2,0.2,,0.8,2.3,0.1,,,,,,,,,,,,,,,,,,,,,,,,,,,,,,,,,,,,,,,,,,,,44.0,,303.0,215.0,,,,32.0,,,,,,,,64.0,153.0,31.0,115.0,7.2,,,,,,,,,,,,17.3,241.0,12.7,29.7,3.7,16.1,4.3,1.4,5.1,0.9,5.7,1.2,3.4,,3.4,0.51,3.2,0.5,,,,,,,,,,,2.4,0.5,,,,,,,,,,,,,,,,,,,,,,,,,,
Abitibi,"THOLEIITIC VOLCANIC ROCKS OF THE LATE ARCHEAN BLAKE RIVER GROUP, SOUTHERN ABITIBI GREENSTONE BELT: ORIGIN AND GEODYNAMIC IMPLICATIONS",8728,BASALT,48.25,-79.02,2700.0,ARCHEAN,2700.0,2698.0,2700.5,2703.0,0.013278035,"THOLEIITIC VOLCANIC ROCKS OF THE LATE ARCHEAN BLAKE RIVER GROUP, SOUTHERN ABITIBI GREENSTONE BELT: ORIGIN AND GEODYNAMIC IMPLICATIONS",ARCHEAN CRATON (INCLUDING GREENSTONE BELTS),Abitibi,,48.25,48.25,-79.02,-79.02,,,,8728,BASALT,2700000000.0,2700000000.0,PALEO,,,,,BASALT,,,,,WR,50.8,1.33,,15.94,,,,12.1,9.42,6.8,0.2,,0.14,1.77,0.15,,,,,,,,,,,,,,,,,,,,,,,,,,,,,,,,,,,,,,,,,,,,39.0,,296.0,144.0,,,42.0,51.0,,,,,,,,4.0,165.0,17.0,44.0,3.0,,,,,,,,,,,,,,3.3,8.2,,6.0,2.03,0.9,,0.47,,,,,1.66,0.27,1.0,0.16,,,,,,,,,,,0.2,,,,,,,,,,,,,,,,,,,,,,,,,,,
Abitibi,"THOLEIITIC VOLCANIC ROCKS OF THE LATE ARCHEAN BLAKE RIVER GROUP, SOUTHERN ABITIBI GREENSTONE BELT: ORIGIN AND GEODYNAMIC IMPLICATIONS",8714,ANDESITE,48.25,-79.02,2698.0,ARCHEAN,2703.0,2698.0,2700.5,2703.0,0.003653398,"THOLEIITIC VOLCANIC ROCKS OF THE LATE ARCHEAN BLAKE RIVER GROUP, SOUTHERN ABITIBI GREENSTONE BELT: ORIGIN AND GEODYNAMIC IMPLICATIONS",ARCHEAN CRATON (INCLUDING GREENSTONE BELTS),Abitibi,,48.25,48.25,-79.02,-79.02,,,,8714,ANDESITE,2698000000.0,2703000000.0,PALEO,,,,,ANDESITE,,,,,WR,53.9,0.87,,17.42,,,,6.65,11.8,4.6,0.16,,0.45,3.34,0.07,,,,,,,,,,,,,,,,,,,,,,,,,,,,,,,,,,,,,,,,,,,,41.0,,261.0,435.0,,,56.0,230.0,,,,,,,,13.0,211.0,16.0,53.0,2.9,,,,,,,,,,,,,,3.4,9.0,,7.6,2.29,0.87,,0.51,,,,,1.6,0.26,1.4,0.17,,,,,,,,,,,0.3,,,,,,,,,,,,,,,,,,,,,,,,,,,
Abitibi,"THOLEIITIC VOLCANIC ROCKS OF THE LATE ARCHEAN BLAKE RIVER GROUP, SOUTHERN ABITIBI GREENSTONE BELT: ORIGIN AND GEODYNAMIC IMPLICATIONS",8726,BASALT,48.25,-79.02,2700.0,ARCHEAN,2700.0,2698.0,2700.5,2703.0,0.005015712,"THOLEIITIC VOLCANIC ROCKS OF THE LATE ARCHEAN BLAKE RIVER GROUP, SOUTHERN ABITIBI GREENSTONE BELT: ORIGIN AND GEODYNAMIC IMPLICATIONS",ARCHEAN CRATON (INCLUDING GREENSTONE BELTS),Abitibi,,48.25,48.25,-79.02,-79.02,,,,8726,BASALT,2700000000.0,2700000000.0,PALEO,,,,,BASALT,,,,,WR,48.4,1.15,,16.78,,,,11.14,8.32,9.03,0.19,,1.68,1.82,0.25,,,,,,,,,,,,,,,,,,,,,,,,,,,,,,,,,,,,,,,,,,,,36.0,,259.0,180.0,,,48.0,114.0,,,,,,,,2.0,251.0,18.0,61.0,3.8,,,,,,,,,,,,,,10.3,24.8,,12.6,3.02,1.03,,0.52,,,,,1.74,0.29,1.4,0.21,,,,,,,,,,,0.6,,,,,,,,,,,,,,,,,,,,,,,,,,,
Abitibi,"THOLEIITIC VOLCANIC ROCKS OF THE LATE ARCHEAN BLAKE RIVER GROUP, SOUTHERN ABITIBI GREENSTONE BELT: ORIGIN AND GEODYNAMIC IMPLICATIONS",8709,BASALT,48.25,-79.02,2700.0,ARCHEAN,2700.0,2698.0,2700.5,2703.0,0.000332606,"THOLEIITIC VOLCANIC ROCKS OF THE LATE ARCHEAN BLAKE RIVER GROUP, SOUTHERN ABITIBI GREENSTONE BELT: ORIGIN AND GEODYNAMIC IMPLICATIONS",ARCHEAN CRATON (INCLUDING GREENSTONE BELTS),Abitibi,,48.25,48.25,-79.02,-79.02,,,,8709,BASALT,2700000000.0,2700000000.0,PALEO,,,,,BASALT,,,,,WR,50.1,0.85,,12.32,,,,10.83,10.05,12.08,0.22,,0.67,1.51,0.17,,,,,,,,,,,,,,,,,,,,,,,,,,,,,,,,,,,,,,,,,,,,22.0,,210.0,745.0,,,67.0,470.0,,,,,,,,19.0,363.0,9.0,33.0,2.4,,,,,,,,,,,,,,9.1,21.4,,10.1,2.14,0.67,,0.26,,,,,0.77,0.13,0.7,0.13,,,,,,,,,,,1.2,,,,,,,,,,,,,,,,,,,,,,,,,,,
Abitibi,"TIMISKAMING VOLCANISM IN THE KIRKLAND LAKE AREA, ONTARIO, CANADA",12,ANDESITE,48.17,-79.75,2500.0,ARCHEAN,3850.0,2675.0,2681.0,2687.0,0.462813228,"TIMISKAMING VOLCANISM IN THE KIRKLAND LAKE AREA, ONTARIO, CANADA",ARCHEAN CRATON (INCLUDING GREENSTONE BELTS),Abitibi,,48.17,48.17,-79.75,-79.75,,,,12,ANDESITE,2500000000.0,3850000000.0,PALEO,,,,,ANDESITE,,,,,WR,52.02,0.68,,17.16,,,,8.91,6.05,5.87,0.19,,2.84,3.77,0.4,,,,,,,,,,,,,,,,,,,,,,,,,,,,,,,,,,,,,,,,,,,,,,,,,,,,,,,,,,,,,,,,,,,,,,,,,,,,,,,,,,,,,,,,,,,,,,,,,,,,,,,,,,,,,,,,,,,,,,,,,,,,,,,,,,
Superior,"TRACE ELEMENT AND SM-ND SYSTEMATICS OF VOLCANIC AND INTRUSIVE ROCKS FROM THE 3 GA LUMBY LAKE GREENSTONE BELT, SUPERIOR PROVINCE; EVIDENCE FOR ARCHEAN PLUME-ARC INTERACTION",LU95-19,THOLEIITE,48.0,-90.0,2500.0,ARCHEAN,3850.0,2903.0,2951.0,2999.0,0.999872684,"TRACE ELEMENT AND SM-ND SYSTEMATICS OF VOLCANIC AND INTRUSIVE ROCKS FROM THE 3 GA LUMBY LAKE GREENSTONE BELT, SUPERIOR PROVINCE; EVIDENCE FOR ARCHEAN PLUME-ARC INTERACTION",ARCHEAN CRATON (INCLUDING GREENSTONE BELTS),Superior,,48.0,48.0,-90.0,-90.0,,,,LU95-19,THOLEIITE,2500000000.0,3850000000.0,PALEO,,,,,THOLEIITE,,,,,WR,52.69,1.18,,14.57,,,,11.01,9.52,6.27,0.2,,0.05,3.2,0.09,,,,,,,,,,,,,,,,,,,,,,,,,,,,,,,,,,,,,,,,,,,,71.0,,342.0,339.0,,,52.0,110.0,,,,,,,,,,25.76,72.0,3.77,,,,,,,,,,,,,,3.61,9.88,1.43,8.05,2.66,0.97,3.87,0.68,4.37,1.0,2.82,,2.6,0.36,1.98,0.21,,,,,,,,,,,0.4,0.09,,,,,,,,,,,,,,,,,,,,,,,,,,
Superior,"TRACE ELEMENT AND SM-ND SYSTEMATICS OF VOLCANIC AND INTRUSIVE ROCKS FROM THE 3 GA LUMBY LAKE GREENSTONE BELT, SUPERIOR PROVINCE; EVIDENCE FOR ARCHEAN PLUME-ARC INTERACTION",LU95-6,THOLEIITE,48.0,-90.0,2500.0,ARCHEAN,3850.0,2903.0,2951.0,2999.0,0.00257974,"TRACE ELEMENT AND SM-ND SYSTEMATICS OF VOLCANIC AND INTRUSIVE ROCKS FROM THE 3 GA LUMBY LAKE GREENSTONE BELT, SUPERIOR PROVINCE; EVIDENCE FOR ARCHEAN PLUME-ARC INTERACTION",ARCHEAN CRATON (INCLUDING GREENSTONE BELTS),Superior,,48.0,48.0,-90.0,-90.0,,,,LU95-6,THOLEIITE,2500000000.0,3850000000.0,PALEO,,,,,THOLEIITE,,,,,WR,49.79,1.04,,15.43,,,,11.85,12.55,5.5,0.26,,0.1,2.08,0.08,,,,,,,,,,,,,,,,,,,,,,,,,,,,,,,,,,,,,,,,,,,,49.0,,367.0,307.0,,,63.0,131.0,,,,,,,,,,23.78,66.0,3.51,,,,,,,,,,,,,,3.83,10.66,1.62,5.9,1.82,0.97,3.52,0.62,4.12,0.98,2.67,,2.46,0.36,1.85,0.2,,,,,,,,,,,0.41,0.09,,,,,,,,,,,,,,,,,,,,,,,,,,
Superior,"TRACE ELEMENT AND SM-ND SYSTEMATICS OF VOLCANIC AND INTRUSIVE ROCKS FROM THE 3 GA LUMBY LAKE GREENSTONE BELT, SUPERIOR PROVINCE; EVIDENCE FOR ARCHEAN PLUME-ARC INTERACTION",LU96-4,BASALT,48.0,-90.0,2500.0,ARCHEAN,3850.0,2903.0,2951.0,2999.0,0.000685275,"TRACE ELEMENT AND SM-ND SYSTEMATICS OF VOLCANIC AND INTRUSIVE ROCKS FROM THE 3 GA LUMBY LAKE GREENSTONE BELT, SUPERIOR PROVINCE; EVIDENCE FOR ARCHEAN PLUME-ARC INTERACTION",ARCHEAN CRATON (INCLUDING GREENSTONE BELTS),Superior,,48.0,48.0,-90.0,-90.0,,,,LU96-4,BASALT,2500000000.0,3850000000.0,PALEO,,,,,BASALT,,,,,WR,50.84,0.76,,12.74,,,,12.02,7.64,10.98,0.19,,0.12,3.31,0.06,,,,,,,,,,,,,,,,,,,,,,,,,,,,,,,,,,,,,,,,,,,,53.0,,345.0,797.0,,,75.0,182.0,,,,,,,,,,17.19,47.0,2.44,,,,,,,,,,,,,,2.75,7.67,1.17,5.52,1.76,0.68,2.4,0.43,2.98,0.64,1.9,,1.82,0.28,1.32,0.21,,,,,,,,,,,0.3,0.06,,,,,,,,,,,,,,,,,,,,,,,,,,
Superior,"TRACE ELEMENT AND SM-ND SYSTEMATICS OF VOLCANIC AND INTRUSIVE ROCKS FROM THE 3 GA LUMBY LAKE GREENSTONE BELT, SUPERIOR PROVINCE; EVIDENCE FOR ARCHEAN PLUME-ARC INTERACTION",L10,THOLEIITE,48.0,-90.0,2500.0,ARCHEAN,3850.0,2903.0,2951.0,2999.0,0.003000011,"TRACE ELEMENT AND SM-ND SYSTEMATICS OF VOLCANIC AND INTRUSIVE ROCKS FROM THE 3 GA LUMBY LAKE GREENSTONE BELT, SUPERIOR PROVINCE; EVIDENCE FOR ARCHEAN PLUME-ARC INTERACTION",ARCHEAN CRATON (INCLUDING GREENSTONE BELTS),Superior,,48.0,48.0,-90.0,-90.0,,,,L10,THOLEIITE,2500000000.0,3850000000.0,PALEO,,,,,THOLEIITE,,,,,WR,49.4,0.88,,14.59,,,,13.53,12.65,6.68,0.25,,0.02,0.43,0.06,,,,,,,,,,,,,,,,,,,,,,,,,,,,,,,,,,,,,,,,,,,,58.0,,342.0,226.0,,,51.0,82.0,,,,,,,,,,18.61,54.0,2.68,,,,,,,,,,,,,,3.01,8.09,1.28,6.61,1.96,0.76,2.58,0.47,3.25,0.75,2.06,,2.03,0.31,1.48,0.1,,,,,,,,,,,0.34,0.1,,,,,,,,,,,,,,,,,,,,,,,,,,
Superior,"TRACE ELEMENT AND SM-ND SYSTEMATICS OF VOLCANIC AND INTRUSIVE ROCKS FROM THE 3 GA LUMBY LAKE GREENSTONE BELT, SUPERIOR PROVINCE; EVIDENCE FOR ARCHEAN PLUME-ARC INTERACTION",L18,THOLEIITE,48.0,-90.0,2500.0,ARCHEAN,3850.0,2903.0,2951.0,2999.0,0.002183194,"TRACE ELEMENT AND SM-ND SYSTEMATICS OF VOLCANIC AND INTRUSIVE ROCKS FROM THE 3 GA LUMBY LAKE GREENSTONE BELT, SUPERIOR PROVINCE; EVIDENCE FOR ARCHEAN PLUME-ARC INTERACTION",ARCHEAN CRATON (INCLUDING GREENSTONE BELTS),Superior,,48.0,48.0,-90.0,-90.0,,,,L18,THOLEIITE,2500000000.0,3850000000.0,PALEO,,,,,THOLEIITE,,,,,WR,51.3,0.86,,15.2,,,,12.3,11.12,5.51,0.25,,0.18,1.86,0.06,,,,,,,,,,,,,,,,,,,,,,,,,,,,,,,,,,,,,,,,,,,,74.0,,354.0,294.0,,,58.0,128.0,,,,,,,,,,19.5,48.0,2.5,,,,,,,,,,,,,,2.4,6.58,0.93,5.78,1.94,0.76,2.75,0.46,3.27,0.7,2.2,,2.07,0.33,1.35,0.16,,,,,,,,,,,0.26,0.04,,,,,,,,,,,,,,,,,,,,,,,,,,
Superior,"TRACE ELEMENT AND SM-ND SYSTEMATICS OF VOLCANIC AND INTRUSIVE ROCKS FROM THE 3 GA LUMBY LAKE GREENSTONE BELT, SUPERIOR PROVINCE; EVIDENCE FOR ARCHEAN PLUME-ARC INTERACTION",LU95-13,THOLEIITE,48.0,-90.0,2500.0,ARCHEAN,3850.0,2903.0,2951.0,2999.0,0.002046978,"TRACE ELEMENT AND SM-ND SYSTEMATICS OF VOLCANIC AND INTRUSIVE ROCKS FROM THE 3 GA LUMBY LAKE GREENSTONE BELT, SUPERIOR PROVINCE; EVIDENCE FOR ARCHEAN PLUME-ARC INTERACTION",ARCHEAN CRATON (INCLUDING GREENSTONE BELTS),Superior,,48.0,48.0,-90.0,-90.0,,,,LU95-13,THOLEIITE,2500000000.0,3850000000.0,PALEO,,,,,THOLEIITE,,,,,WR,49.31,1.02,,16.06,,,,13.44,7.55,8.77,0.2,,1.07,1.03,0.08,,,,,,,,,,,,,,,,,,,,,,,,,,,,,,,,,,,,,,,,,,,,69.0,,366.0,367.0,,,54.0,96.0,,,,,,,,,,22.65,72.0,3.15,,,,,,,,,,,,,,3.69,9.69,1.25,8.64,2.63,1.06,3.26,0.58,3.81,0.85,2.43,,2.35,0.37,1.76,0.19,,,,,,,,,,,0.38,0.05,,,,,,,,,,,,,,,,,,,,,,,,,,
Superior,"TRACE ELEMENT AND SM-ND SYSTEMATICS OF VOLCANIC AND INTRUSIVE ROCKS FROM THE 3 GA LUMBY LAKE GREENSTONE BELT, SUPERIOR PROVINCE; EVIDENCE FOR ARCHEAN PLUME-ARC INTERACTION",L7,BASALT,48.0,-90.0,2500.0,ARCHEAN,3850.0,2903.0,2951.0,2999.0,0.00085435,"TRACE ELEMENT AND SM-ND SYSTEMATICS OF VOLCANIC AND INTRUSIVE ROCKS FROM THE 3 GA LUMBY LAKE GREENSTONE BELT, SUPERIOR PROVINCE; EVIDENCE FOR ARCHEAN PLUME-ARC INTERACTION",ARCHEAN CRATON (INCLUDING GREENSTONE BELTS),Superior,,48.0,48.0,-90.0,-90.0,,,,L7,BASALT,2500000000.0,3850000000.0,PALEO,,,,,BASALT,,,,,WR,52.02,0.74,,12.59,,,,10.96,8.83,10.31,0.17,,0.29,2.82,0.06,,,,,,,,,,,,,,,,,,,,,,,,,,,,,,,,,,,,,,,,,,,,46.0,,315.0,556.0,,,73.0,155.0,,,,,,,,,,15.82,47.0,2.75,,,,,,,,,,,,,,3.03,8.33,1.23,5.96,1.92,0.73,2.3,0.4,2.77,0.61,1.7,,7.66,0.24,1.33,0.2,,,,,,,,,,,0.37,0.08,,,,,,,,,,,,,,,,,,,,,,,,,,
Superior,"TRACE ELEMENT AND SM-ND SYSTEMATICS OF VOLCANIC AND INTRUSIVE ROCKS FROM THE 3 GA LUMBY LAKE GREENSTONE BELT, SUPERIOR PROVINCE; EVIDENCE FOR ARCHEAN PLUME-ARC INTERACTION",L17,THOLEIITE,48.0,-90.0,2500.0,ARCHEAN,3850.0,2903.0,2951.0,2999.0,0.003923101,"TRACE ELEMENT AND SM-ND SYSTEMATICS OF VOLCANIC AND INTRUSIVE ROCKS FROM THE 3 GA LUMBY LAKE GREENSTONE BELT, SUPERIOR PROVINCE; EVIDENCE FOR ARCHEAN PLUME-ARC INTERACTION",ARCHEAN CRATON (INCLUDING GREENSTONE BELTS),Superior,,48.0,48.0,-90.0,-90.0,,,,L17,THOLEIITE,2500000000.0,3850000000.0,PALEO,,,,,THOLEIITE,,,,,WR,48.79,1.17,,15.29,,,,12.25,13.19,6.06,0.23,,0.0,1.57,0.09,,,,,,,,,,,,,,,,,,,,,,,,,,,,,,,,,,,,,,,,,,,,38.0,,298.0,353.0,,,52.0,114.0,,,,,,,,,,25.73,70.0,3.51,,,,,,,,,,,,,,3.34,10.22,1.59,8.37,2.87,0.95,3.67,0.6,4.23,0.88,2.81,,2.87,0.41,2.0,0.2,,,,,,,,,,,0.39,0.08,,,,,,,,,,,,,,,,,,,,,,,,,,
Abitibi,TRACE ELEMENT CHARACTERISTICS OF KOMATIITES AND KOMATIITIC BASALTS FROM THE ABITIBI METAVOLCANIC BELT OF QUEBEC,4,BASALT,48.5,-79.2,2500.0,ARCHEAN,3850.0,2673.0,2700.0,2727.0,0.003039244,TRACE ELEMENT CHARACTERISTICS OF KOMATIITES AND KOMATIITIC BASALTS FROM THE ABITIBI METAVOLCANIC BELT OF QUEBEC,ARCHEAN CRATON (INCLUDING GREENSTONE BELTS),Abitibi,,48.5,48.5,-79.2,-79.2,,,,4,BASALT,2500000000.0,3850000000.0,PALEO,,,,,BASALT,,,,,WR,49.0,0.7,,12.5,,,,10.9,6.7,11.9,,,0.9,2.7,0.05,,,,,,,,,,,,,,,,,,,,,,,,,,,,,,,,,,,,,,,,,,,,39.0,,,,,,,,,,,,,,,,360.0,22.0,51.0,,,,,,,,,,,,,,,3.4,9.7,,,,,,,,,,,2.0,,,,,,,,,,,,,,,,,,,,,,,,,,,,,,,,,,,,,,,,,
Abitibi,TRACE ELEMENT CHARACTERISTICS OF KOMATIITES AND KOMATIITIC BASALTS FROM THE ABITIBI METAVOLCANIC BELT OF QUEBEC,3,BASALT,48.5,-79.2,2500.0,ARCHEAN,3850.0,2673.0,2700.0,2727.0,0.998814344,TRACE ELEMENT CHARACTERISTICS OF KOMATIITES AND KOMATIITIC BASALTS FROM THE ABITIBI METAVOLCANIC BELT OF QUEBEC,ARCHEAN CRATON (INCLUDING GREENSTONE BELTS),Abitibi,,48.5,48.5,-79.2,-79.2,,,,3,BASALT,2500000000.0,3850000000.0,PALEO,,,,,BASALT,,,,,WR,51.4,0.8,,12.9,,,,7.9,7.9,11.1,,,0.1,3.7,0.05,,,,,,,,,,,,,,,,,,,,,,,,,,,,,,,,,,,,,,,,,,,,41.0,,,,,,,,,,,,,,,,63.0,20.0,47.0,,,,,,,,,,,,,,,3.0,5.8,,,,,,,,,,,1.7,,,,,,,,,,,,,,,,,,,,,,,,,,,,,,,,,,,,,,,,,
Abitibi,TRACE ELEMENT CHARACTERISTICS OF KOMATIITES AND KOMATIITIC BASALTS FROM THE ABITIBI METAVOLCANIC BELT OF QUEBEC,5,BASALT,48.5,-79.2,2500.0,ARCHEAN,3850.0,2673.0,2700.0,2727.0,0.9910478,TRACE ELEMENT CHARACTERISTICS OF KOMATIITES AND KOMATIITIC BASALTS FROM THE ABITIBI METAVOLCANIC BELT OF QUEBEC,ARCHEAN CRATON (INCLUDING GREENSTONE BELTS),Abitibi,,48.5,48.5,-79.2,-79.2,,,,5,BASALT,2500000000.0,3850000000.0,PALEO,,,,,BASALT,,,,,WR,50.7,0.5,,8.6,,,,8.6,10.2,16.6,,,0.01,1.1,0.03,,,,,,,,,,,,,,,,,,,,,,,,,,,,,,,,,,,,,,,,,,,,29.0,,,,,,,,,,,,,,,,34.0,18.0,36.0,,,,,,,,,,,,,,,2.2,6.4,,,,,,,,,,,1.5,,,,,,,,,,,,,,,,,,,,,,,,,,,,,,,,,,,,,,,,,
Superior,"TRACE ELEMENT GEOCHEMISTRY OF THE MEEN-DEMPSTER GREENSTONE BELT, UCHI SUBPROVINCE, SUPERIOR PROVINCE, CANADA: BACK-ARC DEVELOPMENT ON THE MARGINS OF AN ARCHEAN PROTOCONTINENT",82GRS-0292,THOLEIITE,51.0,-91.0,2740.0,ARCHEAN,2744.0,2740.0,2742.0,2744.0,0.990648448,"TRACE ELEMENT GEOCHEMISTRY OF THE MEEN-DEMPSTER GREENSTONE BELT, UCHI SUBPROVINCE, SUPERIOR PROVINCE, CANADA: BACK-ARC DEVELOPMENT ON THE MARGINS OF AN ARCHEAN PROTOCONTINENT",ARCHEAN CRATON (INCLUDING GREENSTONE BELTS),Superior,,51.0,51.0,-91.0,-91.0,,,,82GRS-0292,THOLEIITE,2740000000.0,2744000000.0,PALEO,,,,,THOLEIITE,,,,,WR,48.27,0.95,,15.07,,,,11.92,11.92,8.44,0.19,,0.24,1.62,0.05,,,,,,,,,,,,,,,,,,,,,,,,,,,,,,,,,,,,,,,,,,,,39.0,,266.0,307.0,,,59.0,137.0,,,,,,,,4.18,123.0,22.0,46.0,2.52,,,,,,,,,,,,0.58,101.0,2.71,7.26,1.21,6.21,2.31,0.87,2.97,0.53,3.63,0.76,2.28,,2.25,0.29,1.26,0.18,,,,,,,,,,,0.28,0.08,,,,,,,,,,,,,,,,,,,,,,,,,,
Superior,"TRACE ELEMENT GEOCHEMISTRY OF THE MEEN-DEMPSTER GREENSTONE BELT, UCHI SUBPROVINCE, SUPERIOR PROVINCE, CANADA: BACK-ARC DEVELOPMENT ON THE MARGINS OF AN ARCHEAN PROTOCONTINENT",82GRS-0186,THOLEIITE,51.0,-91.0,2740.0,ARCHEAN,2744.0,2740.0,2742.0,2744.0,0.424816608,"TRACE ELEMENT GEOCHEMISTRY OF THE MEEN-DEMPSTER GREENSTONE BELT, UCHI SUBPROVINCE, SUPERIOR PROVINCE, CANADA: BACK-ARC DEVELOPMENT ON THE MARGINS OF AN ARCHEAN PROTOCONTINENT",ARCHEAN CRATON (INCLUDING GREENSTONE BELTS),Superior,,51.0,51.0,-91.0,-91.0,,,,82GRS-0186,THOLEIITE,2740000000.0,2744000000.0,PALEO,,,,,THOLEIITE,,,,,WR,50.12,0.72,,15.07,,,,11.16,12.61,7.28,0.19,,0.17,1.35,0.09,,,,,,,,,,,,,,,,,,,,,,,,,,,,,,,,,,,,,,,,,,,,55.0,,334.0,437.0,,,62.0,146.0,,,,,,,,1.23,80.0,18.0,40.0,1.32,,,,,,,,,,,,0.22,27.0,1.87,4.85,0.73,3.83,1.5,0.58,2.11,0.42,3.05,0.66,1.88,,2.0,0.27,1.09,0.13,,,,,,,,,,,0.28,0.07,,,,,,,,,,,,,,,,,,,,,,,,,,
Superior,"TRACE ELEMENT GEOCHEMISTRY OF THE MEEN-DEMPSTER GREENSTONE BELT, UCHI SUBPROVINCE, SUPERIOR PROVINCE, CANADA: BACK-ARC DEVELOPMENT ON THE MARGINS OF AN ARCHEAN PROTOCONTINENT",84GRS-0032,THOLEIITE,51.0,-91.0,2740.0,ARCHEAN,2744.0,2740.0,2742.0,2744.0,0.931072474,"TRACE ELEMENT GEOCHEMISTRY OF THE MEEN-DEMPSTER GREENSTONE BELT, UCHI SUBPROVINCE, SUPERIOR PROVINCE, CANADA: BACK-ARC DEVELOPMENT ON THE MARGINS OF AN ARCHEAN PROTOCONTINENT",ARCHEAN CRATON (INCLUDING GREENSTONE BELTS),Superior,,51.0,51.0,-91.0,-91.0,,,,84GRS-0032,THOLEIITE,2740000000.0,2744000000.0,PALEO,,,,,THOLEIITE,,,,,WR,49.95,1.78,,14.78,,,,13.68,7.66,6.33,0.23,,0.12,3.82,0.11,,,,,,,,,,,,,,,,,,,,,,,,,,,,,,,,,,,,,,,,,,,,45.0,,404.0,58.0,,,56.0,46.0,,,,,,,,2.03,247.0,28.0,103.0,6.03,,,,,,,,,,,,0.32,86.0,5.74,15.15,2.35,11.95,3.95,1.28,4.36,0.79,5.14,1.07,2.93,,2.76,0.39,2.66,0.35,,,,,,,,,,,0.93,0.2,,,,,,,,,,,,,,,,,,,,,,,,,,
Superior,"TRACE ELEMENT GEOCHEMISTRY OF THE MEEN-DEMPSTER GREENSTONE BELT, UCHI SUBPROVINCE, SUPERIOR PROVINCE, CANADA: BACK-ARC DEVELOPMENT ON THE MARGINS OF AN ARCHEAN PROTOCONTINENT",82GRS-1026,THOLEIITE,51.0,-91.0,2740.0,ARCHEAN,2744.0,2740.0,2742.0,2744.0,0.055828016,"TRACE ELEMENT GEOCHEMISTRY OF THE MEEN-DEMPSTER GREENSTONE BELT, UCHI SUBPROVINCE, SUPERIOR PROVINCE, CANADA: BACK-ARC DEVELOPMENT ON THE MARGINS OF AN ARCHEAN PROTOCONTINENT",ARCHEAN CRATON (INCLUDING GREENSTONE BELTS),Superior,,51.0,51.0,-91.0,-91.0,,,,82GRS-1026,THOLEIITE,2740000000.0,2744000000.0,PALEO,,,,,THOLEIITE,,,,,WR,49.88,0.73,,15.16,,,,11.06,12.6,8.04,0.18,,0.18,0.89,0.05,,,,,,,,,,,,,,,,,,,,,,,,,,,,,,,,,,,,,,,,,,,,68.0,,309.0,378.0,,,56.0,134.0,,,,,,,,2.17,156.0,19.0,41.0,1.45,,,,,,,,,,,,0.09,45.0,2.3,5.78,0.84,4.44,1.58,0.63,2.31,0.43,3.01,0.68,2.07,,2.04,0.29,1.24,0.23,,,,,,,,,,,0.38,0.09,,,,,,,,,,,,,,,,,,,,,,,,,,
Superior,"TRACE ELEMENT GEOCHEMISTRY OF THE MEEN-DEMPSTER GREENSTONE BELT, UCHI SUBPROVINCE, SUPERIOR PROVINCE, CANADA: BACK-ARC DEVELOPMENT ON THE MARGINS OF AN ARCHEAN PROTOCONTINENT",82GRS-0056,BASALT,51.0,-91.0,2740.0,ARCHEAN,2744.0,2740.0,2742.0,2744.0,0.782319725,"TRACE ELEMENT GEOCHEMISTRY OF THE MEEN-DEMPSTER GREENSTONE BELT, UCHI SUBPROVINCE, SUPERIOR PROVINCE, CANADA: BACK-ARC DEVELOPMENT ON THE MARGINS OF AN ARCHEAN PROTOCONTINENT",ARCHEAN CRATON (INCLUDING GREENSTONE BELTS),Superior,,51.0,51.0,-91.0,-91.0,,,,82GRS-0056,BASALT,2740000000.0,2744000000.0,PALEO,,,,,BASALT,,,,,WR,47.93,0.31,,11.49,,,,9.86,15.56,12.32,0.26,,0.49,0.57,0.09,,,,,,,,,,,,,,,,,,,,,,,,,,,,,,,,,,,,,,,,,,,,22.0,,98.0,880.0,,,77.0,566.0,,,,,,,,8.67,144.0,9.0,57.0,2.28,,,,,,,,,,,,0.47,120.0,6.71,13.37,1.59,5.79,1.46,0.44,1.39,0.24,1.69,0.33,0.99,,1.11,0.17,1.41,0.18,,,,,,,,,,,1.36,0.43,,,,,,,,,,,,,,,,,,,,,,,,,,
Superior,"TRACE ELEMENT GEOCHEMISTRY OF THE MEEN-DEMPSTER GREENSTONE BELT, UCHI SUBPROVINCE, SUPERIOR PROVINCE, CANADA: BACK-ARC DEVELOPMENT ON THE MARGINS OF AN ARCHEAN PROTOCONTINENT",82GRS-0088,THOLEIITE,51.0,-91.0,2740.0,ARCHEAN,2744.0,2740.0,2742.0,2744.0,0.994262218,"TRACE ELEMENT GEOCHEMISTRY OF THE MEEN-DEMPSTER GREENSTONE BELT, UCHI SUBPROVINCE, SUPERIOR PROVINCE, CANADA: BACK-ARC DEVELOPMENT ON THE MARGINS OF AN ARCHEAN PROTOCONTINENT",ARCHEAN CRATON (INCLUDING GREENSTONE BELTS),Superior,,51.0,51.0,-91.0,-91.0,,,,82GRS-0088,THOLEIITE,2740000000.0,2744000000.0,PALEO,,,,,THOLEIITE,,,,,WR,50.81,0.84,,14.3,,,,11.5,12.17,6.98,0.19,,0.21,1.62,0.1,,,,,,,,,,,,,,,,,,,,,,,,,,,,,,,,,,,,,,,,,,,,55.0,,357.0,364.0,,,60.0,117.0,,,,,,,,1.99,132.0,20.0,44.0,1.91,,,,,,,,,,,,0.03,72.0,2.83,7.02,1.07,5.28,1.83,0.71,2.8,0.48,3.52,0.73,2.19,,2.23,0.27,1.29,0.14,,,,,,,,,,,0.38,0.1,,,,,,,,,,,,,,,,,,,,,,,,,,
Superior,"TRACE ELEMENT GEOCHEMISTRY OF THE MEEN-DEMPSTER GREENSTONE BELT, UCHI SUBPROVINCE, SUPERIOR PROVINCE, CANADA: BACK-ARC DEVELOPMENT ON THE MARGINS OF AN ARCHEAN PROTOCONTINENT",82GRS-0405,THOLEIITE,51.0,-91.0,2740.0,ARCHEAN,2744.0,2740.0,2742.0,2744.0,0.204881668,"TRACE ELEMENT GEOCHEMISTRY OF THE MEEN-DEMPSTER GREENSTONE BELT, UCHI SUBPROVINCE, SUPERIOR PROVINCE, CANADA: BACK-ARC DEVELOPMENT ON THE MARGINS OF AN ARCHEAN PROTOCONTINENT",ARCHEAN CRATON (INCLUDING GREENSTONE BELTS),Superior,,51.0,51.0,-91.0,-91.0,,,,82GRS-0405,THOLEIITE,2740000000.0,2744000000.0,PALEO,,,,,THOLEIITE,,,,,WR,48.41,0.69,,14.06,,,,11.74,13.45,6.85,0.25,,0.69,2.5,0.05,,,,,,,,,,,,,,,,,,,,,,,,,,,,,,,,,,,,,,,,,,,,51.0,,323.0,493.0,,,67.0,165.0,,,,,,,,15.76,151.0,17.0,40.0,3.86,,,,,,,,,,,,1.59,120.0,2.9,7.25,1.11,5.5,1.75,0.63,2.4,0.44,2.86,0.61,1.82,,1.84,0.25,1.09,0.16,,,,,,,,,,,0.31,0.31,,,,,,,,,,,,,,,,,,,,,,,,,,
Superior,"TRACE ELEMENT GEOCHEMISTRY OF THE MEEN-DEMPSTER GREENSTONE BELT, UCHI SUBPROVINCE, SUPERIOR PROVINCE, CANADA: BACK-ARC DEVELOPMENT ON THE MARGINS OF AN ARCHEAN PROTOCONTINENT",82GRS-1187,THOLEIITE,51.0,-91.0,2740.0,ARCHEAN,2744.0,2740.0,2742.0,2744.0,0.948196828,"TRACE ELEMENT GEOCHEMISTRY OF THE MEEN-DEMPSTER GREENSTONE BELT, UCHI SUBPROVINCE, SUPERIOR PROVINCE, CANADA: BACK-ARC DEVELOPMENT ON THE MARGINS OF AN ARCHEAN PROTOCONTINENT",ARCHEAN CRATON (INCLUDING GREENSTONE BELTS),Superior,,51.0,51.0,-91.0,-91.0,,,,82GRS-1187,THOLEIITE,2740000000.0,2744000000.0,PALEO,,,,,THOLEIITE,,,,,WR,47.68,2.22,,13.14,,,,17.88,9.49,4.38,0.25,,0.36,2.48,0.13,,,,,,,,,,,,,,,,,,,,,,,,,,,,,,,,,,,,,,,,,,,,26.0,,337.0,5.0,,,67.0,23.0,,,,,,,,3.66,265.0,38.0,172.0,14.23,,,,,,,,,,,,0.43,96.0,17.55,41.2,5.74,26.0,7.02,2.08,7.1,1.13,7.16,1.46,4.04,,3.69,0.52,4.05,0.85,,,,,,,,,,,1.79,0.4,,,,,,,,,,,,,,,,,,,,,,,,,,
Superior,"TRACE ELEMENT GEOCHEMISTRY OF THE MEEN-DEMPSTER GREENSTONE BELT, UCHI SUBPROVINCE, SUPERIOR PROVINCE, CANADA: BACK-ARC DEVELOPMENT ON THE MARGINS OF AN ARCHEAN PROTOCONTINENT",82GRS-0106,THOLEIITE,51.0,-91.0,2740.0,ARCHEAN,2744.0,2740.0,2742.0,2744.0,0.000739265,"TRACE ELEMENT GEOCHEMISTRY OF THE MEEN-DEMPSTER GREENSTONE BELT, UCHI SUBPROVINCE, SUPERIOR PROVINCE, CANADA: BACK-ARC DEVELOPMENT ON THE MARGINS OF AN ARCHEAN PROTOCONTINENT",ARCHEAN CRATON (INCLUDING GREENSTONE BELTS),Superior,,51.0,51.0,-91.0,-91.0,,,,82GRS-0106,THOLEIITE,2740000000.0,2744000000.0,PALEO,,,,,THOLEIITE,,,,,WR,48.57,1.9,,12.52,,,,17.18,8.34,5.36,0.22,,0.42,3.46,0.11,,,,,,,,,,,,,,,,,,,,,,,,,,,,,,,,,,,,,,,,,,,,22.0,,308.0,43.0,,,70.0,65.0,,,,,,,,5.79,311.0,27.0,127.0,11.51,,,,,,,,,,,,0.54,50.0,6.61,20.36,2.9,15.36,4.8,1.69,5.01,0.84,5.14,1.01,2.74,,2.6,0.34,3.35,0.63,,,,,,,,,,,1.27,0.31,,,,,,,,,,,,,,,,,,,,,,,,,,
Superior,"TRACE ELEMENT GEOCHEMISTRY OF THE MEEN-DEMPSTER GREENSTONE BELT, UCHI SUBPROVINCE, SUPERIOR PROVINCE, CANADA: BACK-ARC DEVELOPMENT ON THE MARGINS OF AN ARCHEAN PROTOCONTINENT",82GRS-0204,THOLEIITE,51.0,-91.0,2740.0,ARCHEAN,2744.0,2740.0,2742.0,2744.0,0.000808954,"TRACE ELEMENT GEOCHEMISTRY OF THE MEEN-DEMPSTER GREENSTONE BELT, UCHI SUBPROVINCE, SUPERIOR PROVINCE, CANADA: BACK-ARC DEVELOPMENT ON THE MARGINS OF AN ARCHEAN PROTOCONTINENT",ARCHEAN CRATON (INCLUDING GREENSTONE BELTS),Superior,,51.0,51.0,-91.0,-91.0,,,,82GRS-0204,THOLEIITE,2740000000.0,2744000000.0,PALEO,,,,,THOLEIITE,,,,,WR,51.43,0.73,,14.78,,,,11.27,11.29,7.54,0.18,,0.22,1.25,0.05,,,,,,,,,,,,,,,,,,,,,,,,,,,,,,,,,,,,,,,,,,,,49.0,,307.0,374.0,,,58.0,127.0,,,,,,,,3.47,97.0,19.0,38.0,1.36,,,,,,,,,,,,1.06,43.0,1.95,4.96,0.75,4.15,1.61,0.6,2.38,0.46,3.18,0.72,2.0,,2.17,0.3,1.09,0.12,,,,,,,,,,,0.3,0.06,,,,,,,,,,,,,,,,,,,,,,,,,,
Superior,"TRACE ELEMENT GEOCHEMISTRY OF THE MEEN-DEMPSTER GREENSTONE BELT, UCHI SUBPROVINCE, SUPERIOR PROVINCE, CANADA: BACK-ARC DEVELOPMENT ON THE MARGINS OF AN ARCHEAN PROTOCONTINENT",84GRS-1277,THOLEIITE,51.0,-91.0,2740.0,ARCHEAN,2744.0,2740.0,2742.0,2744.0,0.53232497,"TRACE ELEMENT GEOCHEMISTRY OF THE MEEN-DEMPSTER GREENSTONE BELT, UCHI SUBPROVINCE, SUPERIOR PROVINCE, CANADA: BACK-ARC DEVELOPMENT ON THE MARGINS OF AN ARCHEAN PROTOCONTINENT",ARCHEAN CRATON (INCLUDING GREENSTONE BELTS),Superior,,51.0,51.0,-91.0,-91.0,,,,84GRS-1277,THOLEIITE,2740000000.0,2744000000.0,PALEO,,,,,THOLEIITE,,,,,WR,48.85,0.84,,15.0,,,,12.01,12.26,6.98,0.29,,0.17,2.21,0.05,,,,,,,,,,,,,,,,,,,,,,,,,,,,,,,,,,,,,,,,,,,,42.0,,268.0,273.0,,,62.0,157.0,,,,,,,,3.7,165.0,17.0,37.0,2.32,,,,,,,,,,,,0.36,52.0,2.66,6.99,1.05,5.22,1.74,0.65,2.28,0.41,2.92,0.64,1.86,,1.81,0.26,1.06,0.15,,,,,,,,,,,0.32,0.19,,,,,,,,,,,,,,,,,,,,,,,,,,
Superior,"TRACE ELEMENT GEOCHEMISTRY OF THE MEEN-DEMPSTER GREENSTONE BELT, UCHI SUBPROVINCE, SUPERIOR PROVINCE, CANADA: BACK-ARC DEVELOPMENT ON THE MARGINS OF AN ARCHEAN PROTOCONTINENT",84GRS-0239,THOLEIITE,51.0,-91.0,2740.0,ARCHEAN,2744.0,2740.0,2742.0,2744.0,0.867537081,"TRACE ELEMENT GEOCHEMISTRY OF THE MEEN-DEMPSTER GREENSTONE BELT, UCHI SUBPROVINCE, SUPERIOR PROVINCE, CANADA: BACK-ARC DEVELOPMENT ON THE MARGINS OF AN ARCHEAN PROTOCONTINENT",ARCHEAN CRATON (INCLUDING GREENSTONE BELTS),Superior,,51.0,51.0,-91.0,-91.0,,,,84GRS-0239,THOLEIITE,2740000000.0,2744000000.0,PALEO,,,,,THOLEIITE,,,,,WR,52.06,1.06,,15.65,,,,10.61,10.43,5.91,0.25,,0.23,2.55,0.07,,,,,,,,,,,,,,,,,,,,,,,,,,,,,,,,,,,,,,,,,,,,50.0,,340.0,243.0,,,67.0,105.0,,,,,,,,1.55,128.0,23.0,55.0,3.08,,,,,,,,,,,,0.26,122.0,2.76,7.45,1.13,5.55,1.98,0.71,2.85,0.54,3.84,0.87,2.48,,2.49,0.35,1.56,0.19,,,,,,,,,,,0.41,0.08,,,,,,,,,,,,,,,,,,,,,,,,,,
Superior,"TRACE ELEMENT GEOCHEMISTRY OF THE MEEN-DEMPSTER GREENSTONE BELT, UCHI SUBPROVINCE, SUPERIOR PROVINCE, CANADA: BACK-ARC DEVELOPMENT ON THE MARGINS OF AN ARCHEAN PROTOCONTINENT",82GRS-0254,THOLEIITE,51.0,-91.0,2740.0,ARCHEAN,2744.0,2740.0,2742.0,2744.0,0.00778518,"TRACE ELEMENT GEOCHEMISTRY OF THE MEEN-DEMPSTER GREENSTONE BELT, UCHI SUBPROVINCE, SUPERIOR PROVINCE, CANADA: BACK-ARC DEVELOPMENT ON THE MARGINS OF AN ARCHEAN PROTOCONTINENT",ARCHEAN CRATON (INCLUDING GREENSTONE BELTS),Superior,,51.0,51.0,-91.0,-91.0,,,,82GRS-0254,THOLEIITE,2740000000.0,2744000000.0,PALEO,,,,,THOLEIITE,,,,,WR,46.56,1.14,,16.43,,,,13.42,10.96,7.25,0.18,,0.25,2.26,0.05,,,,,,,,,,,,,,,,,,,,,,,,,,,,,,,,,,,,,,,,,,,,36.0,,289.0,186.0,,,63.0,105.0,,,,,,,,3.79,279.0,21.0,61.0,4.13,,,,,,,,,,,,0.64,58.0,3.43,9.38,1.41,7.07,2.49,0.88,3.08,0.54,3.72,0.82,2.31,,2.13,0.31,1.62,0.27,,,,,,,,,,,0.49,0.1,,,,,,,,,,,,,,,,,,,,,,,,,,
Superior,"TRACE ELEMENT GEOCHEMISTRY OF THE MEEN-DEMPSTER GREENSTONE BELT, UCHI SUBPROVINCE, SUPERIOR PROVINCE, CANADA: BACK-ARC DEVELOPMENT ON THE MARGINS OF AN ARCHEAN PROTOCONTINENT",84GRS-1225,THOLEIITE,51.0,-91.0,2825.0,ARCHEAN,2842.0,2825.0,2833.5,2842.0,0.078866608,"TRACE ELEMENT GEOCHEMISTRY OF THE MEEN-DEMPSTER GREENSTONE BELT, UCHI SUBPROVINCE, SUPERIOR PROVINCE, CANADA: BACK-ARC DEVELOPMENT ON THE MARGINS OF AN ARCHEAN PROTOCONTINENT",ARCHEAN CRATON (INCLUDING GREENSTONE BELTS),Superior,,51.0,51.0,-91.0,-91.0,,,,84GRS-1225,THOLEIITE,2825000000.0,2842000000.0,PALEO,,,,,THOLEIITE,,,,,WR,50.01,0.83,,15.54,,,,11.48,12.96,5.75,0.23,,0.16,1.73,0.03,,,,,,,,,,,,,,,,,,,,,,,,,,,,,,,,,,,,,,,,,,,,43.0,,283.0,268.0,,,63.0,157.0,,,,,,,,0.82,150.0,20.0,48.0,2.43,,,,,,,,,,,,0.03,42.0,2.69,6.89,1.1,5.55,1.88,0.7,2.6,0.47,3.16,0.73,2.12,,2.06,0.32,1.4,0.13,,,,,,,,,,,0.28,0.06,,,,,,,,,,,,,,,,,,,,,,,,,,
Superior,"TRACE ELEMENT GEOCHEMISTRY OF THE MEEN-DEMPSTER GREENSTONE BELT, UCHI SUBPROVINCE, SUPERIOR PROVINCE, CANADA: BACK-ARC DEVELOPMENT ON THE MARGINS OF AN ARCHEAN PROTOCONTINENT",82GRS-0139,THOLEIITE,51.0,-91.0,2825.0,ARCHEAN,2842.0,2825.0,2833.5,2842.0,0.101042897,"TRACE ELEMENT GEOCHEMISTRY OF THE MEEN-DEMPSTER GREENSTONE BELT, UCHI SUBPROVINCE, SUPERIOR PROVINCE, CANADA: BACK-ARC DEVELOPMENT ON THE MARGINS OF AN ARCHEAN PROTOCONTINENT",ARCHEAN CRATON (INCLUDING GREENSTONE BELTS),Superior,,51.0,51.0,-91.0,-91.0,,,,82GRS-0139,THOLEIITE,2825000000.0,2842000000.0,PALEO,,,,,THOLEIITE,,,,,WR,52.84,1.08,,15.38,,,,11.67,10.35,5.02,0.17,,0.21,1.87,0.12,,,,,,,,,,,,,,,,,,,,,,,,,,,,,,,,,,,,,,,,,,,,34.0,,250.0,240.0,,,53.0,106.0,,,,,,,,2.19,123.0,35.0,119.0,6.45,,,,,,,,,,,,0.22,53.0,7.62,18.99,2.85,13.22,3.94,1.17,5.06,0.88,6.23,1.35,3.85,,3.83,0.55,3.06,0.37,,,,,,,,,,,0.88,0.22,,,,,,,,,,,,,,,,,,,,,,,,,,
Superior,"TRACE ELEMENT GEOCHEMISTRY OF THE MEEN-DEMPSTER GREENSTONE BELT, UCHI SUBPROVINCE, SUPERIOR PROVINCE, CANADA: BACK-ARC DEVELOPMENT ON THE MARGINS OF AN ARCHEAN PROTOCONTINENT",82GRS-1582,THOLEIITE,51.0,-91.0,2825.0,ARCHEAN,2842.0,2825.0,2833.5,2842.0,0.016056191,"TRACE ELEMENT GEOCHEMISTRY OF THE MEEN-DEMPSTER GREENSTONE BELT, UCHI SUBPROVINCE, SUPERIOR PROVINCE, CANADA: BACK-ARC DEVELOPMENT ON THE MARGINS OF AN ARCHEAN PROTOCONTINENT",ARCHEAN CRATON (INCLUDING GREENSTONE BELTS),Superior,,51.0,51.0,-91.0,-91.0,,,,82GRS-1582,THOLEIITE,2825000000.0,2842000000.0,PALEO,,,,,THOLEIITE,,,,,WR,49.94,0.64,,15.06,,,,10.74,13.55,6.8,0.21,,0.27,1.57,0.02,,,,,,,,,,,,,,,,,,,,,,,,,,,,,,,,,,,,,,,,,,,,42.0,,243.0,194.0,,,61.0,135.0,,,,,,,,4.5,130.0,14.0,31.0,1.65,,,,,,,,,,,,0.28,47.0,1.91,4.89,0.78,4.01,1.43,0.51,1.87,0.35,2.3,0.52,1.43,,1.46,0.21,0.85,0.11,,,,,,,,,,,0.23,0.05,,,,,,,,,,,,,,,,,,,,,,,,,,
Superior,"TRACE ELEMENT GEOCHEMISTRY OF THE MEEN-DEMPSTER GREENSTONE BELT, UCHI SUBPROVINCE, SUPERIOR PROVINCE, CANADA: BACK-ARC DEVELOPMENT ON THE MARGINS OF AN ARCHEAN PROTOCONTINENT",84GRS-1166,THOLEIITE,51.0,-91.0,2825.0,ARCHEAN,2842.0,2825.0,2833.5,2842.0,0.383736193,"TRACE ELEMENT GEOCHEMISTRY OF THE MEEN-DEMPSTER GREENSTONE BELT, UCHI SUBPROVINCE, SUPERIOR PROVINCE, CANADA: BACK-ARC DEVELOPMENT ON THE MARGINS OF AN ARCHEAN PROTOCONTINENT",ARCHEAN CRATON (INCLUDING GREENSTONE BELTS),Superior,,51.0,51.0,-91.0,-91.0,,,,84GRS-1166,THOLEIITE,2825000000.0,2842000000.0,PALEO,,,,,THOLEIITE,,,,,WR,48.67,0.62,,15.62,,,,10.35,12.37,9.36,0.16,,0.11,1.57,0.02,,,,,,,,,,,,,,,,,,,,,,,,,,,,,,,,,,,,,,,,,,,,39.0,,233.0,410.0,,,61.0,189.0,,,,,,,,1.55,105.0,15.0,34.0,2.16,,,,,,,,,,,,0.14,45.0,2.0,5.19,0.77,4.01,1.39,0.56,1.81,0.34,2.44,0.53,1.46,,1.53,0.2,0.94,0.14,,,,,,,,,,,0.25,0.17,,,,,,,,,,,,,,,,,,,,,,,,,,
Superior,"TRACE ELEMENT GEOCHEMISTRY OF THE MEEN-DEMPSTER GREENSTONE BELT, UCHI SUBPROVINCE, SUPERIOR PROVINCE, CANADA: BACK-ARC DEVELOPMENT ON THE MARGINS OF AN ARCHEAN PROTOCONTINENT",84GRS-0075,THOLEIITE,51.0,-91.0,2825.0,ARCHEAN,2842.0,2825.0,2833.5,2842.0,0.729388058,"TRACE ELEMENT GEOCHEMISTRY OF THE MEEN-DEMPSTER GREENSTONE BELT, UCHI SUBPROVINCE, SUPERIOR PROVINCE, CANADA: BACK-ARC DEVELOPMENT ON THE MARGINS OF AN ARCHEAN PROTOCONTINENT",ARCHEAN CRATON (INCLUDING GREENSTONE BELTS),Superior,,51.0,51.0,-91.0,-91.0,,,,84GRS-0075,THOLEIITE,2825000000.0,2842000000.0,PALEO,,,,,THOLEIITE,,,,,WR,48.97,1.11,,16.02,,,,12.64,9.38,7.45,0.18,,0.11,2.65,0.07,,,,,,,,,,,,,,,,,,,,,,,,,,,,,,,,,,,,,,,,,,,,49.0,,355.0,197.0,,,64.0,112.0,,,,,,,,2.01,243.0,22.0,58.0,3.05,,,,,,,,,,,,0.37,116.0,3.46,9.22,1.41,6.7,2.16,0.79,2.84,0.53,3.63,0.8,2.31,,2.25,0.33,1.56,0.21,,,,,,,,,,,0.42,0.09,,,,,,,,,,,,,,,,,,,,,,,,,,
Superior,"TRACE ELEMENT GEOCHEMISTRY OF THE MEEN-DEMPSTER GREENSTONE BELT, UCHI SUBPROVINCE, SUPERIOR PROVINCE, CANADA: BACK-ARC DEVELOPMENT ON THE MARGINS OF AN ARCHEAN PROTOCONTINENT",84GRS-1056,THOLEIITE,51.0,-91.0,2825.0,ARCHEAN,2842.0,2825.0,2833.5,2842.0,0.18183887,"TRACE ELEMENT GEOCHEMISTRY OF THE MEEN-DEMPSTER GREENSTONE BELT, UCHI SUBPROVINCE, SUPERIOR PROVINCE, CANADA: BACK-ARC DEVELOPMENT ON THE MARGINS OF AN ARCHEAN PROTOCONTINENT",ARCHEAN CRATON (INCLUDING GREENSTONE BELTS),Superior,,51.0,51.0,-91.0,-91.0,,,,84GRS-1056,THOLEIITE,2825000000.0,2842000000.0,PALEO,,,,,THOLEIITE,,,,,WR,48.41,1.67,,14.25,,,,15.43,9.0,6.52,0.21,,0.18,2.47,0.13,,,,,,,,,,,,,,,,,,,,,,,,,,,,,,,,,,,,,,,,,,,,53.0,,441.0,227.0,,,66.0,87.0,,,,,,,,5.45,149.0,38.0,93.0,5.44,,,,,,,,,,,,0.6,47.0,6.68,17.23,2.63,12.95,4.12,1.23,4.95,0.89,5.91,1.29,3.76,,3.37,0.5,2.51,0.32,,,,,,,,,,,0.75,0.16,,,,,,,,,,,,,,,,,,,,,,,,,,
Superior,"TRACE ELEMENT GEOCHEMISTRY OF THE MEEN-DEMPSTER GREENSTONE BELT, UCHI SUBPROVINCE, SUPERIOR PROVINCE, CANADA: BACK-ARC DEVELOPMENT ON THE MARGINS OF AN ARCHEAN PROTOCONTINENT",84GRS-0047,THOLEIITE,51.0,-91.0,2825.0,ARCHEAN,2842.0,2825.0,2833.5,2842.0,0.000971849,"TRACE ELEMENT GEOCHEMISTRY OF THE MEEN-DEMPSTER GREENSTONE BELT, UCHI SUBPROVINCE, SUPERIOR PROVINCE, CANADA: BACK-ARC DEVELOPMENT ON THE MARGINS OF AN ARCHEAN PROTOCONTINENT",ARCHEAN CRATON (INCLUDING GREENSTONE BELTS),Superior,,51.0,51.0,-91.0,-91.0,,,,84GRS-0047,THOLEIITE,2825000000.0,2842000000.0,PALEO,,,,,THOLEIITE,,,,,WR,49.25,0.78,,14.86,,,,11.51,12.11,8.44,0.17,,0.06,1.52,0.03,,,,,,,,,,,,,,,,,,,,,,,,,,,,,,,,,,,,,,,,,,,,40.0,,256.0,289.0,,,57.0,162.0,,,,,,,,0.76,81.0,15.0,32.0,1.76,,,,,,,,,,,,0.03,23.0,1.83,4.88,0.77,3.95,1.47,0.59,1.97,0.37,2.58,0.58,1.66,,1.65,0.23,0.87,0.13,,,,,,,,,,,0.26,0.04,,,,,,,,,,,,,,,,,,,,,,,,,,
Superior,"TRACE ELEMENT GEOCHEMISTRY OF THE MEEN-DEMPSTER GREENSTONE BELT, UCHI SUBPROVINCE, SUPERIOR PROVINCE, CANADA: BACK-ARC DEVELOPMENT ON THE MARGINS OF AN ARCHEAN PROTOCONTINENT",82GRS-0035,THOLEIITE,51.0,-91.0,2825.0,ARCHEAN,2842.0,2825.0,2833.5,2842.0,0.015555955,"TRACE ELEMENT GEOCHEMISTRY OF THE MEEN-DEMPSTER GREENSTONE BELT, UCHI SUBPROVINCE, SUPERIOR PROVINCE, CANADA: BACK-ARC DEVELOPMENT ON THE MARGINS OF AN ARCHEAN PROTOCONTINENT",ARCHEAN CRATON (INCLUDING GREENSTONE BELTS),Superior,,51.0,51.0,-91.0,-91.0,,,,82GRS-0035,THOLEIITE,2825000000.0,2842000000.0,PALEO,,,,,THOLEIITE,,,,,WR,47.51,0.74,,16.01,,,,10.46,13.66,8.48,0.18,,0.19,1.55,0.04,,,,,,,,,,,,,,,,,,,,,,,,,,,,,,,,,,,,,,,,,,,,34.0,,211.0,358.0,,,50.0,133.0,,,,,,,,3.44,135.0,17.0,36.0,2.57,,,,,,,,,,,,0.19,39.0,3.73,8.87,1.29,6.2,1.81,0.64,2.28,0.42,2.88,0.61,1.81,,1.71,0.26,1.0,0.18,,,,,,,,,,,0.46,0.07,,,,,,,,,,,,,,,,,,,,,,,,,,
Superior,"TRACE ELEMENT SYSTEMATICS OF MG-, TO FE-THOLEIITIC BASALT SUITES OF THE SUPERIOR PROVINCE: IMPLICATIONS FOR ARCHEAN MANTLE RESERVOIRS AND GREENSTONE BELT GENESIS",87-18A,BASALT,51.5,-90.17,2500.0,ARCHEAN,3850.0,2858.0,2860.0,2862.0,0.155289516,"TRACE ELEMENT SYSTEMATICS OF MG-, TO FE-THOLEIITIC BASALT SUITES OF THE SUPERIOR PROVINCE: IMPLICATIONS FOR ARCHEAN MANTLE RESERVOIRS AND GREENSTONE BELT GENESIS",ARCHEAN CRATON (INCLUDING GREENSTONE BELTS),Superior,,51.5,51.5,-90.17,-90.17,,,,87-18A,BASALT,2500000000.0,3850000000.0,PALEO,,,,,BASALT,,,,,WR,49.3,0.62,,14.84,,,,10.76,10.51,10.31,0.2,,0.29,1.97,0.04,,,,,,,,,,,,,,,,,,,,,,,,,,,,,,,,,,,,,,,,,,,,46.0,,252.0,316.0,,,69.0,116.0,,,,,,,,,,14.5,34.0,1.61,,,,,,,,,,,,,,1.46,4.3,0.68,3.76,1.38,0.576,2.1,0.364,2.45,0.556,1.61,,1.6,0.243,1.08,0.13,,,,,,,,,,,0.21,,,,,,,,,,,,,,,,,,,,,,,,,,,
Superior,"TRACE ELEMENT SYSTEMATICS OF MG-, TO FE-THOLEIITIC BASALT SUITES OF THE SUPERIOR PROVINCE: IMPLICATIONS FOR ARCHEAN MANTLE RESERVOIRS AND GREENSTONE BELT GENESIS",87-23B,BASALT,51.5,-90.17,2500.0,ARCHEAN,3850.0,2858.0,2860.0,2862.0,0.012437255,"TRACE ELEMENT SYSTEMATICS OF MG-, TO FE-THOLEIITIC BASALT SUITES OF THE SUPERIOR PROVINCE: IMPLICATIONS FOR ARCHEAN MANTLE RESERVOIRS AND GREENSTONE BELT GENESIS",ARCHEAN CRATON (INCLUDING GREENSTONE BELTS),Superior,,51.5,51.5,-90.17,-90.17,,,,87-23B,BASALT,2500000000.0,3850000000.0,PALEO,,,,,BASALT,,,,,WR,49.8,1.22,,13.71,,,,15.1,9.35,6.2,0.24,,0.1,2.48,0.08,,,,,,,,,,,,,,,,,,,,,,,,,,,,,,,,,,,,,,,,,,,,64.0,,457.0,15.0,,,73.0,42.0,,,,,,,,,,26.9,71.0,3.46,,,,,,,,,,,,,,2.92,8.94,1.43,7.96,2.84,1.104,4.19,0.753,5.14,1.154,3.3,,3.21,0.472,2.09,0.24,,,,,,,,,,,0.46,,,,,,,,,,,,,,,,,,,,,,,,,,,
Superior,"TRACE ELEMENT SYSTEMATICS OF MG-, TO FE-THOLEIITIC BASALT SUITES OF THE SUPERIOR PROVINCE: IMPLICATIONS FOR ARCHEAN MANTLE RESERVOIRS AND GREENSTONE BELT GENESIS",89-34C,BASALT,51.5,-90.17,2500.0,ARCHEAN,3850.0,2858.0,2860.0,2862.0,0.011103588,"TRACE ELEMENT SYSTEMATICS OF MG-, TO FE-THOLEIITIC BASALT SUITES OF THE SUPERIOR PROVINCE: IMPLICATIONS FOR ARCHEAN MANTLE RESERVOIRS AND GREENSTONE BELT GENESIS",ARCHEAN CRATON (INCLUDING GREENSTONE BELTS),Superior,,51.5,51.5,-90.17,-90.17,,,,89-34C,BASALT,2500000000.0,3850000000.0,PALEO,,,,,BASALT,,,,,WR,48.0,0.65,,15.85,,,,11.78,9.77,10.09,0.18,,0.11,2.24,0.05,,,,,,,,,,,,,,,,,,,,,,,,,,,,,,,,,,,,,,,,,,,,37.0,,243.0,375.0,,,73.0,252.0,,,,,,,,,,14.8,37.0,1.8,,,,,,,,,,,,,,2.61,6.72,0.99,4.95,1.65,0.678,2.21,0.395,2.72,0.617,1.84,,1.75,0.253,1.06,0.12,,,,,,,,,,,0.26,,,,,,,,,,,,,,,,,,,,,,,,,,,
Superior,"TRACE ELEMENT SYSTEMATICS OF MG-, TO FE-THOLEIITIC BASALT SUITES OF THE SUPERIOR PROVINCE: IMPLICATIONS FOR ARCHEAN MANTLE RESERVOIRS AND GREENSTONE BELT GENESIS",HE95-13,BASALT,48.6,-87.85,2500.0,ARCHEAN,3850.0,2700.0,2725.0,2750.0,0.08419507,"TRACE ELEMENT SYSTEMATICS OF MG-, TO FE-THOLEIITIC BASALT SUITES OF THE SUPERIOR PROVINCE: IMPLICATIONS FOR ARCHEAN MANTLE RESERVOIRS AND GREENSTONE BELT GENESIS",ARCHEAN CRATON (INCLUDING GREENSTONE BELTS),Superior,,48.6,48.6,-87.85,-87.85,,,,HE95-13,BASALT,2500000000.0,3850000000.0,PALEO,,,,,BASALT,,,,,WR,48.2,2.06,,14.43,,,,16.12,7.65,5.85,0.16,,0.15,3.39,0.18,,,,,,,,,,,,,,,,,,,,,,,,,,,,,,,,,,,,,,,,,,,,46.0,,440.0,138.0,,,72.0,66.0,,,,,,,,,,35.0,101.0,5.8,,,,,,,,,,,,,,6.96,19.01,2.76,13.85,4.38,1.555,5.45,0.923,6.0,1.334,3.75,,3.65,0.552,3.27,0.36,,,,,,,,,,,0.75,,,,,,,,,,,,,,,,,,,,,,,,,,,
Superior,"TRACE ELEMENT SYSTEMATICS OF MG-, TO FE-THOLEIITIC BASALT SUITES OF THE SUPERIOR PROVINCE: IMPLICATIONS FOR ARCHEAN MANTLE RESERVOIRS AND GREENSTONE BELT GENESIS",HE95-16,BASALT,48.6,-87.85,2500.0,ARCHEAN,3850.0,2700.0,2725.0,2750.0,0.001775692,"TRACE ELEMENT SYSTEMATICS OF MG-, TO FE-THOLEIITIC BASALT SUITES OF THE SUPERIOR PROVINCE: IMPLICATIONS FOR ARCHEAN MANTLE RESERVOIRS AND GREENSTONE BELT GENESIS",ARCHEAN CRATON (INCLUDING GREENSTONE BELTS),Superior,,48.6,48.6,-87.85,-87.85,,,,HE95-16,BASALT,2500000000.0,3850000000.0,PALEO,,,,,BASALT,,,,,WR,49.5,0.83,,15.5,,,,13.21,11.5,4.51,0.39,,0.93,2.09,0.08,,,,,,,,,,,,,,,,,,,,,,,,,,,,,,,,,,,,,,,,,,,,55.0,,297.0,43.0,,,59.0,57.0,,,,,,,,,,26.0,52.0,1.95,,,,,,,,,,,,,,4.69,12.43,1.74,8.17,2.43,0.909,3.53,0.596,4.31,0.97,2.68,,2.52,0.364,1.76,0.11,,,,,,,,,,,0.37,,,,,,,,,,,,,,,,,,,,,,,,,,,
Superior,"TRACE ELEMENT SYSTEMATICS OF MG-, TO FE-THOLEIITIC BASALT SUITES OF THE SUPERIOR PROVINCE: IMPLICATIONS FOR ARCHEAN MANTLE RESERVOIRS AND GREENSTONE BELT GENESIS",HE95-25,BASALT,48.6,-87.85,2500.0,ARCHEAN,3850.0,2700.0,2725.0,2750.0,0.265217006,"TRACE ELEMENT SYSTEMATICS OF MG-, TO FE-THOLEIITIC BASALT SUITES OF THE SUPERIOR PROVINCE: IMPLICATIONS FOR ARCHEAN MANTLE RESERVOIRS AND GREENSTONE BELT GENESIS",ARCHEAN CRATON (INCLUDING GREENSTONE BELTS),Superior,,48.6,48.6,-87.85,-87.85,,,,HE95-25,BASALT,2500000000.0,3850000000.0,PALEO,,,,,BASALT,,,,,WR,50.5,0.97,,15.74,,,,12.59,9.69,5.9,0.2,,0.64,2.26,0.08,,,,,,,,,,,,,,,,,,,,,,,,,,,,,,,,,,,,,,,,,,,,55.0,,308.0,239.0,,,58.0,124.0,,,,,,,,,,23.0,59.0,2.31,,,,,,,,,,,,,,3.65,9.39,1.42,6.95,2.34,0.902,3.45,0.567,3.84,0.841,2.38,,2.47,0.395,1.88,0.16,,,,,,,,,,,0.46,,,,,,,,,,,,,,,,,,,,,,,,,,,
Superior,"TRACE ELEMENT SYSTEMATICS OF MG-, TO FE-THOLEIITIC BASALT SUITES OF THE SUPERIOR PROVINCE: IMPLICATIONS FOR ARCHEAN MANTLE RESERVOIRS AND GREENSTONE BELT GENESIS",HE95-27,BASALT,48.6,-87.85,2500.0,ARCHEAN,3850.0,2700.0,2725.0,2750.0,0.018290263,"TRACE ELEMENT SYSTEMATICS OF MG-, TO FE-THOLEIITIC BASALT SUITES OF THE SUPERIOR PROVINCE: IMPLICATIONS FOR ARCHEAN MANTLE RESERVOIRS AND GREENSTONE BELT GENESIS",ARCHEAN CRATON (INCLUDING GREENSTONE BELTS),Superior,,48.6,48.6,-87.85,-87.85,,,,HE95-27,BASALT,2500000000.0,3850000000.0,PALEO,,,,,BASALT,,,,,WR,50.1,1.69,,13.6,,,,13.44,11.74,4.53,0.23,,0.73,2.32,0.18,,,,,,,,,,,,,,,,,,,,,,,,,,,,,,,,,,,,,,,,,,,,43.0,,303.0,168.0,,,45.0,72.0,,,,,,,,,,35.0,118.0,6.44,,,,,,,,,,,,,,7.45,20.13,3.05,14.12,4.35,1.453,5.38,0.918,5.9,1.282,3.57,,3.66,0.575,3.67,0.41,,,,,,,,,,,0.69,,,,,,,,,,,,,,,,,,,,,,,,,,,
Superior,"TRACE ELEMENT SYSTEMATICS OF MG-, TO FE-THOLEIITIC BASALT SUITES OF THE SUPERIOR PROVINCE: IMPLICATIONS FOR ARCHEAN MANTLE RESERVOIRS AND GREENSTONE BELT GENESIS",HE95-28,BASALT,48.6,-87.85,2500.0,ARCHEAN,3850.0,2700.0,2725.0,2750.0,0.004467954,"TRACE ELEMENT SYSTEMATICS OF MG-, TO FE-THOLEIITIC BASALT SUITES OF THE SUPERIOR PROVINCE: IMPLICATIONS FOR ARCHEAN MANTLE RESERVOIRS AND GREENSTONE BELT GENESIS",ARCHEAN CRATON (INCLUDING GREENSTONE BELTS),Superior,,48.6,48.6,-87.85,-87.85,,,,HE95-28,BASALT,2500000000.0,3850000000.0,PALEO,,,,,BASALT,,,,,WR,50.6,1.88,,14.39,,,,13.5,8.59,5.87,0.17,,0.58,2.71,0.19,,,,,,,,,,,,,,,,,,,,,,,,,,,,,,,,,,,,,,,,,,,,46.0,,331.0,156.0,,,44.0,52.0,,,,,,,,,,37.0,136.0,6.98,,,,,,,,,,,,,,8.7,23.96,3.39,16.63,4.97,1.612,6.45,1.058,6.77,1.441,4.09,,4.15,0.645,3.99,0.49,,,,,,,,,,,0.8,,,,,,,,,,,,,,,,,,,,,,,,,,,
Superior,"TRACE ELEMENT SYSTEMATICS OF MG-, TO FE-THOLEIITIC BASALT SUITES OF THE SUPERIOR PROVINCE: IMPLICATIONS FOR ARCHEAN MANTLE RESERVOIRS AND GREENSTONE BELT GENESIS",HE95-4,BASALT,48.6,-87.85,2500.0,ARCHEAN,3850.0,2700.0,2725.0,2750.0,0.016507093,"TRACE ELEMENT SYSTEMATICS OF MG-, TO FE-THOLEIITIC BASALT SUITES OF THE SUPERIOR PROVINCE: IMPLICATIONS FOR ARCHEAN MANTLE RESERVOIRS AND GREENSTONE BELT GENESIS",ARCHEAN CRATON (INCLUDING GREENSTONE BELTS),Superior,,48.6,48.6,-87.85,-87.85,,,,HE95-4,BASALT,2500000000.0,3850000000.0,PALEO,,,,,BASALT,,,,,WR,50.1,1.32,,13.76,,,,14.25,8.68,6.49,0.17,,0.7,2.84,0.11,,,,,,,,,,,,,,,,,,,,,,,,,,,,,,,,,,,,,,,,,,,,45.0,,337.0,182.0,,,57.0,80.0,,,,,,,,,,27.0,67.0,3.52,,,,,,,,,,,,,,4.15,11.73,1.76,8.82,2.79,1.02,3.66,0.637,4.18,0.909,2.75,,2.67,0.404,2.28,0.19,,,,,,,,,,,0.37,,,,,,,,,,,,,,,,,,,,,,,,,,,
Superior,"TRACE ELEMENT SYSTEMATICS OF MG-, TO FE-THOLEIITIC BASALT SUITES OF THE SUPERIOR PROVINCE: IMPLICATIONS FOR ARCHEAN MANTLE RESERVOIRS AND GREENSTONE BELT GENESIS",HE95-6,BASALT,48.6,-87.85,2500.0,ARCHEAN,3850.0,2700.0,2725.0,2750.0,0.004537316,"TRACE ELEMENT SYSTEMATICS OF MG-, TO FE-THOLEIITIC BASALT SUITES OF THE SUPERIOR PROVINCE: IMPLICATIONS FOR ARCHEAN MANTLE RESERVOIRS AND GREENSTONE BELT GENESIS",ARCHEAN CRATON (INCLUDING GREENSTONE BELTS),Superior,,48.6,48.6,-87.85,-87.85,,,,HE95-6,BASALT,2500000000.0,3850000000.0,PALEO,,,,,BASALT,,,,,WR,49.5,1.35,,14.71,,,,13.89,9.04,5.6,0.19,,0.58,3.55,0.09,,,,,,,,,,,,,,,,,,,,,,,,,,,,,,,,,,,,,,,,,,,,47.0,,347.0,199.0,,,60.0,91.0,,,,,,,,,,27.0,69.0,3.56,,,,,,,,,,,,,,4.3,12.1,1.85,9.02,3.11,1.139,3.79,0.685,4.55,0.977,2.91,,2.89,0.413,2.29,0.19,,,,,,,,,,,0.54,,,,,,,,,,,,,,,,,,,,,,,,,,,
Superior,"TRACE ELEMENT SYSTEMATICS OF MG-, TO FE-THOLEIITIC BASALT SUITES OF THE SUPERIOR PROVINCE: IMPLICATIONS FOR ARCHEAN MANTLE RESERVOIRS AND GREENSTONE BELT GENESIS",HE95-9,BASALT,48.6,-87.85,2500.0,ARCHEAN,3850.0,2700.0,2725.0,2750.0,0.018094908,"TRACE ELEMENT SYSTEMATICS OF MG-, TO FE-THOLEIITIC BASALT SUITES OF THE SUPERIOR PROVINCE: IMPLICATIONS FOR ARCHEAN MANTLE RESERVOIRS AND GREENSTONE BELT GENESIS",ARCHEAN CRATON (INCLUDING GREENSTONE BELTS),Superior,,48.6,48.6,-87.85,-87.85,,,,HE95-9,BASALT,2500000000.0,3850000000.0,PALEO,,,,,BASALT,,,,,WR,50.5,0.82,,14.11,,,,11.85,11.31,7.08,0.17,,0.48,2.29,0.06,,,,,,,,,,,,,,,,,,,,,,,,,,,,,,,,,,,,,,,,,,,,49.0,,277.0,215.0,,,51.0,92.0,,,,,,,,,,19.0,51.0,2.39,,,,,,,,,,,,,,3.74,9.76,1.35,6.46,1.92,0.738,2.7,0.475,3.32,0.728,2.12,,2.07,0.303,1.65,0.15,,,,,,,,,,,0.55,,,,,,,,,,,,,,,,,,,,,,,,,,,
Superior,"TRACE ELEMENT SYSTEMATICS OF MG-, TO FE-THOLEIITIC BASALT SUITES OF THE SUPERIOR PROVINCE: IMPLICATIONS FOR ARCHEAN MANTLE RESERVOIRS AND GREENSTONE BELT GENESIS",PL95-12A,BASALT,51.5,-90.17,2500.0,ARCHEAN,3850.0,2858.0,2860.0,2862.0,0.013965596,"TRACE ELEMENT SYSTEMATICS OF MG-, TO FE-THOLEIITIC BASALT SUITES OF THE SUPERIOR PROVINCE: IMPLICATIONS FOR ARCHEAN MANTLE RESERVOIRS AND GREENSTONE BELT GENESIS",ARCHEAN CRATON (INCLUDING GREENSTONE BELTS),Superior,,51.5,51.5,-90.17,-90.17,,,,PL95-12A,BASALT,2500000000.0,3850000000.0,PALEO,,,,,BASALT,,,,,WR,47.3,0.62,,15.5,,,,10.66,17.28,6.33,0.23,,0.09,0.71,0.04,,,,,,,,,,,,,,,,,,,,,,,,,,,,,,,,,,,,,,,,,,,,81.0,,348.0,481.0,,,50.0,147.0,,,,,,,,,,16.7,34.0,1.51,,,,,,,,,,,,,,1.41,3.89,0.6,3.3,1.49,0.53,1.97,0.374,2.42,0.558,1.74,,1.63,0.261,1.18,0.07,,,,,,,,,,,0.32,,,,,,,,,,,,,,,,,,,,,,,,,,,
Superior,"TRACE ELEMENT SYSTEMATICS OF MG-, TO FE-THOLEIITIC BASALT SUITES OF THE SUPERIOR PROVINCE: IMPLICATIONS FOR ARCHEAN MANTLE RESERVOIRS AND GREENSTONE BELT GENESIS",PL95-15,BASALT,51.5,-90.17,2500.0,ARCHEAN,3850.0,2858.0,2860.0,2862.0,0.055540573,"TRACE ELEMENT SYSTEMATICS OF MG-, TO FE-THOLEIITIC BASALT SUITES OF THE SUPERIOR PROVINCE: IMPLICATIONS FOR ARCHEAN MANTLE RESERVOIRS AND GREENSTONE BELT GENESIS",ARCHEAN CRATON (INCLUDING GREENSTONE BELTS),Superior,,51.5,51.5,-90.17,-90.17,,,,PL95-15,BASALT,2500000000.0,3850000000.0,PALEO,,,,,BASALT,,,,,WR,48.9,0.69,,15.46,,,,11.52,11.16,8.36,0.19,,0.18,2.16,0.05,,,,,,,,,,,,,,,,,,,,,,,,,,,,,,,,,,,,,,,,,,,,52.0,,286.0,250.0,,,56.0,170.0,,,,,,,,,,14.6,37.0,2.0,,,,,,,,,,,,,,1.72,5.0,0.71,4.22,1.44,0.568,2.03,0.37,2.54,0.596,1.67,,1.52,0.237,1.24,0.1,,,,,,,,,,,0.21,,,,,,,,,,,,,,,,,,,,,,,,,,,
Superior,"TRACE ELEMENT SYSTEMATICS OF MG-, TO FE-THOLEIITIC BASALT SUITES OF THE SUPERIOR PROVINCE: IMPLICATIONS FOR ARCHEAN MANTLE RESERVOIRS AND GREENSTONE BELT GENESIS",PL95-6,BASALT,51.5,-90.17,2500.0,ARCHEAN,3850.0,2858.0,2860.0,2862.0,0.008721215,"TRACE ELEMENT SYSTEMATICS OF MG-, TO FE-THOLEIITIC BASALT SUITES OF THE SUPERIOR PROVINCE: IMPLICATIONS FOR ARCHEAN MANTLE RESERVOIRS AND GREENSTONE BELT GENESIS",ARCHEAN CRATON (INCLUDING GREENSTONE BELTS),Superior,,51.5,51.5,-90.17,-90.17,,,,PL95-6,BASALT,2500000000.0,3850000000.0,PALEO,,,,,BASALT,,,,,WR,47.1,0.89,,15.69,,,,13.48,10.39,7.38,0.23,,0.4,2.89,0.07,,,,,,,,,,,,,,,,,,,,,,,,,,,,,,,,,,,,,,,,,,,,77.0,,324.0,326.0,,,54.0,134.0,,,,,,,,,,21.6,51.0,2.64,,,,,,,,,,,,,,2.17,6.32,0.9,5.51,2.02,0.677,2.49,0.484,3.26,0.723,2.07,,1.98,0.309,1.62,0.12,,,,,,,,,,,0.26,,,,,,,,,,,,,,,,,,,,,,,,,,,
Superior,"TRACE ELEMENT SYSTEMATICS OF MG-, TO FE-THOLEIITIC BASALT SUITES OF THE SUPERIOR PROVINCE: IMPLICATIONS FOR ARCHEAN MANTLE RESERVOIRS AND GREENSTONE BELT GENESIS",SC95-120,BASALT,48.8,-87.27,2500.0,ARCHEAN,3850.0,2700.0,2725.0,2750.0,0.002212735,"TRACE ELEMENT SYSTEMATICS OF MG-, TO FE-THOLEIITIC BASALT SUITES OF THE SUPERIOR PROVINCE: IMPLICATIONS FOR ARCHEAN MANTLE RESERVOIRS AND GREENSTONE BELT GENESIS",ARCHEAN CRATON (INCLUDING GREENSTONE BELTS),Superior,,48.8,48.8,-87.27,-87.27,,,,SC95-120,BASALT,2500000000.0,3850000000.0,PALEO,,,,,BASALT,,,,,WR,50.5,1.02,,15.23,,,,11.92,12.14,4.21,0.31,,0.47,2.8,0.11,,,,,,,,,,,,,,,,,,,,,,,,,,,,,,,,,,,,,,,,,,,,49.0,,301.0,1022.0,,,69.0,266.0,,,,,,,,,,26.0,81.0,4.25,,,,,,,,,,,,,,6.0,15.0,2.03,11.0,3.16,1.06,3.87,0.71,4.68,0.97,2.84,,2.63,0.38,2.24,0.17,,,,,,,,,,,0.56,,,,,,,,,,,,,,,,,,,,,,,,,,,
Superior,"TRACE ELEMENT SYSTEMATICS OF MG-, TO FE-THOLEIITIC BASALT SUITES OF THE SUPERIOR PROVINCE: IMPLICATIONS FOR ARCHEAN MANTLE RESERVOIRS AND GREENSTONE BELT GENESIS",SC95-13,BASALT,48.8,-87.27,2500.0,ARCHEAN,3850.0,2700.0,2725.0,2750.0,0.005172705,"TRACE ELEMENT SYSTEMATICS OF MG-, TO FE-THOLEIITIC BASALT SUITES OF THE SUPERIOR PROVINCE: IMPLICATIONS FOR ARCHEAN MANTLE RESERVOIRS AND GREENSTONE BELT GENESIS",ARCHEAN CRATON (INCLUDING GREENSTONE BELTS),Superior,,48.8,48.8,-87.27,-87.27,,,,SC95-13,BASALT,2500000000.0,3850000000.0,PALEO,,,,,BASALT,,,,,WR,50.8,0.85,,13.1,,,,9.64,10.27,10.38,0.19,,0.58,2.66,0.44,,,,,,,,,,,,,,,,,,,,,,,,,,,,,,,,,,,,,,,,,,,,56.0,,311.0,123.0,,,51.0,66.0,,,,,,,,,,37.0,111.0,5.55,,,,,,,,,,,,,,6.97,18.0,2.52,14.0,4.37,1.3,5.53,0.96,6.38,1.41,4.06,,3.85,0.57,3.03,0.31,,,,,,,,,,,0.65,,,,,,,,,,,,,,,,,,,,,,,,,,,
Superior,"TRACE ELEMENT SYSTEMATICS OF MG-, TO FE-THOLEIITIC BASALT SUITES OF THE SUPERIOR PROVINCE: IMPLICATIONS FOR ARCHEAN MANTLE RESERVOIRS AND GREENSTONE BELT GENESIS",SC95-81,BASALT,48.8,-87.27,2500.0,ARCHEAN,3850.0,2700.0,2725.0,2750.0,0.002083004,"TRACE ELEMENT SYSTEMATICS OF MG-, TO FE-THOLEIITIC BASALT SUITES OF THE SUPERIOR PROVINCE: IMPLICATIONS FOR ARCHEAN MANTLE RESERVOIRS AND GREENSTONE BELT GENESIS",ARCHEAN CRATON (INCLUDING GREENSTONE BELTS),Superior,,48.8,48.8,-87.27,-87.27,,,,SC95-81,BASALT,2500000000.0,3850000000.0,PALEO,,,,,BASALT,,,,,WR,48.4,0.94,,16.05,,,,12.01,9.12,8.82,0.21,,0.3,2.8,0.07,,,,,,,,,,,,,,,,,,,,,,,,,,,,,,,,,,,,,,,,,,,,55.0,,401.0,293.0,,,46.0,118.0,,,,,,,,,,23.0,57.0,2.17,,,,,,,,,,,,,,3.29,8.0,1.3,7.0,1.95,0.75,2.78,0.49,3.38,0.71,2.14,,2.06,0.31,1.71,0.17,,,,,,,,,,,0.5,,,,,,,,,,,,,,,,,,,,,,,,,,,
Superior,"TRACE ELEMENT SYSTEMATICS OF MG-, TO FE-THOLEIITIC BASALT SUITES OF THE SUPERIOR PROVINCE: IMPLICATIONS FOR ARCHEAN MANTLE RESERVOIRS AND GREENSTONE BELT GENESIS",SC95-85,BASALT,48.8,-87.27,2500.0,ARCHEAN,3850.0,2700.0,2725.0,2750.0,0.026351988,"TRACE ELEMENT SYSTEMATICS OF MG-, TO FE-THOLEIITIC BASALT SUITES OF THE SUPERIOR PROVINCE: IMPLICATIONS FOR ARCHEAN MANTLE RESERVOIRS AND GREENSTONE BELT GENESIS",ARCHEAN CRATON (INCLUDING GREENSTONE BELTS),Superior,,48.8,48.8,-87.27,-87.27,,,,SC95-85,BASALT,2500000000.0,3850000000.0,PALEO,,,,,BASALT,,,,,WR,52.1,1.46,,16.57,,,,11.16,10.02,3.69,0.22,,0.49,2.89,0.12,,,,,,,,,,,,,,,,,,,,,,,,,,,,,,,,,,,,,,,,,,,,47.0,,289.0,231.0,,,66.0,129.0,,,,,,,,,,24.0,69.0,2.06,,,,,,,,,,,,,,3.52,9.0,1.53,8.0,2.86,0.99,3.88,0.66,4.45,1.0,2.83,,2.74,0.43,1.84,0.14,,,,,,,,,,,0.27,,,,,,,,,,,,,,,,,,,,,,,,,,,
Abitibi,"TRACE ELEMENT SYSTEMATICS OF MG-, TO FE-THOLEIITIC BASALT SUITES OF THE SUPERIOR PROVINCE: IMPLICATIONS FOR ARCHEAN MANTLE RESERVOIRS AND GREENSTONE BELT GENESIS",TI7,BASALT,48.47,-81.4,2500.0,ARCHEAN,3850.0,2703.0,2706.5,2710.0,0.007963981,"TRACE ELEMENT SYSTEMATICS OF MG-, TO FE-THOLEIITIC BASALT SUITES OF THE SUPERIOR PROVINCE: IMPLICATIONS FOR ARCHEAN MANTLE RESERVOIRS AND GREENSTONE BELT GENESIS",ARCHEAN CRATON (INCLUDING GREENSTONE BELTS),Abitibi,,48.47,48.47,-81.4,-81.4,,,,TI7,BASALT,2500000000.0,3850000000.0,PALEO,,,,,BASALT,,,,,WR,53.1,1.32,,15.46,,,,10.26,9.22,4.93,0.21,,0.05,4.23,0.1,,,,,,,,,,,,,,,,,,,,,,,,,,,,,,,,,,,,,,,,,,,,62.0,,419.0,164.0,,,50.0,116.0,,,,,,,,,,23.1,64.0,2.95,,,,,,,,,,,,,,3.34,9.23,1.36,6.15,2.92,0.945,3.28,0.524,3.87,0.814,2.47,,2.6,0.397,1.93,0.15,,,,,,,,,,,0.47,,,,,,,,,,,,,,,,,,,,,,,,,,,
Abitibi,"TRACE ELEMENT SYSTEMATICS OF MG-, TO FE-THOLEIITIC BASALT SUITES OF THE SUPERIOR PROVINCE: IMPLICATIONS FOR ARCHEAN MANTLE RESERVOIRS AND GREENSTONE BELT GENESIS",TI94-2,BASALT,48.47,-81.4,2500.0,ARCHEAN,3850.0,2703.0,2706.5,2710.0,0.008130598,"TRACE ELEMENT SYSTEMATICS OF MG-, TO FE-THOLEIITIC BASALT SUITES OF THE SUPERIOR PROVINCE: IMPLICATIONS FOR ARCHEAN MANTLE RESERVOIRS AND GREENSTONE BELT GENESIS",ARCHEAN CRATON (INCLUDING GREENSTONE BELTS),Abitibi,,48.47,48.47,-81.4,-81.4,,,,TI94-2,BASALT,2500000000.0,3850000000.0,PALEO,,,,,BASALT,,,,,WR,47.5,1.64,,11.4,,,,20.62,11.29,2.84,0.59,,1.06,0.11,0.7,,,,,,,,,,,,,,,,,,,,,,,,,,,,,,,,,,,,,,,,,,,,26.0,,15.0,128.0,,,27.0,9.0,,,,,,,,,,61.2,171.0,10.85,,,,,,,,,,,,,,12.02,35.41,5.4,28.51,8.63,3.555,10.06,1.518,9.87,2.048,6.49,,6.47,1.122,4.93,0.63,,,,,,,,,,,0.9,,,,,,,,,,,,,,,,,,,,,,,,,,,
Superior,"TRACE ELEMENT SYSTEMATICS OF MG-, TO FE-THOLEIITIC BASALT SUITES OF THE SUPERIOR PROVINCE: IMPLICATIONS FOR ARCHEAN MANTLE RESERVOIRS AND GREENSTONE BELT GENESIS",VL19-1,BASALT,50.03,-92.17,2500.0,ARCHEAN,3850.0,2722.5,2750.0,2777.5,0.0277694,"TRACE ELEMENT SYSTEMATICS OF MG-, TO FE-THOLEIITIC BASALT SUITES OF THE SUPERIOR PROVINCE: IMPLICATIONS FOR ARCHEAN MANTLE RESERVOIRS AND GREENSTONE BELT GENESIS",ARCHEAN CRATON (INCLUDING GREENSTONE BELTS),Superior,,50.03,50.03,-92.17,-92.17,,,,VL19-1,BASALT,2500000000.0,3850000000.0,PALEO,,,,,BASALT,,,,,WR,47.3,0.87,,16.78,,,,12.52,9.83,8.19,0.19,,2.73,0.16,0.07,,,,,,,,,,,,,,,,,,,,,,,,,,,,,,,,,,,,,,,,,,,,38.0,,318.0,290.0,,,50.0,144.0,,,,,,,,,,17.7,48.0,4.9,,,,,,,,,,,,,,2.42,6.75,1.05,4.57,1.93,0.73,2.25,0.419,2.87,0.607,1.69,,1.92,0.252,1.36,0.16,,,,,,,,,,,0.27,,,,,,,,,,,,,,,,,,,,,,,,,,,
Superior,"TRACE ELEMENT SYSTEMATICS OF MG-, TO FE-THOLEIITIC BASALT SUITES OF THE SUPERIOR PROVINCE: IMPLICATIONS FOR ARCHEAN MANTLE RESERVOIRS AND GREENSTONE BELT GENESIS",VL22,BASALT,50.03,-92.17,2500.0,ARCHEAN,3850.0,2722.5,2750.0,2777.5,0.006941412,"TRACE ELEMENT SYSTEMATICS OF MG-, TO FE-THOLEIITIC BASALT SUITES OF THE SUPERIOR PROVINCE: IMPLICATIONS FOR ARCHEAN MANTLE RESERVOIRS AND GREENSTONE BELT GENESIS",ARCHEAN CRATON (INCLUDING GREENSTONE BELTS),Superior,,50.03,50.03,-92.17,-92.17,,,,VL22,BASALT,2500000000.0,3850000000.0,PALEO,,,,,BASALT,,,,,WR,49.8,0.59,,14.8,,,,11.19,12.12,7.77,0.21,,2.03,0.17,0.04,,,,,,,,,,,,,,,,,,,,,,,,,,,,,,,,,,,,,,,,,,,,59.0,,309.0,383.0,,,52.0,118.0,,,,,,,,,,17.7,37.0,1.23,,,,,,,,,,,,,,2.58,5.36,0.73,3.0,1.6,0.544,2.01,0.381,2.72,0.585,1.85,,2.27,0.288,1.04,0.07,,,,,,,,,,,0.55,,,,,,,,,,,,,,,,,,,,,,,,,,,
Superior,"TRACE ELEMENT SYSTEMATICS OF MG-, TO FE-THOLEIITIC BASALT SUITES OF THE SUPERIOR PROVINCE: IMPLICATIONS FOR ARCHEAN MANTLE RESERVOIRS AND GREENSTONE BELT GENESIS",VL23,BASALT,50.03,-92.17,2500.0,ARCHEAN,3850.0,2722.5,2750.0,2777.5,0.338906705,"TRACE ELEMENT SYSTEMATICS OF MG-, TO FE-THOLEIITIC BASALT SUITES OF THE SUPERIOR PROVINCE: IMPLICATIONS FOR ARCHEAN MANTLE RESERVOIRS AND GREENSTONE BELT GENESIS",ARCHEAN CRATON (INCLUDING GREENSTONE BELTS),Superior,,50.03,50.03,-92.17,-92.17,,,,VL23,BASALT,2500000000.0,3850000000.0,PALEO,,,,,BASALT,,,,,WR,51.9,0.64,,16.22,,,,8.91,12.14,6.83,0.17,,2.01,0.11,0.05,,,,,,,,,,,,,,,,,,,,,,,,,,,,,,,,,,,,,,,,,,,,52.0,,350.0,439.0,,,54.0,137.0,,,,,,,,,,17.4,38.0,1.54,,,,,,,,,,,,,,2.71,5.91,0.77,4.17,1.47,0.492,2.53,0.436,2.91,0.619,2.01,,2.08,0.314,1.19,0.08,,,,,,,,,,,0.79,,,,,,,,,,,,,,,,,,,,,,,,,,,
Superior,"TRACE ELEMENT SYSTEMATICS OF MG-, TO FE-THOLEIITIC BASALT SUITES OF THE SUPERIOR PROVINCE: IMPLICATIONS FOR ARCHEAN MANTLE RESERVOIRS AND GREENSTONE BELT GENESIS",VL24,BASALT,50.03,-92.17,2500.0,ARCHEAN,3850.0,2722.5,2750.0,2777.5,0.471746624,"TRACE ELEMENT SYSTEMATICS OF MG-, TO FE-THOLEIITIC BASALT SUITES OF THE SUPERIOR PROVINCE: IMPLICATIONS FOR ARCHEAN MANTLE RESERVOIRS AND GREENSTONE BELT GENESIS",ARCHEAN CRATON (INCLUDING GREENSTONE BELTS),Superior,,50.03,50.03,-92.17,-92.17,,,,VL24,BASALT,2500000000.0,3850000000.0,PALEO,,,,,BASALT,,,,,WR,49.4,0.71,,16.38,,,,10.5,10.17,8.84,0.13,,2.6,0.08,0.05,,,,,,,,,,,,,,,,,,,,,,,,,,,,,,,,,,,,,,,,,,,,44.0,,282.0,306.0,,,46.0,162.0,,,,,,,,,,16.5,41.0,2.91,,,,,,,,,,,,,,2.26,6.15,0.89,3.89,1.95,0.704,2.02,0.334,2.5,0.541,1.64,,1.82,0.252,1.33,0.14,,,,,,,,,,,0.25,,,,,,,,,,,,,,,,,,,,,,,,,,,
Superior,"TRACE ELEMENT SYSTEMATICS OF MG-, TO FE-THOLEIITIC BASALT SUITES OF THE SUPERIOR PROVINCE: IMPLICATIONS FOR ARCHEAN MANTLE RESERVOIRS AND GREENSTONE BELT GENESIS",VL28,BASALT,50.03,-92.17,2500.0,ARCHEAN,3850.0,2722.5,2750.0,2777.5,0.006928138,"TRACE ELEMENT SYSTEMATICS OF MG-, TO FE-THOLEIITIC BASALT SUITES OF THE SUPERIOR PROVINCE: IMPLICATIONS FOR ARCHEAN MANTLE RESERVOIRS AND GREENSTONE BELT GENESIS",ARCHEAN CRATON (INCLUDING GREENSTONE BELTS),Superior,,50.03,50.03,-92.17,-92.17,,,,VL28,BASALT,2500000000.0,3850000000.0,PALEO,,,,,BASALT,,,,,WR,52.7,1.83,,13.1,,,,14.67,7.8,3.9,0.32,,3.8,0.2,0.16,,,,,,,,,,,,,,,,,,,,,,,,,,,,,,,,,,,,,,,,,,,,51.0,,482.0,208.0,,,52.0,47.0,,,,,,,,,,36.9,127.0,6.35,,,,,,,,,,,,,,5.74,16.05,2.37,11.94,3.89,1.34,4.97,0.92,6.8,1.37,4.04,,3.9,0.64,3.66,0.41,,,,,,,,,,,0.93,,,,,,,,,,,,,,,,,,,,,,,,,,,
Superior,"TRACE ELEMENT SYSTEMATICS OF MG-, TO FE-THOLEIITIC BASALT SUITES OF THE SUPERIOR PROVINCE: IMPLICATIONS FOR ARCHEAN MANTLE RESERVOIRS AND GREENSTONE BELT GENESIS",VL4B,BASALT,50.03,-92.17,2500.0,ARCHEAN,3850.0,2722.5,2750.0,2777.5,0.006398272,"TRACE ELEMENT SYSTEMATICS OF MG-, TO FE-THOLEIITIC BASALT SUITES OF THE SUPERIOR PROVINCE: IMPLICATIONS FOR ARCHEAN MANTLE RESERVOIRS AND GREENSTONE BELT GENESIS",ARCHEAN CRATON (INCLUDING GREENSTONE BELTS),Superior,,50.03,50.03,-92.17,-92.17,,,,VL4B,BASALT,2500000000.0,3850000000.0,PALEO,,,,,BASALT,,,,,WR,50.7,1.01,,14.49,,,,13.79,11.88,5.1,0.22,,1.27,0.01,0.07,,,,,,,,,,,,,,,,,,,,,,,,,,,,,,,,,,,,,,,,,,,,54.0,,331.0,225.0,,,60.0,93.0,,,,,,,,,,20.5,60.0,2.81,,,,,,,,,,,,,,3.26,8.83,1.26,6.4,2.13,0.981,2.63,0.508,3.54,0.724,2.17,,2.13,0.316,1.61,0.17,,,,,,,,,,,0.35,,,,,,,,,,,,,,,,,,,,,,,,,,,
Superior,"TWO KOMATIITIC PYROCLASTIC UNITS, SUPERIOR PROVINCE, NORTHWESTERN ONTARIO: THEIR GEOLOGY, PETROGRAPHY, AND CORRELATION",SRE-91,BASALT,48.75,-93.0,2500.0,ARCHEAN,3850.0,2932.0,2965.5,2999.0,0.000853114,"TWO KOMATIITIC PYROCLASTIC UNITS, SUPERIOR PROVINCE, NORTHWESTERN ONTARIO: THEIR GEOLOGY, PETROGRAPHY, AND CORRELATION",ARCHEAN CRATON (INCLUDING GREENSTONE BELTS),Superior,,48.75,48.75,-93.0,-93.0,,,,SRE-91,BASALT,2500000000.0,3850000000.0,PALEO,,,,,BASALT,,,,,WR,51.2,0.9,,15.4,,,,11.88,10.2,7.7,0.2,,0.22,1.29,0.07,,,,,,,,,,,,,,,,,,,,,,,,,,,,,,,,,,,,,,,,,,,,,,260.0,270.0,,,59.0,140.0,,,,,,,,24.0,75.0,14.0,18.0,12.0,,,,,,,,,,,,,37.0,,,,,,,,,,,,,,,,,,,,,,,,,,,,,,,,,,,,,,,,,,,,,,,,,,,,,,
Superior,"TWO KOMATIITIC PYROCLASTIC UNITS, SUPERIOR PROVINCE, NORTHWESTERN ONTARIO: THEIR GEOLOGY, PETROGRAPHY, AND CORRELATION",SS-528,BASALT,48.75,-93.0,2500.0,ARCHEAN,3850.0,2932.0,2965.5,2999.0,0.999501348,"TWO KOMATIITIC PYROCLASTIC UNITS, SUPERIOR PROVINCE, NORTHWESTERN ONTARIO: THEIR GEOLOGY, PETROGRAPHY, AND CORRELATION",ARCHEAN CRATON (INCLUDING GREENSTONE BELTS),Superior,,48.75,48.75,-93.0,-93.0,,,,SS-528,BASALT,2500000000.0,3850000000.0,PALEO,,,,,BASALT,,,,,WR,47.7,1.3,,6.5,,,,17.82,12.3,11.0,0.3,,0.36,0.78,0.05,,,,,,,,,,,,,,,,,,,,,,,,,,,,,,,,,,,,,,,,,,,,,,250.0,1545.0,,,92.0,890.0,,,,,,,,12.0,18.0,10.0,53.0,22.0,,,,,,,,,,,,,41.0,,,,,,,,,,,,,,,,,,,,,,,,,,,,,,,,,,,,,,,,,,,,,,,,,,,,,,
Superior,"USING SEDIMENT GEOCHEMISTRY AND DETRITAL ZIRCON GEOCHRONOLOGY TO CATEGORIZE ERODED IGNEOUS UNITS: AN EXAMPLE FROM THE MESOARCHEAN BIRCH-UCHI GREENSTONE BELT, SUPERIOR PROVINCE",BA-5,BASALT,51.1,-92.6,2900.0,ARCHEAN,2900.0,2960.0,2975.0,2990.0,0.986586213,"USING SEDIMENT GEOCHEMISTRY AND DETRITAL ZIRCON GEOCHRONOLOGY TO CATEGORIZE ERODED IGNEOUS UNITS: AN EXAMPLE FROM THE MESOARCHEAN BIRCH-UCHI GREENSTONE BELT, SUPERIOR PROVINCE",ARCHEAN CRATON (INCLUDING GREENSTONE BELTS),Superior,,51.1,51.1,-92.6,-92.6,,,,BA-5,BASALT,2900000000.0,2900000000.0,PALEO,,,,,BASALT,,,,,WR,49.96,0.85,,4.31,,,,14.19,12.81,15.55,0.22,,0.12,0.36,0.05,,,,,,,,,,,,,,,,,,,,,,,,,,,,,,,,,,,,,,,,,,,,48.93,,344.94,908.0,,,113.0,533.0,,,,,,,,3.6,66.02,11.75,42.76,3.45,,,,,,,,,,,,0.31,16.26,3.61,9.5,1.47,7.08,2.31,0.69,2.72,0.4,2.39,0.45,1.18,,0.99,0.13,1.31,1.59,,,,,,,,,,,0.37,0.08,,,,,,,,,,,,,,,,,,,,,,,,,,
Superior,"USING SEDIMENT GEOCHEMISTRY AND DETRITAL ZIRCON GEOCHRONOLOGY TO CATEGORIZE ERODED IGNEOUS UNITS: AN EXAMPLE FROM THE MESOARCHEAN BIRCH-UCHI GREENSTONE BELT, SUPERIOR PROVINCE",BA-24,BASALT,51.1,-92.6,2900.0,ARCHEAN,2900.0,2960.0,2975.0,2990.0,0.103214495,"USING SEDIMENT GEOCHEMISTRY AND DETRITAL ZIRCON GEOCHRONOLOGY TO CATEGORIZE ERODED IGNEOUS UNITS: AN EXAMPLE FROM THE MESOARCHEAN BIRCH-UCHI GREENSTONE BELT, SUPERIOR PROVINCE",ARCHEAN CRATON (INCLUDING GREENSTONE BELTS),Superior,,51.1,51.1,-92.6,-92.6,,,,BA-24,BASALT,2900000000.0,2900000000.0,PALEO,,,,,BASALT,,,,,WR,48.51,0.65,,15.56,,,,11.38,10.91,8.81,0.18,,0.75,1.91,0.06,,,,,,,,,,,,,,,,,,,,,,,,,,,,,,,,,,,,,,,,,,,,32.13,,272.88,232.0,,,68.0,191.0,,,,,,,,27.54,162.67,15.58,40.99,2.06,,,,,,,,,,,,1.2,138.56,2.81,7.57,1.07,4.93,1.52,0.65,2.13,0.38,2.63,0.57,1.81,,1.8,0.26,1.11,0.14,,,,,,,,,,,0.37,0.12,,,,,,,,,,,,,,,,,,,,,,,,,,
Superior,"USING SEDIMENT GEOCHEMISTRY AND DETRITAL ZIRCON GEOCHRONOLOGY TO CATEGORIZE ERODED IGNEOUS UNITS: AN EXAMPLE FROM THE MESOARCHEAN BIRCH-UCHI GREENSTONE BELT, SUPERIOR PROVINCE",BA-22,BASALT,51.1,-92.6,2900.0,ARCHEAN,2900.0,2960.0,2975.0,2990.0,0.214753181,"USING SEDIMENT GEOCHEMISTRY AND DETRITAL ZIRCON GEOCHRONOLOGY TO CATEGORIZE ERODED IGNEOUS UNITS: AN EXAMPLE FROM THE MESOARCHEAN BIRCH-UCHI GREENSTONE BELT, SUPERIOR PROVINCE",ARCHEAN CRATON (INCLUDING GREENSTONE BELTS),Superior,,51.1,51.1,-92.6,-92.6,,,,BA-22,BASALT,2900000000.0,2900000000.0,PALEO,,,,,BASALT,,,,,WR,48.42,1.3,,6.94,,,,14.93,13.18,12.58,0.23,,0.12,0.55,0.09,,,,,,,,,,,,,,,,,,,,,,,,,,,,,,,,,,,,,,,,,,,,37.19,,344.3,1361.0,,,105.0,455.0,,,,,,,,0.69,34.53,16.85,76.7,7.46,,,,,,,,,,,,,15.54,7.44,20.59,2.96,13.46,3.6,0.99,4.0,0.55,3.49,0.62,1.79,,1.49,0.2,2.28,0.42,,,,,,,,,,,0.66,0.15,,,,,,,,,,,,,,,,,,,,,,,,,,
Superior,"USING SEDIMENT GEOCHEMISTRY AND DETRITAL ZIRCON GEOCHRONOLOGY TO CATEGORIZE ERODED IGNEOUS UNITS: AN EXAMPLE FROM THE MESOARCHEAN BIRCH-UCHI GREENSTONE BELT, SUPERIOR PROVINCE",BA-8,BASALT,51.1,-92.6,2900.0,ARCHEAN,2900.0,2960.0,2975.0,2990.0,0.06445834,"USING SEDIMENT GEOCHEMISTRY AND DETRITAL ZIRCON GEOCHRONOLOGY TO CATEGORIZE ERODED IGNEOUS UNITS: AN EXAMPLE FROM THE MESOARCHEAN BIRCH-UCHI GREENSTONE BELT, SUPERIOR PROVINCE",ARCHEAN CRATON (INCLUDING GREENSTONE BELTS),Superior,,51.1,51.1,-92.6,-92.6,,,,BA-8,BASALT,2900000000.0,2900000000.0,PALEO,,,,,BASALT,,,,,WR,49.24,0.77,,15.84,,,,12.07,9.85,7.92,0.18,,0.52,2.2,0.06,,,,,,,,,,,,,,,,,,,,,,,,,,,,,,,,,,,,,,,,,,,,36.96,,316.1,320.0,,,62.0,139.0,,,,,,,,18.92,151.36,18.58,46.37,2.58,,,,,,,,,,,,0.57,54.65,3.32,8.94,1.34,6.3,1.83,0.76,2.55,0.45,3.09,0.69,2.0,,2.07,0.3,1.38,0.15,,,,,,,,,,,0.51,0.11,,,,,,,,,,,,,,,,,,,,,,,,,,
Superior,"USING SEDIMENT GEOCHEMISTRY AND DETRITAL ZIRCON GEOCHRONOLOGY TO CATEGORIZE ERODED IGNEOUS UNITS: AN EXAMPLE FROM THE MESOARCHEAN BIRCH-UCHI GREENSTONE BELT, SUPERIOR PROVINCE",BA-17,BASALT,51.1,-92.6,2900.0,ARCHEAN,2900.0,2960.0,2975.0,2990.0,0.499586791,"USING SEDIMENT GEOCHEMISTRY AND DETRITAL ZIRCON GEOCHRONOLOGY TO CATEGORIZE ERODED IGNEOUS UNITS: AN EXAMPLE FROM THE MESOARCHEAN BIRCH-UCHI GREENSTONE BELT, SUPERIOR PROVINCE",ARCHEAN CRATON (INCLUDING GREENSTONE BELTS),Superior,,51.1,51.1,-92.6,-92.6,,,,BA-17,BASALT,2900000000.0,2900000000.0,PALEO,,,,,BASALT,,,,,WR,49.99,0.77,,15.86,,,,10.67,10.28,8.39,0.18,,0.46,2.14,0.07,,,,,,,,,,,,,,,,,,,,,,,,,,,,,,,,,,,,,,,,,,,,36.86,,308.89,355.0,,,115.0,141.0,,,,,,,,13.58,180.4,17.33,53.99,2.91,,,,,,,,,,,,0.4,93.99,3.16,8.06,1.2,5.78,1.82,0.63,2.45,0.43,2.82,0.63,1.93,,1.87,0.26,1.56,0.36,,,,,,,,,,,0.43,0.12,,,,,,,,,,,,,,,,,,,,,,,,,,
Superior,"USING SEDIMENT GEOCHEMISTRY AND DETRITAL ZIRCON GEOCHRONOLOGY TO CATEGORIZE ERODED IGNEOUS UNITS: AN EXAMPLE FROM THE MESOARCHEAN BIRCH-UCHI GREENSTONE BELT, SUPERIOR PROVINCE",BA-32,BASALT,51.1,-92.6,2900.0,ARCHEAN,2900.0,2960.0,2975.0,2990.0,0.108939722,"USING SEDIMENT GEOCHEMISTRY AND DETRITAL ZIRCON GEOCHRONOLOGY TO CATEGORIZE ERODED IGNEOUS UNITS: AN EXAMPLE FROM THE MESOARCHEAN BIRCH-UCHI GREENSTONE BELT, SUPERIOR PROVINCE",ARCHEAN CRATON (INCLUDING GREENSTONE BELTS),Superior,,51.1,51.1,-92.6,-92.6,,,,BA-32,BASALT,2900000000.0,2900000000.0,PALEO,,,,,BASALT,,,,,WR,50.25,0.93,,14.82,,,,13.89,9.74,6.87,0.23,,0.13,1.52,0.08,,,,,,,,,,,,,,,,,,,,,,,,,,,,,,,,,,,,,,,,,,,,37.88,,360.36,251.0,,,73.0,89.0,,,,,,,,0.64,302.56,20.44,54.88,3.43,,,,,,,,,,,,,15.83,4.11,10.72,1.55,7.77,2.32,0.79,2.97,0.53,3.57,0.79,2.38,,2.39,0.33,1.95,0.22,,,,,,,,,,,0.3,0.05,,,,,,,,,,,,,,,,,,,,,,,,,,
Superior,"USING SEDIMENT GEOCHEMISTRY AND DETRITAL ZIRCON GEOCHRONOLOGY TO CATEGORIZE ERODED IGNEOUS UNITS: AN EXAMPLE FROM THE MESOARCHEAN BIRCH-UCHI GREENSTONE BELT, SUPERIOR PROVINCE",BA-33,BASALT,51.1,-92.6,2900.0,ARCHEAN,2900.0,2960.0,2975.0,2990.0,0.013667997,"USING SEDIMENT GEOCHEMISTRY AND DETRITAL ZIRCON GEOCHRONOLOGY TO CATEGORIZE ERODED IGNEOUS UNITS: AN EXAMPLE FROM THE MESOARCHEAN BIRCH-UCHI GREENSTONE BELT, SUPERIOR PROVINCE",ARCHEAN CRATON (INCLUDING GREENSTONE BELTS),Superior,,51.1,51.1,-92.6,-92.6,,,,BA-33,BASALT,2900000000.0,2900000000.0,PALEO,,,,,BASALT,,,,,WR,49.71,0.97,,14.22,,,,12.79,10.33,7.63,0.23,,0.75,1.87,0.07,,,,,,,,,,,,,,,,,,,,,,,,,,,,,,,,,,,,,,,,,,,,37.18,,393.98,372.0,,,64.0,95.0,,,,,,,,24.64,178.75,20.29,52.32,3.12,,,,,,,,,,,,0.34,122.19,3.32,9.08,1.32,6.29,2.05,0.72,2.92,0.48,3.65,0.74,2.28,,2.3,0.34,1.68,0.18,,,,,,,,,,,0.34,0.09,,,,,,,,,,,,,,,,,,,,,,,,,,
Superior,"USING SEDIMENT GEOCHEMISTRY AND DETRITAL ZIRCON GEOCHRONOLOGY TO CATEGORIZE ERODED IGNEOUS UNITS: AN EXAMPLE FROM THE MESOARCHEAN BIRCH-UCHI GREENSTONE BELT, SUPERIOR PROVINCE",BA-14,BASALT,51.1,-92.6,2900.0,ARCHEAN,2900.0,2960.0,2975.0,2990.0,0.027801417,"USING SEDIMENT GEOCHEMISTRY AND DETRITAL ZIRCON GEOCHRONOLOGY TO CATEGORIZE ERODED IGNEOUS UNITS: AN EXAMPLE FROM THE MESOARCHEAN BIRCH-UCHI GREENSTONE BELT, SUPERIOR PROVINCE",ARCHEAN CRATON (INCLUDING GREENSTONE BELTS),Superior,,51.1,51.1,-92.6,-92.6,,,,BA-14,BASALT,2900000000.0,2900000000.0,PALEO,,,,,BASALT,,,,,WR,50.46,0.89,,14.85,,,,12.08,7.54,9.03,0.21,,0.58,2.95,0.08,,,,,,,,,,,,,,,,,,,,,,,,,,,,,,,,,,,,,,,,,,,,37.39,,353.9,445.0,,,66.0,162.0,,,,,,,,18.97,136.72,19.41,57.35,2.71,,,,,,,,,,,,0.62,96.29,2.79,7.76,1.26,6.32,2.11,0.63,2.92,0.5,3.37,0.76,2.16,,2.24,0.31,1.62,0.15,,,,,,,,,,,0.32,0.07,,,,,,,,,,,,,,,,,,,,,,,,,,
Superior,"USING SEDIMENT GEOCHEMISTRY AND DETRITAL ZIRCON GEOCHRONOLOGY TO CATEGORIZE ERODED IGNEOUS UNITS: AN EXAMPLE FROM THE MESOARCHEAN BIRCH-UCHI GREENSTONE BELT, SUPERIOR PROVINCE",BA-21,BASALT,51.1,-92.6,2900.0,ARCHEAN,2900.0,2960.0,2975.0,2990.0,0.008455879,"USING SEDIMENT GEOCHEMISTRY AND DETRITAL ZIRCON GEOCHRONOLOGY TO CATEGORIZE ERODED IGNEOUS UNITS: AN EXAMPLE FROM THE MESOARCHEAN BIRCH-UCHI GREENSTONE BELT, SUPERIOR PROVINCE",ARCHEAN CRATON (INCLUDING GREENSTONE BELTS),Superior,,51.1,51.1,-92.6,-92.6,,,,BA-21,BASALT,2900000000.0,2900000000.0,PALEO,,,,,BASALT,,,,,WR,48.41,0.76,,15.14,,,,11.0,10.7,10.64,0.19,,0.18,1.69,0.07,,,,,,,,,,,,,,,,,,,,,,,,,,,,,,,,,,,,,,,,,,,,32.92,,286.59,503.0,,,70.0,272.0,,,,,,,,2.13,151.4,15.84,48.51,2.72,,,,,,,,,,,,0.19,16.31,2.39,7.12,1.06,4.96,1.59,0.63,2.11,0.38,2.54,0.55,1.64,,1.78,0.24,1.43,0.17,,,,,,,,,,,0.27,0.07,,,,,,,,,,,,,,,,,,,,,,,,,,
Superior,"USING SEDIMENT GEOCHEMISTRY AND DETRITAL ZIRCON GEOCHRONOLOGY TO CATEGORIZE ERODED IGNEOUS UNITS: AN EXAMPLE FROM THE MESOARCHEAN BIRCH-UCHI GREENSTONE BELT, SUPERIOR PROVINCE",BA-10,BASALT,51.1,-92.6,2900.0,ARCHEAN,2900.0,2960.0,2975.0,2990.0,0.016592758,"USING SEDIMENT GEOCHEMISTRY AND DETRITAL ZIRCON GEOCHRONOLOGY TO CATEGORIZE ERODED IGNEOUS UNITS: AN EXAMPLE FROM THE MESOARCHEAN BIRCH-UCHI GREENSTONE BELT, SUPERIOR PROVINCE",ARCHEAN CRATON (INCLUDING GREENSTONE BELTS),Superior,,51.1,51.1,-92.6,-92.6,,,,BA-10,BASALT,2900000000.0,2900000000.0,PALEO,,,,,BASALT,,,,,WR,49.7,0.89,,14.73,,,,12.22,9.84,7.49,0.19,,0.45,3.05,0.07,,,,,,,,,,,,,,,,,,,,,,,,,,,,,,,,,,,,,,,,,,,,38.31,,367.21,379.0,,,58.0,125.0,,,,,,,,20.29,230.2,21.64,54.35,2.85,,,,,,,,,,,,1.32,71.34,2.88,7.75,1.27,5.98,2.13,0.72,2.85,0.5,3.46,0.75,2.24,,2.36,0.33,1.55,0.19,,,,,,,,,,,0.21,0.04,,,,,,,,,,,,,,,,,,,,,,,,,,
Superior,"USING SEDIMENT GEOCHEMISTRY AND DETRITAL ZIRCON GEOCHRONOLOGY TO CATEGORIZE ERODED IGNEOUS UNITS: AN EXAMPLE FROM THE MESOARCHEAN BIRCH-UCHI GREENSTONE BELT, SUPERIOR PROVINCE",BA-7,BASALT,51.1,-92.6,2900.0,ARCHEAN,2900.0,2960.0,2975.0,2990.0,0.000983398,"USING SEDIMENT GEOCHEMISTRY AND DETRITAL ZIRCON GEOCHRONOLOGY TO CATEGORIZE ERODED IGNEOUS UNITS: AN EXAMPLE FROM THE MESOARCHEAN BIRCH-UCHI GREENSTONE BELT, SUPERIOR PROVINCE",ARCHEAN CRATON (INCLUDING GREENSTONE BELTS),Superior,,51.1,51.1,-92.6,-92.6,,,,BA-7,BASALT,2900000000.0,2900000000.0,PALEO,,,,,BASALT,,,,,WR,49.18,1.24,,8.93,,,,15.69,10.53,9.69,0.25,,0.24,2.38,0.13,,,,,,,,,,,,,,,,,,,,,,,,,,,,,,,,,,,,,,,,,,,,34.22,,296.65,720.0,,,98.0,270.0,,,,,,,,5.7,246.57,20.05,90.57,8.59,,,,,,,,,,,,0.4,35.1,10.44,27.05,3.79,17.71,4.22,1.42,4.53,0.69,4.01,0.78,2.06,,1.82,0.22,2.72,0.49,,,,,,,,,,,1.07,0.26,,,,,,,,,,,,,,,,,,,,,,,,,,
Superior,"USING SEDIMENT GEOCHEMISTRY AND DETRITAL ZIRCON GEOCHRONOLOGY TO CATEGORIZE ERODED IGNEOUS UNITS: AN EXAMPLE FROM THE MESOARCHEAN BIRCH-UCHI GREENSTONE BELT, SUPERIOR PROVINCE",BA-29,BASALT,51.1,-92.6,2900.0,ARCHEAN,2900.0,2960.0,2975.0,2990.0,0.007400744,"USING SEDIMENT GEOCHEMISTRY AND DETRITAL ZIRCON GEOCHRONOLOGY TO CATEGORIZE ERODED IGNEOUS UNITS: AN EXAMPLE FROM THE MESOARCHEAN BIRCH-UCHI GREENSTONE BELT, SUPERIOR PROVINCE",ARCHEAN CRATON (INCLUDING GREENSTONE BELTS),Superior,,51.1,51.1,-92.6,-92.6,,,,BA-29,BASALT,2900000000.0,2900000000.0,PALEO,,,,,BASALT,,,,,WR,49.35,1.58,,14.56,,,,13.49,9.5,6.44,0.24,,0.27,2.9,0.16,,,,,,,,,,,,,,,,,,,,,,,,,,,,,,,,,,,,,,,,,,,,29.54,,428.73,320.0,,,57.0,76.0,,,,,,,,2.94,148.41,42.46,82.23,8.27,,,,,,,,,,,,,40.66,5.03,13.35,2.29,10.53,3.48,1.18,4.78,0.82,5.68,1.29,3.56,,3.27,0.53,2.37,0.1,,,,,,,,,,,0.53,0.13,,,,,,,,,,,,,,,,,,,,,,,,,,
Superior,VARIABILITY OF NB/U AND TH/LA IN 3.0 TO 2.7 GA SUPERIOR PROVINCE OCEAN PLATEAU BASALTS: IMPLICATIONS FOR THE TIMING OF CONTINENTAL GROWTH AND LITHOSPHERE RECYCLING,KX1,BASALT,48.2,-80.0,2500.0,ARCHEAN,3850.0,2720.0,2722.5,2725.0,0.015449309,VARIABILITY OF NB/U AND TH/LA IN 3.0 TO 2.7 GA SUPERIOR PROVINCE OCEAN PLATEAU BASALTS: IMPLICATIONS FOR THE TIMING OF CONTINENTAL GROWTH AND LITHOSPHERE RECYCLING,ARCHEAN CRATON (INCLUDING GREENSTONE BELTS),Superior,,48.2,48.2,-80.0,-80.0,,,,KX1,BASALT,2500000000.0,3850000000.0,PALEO,,,,,BASALT,,,,,WR,51.06,0.84,,16.45,,,,10.51,12.63,4.47,0.24,,0.49,2.06,0.07,,,,,,,,,,,,,,,,,,,,,,,,,,,,,,,,,,,,,,,,,,,,44.0,,287.0,360.0,,,52.0,150.0,,,,,,,,16.0,98.0,17.14,45.0,2.183,,,,,,,,,,,,0.38,75.0,2.3,6.88,1.19,5.57,1.93,0.81,2.8,0.46,3.3,0.71,2.11,,2.13,0.34,1.6,0.198,,,,,,,,,,,0.261,0.052,,,,,,,,,,,,,,,,,,,,,,,,,,
Superior,VARIABILITY OF NB/U AND TH/LA IN 3.0 TO 2.7 GA SUPERIOR PROVINCE OCEAN PLATEAU BASALTS: IMPLICATIONS FOR THE TIMING OF CONTINENTAL GROWTH AND LITHOSPHERE RECYCLING,KX2,BASALT,48.2,-80.0,2500.0,ARCHEAN,3850.0,2720.0,2722.5,2725.0,0.004770224,VARIABILITY OF NB/U AND TH/LA IN 3.0 TO 2.7 GA SUPERIOR PROVINCE OCEAN PLATEAU BASALTS: IMPLICATIONS FOR THE TIMING OF CONTINENTAL GROWTH AND LITHOSPHERE RECYCLING,ARCHEAN CRATON (INCLUDING GREENSTONE BELTS),Superior,,48.2,48.2,-80.0,-80.0,,,,KX2,BASALT,2500000000.0,3850000000.0,PALEO,,,,,BASALT,,,,,WR,49.29,0.79,,14.48,,,,11.16,11.57,9.13,0.21,,0.32,1.74,0.07,,,,,,,,,,,,,,,,,,,,,,,,,,,,,,,,,,,,,,,,,,,,45.0,,270.0,404.0,,,51.0,140.0,,,,,,,,6.0,109.0,15.87,40.0,2.144,,,,,,,,,,,,0.28,23.0,2.27,6.89,1.16,5.68,1.94,0.76,2.76,0.46,3.27,0.7,2.09,,1.95,0.32,1.44,0.228,,,,,,,,,,,0.28,0.052,,,,,,,,,,,,,,,,,,,,,,,,,,
Superior,VARIABILITY OF NB/U AND TH/LA IN 3.0 TO 2.7 GA SUPERIOR PROVINCE OCEAN PLATEAU BASALTS: IMPLICATIONS FOR THE TIMING OF CONTINENTAL GROWTH AND LITHOSPHERE RECYCLING,KX3B,BASALT,48.2,-80.0,2500.0,ARCHEAN,3850.0,2720.0,2722.5,2725.0,0.016541552,VARIABILITY OF NB/U AND TH/LA IN 3.0 TO 2.7 GA SUPERIOR PROVINCE OCEAN PLATEAU BASALTS: IMPLICATIONS FOR THE TIMING OF CONTINENTAL GROWTH AND LITHOSPHERE RECYCLING,ARCHEAN CRATON (INCLUDING GREENSTONE BELTS),Superior,,48.2,48.2,-80.0,-80.0,,,,KX3B,BASALT,2500000000.0,3850000000.0,PALEO,,,,,BASALT,,,,,WR,48.75,2.04,,13.55,,,,15.49,11.1,3.91,0.38,,0.18,2.68,0.21,,,,,,,,,,,,,,,,,,,,,,,,,,,,,,,,,,,,,,,,,,,,45.0,,271.0,138.0,,,34.0,36.0,,,,,,,,6.0,93.0,43.57,147.0,7.473,,,,,,,,,,,,0.1,51.0,7.47,22.33,3.71,16.81,5.43,2.39,6.96,1.2,8.02,1.79,5.12,,5.25,0.8,4.55,0.489,,,,,,,,,,,0.678,0.156,,,,,,,,,,,,,,,,,,,,,,,,,,
Superior,VARIABILITY OF NB/U AND TH/LA IN 3.0 TO 2.7 GA SUPERIOR PROVINCE OCEAN PLATEAU BASALTS: IMPLICATIONS FOR THE TIMING OF CONTINENTAL GROWTH AND LITHOSPHERE RECYCLING,KX4A,BASALT,48.2,-80.0,2500.0,ARCHEAN,3850.0,2720.0,2722.5,2725.0,0.017170092,VARIABILITY OF NB/U AND TH/LA IN 3.0 TO 2.7 GA SUPERIOR PROVINCE OCEAN PLATEAU BASALTS: IMPLICATIONS FOR THE TIMING OF CONTINENTAL GROWTH AND LITHOSPHERE RECYCLING,ARCHEAN CRATON (INCLUDING GREENSTONE BELTS),Superior,,48.2,48.2,-80.0,-80.0,,,,KX4A,BASALT,2500000000.0,3850000000.0,PALEO,,,,,BASALT,,,,,WR,51.92,2.11,,13.89,,,,16.45,6.12,4.02,0.28,,0.18,2.98,0.21,,,,,,,,,,,,,,,,,,,,,,,,,,,,,,,,,,,,,,,,,,,,46.0,,280.0,135.0,,,44.0,32.0,,,,,,,,5.0,75.0,46.57,156.0,7.856,,,,,,,,,,,,0.68,95.0,8.31,23.86,3.88,17.74,5.56,1.79,7.68,1.29,8.78,1.88,5.59,,5.61,0.89,4.92,0.492,,,,,,,,,,,0.754,0.178,,,,,,,,,,,,,,,,,,,,,,,,,,
Superior,VARIABILITY OF NB/U AND TH/LA IN 3.0 TO 2.7 GA SUPERIOR PROVINCE OCEAN PLATEAU BASALTS: IMPLICATIONS FOR THE TIMING OF CONTINENTAL GROWTH AND LITHOSPHERE RECYCLING,KX4B,BASALT,48.2,-80.0,2500.0,ARCHEAN,3850.0,2720.0,2722.5,2725.0,0.023631487,VARIABILITY OF NB/U AND TH/LA IN 3.0 TO 2.7 GA SUPERIOR PROVINCE OCEAN PLATEAU BASALTS: IMPLICATIONS FOR THE TIMING OF CONTINENTAL GROWTH AND LITHOSPHERE RECYCLING,ARCHEAN CRATON (INCLUDING GREENSTONE BELTS),Superior,,48.2,48.2,-80.0,-80.0,,,,KX4B,BASALT,2500000000.0,3850000000.0,PALEO,,,,,BASALT,,,,,WR,51.35,2.09,,13.49,,,,16.43,5.66,4.33,0.24,,0.04,4.35,0.21,,,,,,,,,,,,,,,,,,,,,,,,,,,,,,,,,,,,,,,,,,,,44.0,,258.0,131.0,,,40.0,32.0,,,,,,,,1.0,120.0,46.29,152.0,7.711,,,,,,,,,,,,0.45,70.0,8.23,23.99,3.9,17.38,5.8,1.63,7.54,1.28,8.74,1.86,5.72,,5.56,0.87,4.75,0.492,,,,,,,,,,,0.749,0.164,,,,,,,,,,,,,,,,,,,,,,,,,,
Superior,VARIABILITY OF NB/U AND TH/LA IN 3.0 TO 2.7 GA SUPERIOR PROVINCE OCEAN PLATEAU BASALTS: IMPLICATIONS FOR THE TIMING OF CONTINENTAL GROWTH AND LITHOSPHERE RECYCLING,KX5,BASALT,48.2,-80.0,2500.0,ARCHEAN,3850.0,2720.0,2722.5,2725.0,0.022021685,VARIABILITY OF NB/U AND TH/LA IN 3.0 TO 2.7 GA SUPERIOR PROVINCE OCEAN PLATEAU BASALTS: IMPLICATIONS FOR THE TIMING OF CONTINENTAL GROWTH AND LITHOSPHERE RECYCLING,ARCHEAN CRATON (INCLUDING GREENSTONE BELTS),Superior,,48.2,48.2,-80.0,-80.0,,,,KX5,BASALT,2500000000.0,3850000000.0,PALEO,,,,,BASALT,,,,,WR,50.18,1.54,,13.91,,,,14.25,10.48,3.85,0.3,,0.05,3.72,0.13,,,,,,,,,,,,,,,,,,,,,,,,,,,,,,,,,,,,,,,,,,,,46.0,,395.0,209.0,,,50.0,73.0,,,,,,,,1.0,51.0,30.76,95.0,5.13,,,,,,,,,,,,0.5,36.0,4.98,14.94,2.53,11.91,4.09,1.38,5.23,0.88,6.12,1.3,3.83,,3.81,0.61,3.17,0.321,,,,,,,,,,,0.493,0.107,,,,,,,,,,,,,,,,,,,,,,,,,,
Superior,VARIABILITY OF NB/U AND TH/LA IN 3.0 TO 2.7 GA SUPERIOR PROVINCE OCEAN PLATEAU BASALTS: IMPLICATIONS FOR THE TIMING OF CONTINENTAL GROWTH AND LITHOSPHERE RECYCLING,LU1,BASALT,48.0,-90.0,2500.0,ARCHEAN,3850.0,2903.0,2951.0,2999.0,0.010110229,VARIABILITY OF NB/U AND TH/LA IN 3.0 TO 2.7 GA SUPERIOR PROVINCE OCEAN PLATEAU BASALTS: IMPLICATIONS FOR THE TIMING OF CONTINENTAL GROWTH AND LITHOSPHERE RECYCLING,ARCHEAN CRATON (INCLUDING GREENSTONE BELTS),Superior,,48.0,48.0,-90.0,-90.0,,,,LU1,BASALT,2500000000.0,3850000000.0,PALEO,,,,,BASALT,,,,,WR,48.45,1.2,,15.44,,,,12.27,10.3,7.72,0.2,,0.17,2.8,0.09,,,,,,,,,,,,,,,,,,,,,,,,,,,,,,,,,,,,,,,,,,,,38.0,,300.0,352.0,,,49.0,106.0,,,,,,,,3.0,148.0,27.01,68.0,4.357,,,,,,,,,,,,0.05,40.0,3.89,11.14,1.6,8.11,2.82,0.96,3.57,0.61,4.36,0.96,2.91,,2.65,0.39,1.876,0.222,,,,,,,,,,,0.514,0.101,,,,,,,,,,,,,,,,,,,,,,,,,,
Superior,VARIABILITY OF NB/U AND TH/LA IN 3.0 TO 2.7 GA SUPERIOR PROVINCE OCEAN PLATEAU BASALTS: IMPLICATIONS FOR THE TIMING OF CONTINENTAL GROWTH AND LITHOSPHERE RECYCLING,LU13-1,BASALT,48.0,-90.0,2500.0,ARCHEAN,3850.0,2903.0,2951.0,2999.0,0.001110151,VARIABILITY OF NB/U AND TH/LA IN 3.0 TO 2.7 GA SUPERIOR PROVINCE OCEAN PLATEAU BASALTS: IMPLICATIONS FOR THE TIMING OF CONTINENTAL GROWTH AND LITHOSPHERE RECYCLING,ARCHEAN CRATON (INCLUDING GREENSTONE BELTS),Superior,,48.0,48.0,-90.0,-90.0,,,,LU13-1,BASALT,2500000000.0,3850000000.0,PALEO,,,,,BASALT,,,,,WR,49.01,0.94,,16.4,,,,11.86,10.77,6.96,0.2,,0.36,2.09,0.07,,,,,,,,,,,,,,,,,,,,,,,,,,,,,,,,,,,,,,,,,,,,39.0,,283.0,377.0,,,48.0,97.0,,,,,,,,13.0,168.0,21.38,52.0,3.315,,,,,,,,,,,,0.42,93.0,3.49,9.75,1.35,6.58,2.21,0.79,2.99,0.51,3.43,0.67,2.2,,2.1,0.3,1.356,0.151,,,,,,,,,,,0.372,0.07,,,,,,,,,,,,,,,,,,,,,,,,,,
Superior,VARIABILITY OF NB/U AND TH/LA IN 3.0 TO 2.7 GA SUPERIOR PROVINCE OCEAN PLATEAU BASALTS: IMPLICATIONS FOR THE TIMING OF CONTINENTAL GROWTH AND LITHOSPHERE RECYCLING,LU3-1,BASALT,48.0,-90.0,2500.0,ARCHEAN,3850.0,2903.0,2951.0,2999.0,0.001798763,VARIABILITY OF NB/U AND TH/LA IN 3.0 TO 2.7 GA SUPERIOR PROVINCE OCEAN PLATEAU BASALTS: IMPLICATIONS FOR THE TIMING OF CONTINENTAL GROWTH AND LITHOSPHERE RECYCLING,ARCHEAN CRATON (INCLUDING GREENSTONE BELTS),Superior,,48.0,48.0,-90.0,-90.0,,,,LU3-1,BASALT,2500000000.0,3850000000.0,PALEO,,,,,BASALT,,,,,WR,49.84,0.81,,14.68,,,,11.56,11.21,7.98,0.18,,0.2,2.2,0.06,,,,,,,,,,,,,,,,,,,,,,,,,,,,,,,,,,,,,,,,,,,,41.0,,267.0,443.0,,,49.0,95.0,,,,,,,,7.0,172.0,19.52,46.0,3.08,,,,,,,,,,,,0.17,34.0,3.03,8.49,1.17,5.54,1.83,0.71,2.63,0.4,2.77,0.61,1.92,,1.76,0.26,1.216,0.162,,,,,,,,,,,0.375,0.071,,,,,,,,,,,,,,,,,,,,,,,,,,
Superior,VARIABILITY OF NB/U AND TH/LA IN 3.0 TO 2.7 GA SUPERIOR PROVINCE OCEAN PLATEAU BASALTS: IMPLICATIONS FOR THE TIMING OF CONTINENTAL GROWTH AND LITHOSPHERE RECYCLING,LU8,BASALT,48.0,-90.0,2500.0,ARCHEAN,3850.0,2903.0,2951.0,2999.0,0.009289066,VARIABILITY OF NB/U AND TH/LA IN 3.0 TO 2.7 GA SUPERIOR PROVINCE OCEAN PLATEAU BASALTS: IMPLICATIONS FOR THE TIMING OF CONTINENTAL GROWTH AND LITHOSPHERE RECYCLING,ARCHEAN CRATON (INCLUDING GREENSTONE BELTS),Superior,,48.0,48.0,-90.0,-90.0,,,,LU8,BASALT,2500000000.0,3850000000.0,PALEO,,,,,BASALT,,,,,WR,48.89,1.03,,15.24,,,,12.8,10.33,7.33,0.21,,0.06,2.61,0.08,,,,,,,,,,,,,,,,,,,,,,,,,,,,,,,,,,,,,,,,,,,,40.0,,306.0,410.0,,,52.0,125.0,,,,,,,,1.0,129.0,24.36,64.0,3.709,,,,,,,,,,,,0.02,16.0,3.52,9.64,1.39,7.64,2.53,0.87,3.32,0.55,3.77,0.75,2.28,,2.33,0.37,1.753,0.194,,,,,,,,,,,0.418,0.092,,,,,,,,,,,,,,,,,,,,,,,,,,
Superior,VARIABILITY OF NB/U AND TH/LA IN 3.0 TO 2.7 GA SUPERIOR PROVINCE OCEAN PLATEAU BASALTS: IMPLICATIONS FOR THE TIMING OF CONTINENTAL GROWTH AND LITHOSPHERE RECYCLING,LU96-12,BASALT,48.0,-90.0,2500.0,ARCHEAN,3850.0,2903.0,2951.0,2999.0,0.000804191,VARIABILITY OF NB/U AND TH/LA IN 3.0 TO 2.7 GA SUPERIOR PROVINCE OCEAN PLATEAU BASALTS: IMPLICATIONS FOR THE TIMING OF CONTINENTAL GROWTH AND LITHOSPHERE RECYCLING,ARCHEAN CRATON (INCLUDING GREENSTONE BELTS),Superior,,48.0,48.0,-90.0,-90.0,,,,LU96-12,BASALT,2500000000.0,3850000000.0,PALEO,,,,,BASALT,,,,,WR,49.59,0.92,,14.42,,,,12.98,11.96,7.03,0.26,,0.12,1.22,0.07,,,,,,,,,,,,,,,,,,,,,,,,,,,,,,,,,,,,,,,,,,,,49.0,,332.0,221.0,,,61.0,90.0,,,,,,,,1.0,125.0,20.63,59.0,3.504,,,,,,,,,,,,0.08,32.0,3.94,10.35,1.52,7.62,2.35,0.94,2.94,0.55,3.63,0.81,2.39,,2.28,0.35,1.666,0.212,,,,,,,,,,,0.424,0.061,,,,,,,,,,,,,,,,,,,,,,,,,,
Superior,VARIABILITY OF NB/U AND TH/LA IN 3.0 TO 2.7 GA SUPERIOR PROVINCE OCEAN PLATEAU BASALTS: IMPLICATIONS FOR THE TIMING OF CONTINENTAL GROWTH AND LITHOSPHERE RECYCLING,LU96-8,BASALT,48.0,-90.0,2500.0,ARCHEAN,3850.0,2903.0,2951.0,2999.0,0.002671371,VARIABILITY OF NB/U AND TH/LA IN 3.0 TO 2.7 GA SUPERIOR PROVINCE OCEAN PLATEAU BASALTS: IMPLICATIONS FOR THE TIMING OF CONTINENTAL GROWTH AND LITHOSPHERE RECYCLING,ARCHEAN CRATON (INCLUDING GREENSTONE BELTS),Superior,,48.0,48.0,-90.0,-90.0,,,,LU96-8,BASALT,2500000000.0,3850000000.0,PALEO,,,,,BASALT,,,,,WR,50.12,1.14,,16.02,,,,9.98,11.61,6.41,0.32,,0.51,2.68,0.1,,,,,,,,,,,,,,,,,,,,,,,,,,,,,,,,,,,,,,,,,,,,56.0,,456.0,1778.0,,,112.0,330.0,,,,,,,,20.0,159.0,21.79,64.0,2.595,,,,,,,,,,,,0.49,286.0,3.64,10.03,1.53,7.99,2.53,0.98,3.44,0.56,3.84,0.77,2.09,,1.96,0.25,1.767,0.172,,,,,,,,,,,0.424,0.071,,,,,,,,,,,,,,,,,,,,,,,,,,
Superior,VARIABILITY OF NB/U AND TH/LA IN 3.0 TO 2.7 GA SUPERIOR PROVINCE OCEAN PLATEAU BASALTS: IMPLICATIONS FOR THE TIMING OF CONTINENTAL GROWTH AND LITHOSPHERE RECYCLING,RQ1,BASALT,48.2,-80.0,2500.0,ARCHEAN,3850.0,2720.0,2722.5,2725.0,0.292405277,VARIABILITY OF NB/U AND TH/LA IN 3.0 TO 2.7 GA SUPERIOR PROVINCE OCEAN PLATEAU BASALTS: IMPLICATIONS FOR THE TIMING OF CONTINENTAL GROWTH AND LITHOSPHERE RECYCLING,ARCHEAN CRATON (INCLUDING GREENSTONE BELTS),Superior,,48.2,48.2,-80.0,-80.0,,,,RQ1,BASALT,2500000000.0,3850000000.0,PALEO,,,,,BASALT,,,,,WR,51.03,1.04,,15.95,,,,12.55,9.68,5.5,0.23,,0.04,2.48,0.1,,,,,,,,,,,,,,,,,,,,,,,,,,,,,,,,,,,,,,,,,,,,48.0,,308.0,146.0,,,44.0,90.0,,,,,,,,1.0,186.0,21.7,61.0,2.81,,,,,,,,,,,,0.34,19.0,3.18,9.23,1.54,7.43,2.42,0.95,3.59,0.56,4.2,0.87,2.71,,2.7,0.43,2.1,0.223,,,,,,,,,,,0.35,0.085,,,,,,,,,,,,,,,,,,,,,,,,,,
Superior,VARIABILITY OF NB/U AND TH/LA IN 3.0 TO 2.7 GA SUPERIOR PROVINCE OCEAN PLATEAU BASALTS: IMPLICATIONS FOR THE TIMING OF CONTINENTAL GROWTH AND LITHOSPHERE RECYCLING,STN1,BASALT,48.2,-80.0,2500.0,ARCHEAN,3850.0,2720.0,2722.5,2725.0,0.028745413,VARIABILITY OF NB/U AND TH/LA IN 3.0 TO 2.7 GA SUPERIOR PROVINCE OCEAN PLATEAU BASALTS: IMPLICATIONS FOR THE TIMING OF CONTINENTAL GROWTH AND LITHOSPHERE RECYCLING,ARCHEAN CRATON (INCLUDING GREENSTONE BELTS),Superior,,48.2,48.2,-80.0,-80.0,,,,STN1,BASALT,2500000000.0,3850000000.0,PALEO,,,,,BASALT,,,,,WR,51.06,1.91,,13.91,,,,14.66,7.49,5.73,0.24,,0.08,3.14,0.15,,,,,,,,,,,,,,,,,,,,,,,,,,,,,,,,,,,,,,,,,,,,49.0,,481.0,104.0,,,44.0,46.0,,,,,,,,2.0,123.0,29.87,77.0,4.924,,,,,,,,,,,,0.65,47.0,5.23,15.03,2.46,11.28,3.72,1.33,4.93,0.81,5.88,1.19,3.7,,3.47,0.58,2.67,0.411,,,,,,,,,,,0.504,0.144,,,,,,,,,,,,,,,,,,,,,,,,,,
Superior,VARIABILITY OF NB/U AND TH/LA IN 3.0 TO 2.7 GA SUPERIOR PROVINCE OCEAN PLATEAU BASALTS: IMPLICATIONS FOR THE TIMING OF CONTINENTAL GROWTH AND LITHOSPHERE RECYCLING,STN3,BASALT,48.2,-80.0,2500.0,ARCHEAN,3850.0,2720.0,2722.5,2725.0,0.002714571,VARIABILITY OF NB/U AND TH/LA IN 3.0 TO 2.7 GA SUPERIOR PROVINCE OCEAN PLATEAU BASALTS: IMPLICATIONS FOR THE TIMING OF CONTINENTAL GROWTH AND LITHOSPHERE RECYCLING,ARCHEAN CRATON (INCLUDING GREENSTONE BELTS),Superior,,48.2,48.2,-80.0,-80.0,,,,STN3,BASALT,2500000000.0,3850000000.0,PALEO,,,,,BASALT,,,,,WR,53.09,1.05,,14.28,,,,10.81,10.24,6.47,0.22,,0.05,2.52,0.08,,,,,,,,,,,,,,,,,,,,,,,,,,,,,,,,,,,,,,,,,,,,43.0,,231.0,25.0,,,23.0,11.0,,,,,,,,1.0,153.0,44.2,165.0,7.364,,,,,,,,,,,,0.88,56.0,7.97,23.76,3.98,18.45,6.12,2.3,7.84,1.31,8.78,1.88,5.57,,5.61,0.91,5.12,0.494,,,,,,,,,,,0.72,0.185,,,,,,,,,,,,,,,,,,,,,,,,,,
Superior,VARIABILITY OF NB/U AND TH/LA IN 3.0 TO 2.7 GA SUPERIOR PROVINCE OCEAN PLATEAU BASALTS: IMPLICATIONS FOR THE TIMING OF CONTINENTAL GROWTH AND LITHOSPHERE RECYCLING,STN4,BASALT,48.2,-80.0,2500.0,ARCHEAN,3850.0,2720.0,2722.5,2725.0,0.12746343,VARIABILITY OF NB/U AND TH/LA IN 3.0 TO 2.7 GA SUPERIOR PROVINCE OCEAN PLATEAU BASALTS: IMPLICATIONS FOR THE TIMING OF CONTINENTAL GROWTH AND LITHOSPHERE RECYCLING,ARCHEAN CRATON (INCLUDING GREENSTONE BELTS),Superior,,48.2,48.2,-80.0,-80.0,,,,STN4,BASALT,2500000000.0,3850000000.0,PALEO,,,,,BASALT,,,,,WR,49.5,1.7,,14.1,,,,15.51,8.82,5.72,0.25,,0.29,2.25,0.14,,,,,,,,,,,,,,,,,,,,,,,,,,,,,,,,,,,,,,,,,,,,44.0,,334.0,313.0,,,51.0,96.0,,,,,,,,2.0,86.0,23.0,65.0,3.465,,,,,,,,,,,,0.6,43.0,3.72,11.11,1.87,8.62,2.81,1.02,3.6,0.63,4.49,0.93,2.82,,2.8,0.46,2.2,0.247,,,,,,,,,,,0.38,0.103,,,,,,,,,,,,,,,,,,,,,,,,,,
Abitibi,VARIABILITY OF NB/U AND TH/LA IN 3.0 TO 2.7 GA SUPERIOR PROVINCE OCEAN PLATEAU BASALTS: IMPLICATIONS FOR THE TIMING OF CONTINENTAL GROWTH AND LITHOSPHERE RECYCLING,V10-2,BASALT,48.12,-77.77,2500.0,ARCHEAN,3850.0,2701.0,2702.5,2704.0,0.008834957,VARIABILITY OF NB/U AND TH/LA IN 3.0 TO 2.7 GA SUPERIOR PROVINCE OCEAN PLATEAU BASALTS: IMPLICATIONS FOR THE TIMING OF CONTINENTAL GROWTH AND LITHOSPHERE RECYCLING,ARCHEAN CRATON (INCLUDING GREENSTONE BELTS),Abitibi,,48.12,48.12,-77.77,-77.77,,,,V10-2,BASALT,2500000000.0,3850000000.0,PALEO,,,,,BASALT,,,,,WR,49.12,1.22,,13.49,,,,12.52,13.18,5.73,0.25,,0.13,2.38,0.08,,,,,,,,,,,,,,,,,,,,,,,,,,,,,,,,,,,,,,,,,,,,48.0,,446.0,134.0,,,49.0,82.0,,,,,,,,2.0,330.0,25.38,67.0,3.13,,,,,,,,,,,,0.0,37.0,3.43,10.47,1.58,8.39,2.97,1.11,4.05,0.63,4.72,0.96,3.04,,3.07,0.48,2.11,0.21,,,,,,,,,,,0.35,0.09,,,,,,,,,,,,,,,,,,,,,,,,,,
Abitibi,VARIABILITY OF NB/U AND TH/LA IN 3.0 TO 2.7 GA SUPERIOR PROVINCE OCEAN PLATEAU BASALTS: IMPLICATIONS FOR THE TIMING OF CONTINENTAL GROWTH AND LITHOSPHERE RECYCLING,V10-3,BASALT,48.12,-77.77,2500.0,ARCHEAN,3850.0,2701.0,2702.5,2704.0,0.115768373,VARIABILITY OF NB/U AND TH/LA IN 3.0 TO 2.7 GA SUPERIOR PROVINCE OCEAN PLATEAU BASALTS: IMPLICATIONS FOR THE TIMING OF CONTINENTAL GROWTH AND LITHOSPHERE RECYCLING,ARCHEAN CRATON (INCLUDING GREENSTONE BELTS),Abitibi,,48.12,48.12,-77.77,-77.77,,,,V10-3,BASALT,2500000000.0,3850000000.0,PALEO,,,,,BASALT,,,,,WR,50.05,2.04,,13.56,,,,16.06,7.68,5.49,0.2,,0.27,2.27,0.27,,,,,,,,,,,,,,,,,,,,,,,,,,,,,,,,,,,,,,,,,,,,50.0,,408.0,124.0,,,51.0,55.0,,,,,,,,7.0,127.0,43.73,132.0,6.94,,,,,,,,,,,,0.0,55.0,6.45,18.13,2.73,14.92,5.09,1.82,6.96,1.11,7.49,1.55,4.79,,4.98,0.79,3.77,0.37,,,,,,,,,,,0.75,0.18,,,,,,,,,,,,,,,,,,,,,,,,,,
Abitibi,VARIABILITY OF NB/U AND TH/LA IN 3.0 TO 2.7 GA SUPERIOR PROVINCE OCEAN PLATEAU BASALTS: IMPLICATIONS FOR THE TIMING OF CONTINENTAL GROWTH AND LITHOSPHERE RECYCLING,V13,BASALT,48.12,-77.77,2500.0,ARCHEAN,3850.0,2701.0,2702.5,2704.0,0.006296812,VARIABILITY OF NB/U AND TH/LA IN 3.0 TO 2.7 GA SUPERIOR PROVINCE OCEAN PLATEAU BASALTS: IMPLICATIONS FOR THE TIMING OF CONTINENTAL GROWTH AND LITHOSPHERE RECYCLING,ARCHEAN CRATON (INCLUDING GREENSTONE BELTS),Abitibi,,48.12,48.12,-77.77,-77.77,,,,V13,BASALT,2500000000.0,3850000000.0,PALEO,,,,,BASALT,,,,,WR,53.78,1.3,,12.6,,,,13.0,8.01,6.26,0.17,,0.11,2.3,0.1,,,,,,,,,,,,,,,,,,,,,,,,,,,,,,,,,,,,,,,,,,,,53.0,,467.0,36.0,,,41.0,77.0,,,,,,,,2.0,117.0,26.33,81.0,3.87,,,,,,,,,,,,0.0,25.0,4.35,11.95,1.82,9.68,3.24,1.04,4.23,0.71,5.05,1.07,3.12,,3.29,0.48,2.41,0.22,,,,,,,,,,,0.42,0.12,,,,,,,,,,,,,,,,,,,,,,,,,,
Superior,VARIABILITY OF NB/U AND TH/LA IN 3.0 TO 2.7 GA SUPERIOR PROVINCE OCEAN PLATEAU BASALTS: IMPLICATIONS FOR THE TIMING OF CONTINENTAL GROWTH AND LITHOSPHERE RECYCLING,V38,BASALT,48.2,-80.0,2500.0,ARCHEAN,3850.0,2720.0,2722.5,2725.0,0.007021002,VARIABILITY OF NB/U AND TH/LA IN 3.0 TO 2.7 GA SUPERIOR PROVINCE OCEAN PLATEAU BASALTS: IMPLICATIONS FOR THE TIMING OF CONTINENTAL GROWTH AND LITHOSPHERE RECYCLING,ARCHEAN CRATON (INCLUDING GREENSTONE BELTS),Superior,,48.2,48.2,-80.0,-80.0,,,,V38,BASALT,2500000000.0,3850000000.0,PALEO,,,,,BASALT,,,,,WR,49.61,2.12,,15.45,,,,15.0,6.64,4.89,0.18,,0.33,4.09,0.39,,,,,,,,,,,,,,,,,,,,,,,,,,,,,,,,,,,,,,,,,,,,36.0,,291.0,61.0,,,11.0,14.0,,,,,,,,13.0,113.0,56.24,159.0,8.44,,,,,,,,,,,,1.0,75.0,8.03,23.75,3.55,19.87,6.48,2.01,9.02,1.39,9.76,2.06,6.52,,6.18,0.94,4.45,0.45,,,,,,,,,,,0.78,0.19,,,,,,,,,,,,,,,,,,,,,,,,,,
Abitibi,"VOLCANIC LITHOGEOCHEMISTRY AND ALTERATION AT THE DELBRIDGE MASSIVE SULFIDE DEPOSIT, NORANDA, QUEBEC",F29741,basalt,48.25,-79.02,2500.0,ARCHEAN,3850.0,2700.0,2705.0,2710.0,0.007059115,"VOLCANIC LITHOGEOCHEMISTRY AND ALTERATION AT THE DELBRIDGE MASSIVE SULFIDE DEPOSIT, NORANDA, QUEBEC",ARCHEAN CRATON (INCLUDING GREENSTONE BELTS),Abitibi,,48.25,48.25,-79.02,-79.02,,,,F29741,basalt,2500000000.0,3850000000.0,PALEO,,,,,basalt,,,,,WR,49.1,0.61,,24.89,,,,16.8,0.07,2.98,0.04,,4.56,0.83,0.09,,,,,,,,,,,,,,,,,,,,,,,,,,,,,,,,,,,,,,,,,,,,,,,,,,,,,,,,,,,107.0,59.0,139.0,534.0,30.0,,,,,,,,,,,,,,,,,,,,,,,,,,,,,,,,,,,,,,,,,,,,,,,,,,,,,,,,,,,,,,,,,,,
Abitibi,"VOLCANIC LITHOGEOCHEMISTRY AND ALTERATION AT THE DELBRIDGE MASSIVE SULFIDE DEPOSIT, NORANDA, QUEBEC",20,basalt,48.25,-79.02,2500.0,ARCHEAN,3850.0,2700.0,2705.0,2710.0,0.972716391,"VOLCANIC LITHOGEOCHEMISTRY AND ALTERATION AT THE DELBRIDGE MASSIVE SULFIDE DEPOSIT, NORANDA, QUEBEC",ARCHEAN CRATON (INCLUDING GREENSTONE BELTS),Abitibi,,48.25,48.25,-79.02,-79.02,,,,20,basalt,2500000000.0,3850000000.0,PALEO,,,,,basalt,,,,,WR,51.54,1.39,,21.6,,,,9.41,4.75,3.06,0.14,,2.24,5.77,0.1,,,,,,,,,,,,,,,,,,,,,,,,,,,,,,,,,,,,,,,,,,,,,,,,,,,,,,24.0,,,,,61.0,90.0,14.0,50.0,5.0,,,,,,,,,,,,,,4.6,10.0,,6.0,1.6,0.7,,0.4,,0.7,,,1.2,0.19,,,,,,,,,,,,,,,,,,,,,,,,,,,,,,,,,,,,,,,,
Abitibi,"VOLCANIC LITHOGEOCHEMISTRY AND ALTERATION AT THE DELBRIDGE MASSIVE SULFIDE DEPOSIT, NORANDA, QUEBEC",F241317,basalt,48.25,-79.02,2500.0,ARCHEAN,3850.0,2700.0,2705.0,2710.0,0.002316823,"VOLCANIC LITHOGEOCHEMISTRY AND ALTERATION AT THE DELBRIDGE MASSIVE SULFIDE DEPOSIT, NORANDA, QUEBEC",ARCHEAN CRATON (INCLUDING GREENSTONE BELTS),Abitibi,,48.25,48.25,-79.02,-79.02,,,,F241317,basalt,2500000000.0,3850000000.0,PALEO,,,,,basalt,,,,,WR,51.45,0.81,,19.0,,,,8.05,9.41,6.92,0.11,,2.52,1.57,0.16,,,,,,,,,,,,,,,,,,,,,,,,,,,,,,,,,,,,,,,,,,,,,,,,,,,,,,,,,,,64.0,105.0,20.0,110.0,8.0,,,,,,,,,,,,,,,,,,,,,,,,,,,,,,,,,,,,,,,,,,,,,,,,,,,,,,,,,,,,,,,,,,,
Superior,"VOLCANISM OF SHOSHONITE TO HIGH K-ANDESITE AFFINITY IN AN ARCHEAN ARC ENVIRONMENT, OXFORD LAKE, MANITOBA",W 853,basalt,54.8,-95.3,2650.0,ARCHEAN,2650.0,2570.0,2650.0,2730.0,0.970995188,"VOLCANISM OF SHOSHONITE TO HIGH K-ANDESITE AFFINITY IN AN ARCHEAN ARC ENVIRONMENT, OXFORD LAKE, MANITOBA",ARCHEAN CRATON (INCLUDING GREENSTONE BELTS),Superior,,54.8,54.8,-95.3,-95.3,,,,W 853,basalt,2650000000.0,2650000000.0,PALEO,,,,,basalt,,,,,WR,53.44,1.0,,20.67,,,,8.3,7.7,2.83,,,2.48,3.0,0.46,,,,,,,,,,,,,,,,,,,,,,,,,,,,,,,,,,,,,,,,,,,,,,,,,,,,,,,,,,,71.0,450.0,24.0,161.0,8.0,,,,,,,,,,,,,,60.2,102.0,,47.9,8.2,1.9,,0.63,3.41,,,,1.88,0.26,,,,,,,,,,,,,,,,,,,,,,,,,,,,,,,,,,,,,,,,
Superior,ZIRCON DATING OF POLYCYCLIC VOLCANISM AT STURGEON LAKE AND IMPLICATIONS FOR BASE METAL MINERALIZATION,JH82-3,basalt,49.8,-90.8,2500.0,ARCHEAN,3850.0,2734.0,2735.5,2737.0,0.722308576,ZIRCON DATING OF POLYCYCLIC VOLCANISM AT STURGEON LAKE AND IMPLICATIONS FOR BASE METAL MINERALIZATION,ARCHEAN CRATON (INCLUDING GREENSTONE BELTS),Superior,,49.8,49.8,-90.8,-90.8,,,,JH82-3,basalt,2500000000.0,3850000000.0,PALEO,,,,,basalt,,,,,WR,52.6,0.19,,8.9,,,,20.16,1.41,1.89,0.13,,1.87,0.92,0.03,,,,,,,,,,,,,,,,,,,,,,,,,,,,,,,,,,,,,,,,,,,,4.59,,,,,,,,,,,,,,,,,,380.0,,,,,,,,,,,,,,,,,,,,,,,,,,,,,7.05,0.71,,,,,,,,,,,3.96,,,,,,,,,,,,,,,,,,,,,,,,,,,
Abitibi,"EXOGENOUS AND ENDOGENOUS CONSTRUCTION OF THE SUBAQUEOUS GLENWOOD FELSIC LAVA FLOW COMPLEX; ABITIBI GREENSTONE BELT, QUEBEC, CANADA",LM-09-06,BASALT,48.0,-79.0,542.0,ARCHEAN,2500.0,2695.0,2699.5,2704.0,0.335279077,"EXOGENOUS AND ENDOGENOUS CONSTRUCTION OF THE SUBAQUEOUS GLENWOOD FELSIC LAVA FLOW COMPLEX; ABITIBI GREENSTONE BELT, QUEBEC, CANADA",ARCHEAN CRATON (INCLUDING GREENSTONE BELTS),Abitibi,,48.0,48.0,-79.0,-79.0,,,,LM-09-06,BASALT,542000000.0,2500000000.0,PALEO,,,,,BASALT,,,,,WR,51.59,1.6,,12.68,,,,13.74,7.81,5.28,0.19,,1.32,2.91,0.18,,,,,,,,,,,,,,,,,,,,,,,,,,,,,,,,,,,,,,,,,,,,,,,,,,,,,,,,,,,,,20.39,125.0,6.09,,,,,,,,,,,,,,22.86,48.99,6.21,25.12,5.34,1.66,4.74,0.69,4.1,0.77,2.13,,1.79,0.26,3.29,0.78,,,,,,,,,,,3.87,,,,,,,,,,,,,,,,,,,,,,,,,,,
